Site,Building,Zone,Aisle,Bay,Level,Location Code,Storage Type,Status,Branch,Company
Site-ATN,Building-DIMI,Zone-MAIN,Aisle-A,Bay-01,Level-1,01,RACK,Available,Test-Air-Freight-Company-Test-Branch,Test Air Freight Company
Site-ATN,Building-DIMI,Zone-MAIN,Aisle-A,Bay-01,Level-2,01,RACK,Available,Test-Air-Freight-Company-Test-Branch,Test Air Freight Company
Site-ATN,Building-DIMI,Zone-MAIN,Aisle-A,Bay-01,Level-3,01,RACK,Available,Test-Air-Freight-Company-Test-Branch,Test Air Freight Company
Site-ATN,Building-DIMI,Zone-MAIN,Aisle-A,Bay-01,Level-4,01,RACK,Available,Test-Air-Freight-Company-Test-Branch,Test Air Freight Company
Site-ATN,Building-DIMI,Zone-MAIN,Aisle-A,Bay-02,Level-1,01,RACK,Available,Test-Air-Freight-Company-Test-Branch,Test Air Freight Company
Site-ATN,Building-DIMI,Zone-MAIN,Aisle-A,Bay-02,Level-2,01,RACK,Available,Test-Air-Freight-Company-Test-Branch,Test Air Freight Company
Site-ATN,Building-DIMI,Zone-MAIN,Aisle-A,Bay-02,Level-3,01,RACK,Available,Test-Air-Freight-Company-Test-Branch,Test Air Freight Company
Site-ATN,Building-DIMI,Zone-MAIN,Aisle-A,Bay-02,Level-4,01,RACK,Available,Test-Air-Freight-Company-Test-Branch,Test Air Freight Company
Site-ATN,Building-DIMI,Zone-MAIN,Aisle-A,Bay-03,Level-1,01,RACK,Available,Test-Air-Freight-Company-Test-Branch,Test Air Freight Company
Site-ATN,Building-DIMI,Zone-MAIN,Aisle-A,Bay-03,Level-2,01,RACK,Available,Test-Air-Freight-Company-Test-Branch,Test Air Freight Company
Site-ATN,Building-DIMI,Zone-MAIN,Aisle-A,Bay-03,Level-3,01,RACK,Available,Test-Air-Freight-Company-Test-Branch,Test Air Freight Company
Site-ATN,Building-DIMI,Zone-MAIN,Aisle-A,Bay-03,Level-4,01,RACK,Available,Test-Air-Freight-Company-Test-Branch,Test Air Freight Company
Site-ATN,Building-DIMI,Zone-MAIN,Aisle-A,Bay-04,Level-1,01,RACK,Available,Test-Air-Freight-Company-Test-Branch,Test Air Freight Company
Site-ATN,Building-DIMI,Zone-MAIN,Aisle-A,Bay-04,Level-2,01,RACK,Available,Test-Air-Freight-Company-Test-Branch,Test Air Freight Company
Site-ATN,Building-DIMI,Zone-MAIN,Aisle-A,Bay-04,Level-3,01,RACK,Available,Test-Air-Freight-Company-Test-Branch,Test Air Freight Company
Site-ATN,Building-DIMI,Zone-MAIN,Aisle-A,Bay-04,Level-4,01,RACK,Available,Test-Air-Freight-Company-Test-Branch,Test Air Freight Company
Site-ATN,Building-DIMI,Zone-MAIN,Aisle-A,Bay-05,Level-1,01,RACK,Available,Test-Air-Freight-Company-Test-Branch,Test Air Freight Company
Site-ATN,Building-DIMI,Zone-MAIN,Aisle-A,Bay-05,Level-2,01,RACK,Available,Test-Air-Freight-Company-Test-Branch,Test Air Freight Company
Site-ATN,Building-DIMI,Zone-MAIN,Aisle-A,Bay-05,Level-3,01,RACK,Available,Test-Air-Freight-Company-Test-Branch,Test Air Freight Company
Site-ATN,Building-DIMI,Zone-MAIN,Aisle-A,Bay-05,Level-4,01,RACK,Available,Test-Air-Freight-Company-Test-Branch,Test Air Freight Company
Site-ATN,Building-DIMI,Zone-MAIN,Aisle-A,Bay-06,Level-1,01,RACK,Available,Test-Air-Freight-Company-Test-Branch,Test Air Freight Company
Site-ATN,Building-DIMI,Zone-MAIN,Aisle-A,Bay-06,Level-2,01,RACK,Available,Test-Air-Freight-Company-Test-Branch,Test Air Freight Company
Site-ATN,Building-DIMI,Zone-MAIN,Aisle-A,Bay-06,Level-3,01,RACK,Available,Test-Air-Freight-Company-Test-Branch,Test Air Freight Company
Site-ATN,Building-DIMI,Zone-MAIN,Aisle-A,Bay-06,Level-4,01,RACK,Available,Test-Air-Freight-Company-Test-Branch,Test Air Freight Company
Site-ATN,Building-DIMI,Zone-MAIN,Aisle-A,Bay-07,Level-1,01,RACK,Available,Test-Air-Freight-Company-Test-Branch,Test Air Freight Company
Site-ATN,Building-DIMI,Zone-MAIN,Aisle-A,Bay-07,Level-2,01,RACK,Available,Test-Air-Freight-Company-Test-Branch,Test Air Freight Company
Site-ATN,Building-DIMI,Zone-MAIN,Aisle-A,Bay-07,Level-3,01,RACK,Available,Test-Air-Freight-Company-Test-Branch,Test Air Freight Company
Site-ATN,Building-DIMI,Zone-MAIN,Aisle-A,Bay-07,Level-4,01,RACK,Available,Test-Air-Freight-Company-Test-Branch,Test Air Freight Company
Site-ATN,Building-DIMI,Zone-MAIN,Aisle-A,Bay-08,Level-1,01,RACK,Available,Test-Air-Freight-Company-Test-Branch,Test Air Freight Company
Site-ATN,Building-DIMI,Zone-MAIN,Aisle-A,Bay-08,Level-2,01,RACK,Available,Test-Air-Freight-Company-Test-Branch,Test Air Freight Company
Site-ATN,Building-DIMI,Zone-MAIN,Aisle-A,Bay-08,Level-3,01,RACK,Available,Test-Air-Freight-Company-Test-Branch,Test Air Freight Company
Site-ATN,Building-DIMI,Zone-MAIN,Aisle-A,Bay-08,Level-4,01,RACK,Available,Test-Air-Freight-Company-Test-Branch,Test Air Freight Company
Site-ATN,Building-DIMI,Zone-MAIN,Aisle-A,Bay-09,Level-1,01,RACK,Available,Test-Air-Freight-Company-Test-Branch,Test Air Freight Company
Site-ATN,Building-DIMI,Zone-MAIN,Aisle-A,Bay-09,Level-2,01,RACK,Available,Test-Air-Freight-Company-Test-Branch,Test Air Freight Company
Site-ATN,Building-DIMI,Zone-MAIN,Aisle-A,Bay-09,Level-3,01,RACK,Available,Test-Air-Freight-Company-Test-Branch,Test Air Freight Company
Site-ATN,Building-DIMI,Zone-MAIN,Aisle-A,Bay-09,Level-4,01,RACK,Available,Test-Air-Freight-Company-Test-Branch,Test Air Freight Company
Site-ATN,Building-DIMI,Zone-MAIN,Aisle-A,Bay-10,Level-1,01,RACK,Available,Test-Air-Freight-Company-Test-Branch,Test Air Freight Company
Site-ATN,Building-DIMI,Zone-MAIN,Aisle-A,Bay-10,Level-2,01,RACK,Available,Test-Air-Freight-Company-Test-Branch,Test Air Freight Company
Site-ATN,Building-DIMI,Zone-MAIN,Aisle-A,Bay-10,Level-3,01,RACK,Available,Test-Air-Freight-Company-Test-Branch,Test Air Freight Company
Site-ATN,Building-DIMI,Zone-MAIN,Aisle-A,Bay-10,Level-4,01,RACK,Available,Test-Air-Freight-Company-Test-Branch,Test Air Freight Company
Site-ATN,Building-DIMI,Zone-MAIN,Aisle-A,Bay-11,Level-1,01,RACK,Available,Test-Air-Freight-Company-Test-Branch,Test Air Freight Company
Site-ATN,Building-DIMI,Zone-MAIN,Aisle-A,Bay-11,Level-2,01,RACK,Available,Test-Air-Freight-Company-Test-Branch,Test Air Freight Company
Site-ATN,Building-DIMI,Zone-MAIN,Aisle-A,Bay-11,Level-3,01,RACK,Available,Test-Air-Freight-Company-Test-Branch,Test Air Freight Company
Site-ATN,Building-DIMI,Zone-MAIN,Aisle-A,Bay-11,Level-4,01,RACK,Available,Test-Air-Freight-Company-Test-Branch,Test Air Freight Company
Site-ATN,Building-DIMI,Zone-MAIN,Aisle-A,Bay-12,Level-1,01,RACK,Available,Test-Air-Freight-Company-Test-Branch,Test Air Freight Company
Site-ATN,Building-DIMI,Zone-MAIN,Aisle-A,Bay-12,Level-2,01,RACK,Available,Test-Air-Freight-Company-Test-Branch,Test Air Freight Company
Site-ATN,Building-DIMI,Zone-MAIN,Aisle-A,Bay-12,Level-3,01,RACK,Available,Test-Air-Freight-Company-Test-Branch,Test Air Freight Company
Site-ATN,Building-DIMI,Zone-MAIN,Aisle-A,Bay-12,Level-4,01,RACK,Available,Test-Air-Freight-Company-Test-Branch,Test Air Freight Company
Site-ATN,Building-DIMI,Zone-MAIN,Aisle-A,Bay-13,Level-1,01,RACK,Available,Test-Air-Freight-Company-Test-Branch,Test Air Freight Company
Site-ATN,Building-DIMI,Zone-MAIN,Aisle-A,Bay-13,Level-2,01,RACK,Available,Test-Air-Freight-Company-Test-Branch,Test Air Freight Company
Site-ATN,Building-DIMI,Zone-MAIN,Aisle-A,Bay-13,Level-3,01,RACK,Available,Test-Air-Freight-Company-Test-Branch,Test Air Freight Company
Site-ATN,Building-DIMI,Zone-MAIN,Aisle-A,Bay-13,Level-4,01,RACK,Available,Test-Air-Freight-Company-Test-Branch,Test Air Freight Company
Site-ATN,Building-DIMI,Zone-MAIN,Aisle-A,Bay-14,Level-1,01,RACK,Available,Test-Air-Freight-Company-Test-Branch,Test Air Freight Company
Site-ATN,Building-DIMI,Zone-MAIN,Aisle-A,Bay-14,Level-2,01,RACK,Available,Test-Air-Freight-Company-Test-Branch,Test Air Freight Company
Site-ATN,Building-DIMI,Zone-MAIN,Aisle-A,Bay-14,Level-3,01,RACK,Available,Test-Air-Freight-Company-Test-Branch,Test Air Freight Company
Site-ATN,Building-DIMI,Zone-MAIN,Aisle-A,Bay-14,Level-4,01,RACK,Available,Test-Air-Freight-Company-Test-Branch,Test Air Freight Company
Site-ATN,Building-DIMI,Zone-MAIN,Aisle-A,Bay-15,Level-1,01,RACK,Available,Test-Air-Freight-Company-Test-Branch,Test Air Freight Company
Site-ATN,Building-DIMI,Zone-MAIN,Aisle-A,Bay-15,Level-2,01,RACK,Available,Test-Air-Freight-Company-Test-Branch,Test Air Freight Company
Site-ATN,Building-DIMI,Zone-MAIN,Aisle-A,Bay-15,Level-3,01,RACK,Available,Test-Air-Freight-Company-Test-Branch,Test Air Freight Company
Site-ATN,Building-DIMI,Zone-MAIN,Aisle-A,Bay-15,Level-4,01,RACK,Available,Test-Air-Freight-Company-Test-Branch,Test Air Freight Company
Site-ATN,Building-DIMI,Zone-MAIN,Aisle-A,Bay-16,Level-1,01,RACK,Available,Test-Air-Freight-Company-Test-Branch,Test Air Freight Company
Site-ATN,Building-DIMI,Zone-MAIN,Aisle-A,Bay-16,Level-2,01,RACK,Available,Test-Air-Freight-Company-Test-Branch,Test Air Freight Company
Site-ATN,Building-DIMI,Zone-MAIN,Aisle-A,Bay-16,Level-3,01,RACK,Available,Test-Air-Freight-Company-Test-Branch,Test Air Freight Company
Site-ATN,Building-DIMI,Zone-MAIN,Aisle-A,Bay-16,Level-4,01,RACK,Available,Test-Air-Freight-Company-Test-Branch,Test Air Freight Company
Site-ATN,Building-DIMI,Zone-MAIN,Aisle-A,Bay-17,Level-1,01,RACK,Available,Test-Air-Freight-Company-Test-Branch,Test Air Freight Company
Site-ATN,Building-DIMI,Zone-MAIN,Aisle-A,Bay-17,Level-2,01,RACK,Available,Test-Air-Freight-Company-Test-Branch,Test Air Freight Company
Site-ATN,Building-DIMI,Zone-MAIN,Aisle-A,Bay-17,Level-3,01,RACK,Available,Test-Air-Freight-Company-Test-Branch,Test Air Freight Company
Site-ATN,Building-DIMI,Zone-MAIN,Aisle-A,Bay-17,Level-4,01,RACK,Available,Test-Air-Freight-Company-Test-Branch,Test Air Freight Company
Site-ATN,Building-DIMI,Zone-MAIN,Aisle-A,Bay-18,Level-1,01,RACK,Available,Test-Air-Freight-Company-Test-Branch,Test Air Freight Company
Site-ATN,Building-DIMI,Zone-MAIN,Aisle-A,Bay-18,Level-2,01,RACK,Available,Test-Air-Freight-Company-Test-Branch,Test Air Freight Company
Site-ATN,Building-DIMI,Zone-MAIN,Aisle-A,Bay-18,Level-3,01,RACK,Available,Test-Air-Freight-Company-Test-Branch,Test Air Freight Company
Site-ATN,Building-DIMI,Zone-MAIN,Aisle-A,Bay-18,Level-4,01,RACK,Available,Test-Air-Freight-Company-Test-Branch,Test Air Freight Company
Site-ATN,Building-DIMI,Zone-MAIN,Aisle-A,Bay-19,Level-1,01,RACK,Available,Test-Air-Freight-Company-Test-Branch,Test Air Freight Company
Site-ATN,Building-DIMI,Zone-MAIN,Aisle-A,Bay-19,Level-2,01,RACK,Available,Test-Air-Freight-Company-Test-Branch,Test Air Freight Company
Site-ATN,Building-DIMI,Zone-MAIN,Aisle-A,Bay-19,Level-3,01,RACK,Available,Test-Air-Freight-Company-Test-Branch,Test Air Freight Company
Site-ATN,Building-DIMI,Zone-MAIN,Aisle-A,Bay-19,Level-4,01,RACK,Available,Test-Air-Freight-Company-Test-Branch,Test Air Freight Company
Site-ATN,Building-DIMI,Zone-MAIN,Aisle-A,Bay-20,Level-1,01,RACK,Available,Test-Air-Freight-Company-Test-Branch,Test Air Freight Company
Site-ATN,Building-DIMI,Zone-MAIN,Aisle-A,Bay-20,Level-2,01,RACK,Available,Test-Air-Freight-Company-Test-Branch,Test Air Freight Company
Site-ATN,Building-DIMI,Zone-MAIN,Aisle-A,Bay-20,Level-3,01,RACK,Available,Test-Air-Freight-Company-Test-Branch,Test Air Freight Company
Site-ATN,Building-DIMI,Zone-MAIN,Aisle-A,Bay-20,Level-4,01,RACK,Available,Test-Air-Freight-Company-Test-Branch,Test Air Freight Company
Site-ATN,Building-DIMI,Zone-MAIN,Aisle-A,Bay-21,Level-1,01,RACK,Available,Test-Air-Freight-Company-Test-Branch,Test Air Freight Company
Site-ATN,Building-DIMI,Zone-MAIN,Aisle-A,Bay-21,Level-2,01,RACK,Available,Test-Air-Freight-Company-Test-Branch,Test Air Freight Company
Site-ATN,Building-DIMI,Zone-MAIN,Aisle-A,Bay-21,Level-3,01,RACK,Available,Test-Air-Freight-Company-Test-Branch,Test Air Freight Company
Site-ATN,Building-DIMI,Zone-MAIN,Aisle-A,Bay-21,Level-4,01,RACK,Available,Test-Air-Freight-Company-Test-Branch,Test Air Freight Company
Site-ATN,Building-DIMI,Zone-MAIN,Aisle-A,Bay-22,Level-1,01,RACK,Available,Test-Air-Freight-Company-Test-Branch,Test Air Freight Company
Site-ATN,Building-DIMI,Zone-MAIN,Aisle-A,Bay-22,Level-2,01,RACK,Available,Test-Air-Freight-Company-Test-Branch,Test Air Freight Company
Site-ATN,Building-DIMI,Zone-MAIN,Aisle-A,Bay-22,Level-3,01,RACK,Available,Test-Air-Freight-Company-Test-Branch,Test Air Freight Company
Site-ATN,Building-DIMI,Zone-MAIN,Aisle-A,Bay-22,Level-4,01,RACK,Available,Test-Air-Freight-Company-Test-Branch,Test Air Freight Company
Site-ATN,Building-DIMI,Zone-MAIN,Aisle-A,Bay-23,Level-1,01,RACK,Available,Test-Air-Freight-Company-Test-Branch,Test Air Freight Company
Site-ATN,Building-DIMI,Zone-MAIN,Aisle-A,Bay-23,Level-2,01,RACK,Available,Test-Air-Freight-Company-Test-Branch,Test Air Freight Company
Site-ATN,Building-DIMI,Zone-MAIN,Aisle-A,Bay-23,Level-3,01,RACK,Available,Test-Air-Freight-Company-Test-Branch,Test Air Freight Company
Site-ATN,Building-DIMI,Zone-MAIN,Aisle-A,Bay-23,Level-4,01,RACK,Available,Test-Air-Freight-Company-Test-Branch,Test Air Freight Company
Site-ATN,Building-DIMI,Zone-MAIN,Aisle-A,Bay-24,Level-1,01,RACK,Available,Test-Air-Freight-Company-Test-Branch,Test Air Freight Company
Site-ATN,Building-DIMI,Zone-MAIN,Aisle-A,Bay-24,Level-2,01,RACK,Available,Test-Air-Freight-Company-Test-Branch,Test Air Freight Company
Site-ATN,Building-DIMI,Zone-MAIN,Aisle-A,Bay-24,Level-3,01,RACK,Available,Test-Air-Freight-Company-Test-Branch,Test Air Freight Company
Site-ATN,Building-DIMI,Zone-MAIN,Aisle-A,Bay-24,Level-4,01,RACK,Available,Test-Air-Freight-Company-Test-Branch,Test Air Freight Company
Site-ATN,Building-DIMI,Zone-MAIN,Aisle-A,Bay-25,Level-1,01,RACK,Available,Test-Air-Freight-Company-Test-Branch,Test Air Freight Company
Site-ATN,Building-DIMI,Zone-MAIN,Aisle-A,Bay-25,Level-2,01,RACK,Available,Test-Air-Freight-Company-Test-Branch,Test Air Freight Company
Site-ATN,Building-DIMI,Zone-MAIN,Aisle-A,Bay-25,Level-3,01,RACK,Available,Test-Air-Freight-Company-Test-Branch,Test Air Freight Company
Site-ATN,Building-DIMI,Zone-MAIN,Aisle-A,Bay-25,Level-4,01,RACK,Available,Test-Air-Freight-Company-Test-Branch,Test Air Freight Company
Site-ATN,Building-DIMI,Zone-MAIN,Aisle-A,Bay-26,Level-1,01,RACK,Available,Test-Air-Freight-Company-Test-Branch,Test Air Freight Company
Site-ATN,Building-DIMI,Zone-MAIN,Aisle-A,Bay-26,Level-2,01,RACK,Available,Test-Air-Freight-Company-Test-Branch,Test Air Freight Company
Site-ATN,Building-DIMI,Zone-MAIN,Aisle-A,Bay-26,Level-3,01,RACK,Available,Test-Air-Freight-Company-Test-Branch,Test Air Freight Company
Site-ATN,Building-DIMI,Zone-MAIN,Aisle-A,Bay-26,Level-4,01,RACK,Available,Test-Air-Freight-Company-Test-Branch,Test Air Freight Company
Site-ATN,Building-DIMI,Zone-MAIN,Aisle-A,Bay-27,Level-1,01,RACK,Available,Test-Air-Freight-Company-Test-Branch,Test Air Freight Company
Site-ATN,Building-DIMI,Zone-MAIN,Aisle-A,Bay-27,Level-2,01,RACK,Available,Test-Air-Freight-Company-Test-Branch,Test Air Freight Company
Site-ATN,Building-DIMI,Zone-MAIN,Aisle-A,Bay-27,Level-3,01,RACK,Available,Test-Air-Freight-Company-Test-Branch,Test Air Freight Company
Site-ATN,Building-DIMI,Zone-MAIN,Aisle-A,Bay-27,Level-4,01,RACK,Available,Test-Air-Freight-Company-Test-Branch,Test Air Freight Company
Site-ATN,Building-DIMI,Zone-MAIN,Aisle-A,Bay-28,Level-1,01,RACK,Available,Test-Air-Freight-Company-Test-Branch,Test Air Freight Company
Site-ATN,Building-DIMI,Zone-MAIN,Aisle-A,Bay-28,Level-2,01,RACK,Available,Test-Air-Freight-Company-Test-Branch,Test Air Freight Company
Site-ATN,Building-DIMI,Zone-MAIN,Aisle-A,Bay-28,Level-3,01,RACK,Available,Test-Air-Freight-Company-Test-Branch,Test Air Freight Company
Site-ATN,Building-DIMI,Zone-MAIN,Aisle-A,Bay-28,Level-4,01,RACK,Available,Test-Air-Freight-Company-Test-Branch,Test Air Freight Company
Site-ATN,Building-DIMI,Zone-MAIN,Aisle-A,Bay-29,Level-1,01,RACK,Available,Test-Air-Freight-Company-Test-Branch,Test Air Freight Company
Site-ATN,Building-DIMI,Zone-MAIN,Aisle-A,Bay-29,Level-2,01,RACK,Available,Test-Air-Freight-Company-Test-Branch,Test Air Freight Company
Site-ATN,Building-DIMI,Zone-MAIN,Aisle-A,Bay-29,Level-3,01,RACK,Available,Test-Air-Freight-Company-Test-Branch,Test Air Freight Company
Site-ATN,Building-DIMI,Zone-MAIN,Aisle-A,Bay-29,Level-4,01,RACK,Available,Test-Air-Freight-Company-Test-Branch,Test Air Freight Company
Site-ATN,Building-DIMI,Zone-MAIN,Aisle-A,Bay-30,Level-1,01,RACK,Available,Test-Air-Freight-Company-Test-Branch,Test Air Freight Company
Site-ATN,Building-DIMI,Zone-MAIN,Aisle-A,Bay-30,Level-2,01,RACK,Available,Test-Air-Freight-Company-Test-Branch,Test Air Freight Company
Site-ATN,Building-DIMI,Zone-MAIN,Aisle-A,Bay-30,Level-3,01,RACK,Available,Test-Air-Freight-Company-Test-Branch,Test Air Freight Company
Site-ATN,Building-DIMI,Zone-MAIN,Aisle-A,Bay-30,Level-4,01,RACK,Available,Test-Air-Freight-Company-Test-Branch,Test Air Freight Company
Site-ATN,Building-DIMI,Zone-MAIN,Aisle-A,Bay-31,Level-1,01,RACK,Available,Test-Air-Freight-Company-Test-Branch,Test Air Freight Company
Site-ATN,Building-DIMI,Zone-MAIN,Aisle-A,Bay-31,Level-2,01,RACK,Available,Test-Air-Freight-Company-Test-Branch,Test Air Freight Company
Site-ATN,Building-DIMI,Zone-MAIN,Aisle-A,Bay-31,Level-3,01,RACK,Available,Test-Air-Freight-Company-Test-Branch,Test Air Freight Company
Site-ATN,Building-DIMI,Zone-MAIN,Aisle-A,Bay-31,Level-4,01,RACK,Available,Test-Air-Freight-Company-Test-Branch,Test Air Freight Company
Site-ATN,Building-DIMI,Zone-MAIN,Aisle-A,Bay-32,Level-1,01,RACK,Available,Test-Air-Freight-Company-Test-Branch,Test Air Freight Company
Site-ATN,Building-DIMI,Zone-MAIN,Aisle-A,Bay-32,Level-2,01,RACK,Available,Test-Air-Freight-Company-Test-Branch,Test Air Freight Company
Site-ATN,Building-DIMI,Zone-MAIN,Aisle-A,Bay-32,Level-3,01,RACK,Available,Test-Air-Freight-Company-Test-Branch,Test Air Freight Company
Site-ATN,Building-DIMI,Zone-MAIN,Aisle-A,Bay-32,Level-4,01,RACK,Available,Test-Air-Freight-Company-Test-Branch,Test Air Freight Company
Site-ATN,Building-DIMI,Zone-MAIN,Aisle-A,Bay-33,Level-1,01,RACK,Available,Test-Air-Freight-Company-Test-Branch,Test Air Freight Company
Site-ATN,Building-DIMI,Zone-MAIN,Aisle-A,Bay-33,Level-2,01,RACK,Available,Test-Air-Freight-Company-Test-Branch,Test Air Freight Company
Site-ATN,Building-DIMI,Zone-MAIN,Aisle-A,Bay-33,Level-3,01,RACK,Available,Test-Air-Freight-Company-Test-Branch,Test Air Freight Company
Site-ATN,Building-DIMI,Zone-MAIN,Aisle-A,Bay-33,Level-4,01,RACK,Available,Test-Air-Freight-Company-Test-Branch,Test Air Freight Company
Site-ATN,Building-DIMI,Zone-MAIN,Aisle-A,Bay-34,Level-1,01,RACK,Available,Test-Air-Freight-Company-Test-Branch,Test Air Freight Company
Site-ATN,Building-DIMI,Zone-MAIN,Aisle-A,Bay-34,Level-2,01,RACK,Available,Test-Air-Freight-Company-Test-Branch,Test Air Freight Company
Site-ATN,Building-DIMI,Zone-MAIN,Aisle-A,Bay-34,Level-3,01,RACK,Available,Test-Air-Freight-Company-Test-Branch,Test Air Freight Company
Site-ATN,Building-DIMI,Zone-MAIN,Aisle-A,Bay-34,Level-4,01,RACK,Available,Test-Air-Freight-Company-Test-Branch,Test Air Freight Company
Site-ATN,Building-DIMI,Zone-MAIN,Aisle-A,Bay-35,Level-1,01,RACK,Available,Test-Air-Freight-Company-Test-Branch,Test Air Freight Company
Site-ATN,Building-DIMI,Zone-MAIN,Aisle-A,Bay-35,Level-2,01,RACK,Available,Test-Air-Freight-Company-Test-Branch,Test Air Freight Company
Site-ATN,Building-DIMI,Zone-MAIN,Aisle-A,Bay-35,Level-3,01,RACK,Available,Test-Air-Freight-Company-Test-Branch,Test Air Freight Company
Site-ATN,Building-DIMI,Zone-MAIN,Aisle-A,Bay-35,Level-4,01,RACK,Available,Test-Air-Freight-Company-Test-Branch,Test Air Freight Company
Site-ATN,Building-DIMI,Zone-MAIN,Aisle-A,Bay-36,Level-1,01,RACK,Available,Test-Air-Freight-Company-Test-Branch,Test Air Freight Company
Site-ATN,Building-DIMI,Zone-MAIN,Aisle-A,Bay-36,Level-2,01,RACK,Available,Test-Air-Freight-Company-Test-Branch,Test Air Freight Company
Site-ATN,Building-DIMI,Zone-MAIN,Aisle-A,Bay-36,Level-3,01,RACK,Available,Test-Air-Freight-Company-Test-Branch,Test Air Freight Company
Site-ATN,Building-DIMI,Zone-MAIN,Aisle-A,Bay-36,Level-4,01,RACK,Available,Test-Air-Freight-Company-Test-Branch,Test Air Freight Company
Site-ATN,Building-DIMI,Zone-MAIN,Aisle-A,Bay-37,Level-1,01,RACK,Available,Test-Air-Freight-Company-Test-Branch,Test Air Freight Company
Site-ATN,Building-DIMI,Zone-MAIN,Aisle-A,Bay-37,Level-2,01,RACK,Available,Test-Air-Freight-Company-Test-Branch,Test Air Freight Company
Site-ATN,Building-DIMI,Zone-MAIN,Aisle-A,Bay-37,Level-3,01,RACK,Available,Test-Air-Freight-Company-Test-Branch,Test Air Freight Company
Site-ATN,Building-DIMI,Zone-MAIN,Aisle-A,Bay-37,Level-4,01,RACK,Available,Test-Air-Freight-Company-Test-Branch,Test Air Freight Company
Site-ATN,Building-DIMI,Zone-MAIN,Aisle-A,Bay-38,Level-1,01,RACK,Available,Test-Air-Freight-Company-Test-Branch,Test Air Freight Company
Site-ATN,Building-DIMI,Zone-MAIN,Aisle-A,Bay-38,Level-2,01,RACK,Available,Test-Air-Freight-Company-Test-Branch,Test Air Freight Company
Site-ATN,Building-DIMI,Zone-MAIN,Aisle-A,Bay-38,Level-3,01,RACK,Available,Test-Air-Freight-Company-Test-Branch,Test Air Freight Company
Site-ATN,Building-DIMI,Zone-MAIN,Aisle-A,Bay-38,Level-4,01,RACK,Available,Test-Air-Freight-Company-Test-Branch,Test Air Freight Company
Site-ATN,Building-DIMI,Zone-MAIN,Aisle-A,Bay-39,Level-1,01,RACK,Available,Test-Air-Freight-Company-Test-Branch,Test Air Freight Company
Site-ATN,Building-DIMI,Zone-MAIN,Aisle-A,Bay-39,Level-2,01,RACK,Available,Test-Air-Freight-Company-Test-Branch,Test Air Freight Company
Site-ATN,Building-DIMI,Zone-MAIN,Aisle-A,Bay-39,Level-3,01,RACK,Available,Test-Air-Freight-Company-Test-Branch,Test Air Freight Company
Site-ATN,Building-DIMI,Zone-MAIN,Aisle-A,Bay-39,Level-4,01,RACK,Available,Test-Air-Freight-Company-Test-Branch,Test Air Freight Company
Site-ATN,Building-DIMI,Zone-MAIN,Aisle-A,Bay-40,Level-1,01,RACK,Available,Test-Air-Freight-Company-Test-Branch,Test Air Freight Company
Site-ATN,Building-DIMI,Zone-MAIN,Aisle-A,Bay-40,Level-2,01,RACK,Available,Test-Air-Freight-Company-Test-Branch,Test Air Freight Company
Site-ATN,Building-DIMI,Zone-MAIN,Aisle-A,Bay-40,Level-3,01,RACK,Available,Test-Air-Freight-Company-Test-Branch,Test Air Freight Company
Site-ATN,Building-DIMI,Zone-MAIN,Aisle-A,Bay-40,Level-4,01,RACK,Available,Test-Air-Freight-Company-Test-Branch,Test Air Freight Company
Site-ATN,Building-DIMI,Zone-MAIN,Aisle-A,Bay-41,Level-1,01,RACK,Available,Test-Air-Freight-Company-Test-Branch,Test Air Freight Company
Site-ATN,Building-DIMI,Zone-MAIN,Aisle-A,Bay-41,Level-2,01,RACK,Available,Test-Air-Freight-Company-Test-Branch,Test Air Freight Company
Site-ATN,Building-DIMI,Zone-MAIN,Aisle-A,Bay-41,Level-3,01,RACK,Available,Test-Air-Freight-Company-Test-Branch,Test Air Freight Company
Site-ATN,Building-DIMI,Zone-MAIN,Aisle-A,Bay-41,Level-4,01,RACK,Available,Test-Air-Freight-Company-Test-Branch,Test Air Freight Company
Site-ATN,Building-DIMI,Zone-MAIN,Aisle-A,Bay-42,Level-1,01,RACK,Available,Test-Air-Freight-Company-Test-Branch,Test Air Freight Company
Site-ATN,Building-DIMI,Zone-MAIN,Aisle-A,Bay-42,Level-2,01,RACK,Available,Test-Air-Freight-Company-Test-Branch,Test Air Freight Company
Site-ATN,Building-DIMI,Zone-MAIN,Aisle-A,Bay-42,Level-3,01,RACK,Available,Test-Air-Freight-Company-Test-Branch,Test Air Freight Company
Site-ATN,Building-DIMI,Zone-MAIN,Aisle-A,Bay-42,Level-4,01,RACK,Available,Test-Air-Freight-Company-Test-Branch,Test Air Freight Company
Site-ATN,Building-DIMI,Zone-MAIN,Aisle-A,Bay-43,Level-1,01,RACK,Available,Test-Air-Freight-Company-Test-Branch,Test Air Freight Company
Site-ATN,Building-DIMI,Zone-MAIN,Aisle-A,Bay-43,Level-2,01,RACK,Available,Test-Air-Freight-Company-Test-Branch,Test Air Freight Company
Site-ATN,Building-DIMI,Zone-MAIN,Aisle-A,Bay-43,Level-3,01,RACK,Available,Test-Air-Freight-Company-Test-Branch,Test Air Freight Company
Site-ATN,Building-DIMI,Zone-MAIN,Aisle-A,Bay-43,Level-4,01,RACK,Available,Test-Air-Freight-Company-Test-Branch,Test Air Freight Company
Site-ATN,Building-DIMI,Zone-MAIN,Aisle-A,Bay-44,Level-1,01,RACK,Available,Test-Air-Freight-Company-Test-Branch,Test Air Freight Company
Site-ATN,Building-DIMI,Zone-MAIN,Aisle-A,Bay-44,Level-2,01,RACK,Available,Test-Air-Freight-Company-Test-Branch,Test Air Freight Company
Site-ATN,Building-DIMI,Zone-MAIN,Aisle-A,Bay-44,Level-3,01,RACK,Available,Test-Air-Freight-Company-Test-Branch,Test Air Freight Company
Site-ATN,Building-DIMI,Zone-MAIN,Aisle-A,Bay-44,Level-4,01,RACK,Available,Test-Air-Freight-Company-Test-Branch,Test Air Freight Company
Site-ATN,Building-DIMI,Zone-MAIN,Aisle-A,Bay-45,Level-1,01,RACK,Available,Test-Air-Freight-Company-Test-Branch,Test Air Freight Company
Site-ATN,Building-DIMI,Zone-MAIN,Aisle-A,Bay-45,Level-2,01,RACK,Available,Test-Air-Freight-Company-Test-Branch,Test Air Freight Company
Site-ATN,Building-DIMI,Zone-MAIN,Aisle-A,Bay-45,Level-3,01,RACK,Available,Test-Air-Freight-Company-Test-Branch,Test Air Freight Company
Site-ATN,Building-DIMI,Zone-MAIN,Aisle-A,Bay-45,Level-4,01,RACK,Available,Test-Air-Freight-Company-Test-Branch,Test Air Freight Company
Site-ATN,Building-DIMI,Zone-MAIN,Aisle-A,Bay-46,Level-1,01,RACK,Available,Test-Air-Freight-Company-Test-Branch,Test Air Freight Company
Site-ATN,Building-DIMI,Zone-MAIN,Aisle-A,Bay-46,Level-2,01,RACK,Available,Test-Air-Freight-Company-Test-Branch,Test Air Freight Company
Site-ATN,Building-DIMI,Zone-MAIN,Aisle-A,Bay-46,Level-3,01,RACK,Available,Test-Air-Freight-Company-Test-Branch,Test Air Freight Company
Site-ATN,Building-DIMI,Zone-MAIN,Aisle-A,Bay-46,Level-4,01,RACK,Available,Test-Air-Freight-Company-Test-Branch,Test Air Freight Company
Site-ATN,Building-DIMI,Zone-MAIN,Aisle-A,Bay-47,Level-1,01,RACK,Available,Test-Air-Freight-Company-Test-Branch,Test Air Freight Company
Site-ATN,Building-DIMI,Zone-MAIN,Aisle-A,Bay-47,Level-2,01,RACK,Available,Test-Air-Freight-Company-Test-Branch,Test Air Freight Company
Site-ATN,Building-DIMI,Zone-MAIN,Aisle-A,Bay-47,Level-3,01,RACK,Available,Test-Air-Freight-Company-Test-Branch,Test Air Freight Company
Site-ATN,Building-DIMI,Zone-MAIN,Aisle-A,Bay-47,Level-4,01,RACK,Available,Test-Air-Freight-Company-Test-Branch,Test Air Freight Company
Site-ATN,Building-DIMI,Zone-MAIN,Aisle-A,Bay-48,Level-1,01,RACK,Available,Test-Air-Freight-Company-Test-Branch,Test Air Freight Company
Site-ATN,Building-DIMI,Zone-MAIN,Aisle-A,Bay-48,Level-2,01,RACK,Available,Test-Air-Freight-Company-Test-Branch,Test Air Freight Company
Site-ATN,Building-DIMI,Zone-MAIN,Aisle-A,Bay-48,Level-3,01,RACK,Available,Test-Air-Freight-Company-Test-Branch,Test Air Freight Company
Site-ATN,Building-DIMI,Zone-MAIN,Aisle-A,Bay-48,Level-4,01,RACK,Available,Test-Air-Freight-Company-Test-Branch,Test Air Freight Company
Site-ATN,Building-DIMI,Zone-MAIN,Aisle-A,Bay-49,Level-1,01,RACK,Available,Test-Air-Freight-Company-Test-Branch,Test Air Freight Company
Site-ATN,Building-DIMI,Zone-MAIN,Aisle-A,Bay-49,Level-2,01,RACK,Available,Test-Air-Freight-Company-Test-Branch,Test Air Freight Company
Site-ATN,Building-DIMI,Zone-MAIN,Aisle-A,Bay-49,Level-3,01,RACK,Available,Test-Air-Freight-Company-Test-Branch,Test Air Freight Company
Site-ATN,Building-DIMI,Zone-MAIN,Aisle-A,Bay-49,Level-4,01,RACK,Available,Test-Air-Freight-Company-Test-Branch,Test Air Freight Company
Site-ATN,Building-DIMI,Zone-MAIN,Aisle-A,Bay-50,Level-1,01,RACK,Available,Test-Air-Freight-Company-Test-Branch,Test Air Freight Company
Site-ATN,Building-DIMI,Zone-MAIN,Aisle-A,Bay-50,Level-2,01,RACK,Available,Test-Air-Freight-Company-Test-Branch,Test Air Freight Company
Site-ATN,Building-DIMI,Zone-MAIN,Aisle-A,Bay-50,Level-3,01,RACK,Available,Test-Air-Freight-Company-Test-Branch,Test Air Freight Company
Site-ATN,Building-DIMI,Zone-MAIN,Aisle-A,Bay-50,Level-4,01,RACK,Available,Test-Air-Freight-Company-Test-Branch,Test Air Freight Company
Site-ATN,Building-DIMI,Zone-MAIN,Aisle-A,Bay-51,Level-1,01,RACK,Available,Test-Air-Freight-Company-Test-Branch,Test Air Freight Company
Site-ATN,Building-DIMI,Zone-MAIN,Aisle-A,Bay-51,Level-2,01,RACK,Available,Test-Air-Freight-Company-Test-Branch,Test Air Freight Company
Site-ATN,Building-DIMI,Zone-MAIN,Aisle-A,Bay-51,Level-3,01,RACK,Available,Test-Air-Freight-Company-Test-Branch,Test Air Freight Company
Site-ATN,Building-DIMI,Zone-MAIN,Aisle-A,Bay-51,Level-4,01,RACK,Available,Test-Air-Freight-Company-Test-Branch,Test Air Freight Company
Site-ATN,Building-DIMI,Zone-MAIN,Aisle-A,Bay-52,Level-1,01,RACK,Available,Test-Air-Freight-Company-Test-Branch,Test Air Freight Company
Site-ATN,Building-DIMI,Zone-MAIN,Aisle-A,Bay-52,Level-2,01,RACK,Available,Test-Air-Freight-Company-Test-Branch,Test Air Freight Company
Site-ATN,Building-DIMI,Zone-MAIN,Aisle-A,Bay-52,Level-3,01,RACK,Available,Test-Air-Freight-Company-Test-Branch,Test Air Freight Company
Site-ATN,Building-DIMI,Zone-MAIN,Aisle-A,Bay-52,Level-4,01,RACK,Available,Test-Air-Freight-Company-Test-Branch,Test Air Freight Company
Site-ATN,Building-DIMI,Zone-MAIN,Aisle-A,Bay-53,Level-1,01,RACK,Available,Test-Air-Freight-Company-Test-Branch,Test Air Freight Company
Site-ATN,Building-DIMI,Zone-MAIN,Aisle-A,Bay-53,Level-2,01,RACK,Available,Test-Air-Freight-Company-Test-Branch,Test Air Freight Company
Site-ATN,Building-DIMI,Zone-MAIN,Aisle-A,Bay-53,Level-3,01,RACK,Available,Test-Air-Freight-Company-Test-Branch,Test Air Freight Company
Site-ATN,Building-DIMI,Zone-MAIN,Aisle-A,Bay-53,Level-4,01,RACK,Available,Test-Air-Freight-Company-Test-Branch,Test Air Freight Company
Site-ATN,Building-DIMI,Zone-MAIN,Aisle-A,Bay-54,Level-1,01,RACK,Available,Test-Air-Freight-Company-Test-Branch,Test Air Freight Company
Site-ATN,Building-DIMI,Zone-MAIN,Aisle-A,Bay-54,Level-2,01,RACK,Available,Test-Air-Freight-Company-Test-Branch,Test Air Freight Company
Site-ATN,Building-DIMI,Zone-MAIN,Aisle-A,Bay-54,Level-3,01,RACK,Available,Test-Air-Freight-Company-Test-Branch,Test Air Freight Company
Site-ATN,Building-DIMI,Zone-MAIN,Aisle-A,Bay-54,Level-4,01,RACK,Available,Test-Air-Freight-Company-Test-Branch,Test Air Freight Company
Site-ATN,Building-DIMI,Zone-MAIN,Aisle-A,Bay-55,Level-1,01,RACK,Available,Test-Air-Freight-Company-Test-Branch,Test Air Freight Company
Site-ATN,Building-DIMI,Zone-MAIN,Aisle-A,Bay-55,Level-2,01,RACK,Available,Test-Air-Freight-Company-Test-Branch,Test Air Freight Company
Site-ATN,Building-DIMI,Zone-MAIN,Aisle-A,Bay-55,Level-3,01,RACK,Available,Test-Air-Freight-Company-Test-Branch,Test Air Freight Company
Site-ATN,Building-DIMI,Zone-MAIN,Aisle-A,Bay-55,Level-4,01,RACK,Available,Test-Air-Freight-Company-Test-Branch,Test Air Freight Company
Site-ATN,Building-DIMI,Zone-MAIN,Aisle-A,Bay-56,Level-1,01,RACK,Available,Test-Air-Freight-Company-Test-Branch,Test Air Freight Company
Site-ATN,Building-DIMI,Zone-MAIN,Aisle-A,Bay-56,Level-2,01,RACK,Available,Test-Air-Freight-Company-Test-Branch,Test Air Freight Company
Site-ATN,Building-DIMI,Zone-MAIN,Aisle-A,Bay-56,Level-3,01,RACK,Available,Test-Air-Freight-Company-Test-Branch,Test Air Freight Company
Site-ATN,Building-DIMI,Zone-MAIN,Aisle-A,Bay-56,Level-4,01,RACK,Available,Test-Air-Freight-Company-Test-Branch,Test Air Freight Company
Site-ATN,Building-DIMI,Zone-MAIN,Aisle-A,Bay-57,Level-1,01,RACK,Available,Test-Air-Freight-Company-Test-Branch,Test Air Freight Company
Site-ATN,Building-DIMI,Zone-MAIN,Aisle-A,Bay-57,Level-2,01,RACK,Available,Test-Air-Freight-Company-Test-Branch,Test Air Freight Company
Site-ATN,Building-DIMI,Zone-MAIN,Aisle-A,Bay-57,Level-3,01,RACK,Available,Test-Air-Freight-Company-Test-Branch,Test Air Freight Company
Site-ATN,Building-DIMI,Zone-MAIN,Aisle-A,Bay-57,Level-4,01,RACK,Available,Test-Air-Freight-Company-Test-Branch,Test Air Freight Company
Site-ATN,Building-DIMI,Zone-MAIN,Aisle-A,Bay-58,Level-1,01,RACK,Available,Test-Air-Freight-Company-Test-Branch,Test Air Freight Company
Site-ATN,Building-DIMI,Zone-MAIN,Aisle-A,Bay-58,Level-2,01,RACK,Available,Test-Air-Freight-Company-Test-Branch,Test Air Freight Company
Site-ATN,Building-DIMI,Zone-MAIN,Aisle-A,Bay-58,Level-3,01,RACK,Available,Test-Air-Freight-Company-Test-Branch,Test Air Freight Company
Site-ATN,Building-DIMI,Zone-MAIN,Aisle-A,Bay-58,Level-4,01,RACK,Available,Test-Air-Freight-Company-Test-Branch,Test Air Freight Company
Site-ATN,Building-DIMI,Zone-MAIN,Aisle-A,Bay-59,Level-1,01,RACK,Available,Test-Air-Freight-Company-Test-Branch,Test Air Freight Company
Site-ATN,Building-DIMI,Zone-MAIN,Aisle-A,Bay-59,Level-2,01,RACK,Available,Test-Air-Freight-Company-Test-Branch,Test Air Freight Company
Site-ATN,Building-DIMI,Zone-MAIN,Aisle-A,Bay-59,Level-3,01,RACK,Available,Test-Air-Freight-Company-Test-Branch,Test Air Freight Company
Site-ATN,Building-DIMI,Zone-MAIN,Aisle-A,Bay-59,Level-4,01,RACK,Available,Test-Air-Freight-Company-Test-Branch,Test Air Freight Company
Site-ATN,Building-DIMI,Zone-MAIN,Aisle-A,Bay-60,Level-1,01,RACK,Available,Test-Air-Freight-Company-Test-Branch,Test Air Freight Company
Site-ATN,Building-DIMI,Zone-MAIN,Aisle-A,Bay-60,Level-2,01,RACK,Available,Test-Air-Freight-Company-Test-Branch,Test Air Freight Company
Site-ATN,Building-DIMI,Zone-MAIN,Aisle-A,Bay-60,Level-3,01,RACK,Available,Test-Air-Freight-Company-Test-Branch,Test Air Freight Company
Site-ATN,Building-DIMI,Zone-MAIN,Aisle-A,Bay-60,Level-4,01,RACK,Available,Test-Air-Freight-Company-Test-Branch,Test Air Freight Company
Site-ATN,Building-DIMI,Zone-MAIN,Aisle-A,Bay-61,Level-1,01,RACK,Available,Test-Air-Freight-Company-Test-Branch,Test Air Freight Company
Site-ATN,Building-DIMI,Zone-MAIN,Aisle-A,Bay-61,Level-2,01,RACK,Available,Test-Air-Freight-Company-Test-Branch,Test Air Freight Company
Site-ATN,Building-DIMI,Zone-MAIN,Aisle-A,Bay-61,Level-3,01,RACK,Available,Test-Air-Freight-Company-Test-Branch,Test Air Freight Company
Site-ATN,Building-DIMI,Zone-MAIN,Aisle-A,Bay-61,Level-4,01,RACK,Available,Test-Air-Freight-Company-Test-Branch,Test Air Freight Company
Site-ATN,Building-DIMI,Zone-MAIN,Aisle-A,Bay-62,Level-1,01,RACK,Available,Test-Air-Freight-Company-Test-Branch,Test Air Freight Company
Site-ATN,Building-DIMI,Zone-MAIN,Aisle-A,Bay-62,Level-2,01,RACK,Available,Test-Air-Freight-Company-Test-Branch,Test Air Freight Company
Site-ATN,Building-DIMI,Zone-MAIN,Aisle-A,Bay-62,Level-3,01,RACK,Available,Test-Air-Freight-Company-Test-Branch,Test Air Freight Company
Site-ATN,Building-DIMI,Zone-MAIN,Aisle-A,Bay-62,Level-4,01,RACK,Available,Test-Air-Freight-Company-Test-Branch,Test Air Freight Company
Site-ATN,Building-DIMI,Zone-MAIN,Aisle-A,Bay-63,Level-1,01,RACK,Available,Test-Air-Freight-Company-Test-Branch,Test Air Freight Company
Site-ATN,Building-DIMI,Zone-MAIN,Aisle-A,Bay-63,Level-2,01,RACK,Available,Test-Air-Freight-Company-Test-Branch,Test Air Freight Company
Site-ATN,Building-DIMI,Zone-MAIN,Aisle-A,Bay-63,Level-3,01,RACK,Available,Test-Air-Freight-Company-Test-Branch,Test Air Freight Company
Site-ATN,Building-DIMI,Zone-MAIN,Aisle-A,Bay-63,Level-4,01,RACK,Available,Test-Air-Freight-Company-Test-Branch,Test Air Freight Company
Site-ATN,Building-DIMI,Zone-MAIN,Aisle-A,Bay-64,Level-1,01,RACK,Available,Test-Air-Freight-Company-Test-Branch,Test Air Freight Company
Site-ATN,Building-DIMI,Zone-MAIN,Aisle-A,Bay-64,Level-2,01,RACK,Available,Test-Air-Freight-Company-Test-Branch,Test Air Freight Company
Site-ATN,Building-DIMI,Zone-MAIN,Aisle-A,Bay-64,Level-3,01,RACK,Available,Test-Air-Freight-Company-Test-Branch,Test Air Freight Company
Site-ATN,Building-DIMI,Zone-MAIN,Aisle-A,Bay-64,Level-4,01,RACK,Available,Test-Air-Freight-Company-Test-Branch,Test Air Freight Company
Site-ATN,Building-DIMI,Zone-MAIN,Aisle-A,Bay-65,Level-1,01,RACK,Available,Test-Air-Freight-Company-Test-Branch,Test Air Freight Company
Site-ATN,Building-DIMI,Zone-MAIN,Aisle-A,Bay-65,Level-2,01,RACK,Available,Test-Air-Freight-Company-Test-Branch,Test Air Freight Company
Site-ATN,Building-DIMI,Zone-MAIN,Aisle-A,Bay-65,Level-3,01,RACK,Available,Test-Air-Freight-Company-Test-Branch,Test Air Freight Company
Site-ATN,Building-DIMI,Zone-MAIN,Aisle-A,Bay-65,Level-4,01,RACK,Available,Test-Air-Freight-Company-Test-Branch,Test Air Freight Company
Site-ATN,Building-DIMI,Zone-MAIN,Aisle-A,Bay-66,Level-1,01,RACK,Available,Test-Air-Freight-Company-Test-Branch,Test Air Freight Company
Site-ATN,Building-DIMI,Zone-MAIN,Aisle-A,Bay-66,Level-2,01,RACK,Available,Test-Air-Freight-Company-Test-Branch,Test Air Freight Company
Site-ATN,Building-DIMI,Zone-MAIN,Aisle-A,Bay-66,Level-3,01,RACK,Available,Test-Air-Freight-Company-Test-Branch,Test Air Freight Company
Site-ATN,Building-DIMI,Zone-MAIN,Aisle-A,Bay-66,Level-4,01,RACK,Available,Test-Air-Freight-Company-Test-Branch,Test Air Freight Company
Site-ATN,Building-DIMI,Zone-MAIN,Aisle-A,Bay-67,Level-1,01,RACK,Available,Test-Air-Freight-Company-Test-Branch,Test Air Freight Company
Site-ATN,Building-DIMI,Zone-MAIN,Aisle-A,Bay-67,Level-2,01,RACK,Available,Test-Air-Freight-Company-Test-Branch,Test Air Freight Company
Site-ATN,Building-DIMI,Zone-MAIN,Aisle-A,Bay-67,Level-3,01,RACK,Available,Test-Air-Freight-Company-Test-Branch,Test Air Freight Company
Site-ATN,Building-DIMI,Zone-MAIN,Aisle-A,Bay-67,Level-4,01,RACK,Available,Test-Air-Freight-Company-Test-Branch,Test Air Freight Company
Site-ATN,Building-DIMI,Zone-MAIN,Aisle-A,Bay-68,Level-1,01,RACK,Available,Test-Air-Freight-Company-Test-Branch,Test Air Freight Company
Site-ATN,Building-DIMI,Zone-MAIN,Aisle-A,Bay-68,Level-2,01,RACK,Available,Test-Air-Freight-Company-Test-Branch,Test Air Freight Company
Site-ATN,Building-DIMI,Zone-MAIN,Aisle-A,Bay-68,Level-3,01,RACK,Available,Test-Air-Freight-Company-Test-Branch,Test Air Freight Company
Site-ATN,Building-DIMI,Zone-MAIN,Aisle-A,Bay-68,Level-4,01,RACK,Available,Test-Air-Freight-Company-Test-Branch,Test Air Freight Company
Site-ATN,Building-DIMI,Zone-MAIN,Aisle-B,Bay-01,Level-1,01,RACK,Available,Test-Air-Freight-Company-Test-Branch,Test Air Freight Company
Site-ATN,Building-DIMI,Zone-MAIN,Aisle-B,Bay-01,Level-2,01,RACK,Available,Test-Air-Freight-Company-Test-Branch,Test Air Freight Company
Site-ATN,Building-DIMI,Zone-MAIN,Aisle-B,Bay-01,Level-3,01,RACK,Available,Test-Air-Freight-Company-Test-Branch,Test Air Freight Company
Site-ATN,Building-DIMI,Zone-MAIN,Aisle-B,Bay-01,Level-4,01,RACK,Available,Test-Air-Freight-Company-Test-Branch,Test Air Freight Company
Site-ATN,Building-DIMI,Zone-MAIN,Aisle-B,Bay-01,Level-5,01,RACK,Available,Test-Air-Freight-Company-Test-Branch,Test Air Freight Company
Site-ATN,Building-DIMI,Zone-MAIN,Aisle-B,Bay-02,Level-1,01,RACK,Available,Test-Air-Freight-Company-Test-Branch,Test Air Freight Company
Site-ATN,Building-DIMI,Zone-MAIN,Aisle-B,Bay-02,Level-2,01,RACK,Available,Test-Air-Freight-Company-Test-Branch,Test Air Freight Company
Site-ATN,Building-DIMI,Zone-MAIN,Aisle-B,Bay-02,Level-3,01,RACK,Available,Test-Air-Freight-Company-Test-Branch,Test Air Freight Company
Site-ATN,Building-DIMI,Zone-MAIN,Aisle-B,Bay-02,Level-4,01,RACK,Available,Test-Air-Freight-Company-Test-Branch,Test Air Freight Company
Site-ATN,Building-DIMI,Zone-MAIN,Aisle-B,Bay-02,Level-5,01,RACK,Available,Test-Air-Freight-Company-Test-Branch,Test Air Freight Company
Site-ATN,Building-DIMI,Zone-MAIN,Aisle-B,Bay-03,Level-1,01,RACK,Available,Test-Air-Freight-Company-Test-Branch,Test Air Freight Company
Site-ATN,Building-DIMI,Zone-MAIN,Aisle-B,Bay-03,Level-2,01,RACK,Available,Test-Air-Freight-Company-Test-Branch,Test Air Freight Company
Site-ATN,Building-DIMI,Zone-MAIN,Aisle-B,Bay-03,Level-3,01,RACK,Available,Test-Air-Freight-Company-Test-Branch,Test Air Freight Company
Site-ATN,Building-DIMI,Zone-MAIN,Aisle-B,Bay-03,Level-4,01,RACK,Available,Test-Air-Freight-Company-Test-Branch,Test Air Freight Company
Site-ATN,Building-DIMI,Zone-MAIN,Aisle-B,Bay-03,Level-5,01,RACK,Available,Test-Air-Freight-Company-Test-Branch,Test Air Freight Company
Site-ATN,Building-DIMI,Zone-MAIN,Aisle-B,Bay-04,Level-1,01,RACK,Available,Test-Air-Freight-Company-Test-Branch,Test Air Freight Company
Site-ATN,Building-DIMI,Zone-MAIN,Aisle-B,Bay-04,Level-2,01,RACK,Available,Test-Air-Freight-Company-Test-Branch,Test Air Freight Company
Site-ATN,Building-DIMI,Zone-MAIN,Aisle-B,Bay-04,Level-3,01,RACK,Available,Test-Air-Freight-Company-Test-Branch,Test Air Freight Company
Site-ATN,Building-DIMI,Zone-MAIN,Aisle-B,Bay-04,Level-4,01,RACK,Available,Test-Air-Freight-Company-Test-Branch,Test Air Freight Company
Site-ATN,Building-DIMI,Zone-MAIN,Aisle-B,Bay-04,Level-5,01,RACK,Available,Test-Air-Freight-Company-Test-Branch,Test Air Freight Company
Site-ATN,Building-DIMI,Zone-MAIN,Aisle-B,Bay-05,Level-1,01,RACK,Available,Test-Air-Freight-Company-Test-Branch,Test Air Freight Company
Site-ATN,Building-DIMI,Zone-MAIN,Aisle-B,Bay-05,Level-2,01,RACK,Available,Test-Air-Freight-Company-Test-Branch,Test Air Freight Company
Site-ATN,Building-DIMI,Zone-MAIN,Aisle-B,Bay-05,Level-3,01,RACK,Available,Test-Air-Freight-Company-Test-Branch,Test Air Freight Company
Site-ATN,Building-DIMI,Zone-MAIN,Aisle-B,Bay-05,Level-4,01,RACK,Available,Test-Air-Freight-Company-Test-Branch,Test Air Freight Company
Site-ATN,Building-DIMI,Zone-MAIN,Aisle-B,Bay-05,Level-5,01,RACK,Available,Test-Air-Freight-Company-Test-Branch,Test Air Freight Company
Site-ATN,Building-DIMI,Zone-MAIN,Aisle-B,Bay-06,Level-1,01,RACK,Available,Test-Air-Freight-Company-Test-Branch,Test Air Freight Company
Site-ATN,Building-DIMI,Zone-MAIN,Aisle-B,Bay-06,Level-2,01,RACK,Available,Test-Air-Freight-Company-Test-Branch,Test Air Freight Company
Site-ATN,Building-DIMI,Zone-MAIN,Aisle-B,Bay-06,Level-3,01,RACK,Available,Test-Air-Freight-Company-Test-Branch,Test Air Freight Company
Site-ATN,Building-DIMI,Zone-MAIN,Aisle-B,Bay-06,Level-4,01,RACK,Available,Test-Air-Freight-Company-Test-Branch,Test Air Freight Company
Site-ATN,Building-DIMI,Zone-MAIN,Aisle-B,Bay-06,Level-5,01,RACK,Available,Test-Air-Freight-Company-Test-Branch,Test Air Freight Company
Site-ATN,Building-DIMI,Zone-MAIN,Aisle-B,Bay-07,Level-1,01,RACK,Available,Test-Air-Freight-Company-Test-Branch,Test Air Freight Company
Site-ATN,Building-DIMI,Zone-MAIN,Aisle-B,Bay-07,Level-2,01,RACK,Available,Test-Air-Freight-Company-Test-Branch,Test Air Freight Company
Site-ATN,Building-DIMI,Zone-MAIN,Aisle-B,Bay-07,Level-3,01,RACK,Available,Test-Air-Freight-Company-Test-Branch,Test Air Freight Company
Site-ATN,Building-DIMI,Zone-MAIN,Aisle-B,Bay-07,Level-4,01,RACK,Available,Test-Air-Freight-Company-Test-Branch,Test Air Freight Company
Site-ATN,Building-DIMI,Zone-MAIN,Aisle-B,Bay-07,Level-5,01,RACK,Available,Test-Air-Freight-Company-Test-Branch,Test Air Freight Company
Site-ATN,Building-DIMI,Zone-MAIN,Aisle-B,Bay-08,Level-1,01,RACK,Available,Test-Air-Freight-Company-Test-Branch,Test Air Freight Company
Site-ATN,Building-DIMI,Zone-MAIN,Aisle-B,Bay-08,Level-2,01,RACK,Available,Test-Air-Freight-Company-Test-Branch,Test Air Freight Company
Site-ATN,Building-DIMI,Zone-MAIN,Aisle-B,Bay-08,Level-3,01,RACK,Available,Test-Air-Freight-Company-Test-Branch,Test Air Freight Company
Site-ATN,Building-DIMI,Zone-MAIN,Aisle-B,Bay-08,Level-4,01,RACK,Available,Test-Air-Freight-Company-Test-Branch,Test Air Freight Company
Site-ATN,Building-DIMI,Zone-MAIN,Aisle-B,Bay-08,Level-5,01,RACK,Available,Test-Air-Freight-Company-Test-Branch,Test Air Freight Company
Site-ATN,Building-DIMI,Zone-MAIN,Aisle-B,Bay-09,Level-1,01,RACK,Available,Test-Air-Freight-Company-Test-Branch,Test Air Freight Company
Site-ATN,Building-DIMI,Zone-MAIN,Aisle-B,Bay-09,Level-2,01,RACK,Available,Test-Air-Freight-Company-Test-Branch,Test Air Freight Company
Site-ATN,Building-DIMI,Zone-MAIN,Aisle-B,Bay-09,Level-3,01,RACK,Available,Test-Air-Freight-Company-Test-Branch,Test Air Freight Company
Site-ATN,Building-DIMI,Zone-MAIN,Aisle-B,Bay-09,Level-4,01,RACK,Available,Test-Air-Freight-Company-Test-Branch,Test Air Freight Company
Site-ATN,Building-DIMI,Zone-MAIN,Aisle-B,Bay-09,Level-5,01,RACK,Available,Test-Air-Freight-Company-Test-Branch,Test Air Freight Company
Site-ATN,Building-DIMI,Zone-MAIN,Aisle-B,Bay-10,Level-1,01,RACK,Available,Test-Air-Freight-Company-Test-Branch,Test Air Freight Company
Site-ATN,Building-DIMI,Zone-MAIN,Aisle-B,Bay-10,Level-2,01,RACK,Available,Test-Air-Freight-Company-Test-Branch,Test Air Freight Company
Site-ATN,Building-DIMI,Zone-MAIN,Aisle-B,Bay-10,Level-3,01,RACK,Available,Test-Air-Freight-Company-Test-Branch,Test Air Freight Company
Site-ATN,Building-DIMI,Zone-MAIN,Aisle-B,Bay-10,Level-4,01,RACK,Available,Test-Air-Freight-Company-Test-Branch,Test Air Freight Company
Site-ATN,Building-DIMI,Zone-MAIN,Aisle-B,Bay-10,Level-5,01,RACK,Available,Test-Air-Freight-Company-Test-Branch,Test Air Freight Company
Site-ATN,Building-DIMI,Zone-MAIN,Aisle-B,Bay-11,Level-1,01,RACK,Available,Test-Air-Freight-Company-Test-Branch,Test Air Freight Company
Site-ATN,Building-DIMI,Zone-MAIN,Aisle-B,Bay-11,Level-2,01,RACK,Available,Test-Air-Freight-Company-Test-Branch,Test Air Freight Company
Site-ATN,Building-DIMI,Zone-MAIN,Aisle-B,Bay-11,Level-3,01,RACK,Available,Test-Air-Freight-Company-Test-Branch,Test Air Freight Company
Site-ATN,Building-DIMI,Zone-MAIN,Aisle-B,Bay-11,Level-4,01,RACK,Available,Test-Air-Freight-Company-Test-Branch,Test Air Freight Company
Site-ATN,Building-DIMI,Zone-MAIN,Aisle-B,Bay-11,Level-5,01,RACK,Available,Test-Air-Freight-Company-Test-Branch,Test Air Freight Company
Site-ATN,Building-DIMI,Zone-MAIN,Aisle-B,Bay-12,Level-1,01,RACK,Available,Test-Air-Freight-Company-Test-Branch,Test Air Freight Company
Site-ATN,Building-DIMI,Zone-MAIN,Aisle-B,Bay-12,Level-2,01,RACK,Available,Test-Air-Freight-Company-Test-Branch,Test Air Freight Company
Site-ATN,Building-DIMI,Zone-MAIN,Aisle-B,Bay-12,Level-3,01,RACK,Available,Test-Air-Freight-Company-Test-Branch,Test Air Freight Company
Site-ATN,Building-DIMI,Zone-MAIN,Aisle-B,Bay-12,Level-4,01,RACK,Available,Test-Air-Freight-Company-Test-Branch,Test Air Freight Company
Site-ATN,Building-DIMI,Zone-MAIN,Aisle-B,Bay-12,Level-5,01,RACK,Available,Test-Air-Freight-Company-Test-Branch,Test Air Freight Company
Site-ATN,Building-DIMI,Zone-MAIN,Aisle-B,Bay-13,Level-1,01,RACK,Available,Test-Air-Freight-Company-Test-Branch,Test Air Freight Company
Site-ATN,Building-DIMI,Zone-MAIN,Aisle-B,Bay-13,Level-2,01,RACK,Available,Test-Air-Freight-Company-Test-Branch,Test Air Freight Company
Site-ATN,Building-DIMI,Zone-MAIN,Aisle-B,Bay-13,Level-3,01,RACK,Available,Test-Air-Freight-Company-Test-Branch,Test Air Freight Company
Site-ATN,Building-DIMI,Zone-MAIN,Aisle-B,Bay-13,Level-4,01,RACK,Available,Test-Air-Freight-Company-Test-Branch,Test Air Freight Company
Site-ATN,Building-DIMI,Zone-MAIN,Aisle-B,Bay-13,Level-5,01,RACK,Available,Test-Air-Freight-Company-Test-Branch,Test Air Freight Company
Site-ATN,Building-DIMI,Zone-MAIN,Aisle-B,Bay-14,Level-1,01,RACK,Available,Test-Air-Freight-Company-Test-Branch,Test Air Freight Company
Site-ATN,Building-DIMI,Zone-MAIN,Aisle-B,Bay-14,Level-2,01,RACK,Available,Test-Air-Freight-Company-Test-Branch,Test Air Freight Company
Site-ATN,Building-DIMI,Zone-MAIN,Aisle-B,Bay-14,Level-3,01,RACK,Available,Test-Air-Freight-Company-Test-Branch,Test Air Freight Company
Site-ATN,Building-DIMI,Zone-MAIN,Aisle-B,Bay-14,Level-4,01,RACK,Available,Test-Air-Freight-Company-Test-Branch,Test Air Freight Company
Site-ATN,Building-DIMI,Zone-MAIN,Aisle-B,Bay-14,Level-5,01,RACK,Available,Test-Air-Freight-Company-Test-Branch,Test Air Freight Company
Site-ATN,Building-DIMI,Zone-MAIN,Aisle-B,Bay-15,Level-1,01,RACK,Available,Test-Air-Freight-Company-Test-Branch,Test Air Freight Company
Site-ATN,Building-DIMI,Zone-MAIN,Aisle-B,Bay-15,Level-2,01,RACK,Available,Test-Air-Freight-Company-Test-Branch,Test Air Freight Company
Site-ATN,Building-DIMI,Zone-MAIN,Aisle-B,Bay-15,Level-3,01,RACK,Available,Test-Air-Freight-Company-Test-Branch,Test Air Freight Company
Site-ATN,Building-DIMI,Zone-MAIN,Aisle-B,Bay-15,Level-4,01,RACK,Available,Test-Air-Freight-Company-Test-Branch,Test Air Freight Company
Site-ATN,Building-DIMI,Zone-MAIN,Aisle-B,Bay-15,Level-5,01,RACK,Available,Test-Air-Freight-Company-Test-Branch,Test Air Freight Company
Site-ATN,Building-DIMI,Zone-MAIN,Aisle-B,Bay-16,Level-1,01,RACK,Available,Test-Air-Freight-Company-Test-Branch,Test Air Freight Company
Site-ATN,Building-DIMI,Zone-MAIN,Aisle-B,Bay-16,Level-2,01,RACK,Available,Test-Air-Freight-Company-Test-Branch,Test Air Freight Company
Site-ATN,Building-DIMI,Zone-MAIN,Aisle-B,Bay-16,Level-3,01,RACK,Available,Test-Air-Freight-Company-Test-Branch,Test Air Freight Company
Site-ATN,Building-DIMI,Zone-MAIN,Aisle-B,Bay-16,Level-4,01,RACK,Available,Test-Air-Freight-Company-Test-Branch,Test Air Freight Company
Site-ATN,Building-DIMI,Zone-MAIN,Aisle-B,Bay-16,Level-5,01,RACK,Available,Test-Air-Freight-Company-Test-Branch,Test Air Freight Company
Site-ATN,Building-DIMI,Zone-MAIN,Aisle-B,Bay-17,Level-1,01,RACK,Available,Test-Air-Freight-Company-Test-Branch,Test Air Freight Company
Site-ATN,Building-DIMI,Zone-MAIN,Aisle-B,Bay-17,Level-2,01,RACK,Available,Test-Air-Freight-Company-Test-Branch,Test Air Freight Company
Site-ATN,Building-DIMI,Zone-MAIN,Aisle-B,Bay-17,Level-3,01,RACK,Available,Test-Air-Freight-Company-Test-Branch,Test Air Freight Company
Site-ATN,Building-DIMI,Zone-MAIN,Aisle-B,Bay-17,Level-4,01,RACK,Available,Test-Air-Freight-Company-Test-Branch,Test Air Freight Company
Site-ATN,Building-DIMI,Zone-MAIN,Aisle-B,Bay-17,Level-5,01,RACK,Available,Test-Air-Freight-Company-Test-Branch,Test Air Freight Company
Site-ATN,Building-DIMI,Zone-MAIN,Aisle-B,Bay-18,Level-1,01,RACK,Available,Test-Air-Freight-Company-Test-Branch,Test Air Freight Company
Site-ATN,Building-DIMI,Zone-MAIN,Aisle-B,Bay-18,Level-2,01,RACK,Available,Test-Air-Freight-Company-Test-Branch,Test Air Freight Company
Site-ATN,Building-DIMI,Zone-MAIN,Aisle-B,Bay-18,Level-3,01,RACK,Available,Test-Air-Freight-Company-Test-Branch,Test Air Freight Company
Site-ATN,Building-DIMI,Zone-MAIN,Aisle-B,Bay-18,Level-4,01,RACK,Available,Test-Air-Freight-Company-Test-Branch,Test Air Freight Company
Site-ATN,Building-DIMI,Zone-MAIN,Aisle-B,Bay-18,Level-5,01,RACK,Available,Test-Air-Freight-Company-Test-Branch,Test Air Freight Company
Site-ATN,Building-DIMI,Zone-MAIN,Aisle-B,Bay-19,Level-1,01,RACK,Available,Test-Air-Freight-Company-Test-Branch,Test Air Freight Company
Site-ATN,Building-DIMI,Zone-MAIN,Aisle-B,Bay-19,Level-2,01,RACK,Available,Test-Air-Freight-Company-Test-Branch,Test Air Freight Company
Site-ATN,Building-DIMI,Zone-MAIN,Aisle-B,Bay-19,Level-3,01,RACK,Available,Test-Air-Freight-Company-Test-Branch,Test Air Freight Company
Site-ATN,Building-DIMI,Zone-MAIN,Aisle-B,Bay-19,Level-4,01,RACK,Available,Test-Air-Freight-Company-Test-Branch,Test Air Freight Company
Site-ATN,Building-DIMI,Zone-MAIN,Aisle-B,Bay-19,Level-5,01,RACK,Available,Test-Air-Freight-Company-Test-Branch,Test Air Freight Company
Site-ATN,Building-DIMI,Zone-MAIN,Aisle-B,Bay-20,Level-1,01,RACK,Available,Test-Air-Freight-Company-Test-Branch,Test Air Freight Company
Site-ATN,Building-DIMI,Zone-MAIN,Aisle-B,Bay-20,Level-2,01,RACK,Available,Test-Air-Freight-Company-Test-Branch,Test Air Freight Company
Site-ATN,Building-DIMI,Zone-MAIN,Aisle-B,Bay-20,Level-3,01,RACK,Available,Test-Air-Freight-Company-Test-Branch,Test Air Freight Company
Site-ATN,Building-DIMI,Zone-MAIN,Aisle-B,Bay-20,Level-4,01,RACK,Available,Test-Air-Freight-Company-Test-Branch,Test Air Freight Company
Site-ATN,Building-DIMI,Zone-MAIN,Aisle-B,Bay-20,Level-5,01,RACK,Available,Test-Air-Freight-Company-Test-Branch,Test Air Freight Company
Site-ATN,Building-DIMI,Zone-MAIN,Aisle-B,Bay-21,Level-1,01,RACK,Available,Test-Air-Freight-Company-Test-Branch,Test Air Freight Company
Site-ATN,Building-DIMI,Zone-MAIN,Aisle-B,Bay-21,Level-2,01,RACK,Available,Test-Air-Freight-Company-Test-Branch,Test Air Freight Company
Site-ATN,Building-DIMI,Zone-MAIN,Aisle-B,Bay-21,Level-3,01,RACK,Available,Test-Air-Freight-Company-Test-Branch,Test Air Freight Company
Site-ATN,Building-DIMI,Zone-MAIN,Aisle-B,Bay-21,Level-4,01,RACK,Available,Test-Air-Freight-Company-Test-Branch,Test Air Freight Company
Site-ATN,Building-DIMI,Zone-MAIN,Aisle-B,Bay-21,Level-5,01,RACK,Available,Test-Air-Freight-Company-Test-Branch,Test Air Freight Company
Site-ATN,Building-DIMI,Zone-MAIN,Aisle-B,Bay-22,Level-1,01,RACK,Available,Test-Air-Freight-Company-Test-Branch,Test Air Freight Company
Site-ATN,Building-DIMI,Zone-MAIN,Aisle-B,Bay-22,Level-2,01,RACK,Available,Test-Air-Freight-Company-Test-Branch,Test Air Freight Company
Site-ATN,Building-DIMI,Zone-MAIN,Aisle-B,Bay-22,Level-3,01,RACK,Available,Test-Air-Freight-Company-Test-Branch,Test Air Freight Company
Site-ATN,Building-DIMI,Zone-MAIN,Aisle-B,Bay-22,Level-4,01,RACK,Available,Test-Air-Freight-Company-Test-Branch,Test Air Freight Company
Site-ATN,Building-DIMI,Zone-MAIN,Aisle-B,Bay-22,Level-5,01,RACK,Available,Test-Air-Freight-Company-Test-Branch,Test Air Freight Company
Site-ATN,Building-DIMI,Zone-MAIN,Aisle-B,Bay-23,Level-1,01,RACK,Available,Test-Air-Freight-Company-Test-Branch,Test Air Freight Company
Site-ATN,Building-DIMI,Zone-MAIN,Aisle-B,Bay-23,Level-2,01,RACK,Available,Test-Air-Freight-Company-Test-Branch,Test Air Freight Company
Site-ATN,Building-DIMI,Zone-MAIN,Aisle-B,Bay-23,Level-3,01,RACK,Available,Test-Air-Freight-Company-Test-Branch,Test Air Freight Company
Site-ATN,Building-DIMI,Zone-MAIN,Aisle-B,Bay-23,Level-4,01,RACK,Available,Test-Air-Freight-Company-Test-Branch,Test Air Freight Company
Site-ATN,Building-DIMI,Zone-MAIN,Aisle-B,Bay-23,Level-5,01,RACK,Available,Test-Air-Freight-Company-Test-Branch,Test Air Freight Company
Site-ATN,Building-DIMI,Zone-MAIN,Aisle-B,Bay-24,Level-1,01,RACK,Available,Test-Air-Freight-Company-Test-Branch,Test Air Freight Company
Site-ATN,Building-DIMI,Zone-MAIN,Aisle-B,Bay-24,Level-2,01,RACK,Available,Test-Air-Freight-Company-Test-Branch,Test Air Freight Company
Site-ATN,Building-DIMI,Zone-MAIN,Aisle-B,Bay-24,Level-3,01,RACK,Available,Test-Air-Freight-Company-Test-Branch,Test Air Freight Company
Site-ATN,Building-DIMI,Zone-MAIN,Aisle-B,Bay-24,Level-4,01,RACK,Available,Test-Air-Freight-Company-Test-Branch,Test Air Freight Company
Site-ATN,Building-DIMI,Zone-MAIN,Aisle-B,Bay-24,Level-5,01,RACK,Available,Test-Air-Freight-Company-Test-Branch,Test Air Freight Company
Site-ATN,Building-DIMI,Zone-MAIN,Aisle-B,Bay-25,Level-1,01,RACK,Available,Test-Air-Freight-Company-Test-Branch,Test Air Freight Company
Site-ATN,Building-DIMI,Zone-MAIN,Aisle-B,Bay-25,Level-2,01,RACK,Available,Test-Air-Freight-Company-Test-Branch,Test Air Freight Company
Site-ATN,Building-DIMI,Zone-MAIN,Aisle-B,Bay-25,Level-3,01,RACK,Available,Test-Air-Freight-Company-Test-Branch,Test Air Freight Company
Site-ATN,Building-DIMI,Zone-MAIN,Aisle-B,Bay-25,Level-4,01,RACK,Available,Test-Air-Freight-Company-Test-Branch,Test Air Freight Company
Site-ATN,Building-DIMI,Zone-MAIN,Aisle-B,Bay-25,Level-5,01,RACK,Available,Test-Air-Freight-Company-Test-Branch,Test Air Freight Company
Site-ATN,Building-DIMI,Zone-MAIN,Aisle-B,Bay-26,Level-1,01,RACK,Available,Test-Air-Freight-Company-Test-Branch,Test Air Freight Company
Site-ATN,Building-DIMI,Zone-MAIN,Aisle-B,Bay-26,Level-2,01,RACK,Available,Test-Air-Freight-Company-Test-Branch,Test Air Freight Company
Site-ATN,Building-DIMI,Zone-MAIN,Aisle-B,Bay-26,Level-3,01,RACK,Available,Test-Air-Freight-Company-Test-Branch,Test Air Freight Company
Site-ATN,Building-DIMI,Zone-MAIN,Aisle-B,Bay-26,Level-4,01,RACK,Available,Test-Air-Freight-Company-Test-Branch,Test Air Freight Company
Site-ATN,Building-DIMI,Zone-MAIN,Aisle-B,Bay-26,Level-5,01,RACK,Available,Test-Air-Freight-Company-Test-Branch,Test Air Freight Company
Site-ATN,Building-DIMI,Zone-MAIN,Aisle-B,Bay-27,Level-1,01,RACK,Available,Test-Air-Freight-Company-Test-Branch,Test Air Freight Company
Site-ATN,Building-DIMI,Zone-MAIN,Aisle-B,Bay-27,Level-2,01,RACK,Available,Test-Air-Freight-Company-Test-Branch,Test Air Freight Company
Site-ATN,Building-DIMI,Zone-MAIN,Aisle-B,Bay-27,Level-3,01,RACK,Available,Test-Air-Freight-Company-Test-Branch,Test Air Freight Company
Site-ATN,Building-DIMI,Zone-MAIN,Aisle-B,Bay-27,Level-4,01,RACK,Available,Test-Air-Freight-Company-Test-Branch,Test Air Freight Company
Site-ATN,Building-DIMI,Zone-MAIN,Aisle-B,Bay-27,Level-5,01,RACK,Available,Test-Air-Freight-Company-Test-Branch,Test Air Freight Company
Site-ATN,Building-DIMI,Zone-MAIN,Aisle-B,Bay-28,Level-1,01,RACK,Available,Test-Air-Freight-Company-Test-Branch,Test Air Freight Company
Site-ATN,Building-DIMI,Zone-MAIN,Aisle-B,Bay-28,Level-2,01,RACK,Available,Test-Air-Freight-Company-Test-Branch,Test Air Freight Company
Site-ATN,Building-DIMI,Zone-MAIN,Aisle-B,Bay-28,Level-3,01,RACK,Available,Test-Air-Freight-Company-Test-Branch,Test Air Freight Company
Site-ATN,Building-DIMI,Zone-MAIN,Aisle-B,Bay-28,Level-4,01,RACK,Available,Test-Air-Freight-Company-Test-Branch,Test Air Freight Company
Site-ATN,Building-DIMI,Zone-MAIN,Aisle-B,Bay-28,Level-5,01,RACK,Available,Test-Air-Freight-Company-Test-Branch,Test Air Freight Company
Site-ATN,Building-DIMI,Zone-MAIN,Aisle-B,Bay-29,Level-1,01,RACK,Available,Test-Air-Freight-Company-Test-Branch,Test Air Freight Company
Site-ATN,Building-DIMI,Zone-MAIN,Aisle-B,Bay-29,Level-2,01,RACK,Available,Test-Air-Freight-Company-Test-Branch,Test Air Freight Company
Site-ATN,Building-DIMI,Zone-MAIN,Aisle-B,Bay-29,Level-3,01,RACK,Available,Test-Air-Freight-Company-Test-Branch,Test Air Freight Company
Site-ATN,Building-DIMI,Zone-MAIN,Aisle-B,Bay-29,Level-4,01,RACK,Available,Test-Air-Freight-Company-Test-Branch,Test Air Freight Company
Site-ATN,Building-DIMI,Zone-MAIN,Aisle-B,Bay-29,Level-5,01,RACK,Available,Test-Air-Freight-Company-Test-Branch,Test Air Freight Company
Site-ATN,Building-DIMI,Zone-MAIN,Aisle-B,Bay-30,Level-1,01,RACK,Available,Test-Air-Freight-Company-Test-Branch,Test Air Freight Company
Site-ATN,Building-DIMI,Zone-MAIN,Aisle-B,Bay-30,Level-2,01,RACK,Available,Test-Air-Freight-Company-Test-Branch,Test Air Freight Company
Site-ATN,Building-DIMI,Zone-MAIN,Aisle-B,Bay-30,Level-3,01,RACK,Available,Test-Air-Freight-Company-Test-Branch,Test Air Freight Company
Site-ATN,Building-DIMI,Zone-MAIN,Aisle-B,Bay-30,Level-4,01,RACK,Available,Test-Air-Freight-Company-Test-Branch,Test Air Freight Company
Site-ATN,Building-DIMI,Zone-MAIN,Aisle-B,Bay-30,Level-5,01,RACK,Available,Test-Air-Freight-Company-Test-Branch,Test Air Freight Company
Site-ATN,Building-DIMI,Zone-MAIN,Aisle-B,Bay-31,Level-1,01,RACK,Available,Test-Air-Freight-Company-Test-Branch,Test Air Freight Company
Site-ATN,Building-DIMI,Zone-MAIN,Aisle-B,Bay-31,Level-2,01,RACK,Available,Test-Air-Freight-Company-Test-Branch,Test Air Freight Company
Site-ATN,Building-DIMI,Zone-MAIN,Aisle-B,Bay-31,Level-3,01,RACK,Available,Test-Air-Freight-Company-Test-Branch,Test Air Freight Company
Site-ATN,Building-DIMI,Zone-MAIN,Aisle-B,Bay-31,Level-4,01,RACK,Available,Test-Air-Freight-Company-Test-Branch,Test Air Freight Company
Site-ATN,Building-DIMI,Zone-MAIN,Aisle-B,Bay-31,Level-5,01,RACK,Available,Test-Air-Freight-Company-Test-Branch,Test Air Freight Company
Site-ATN,Building-DIMI,Zone-MAIN,Aisle-B,Bay-32,Level-1,01,RACK,Available,Test-Air-Freight-Company-Test-Branch,Test Air Freight Company
Site-ATN,Building-DIMI,Zone-MAIN,Aisle-B,Bay-32,Level-2,01,RACK,Available,Test-Air-Freight-Company-Test-Branch,Test Air Freight Company
Site-ATN,Building-DIMI,Zone-MAIN,Aisle-B,Bay-32,Level-3,01,RACK,Available,Test-Air-Freight-Company-Test-Branch,Test Air Freight Company
Site-ATN,Building-DIMI,Zone-MAIN,Aisle-B,Bay-32,Level-4,01,RACK,Available,Test-Air-Freight-Company-Test-Branch,Test Air Freight Company
Site-ATN,Building-DIMI,Zone-MAIN,Aisle-B,Bay-32,Level-5,01,RACK,Available,Test-Air-Freight-Company-Test-Branch,Test Air Freight Company
Site-ATN,Building-DIMI,Zone-MAIN,Aisle-B,Bay-33,Level-1,01,RACK,Available,Test-Air-Freight-Company-Test-Branch,Test Air Freight Company
Site-ATN,Building-DIMI,Zone-MAIN,Aisle-B,Bay-33,Level-2,01,RACK,Available,Test-Air-Freight-Company-Test-Branch,Test Air Freight Company
Site-ATN,Building-DIMI,Zone-MAIN,Aisle-B,Bay-33,Level-3,01,RACK,Available,Test-Air-Freight-Company-Test-Branch,Test Air Freight Company
Site-ATN,Building-DIMI,Zone-MAIN,Aisle-B,Bay-33,Level-4,01,RACK,Available,Test-Air-Freight-Company-Test-Branch,Test Air Freight Company
Site-ATN,Building-DIMI,Zone-MAIN,Aisle-B,Bay-33,Level-5,01,RACK,Available,Test-Air-Freight-Company-Test-Branch,Test Air Freight Company
Site-ATN,Building-DIMI,Zone-MAIN,Aisle-B,Bay-34,Level-1,01,RACK,Available,Test-Air-Freight-Company-Test-Branch,Test Air Freight Company
Site-ATN,Building-DIMI,Zone-MAIN,Aisle-B,Bay-34,Level-2,01,RACK,Available,Test-Air-Freight-Company-Test-Branch,Test Air Freight Company
Site-ATN,Building-DIMI,Zone-MAIN,Aisle-B,Bay-34,Level-3,01,RACK,Available,Test-Air-Freight-Company-Test-Branch,Test Air Freight Company
Site-ATN,Building-DIMI,Zone-MAIN,Aisle-B,Bay-34,Level-4,01,RACK,Available,Test-Air-Freight-Company-Test-Branch,Test Air Freight Company
Site-ATN,Building-DIMI,Zone-MAIN,Aisle-B,Bay-34,Level-5,01,RACK,Available,Test-Air-Freight-Company-Test-Branch,Test Air Freight Company
Site-ATN,Building-DIMI,Zone-MAIN,Aisle-B,Bay-35,Level-1,01,RACK,Available,Test-Air-Freight-Company-Test-Branch,Test Air Freight Company
Site-ATN,Building-DIMI,Zone-MAIN,Aisle-B,Bay-35,Level-2,01,RACK,Available,Test-Air-Freight-Company-Test-Branch,Test Air Freight Company
Site-ATN,Building-DIMI,Zone-MAIN,Aisle-B,Bay-35,Level-3,01,RACK,Available,Test-Air-Freight-Company-Test-Branch,Test Air Freight Company
Site-ATN,Building-DIMI,Zone-MAIN,Aisle-B,Bay-35,Level-4,01,RACK,Available,Test-Air-Freight-Company-Test-Branch,Test Air Freight Company
Site-ATN,Building-DIMI,Zone-MAIN,Aisle-B,Bay-35,Level-5,01,RACK,Available,Test-Air-Freight-Company-Test-Branch,Test Air Freight Company
Site-ATN,Building-DIMI,Zone-MAIN,Aisle-B,Bay-36,Level-1,01,RACK,Available,Test-Air-Freight-Company-Test-Branch,Test Air Freight Company
Site-ATN,Building-DIMI,Zone-MAIN,Aisle-B,Bay-36,Level-2,01,RACK,Available,Test-Air-Freight-Company-Test-Branch,Test Air Freight Company
Site-ATN,Building-DIMI,Zone-MAIN,Aisle-B,Bay-36,Level-3,01,RACK,Available,Test-Air-Freight-Company-Test-Branch,Test Air Freight Company
Site-ATN,Building-DIMI,Zone-MAIN,Aisle-B,Bay-36,Level-4,01,RACK,Available,Test-Air-Freight-Company-Test-Branch,Test Air Freight Company
Site-ATN,Building-DIMI,Zone-MAIN,Aisle-B,Bay-36,Level-5,01,RACK,Available,Test-Air-Freight-Company-Test-Branch,Test Air Freight Company
Site-ATN,Building-DIMI,Zone-MAIN,Aisle-B,Bay-37,Level-1,01,RACK,Available,Test-Air-Freight-Company-Test-Branch,Test Air Freight Company
Site-ATN,Building-DIMI,Zone-MAIN,Aisle-B,Bay-37,Level-2,01,RACK,Available,Test-Air-Freight-Company-Test-Branch,Test Air Freight Company
Site-ATN,Building-DIMI,Zone-MAIN,Aisle-B,Bay-37,Level-3,01,RACK,Available,Test-Air-Freight-Company-Test-Branch,Test Air Freight Company
Site-ATN,Building-DIMI,Zone-MAIN,Aisle-B,Bay-37,Level-4,01,RACK,Available,Test-Air-Freight-Company-Test-Branch,Test Air Freight Company
Site-ATN,Building-DIMI,Zone-MAIN,Aisle-B,Bay-37,Level-5,01,RACK,Available,Test-Air-Freight-Company-Test-Branch,Test Air Freight Company
Site-ATN,Building-DIMI,Zone-MAIN,Aisle-B,Bay-38,Level-1,01,RACK,Available,Test-Air-Freight-Company-Test-Branch,Test Air Freight Company
Site-ATN,Building-DIMI,Zone-MAIN,Aisle-B,Bay-38,Level-2,01,RACK,Available,Test-Air-Freight-Company-Test-Branch,Test Air Freight Company
Site-ATN,Building-DIMI,Zone-MAIN,Aisle-B,Bay-38,Level-3,01,RACK,Available,Test-Air-Freight-Company-Test-Branch,Test Air Freight Company
Site-ATN,Building-DIMI,Zone-MAIN,Aisle-B,Bay-38,Level-4,01,RACK,Available,Test-Air-Freight-Company-Test-Branch,Test Air Freight Company
Site-ATN,Building-DIMI,Zone-MAIN,Aisle-B,Bay-38,Level-5,01,RACK,Available,Test-Air-Freight-Company-Test-Branch,Test Air Freight Company
Site-ATN,Building-DIMI,Zone-MAIN,Aisle-B,Bay-39,Level-1,01,RACK,Available,Test-Air-Freight-Company-Test-Branch,Test Air Freight Company
Site-ATN,Building-DIMI,Zone-MAIN,Aisle-B,Bay-39,Level-2,01,RACK,Available,Test-Air-Freight-Company-Test-Branch,Test Air Freight Company
Site-ATN,Building-DIMI,Zone-MAIN,Aisle-B,Bay-39,Level-3,01,RACK,Available,Test-Air-Freight-Company-Test-Branch,Test Air Freight Company
Site-ATN,Building-DIMI,Zone-MAIN,Aisle-B,Bay-39,Level-4,01,RACK,Available,Test-Air-Freight-Company-Test-Branch,Test Air Freight Company
Site-ATN,Building-DIMI,Zone-MAIN,Aisle-B,Bay-39,Level-5,01,RACK,Available,Test-Air-Freight-Company-Test-Branch,Test Air Freight Company
Site-ATN,Building-DIMI,Zone-MAIN,Aisle-B,Bay-40,Level-1,01,RACK,Available,Test-Air-Freight-Company-Test-Branch,Test Air Freight Company
Site-ATN,Building-DIMI,Zone-MAIN,Aisle-B,Bay-40,Level-2,01,RACK,Available,Test-Air-Freight-Company-Test-Branch,Test Air Freight Company
Site-ATN,Building-DIMI,Zone-MAIN,Aisle-B,Bay-40,Level-3,01,RACK,Available,Test-Air-Freight-Company-Test-Branch,Test Air Freight Company
Site-ATN,Building-DIMI,Zone-MAIN,Aisle-B,Bay-40,Level-4,01,RACK,Available,Test-Air-Freight-Company-Test-Branch,Test Air Freight Company
Site-ATN,Building-DIMI,Zone-MAIN,Aisle-B,Bay-40,Level-5,01,RACK,Available,Test-Air-Freight-Company-Test-Branch,Test Air Freight Company
Site-ATN,Building-DIMI,Zone-MAIN,Aisle-B,Bay-41,Level-1,01,RACK,Available,Test-Air-Freight-Company-Test-Branch,Test Air Freight Company
Site-ATN,Building-DIMI,Zone-MAIN,Aisle-B,Bay-41,Level-2,01,RACK,Available,Test-Air-Freight-Company-Test-Branch,Test Air Freight Company
Site-ATN,Building-DIMI,Zone-MAIN,Aisle-B,Bay-41,Level-3,01,RACK,Available,Test-Air-Freight-Company-Test-Branch,Test Air Freight Company
Site-ATN,Building-DIMI,Zone-MAIN,Aisle-B,Bay-41,Level-4,01,RACK,Available,Test-Air-Freight-Company-Test-Branch,Test Air Freight Company
Site-ATN,Building-DIMI,Zone-MAIN,Aisle-B,Bay-41,Level-5,01,RACK,Available,Test-Air-Freight-Company-Test-Branch,Test Air Freight Company
Site-ATN,Building-DIMI,Zone-MAIN,Aisle-B,Bay-42,Level-1,01,RACK,Available,Test-Air-Freight-Company-Test-Branch,Test Air Freight Company
Site-ATN,Building-DIMI,Zone-MAIN,Aisle-B,Bay-42,Level-2,01,RACK,Available,Test-Air-Freight-Company-Test-Branch,Test Air Freight Company
Site-ATN,Building-DIMI,Zone-MAIN,Aisle-B,Bay-42,Level-3,01,RACK,Available,Test-Air-Freight-Company-Test-Branch,Test Air Freight Company
Site-ATN,Building-DIMI,Zone-MAIN,Aisle-B,Bay-42,Level-4,01,RACK,Available,Test-Air-Freight-Company-Test-Branch,Test Air Freight Company
Site-ATN,Building-DIMI,Zone-MAIN,Aisle-B,Bay-42,Level-5,01,RACK,Available,Test-Air-Freight-Company-Test-Branch,Test Air Freight Company
Site-ATN,Building-DIMI,Zone-MAIN,Aisle-B,Bay-43,Level-1,01,RACK,Available,Test-Air-Freight-Company-Test-Branch,Test Air Freight Company
Site-ATN,Building-DIMI,Zone-MAIN,Aisle-B,Bay-43,Level-2,01,RACK,Available,Test-Air-Freight-Company-Test-Branch,Test Air Freight Company
Site-ATN,Building-DIMI,Zone-MAIN,Aisle-B,Bay-43,Level-3,01,RACK,Available,Test-Air-Freight-Company-Test-Branch,Test Air Freight Company
Site-ATN,Building-DIMI,Zone-MAIN,Aisle-B,Bay-43,Level-4,01,RACK,Available,Test-Air-Freight-Company-Test-Branch,Test Air Freight Company
Site-ATN,Building-DIMI,Zone-MAIN,Aisle-B,Bay-43,Level-5,01,RACK,Available,Test-Air-Freight-Company-Test-Branch,Test Air Freight Company
Site-ATN,Building-DIMI,Zone-MAIN,Aisle-B,Bay-44,Level-1,01,RACK,Available,Test-Air-Freight-Company-Test-Branch,Test Air Freight Company
Site-ATN,Building-DIMI,Zone-MAIN,Aisle-B,Bay-44,Level-2,01,RACK,Available,Test-Air-Freight-Company-Test-Branch,Test Air Freight Company
Site-ATN,Building-DIMI,Zone-MAIN,Aisle-B,Bay-44,Level-3,01,RACK,Available,Test-Air-Freight-Company-Test-Branch,Test Air Freight Company
Site-ATN,Building-DIMI,Zone-MAIN,Aisle-B,Bay-44,Level-4,01,RACK,Available,Test-Air-Freight-Company-Test-Branch,Test Air Freight Company
Site-ATN,Building-DIMI,Zone-MAIN,Aisle-B,Bay-44,Level-5,01,RACK,Available,Test-Air-Freight-Company-Test-Branch,Test Air Freight Company
Site-ATN,Building-DIMI,Zone-MAIN,Aisle-B,Bay-45,Level-1,01,RACK,Available,Test-Air-Freight-Company-Test-Branch,Test Air Freight Company
Site-ATN,Building-DIMI,Zone-MAIN,Aisle-B,Bay-45,Level-2,01,RACK,Available,Test-Air-Freight-Company-Test-Branch,Test Air Freight Company
Site-ATN,Building-DIMI,Zone-MAIN,Aisle-B,Bay-45,Level-3,01,RACK,Available,Test-Air-Freight-Company-Test-Branch,Test Air Freight Company
Site-ATN,Building-DIMI,Zone-MAIN,Aisle-B,Bay-45,Level-4,01,RACK,Available,Test-Air-Freight-Company-Test-Branch,Test Air Freight Company
Site-ATN,Building-DIMI,Zone-MAIN,Aisle-B,Bay-45,Level-5,01,RACK,Available,Test-Air-Freight-Company-Test-Branch,Test Air Freight Company
Site-ATN,Building-DIMI,Zone-MAIN,Aisle-B,Bay-46,Level-1,01,RACK,Available,Test-Air-Freight-Company-Test-Branch,Test Air Freight Company
Site-ATN,Building-DIMI,Zone-MAIN,Aisle-B,Bay-46,Level-2,01,RACK,Available,Test-Air-Freight-Company-Test-Branch,Test Air Freight Company
Site-ATN,Building-DIMI,Zone-MAIN,Aisle-B,Bay-46,Level-3,01,RACK,Available,Test-Air-Freight-Company-Test-Branch,Test Air Freight Company
Site-ATN,Building-DIMI,Zone-MAIN,Aisle-B,Bay-46,Level-4,01,RACK,Available,Test-Air-Freight-Company-Test-Branch,Test Air Freight Company
Site-ATN,Building-DIMI,Zone-MAIN,Aisle-B,Bay-46,Level-5,01,RACK,Available,Test-Air-Freight-Company-Test-Branch,Test Air Freight Company
Site-ATN,Building-DIMI,Zone-MAIN,Aisle-B,Bay-47,Level-1,01,RACK,Available,Test-Air-Freight-Company-Test-Branch,Test Air Freight Company
Site-ATN,Building-DIMI,Zone-MAIN,Aisle-B,Bay-47,Level-2,01,RACK,Available,Test-Air-Freight-Company-Test-Branch,Test Air Freight Company
Site-ATN,Building-DIMI,Zone-MAIN,Aisle-B,Bay-47,Level-3,01,RACK,Available,Test-Air-Freight-Company-Test-Branch,Test Air Freight Company
Site-ATN,Building-DIMI,Zone-MAIN,Aisle-B,Bay-47,Level-4,01,RACK,Available,Test-Air-Freight-Company-Test-Branch,Test Air Freight Company
Site-ATN,Building-DIMI,Zone-MAIN,Aisle-B,Bay-47,Level-5,01,RACK,Available,Test-Air-Freight-Company-Test-Branch,Test Air Freight Company
Site-ATN,Building-DIMI,Zone-MAIN,Aisle-B,Bay-48,Level-1,01,RACK,Available,Test-Air-Freight-Company-Test-Branch,Test Air Freight Company
Site-ATN,Building-DIMI,Zone-MAIN,Aisle-B,Bay-48,Level-2,01,RACK,Available,Test-Air-Freight-Company-Test-Branch,Test Air Freight Company
Site-ATN,Building-DIMI,Zone-MAIN,Aisle-B,Bay-48,Level-3,01,RACK,Available,Test-Air-Freight-Company-Test-Branch,Test Air Freight Company
Site-ATN,Building-DIMI,Zone-MAIN,Aisle-B,Bay-48,Level-4,01,RACK,Available,Test-Air-Freight-Company-Test-Branch,Test Air Freight Company
Site-ATN,Building-DIMI,Zone-MAIN,Aisle-B,Bay-48,Level-5,01,RACK,Available,Test-Air-Freight-Company-Test-Branch,Test Air Freight Company
Site-ATN,Building-DIMI,Zone-MAIN,Aisle-B,Bay-49,Level-1,01,RACK,Available,Test-Air-Freight-Company-Test-Branch,Test Air Freight Company
Site-ATN,Building-DIMI,Zone-MAIN,Aisle-B,Bay-49,Level-2,01,RACK,Available,Test-Air-Freight-Company-Test-Branch,Test Air Freight Company
Site-ATN,Building-DIMI,Zone-MAIN,Aisle-B,Bay-49,Level-3,01,RACK,Available,Test-Air-Freight-Company-Test-Branch,Test Air Freight Company
Site-ATN,Building-DIMI,Zone-MAIN,Aisle-B,Bay-49,Level-4,01,RACK,Available,Test-Air-Freight-Company-Test-Branch,Test Air Freight Company
Site-ATN,Building-DIMI,Zone-MAIN,Aisle-B,Bay-49,Level-5,01,RACK,Available,Test-Air-Freight-Company-Test-Branch,Test Air Freight Company
Site-ATN,Building-DIMI,Zone-MAIN,Aisle-B,Bay-50,Level-1,01,RACK,Available,Test-Air-Freight-Company-Test-Branch,Test Air Freight Company
Site-ATN,Building-DIMI,Zone-MAIN,Aisle-B,Bay-50,Level-2,01,RACK,Available,Test-Air-Freight-Company-Test-Branch,Test Air Freight Company
Site-ATN,Building-DIMI,Zone-MAIN,Aisle-B,Bay-50,Level-3,01,RACK,Available,Test-Air-Freight-Company-Test-Branch,Test Air Freight Company
Site-ATN,Building-DIMI,Zone-MAIN,Aisle-B,Bay-50,Level-4,01,RACK,Available,Test-Air-Freight-Company-Test-Branch,Test Air Freight Company
Site-ATN,Building-DIMI,Zone-MAIN,Aisle-B,Bay-50,Level-5,01,RACK,Available,Test-Air-Freight-Company-Test-Branch,Test Air Freight Company
Site-ATN,Building-DIMI,Zone-MAIN,Aisle-B,Bay-51,Level-1,01,RACK,Available,Test-Air-Freight-Company-Test-Branch,Test Air Freight Company
Site-ATN,Building-DIMI,Zone-MAIN,Aisle-B,Bay-51,Level-2,01,RACK,Available,Test-Air-Freight-Company-Test-Branch,Test Air Freight Company
Site-ATN,Building-DIMI,Zone-MAIN,Aisle-B,Bay-51,Level-3,01,RACK,Available,Test-Air-Freight-Company-Test-Branch,Test Air Freight Company
Site-ATN,Building-DIMI,Zone-MAIN,Aisle-B,Bay-51,Level-4,01,RACK,Available,Test-Air-Freight-Company-Test-Branch,Test Air Freight Company
Site-ATN,Building-DIMI,Zone-MAIN,Aisle-B,Bay-51,Level-5,01,RACK,Available,Test-Air-Freight-Company-Test-Branch,Test Air Freight Company
Site-ATN,Building-DIMI,Zone-MAIN,Aisle-B,Bay-52,Level-1,01,RACK,Available,Test-Air-Freight-Company-Test-Branch,Test Air Freight Company
Site-ATN,Building-DIMI,Zone-MAIN,Aisle-B,Bay-52,Level-2,01,RACK,Available,Test-Air-Freight-Company-Test-Branch,Test Air Freight Company
Site-ATN,Building-DIMI,Zone-MAIN,Aisle-B,Bay-52,Level-3,01,RACK,Available,Test-Air-Freight-Company-Test-Branch,Test Air Freight Company
Site-ATN,Building-DIMI,Zone-MAIN,Aisle-B,Bay-52,Level-4,01,RACK,Available,Test-Air-Freight-Company-Test-Branch,Test Air Freight Company
Site-ATN,Building-DIMI,Zone-MAIN,Aisle-B,Bay-52,Level-5,01,RACK,Available,Test-Air-Freight-Company-Test-Branch,Test Air Freight Company
Site-ATN,Building-DIMI,Zone-MAIN,Aisle-B,Bay-53,Level-1,01,RACK,Available,Test-Air-Freight-Company-Test-Branch,Test Air Freight Company
Site-ATN,Building-DIMI,Zone-MAIN,Aisle-B,Bay-53,Level-2,01,RACK,Available,Test-Air-Freight-Company-Test-Branch,Test Air Freight Company
Site-ATN,Building-DIMI,Zone-MAIN,Aisle-B,Bay-53,Level-3,01,RACK,Available,Test-Air-Freight-Company-Test-Branch,Test Air Freight Company
Site-ATN,Building-DIMI,Zone-MAIN,Aisle-B,Bay-53,Level-4,01,RACK,Available,Test-Air-Freight-Company-Test-Branch,Test Air Freight Company
Site-ATN,Building-DIMI,Zone-MAIN,Aisle-B,Bay-53,Level-5,01,RACK,Available,Test-Air-Freight-Company-Test-Branch,Test Air Freight Company
Site-ATN,Building-DIMI,Zone-MAIN,Aisle-B,Bay-54,Level-1,01,RACK,Available,Test-Air-Freight-Company-Test-Branch,Test Air Freight Company
Site-ATN,Building-DIMI,Zone-MAIN,Aisle-B,Bay-54,Level-2,01,RACK,Available,Test-Air-Freight-Company-Test-Branch,Test Air Freight Company
Site-ATN,Building-DIMI,Zone-MAIN,Aisle-B,Bay-54,Level-3,01,RACK,Available,Test-Air-Freight-Company-Test-Branch,Test Air Freight Company
Site-ATN,Building-DIMI,Zone-MAIN,Aisle-B,Bay-54,Level-4,01,RACK,Available,Test-Air-Freight-Company-Test-Branch,Test Air Freight Company
Site-ATN,Building-DIMI,Zone-MAIN,Aisle-B,Bay-54,Level-5,01,RACK,Available,Test-Air-Freight-Company-Test-Branch,Test Air Freight Company
Site-ATN,Building-DIMI,Zone-MAIN,Aisle-B,Bay-55,Level-1,01,RACK,Available,Test-Air-Freight-Company-Test-Branch,Test Air Freight Company
Site-ATN,Building-DIMI,Zone-MAIN,Aisle-B,Bay-55,Level-2,01,RACK,Available,Test-Air-Freight-Company-Test-Branch,Test Air Freight Company
Site-ATN,Building-DIMI,Zone-MAIN,Aisle-B,Bay-55,Level-3,01,RACK,Available,Test-Air-Freight-Company-Test-Branch,Test Air Freight Company
Site-ATN,Building-DIMI,Zone-MAIN,Aisle-B,Bay-55,Level-4,01,RACK,Available,Test-Air-Freight-Company-Test-Branch,Test Air Freight Company
Site-ATN,Building-DIMI,Zone-MAIN,Aisle-B,Bay-55,Level-5,01,RACK,Available,Test-Air-Freight-Company-Test-Branch,Test Air Freight Company
Site-ATN,Building-DIMI,Zone-MAIN,Aisle-B,Bay-56,Level-1,01,RACK,Available,Test-Air-Freight-Company-Test-Branch,Test Air Freight Company
Site-ATN,Building-DIMI,Zone-MAIN,Aisle-B,Bay-56,Level-2,01,RACK,Available,Test-Air-Freight-Company-Test-Branch,Test Air Freight Company
Site-ATN,Building-DIMI,Zone-MAIN,Aisle-B,Bay-56,Level-3,01,RACK,Available,Test-Air-Freight-Company-Test-Branch,Test Air Freight Company
Site-ATN,Building-DIMI,Zone-MAIN,Aisle-B,Bay-56,Level-4,01,RACK,Available,Test-Air-Freight-Company-Test-Branch,Test Air Freight Company
Site-ATN,Building-DIMI,Zone-MAIN,Aisle-B,Bay-56,Level-5,01,RACK,Available,Test-Air-Freight-Company-Test-Branch,Test Air Freight Company
Site-ATN,Building-DIMI,Zone-MAIN,Aisle-B,Bay-57,Level-1,01,RACK,Available,Test-Air-Freight-Company-Test-Branch,Test Air Freight Company
Site-ATN,Building-DIMI,Zone-MAIN,Aisle-B,Bay-57,Level-2,01,RACK,Available,Test-Air-Freight-Company-Test-Branch,Test Air Freight Company
Site-ATN,Building-DIMI,Zone-MAIN,Aisle-B,Bay-57,Level-3,01,RACK,Available,Test-Air-Freight-Company-Test-Branch,Test Air Freight Company
Site-ATN,Building-DIMI,Zone-MAIN,Aisle-B,Bay-57,Level-4,01,RACK,Available,Test-Air-Freight-Company-Test-Branch,Test Air Freight Company
Site-ATN,Building-DIMI,Zone-MAIN,Aisle-B,Bay-57,Level-5,01,RACK,Available,Test-Air-Freight-Company-Test-Branch,Test Air Freight Company
Site-ATN,Building-DIMI,Zone-MAIN,Aisle-B,Bay-58,Level-1,01,RACK,Available,Test-Air-Freight-Company-Test-Branch,Test Air Freight Company
Site-ATN,Building-DIMI,Zone-MAIN,Aisle-B,Bay-58,Level-2,01,RACK,Available,Test-Air-Freight-Company-Test-Branch,Test Air Freight Company
Site-ATN,Building-DIMI,Zone-MAIN,Aisle-B,Bay-58,Level-3,01,RACK,Available,Test-Air-Freight-Company-Test-Branch,Test Air Freight Company
Site-ATN,Building-DIMI,Zone-MAIN,Aisle-B,Bay-58,Level-4,01,RACK,Available,Test-Air-Freight-Company-Test-Branch,Test Air Freight Company
Site-ATN,Building-DIMI,Zone-MAIN,Aisle-B,Bay-58,Level-5,01,RACK,Available,Test-Air-Freight-Company-Test-Branch,Test Air Freight Company
Site-ATN,Building-DIMI,Zone-MAIN,Aisle-B,Bay-59,Level-1,01,RACK,Available,Test-Air-Freight-Company-Test-Branch,Test Air Freight Company
Site-ATN,Building-DIMI,Zone-MAIN,Aisle-B,Bay-59,Level-2,01,RACK,Available,Test-Air-Freight-Company-Test-Branch,Test Air Freight Company
Site-ATN,Building-DIMI,Zone-MAIN,Aisle-B,Bay-59,Level-3,01,RACK,Available,Test-Air-Freight-Company-Test-Branch,Test Air Freight Company
Site-ATN,Building-DIMI,Zone-MAIN,Aisle-B,Bay-59,Level-4,01,RACK,Available,Test-Air-Freight-Company-Test-Branch,Test Air Freight Company
Site-ATN,Building-DIMI,Zone-MAIN,Aisle-B,Bay-59,Level-5,01,RACK,Available,Test-Air-Freight-Company-Test-Branch,Test Air Freight Company
Site-ATN,Building-DIMI,Zone-MAIN,Aisle-B,Bay-60,Level-1,01,RACK,Available,Test-Air-Freight-Company-Test-Branch,Test Air Freight Company
Site-ATN,Building-DIMI,Zone-MAIN,Aisle-B,Bay-60,Level-2,01,RACK,Available,Test-Air-Freight-Company-Test-Branch,Test Air Freight Company
Site-ATN,Building-DIMI,Zone-MAIN,Aisle-B,Bay-60,Level-3,01,RACK,Available,Test-Air-Freight-Company-Test-Branch,Test Air Freight Company
Site-ATN,Building-DIMI,Zone-MAIN,Aisle-B,Bay-60,Level-4,01,RACK,Available,Test-Air-Freight-Company-Test-Branch,Test Air Freight Company
Site-ATN,Building-DIMI,Zone-MAIN,Aisle-B,Bay-60,Level-5,01,RACK,Available,Test-Air-Freight-Company-Test-Branch,Test Air Freight Company
Site-ATN,Building-DIMI,Zone-MAIN,Aisle-B,Bay-61,Level-1,01,RACK,Available,Test-Air-Freight-Company-Test-Branch,Test Air Freight Company
Site-ATN,Building-DIMI,Zone-MAIN,Aisle-B,Bay-61,Level-2,01,RACK,Available,Test-Air-Freight-Company-Test-Branch,Test Air Freight Company
Site-ATN,Building-DIMI,Zone-MAIN,Aisle-B,Bay-61,Level-3,01,RACK,Available,Test-Air-Freight-Company-Test-Branch,Test Air Freight Company
Site-ATN,Building-DIMI,Zone-MAIN,Aisle-B,Bay-61,Level-4,01,RACK,Available,Test-Air-Freight-Company-Test-Branch,Test Air Freight Company
Site-ATN,Building-DIMI,Zone-MAIN,Aisle-B,Bay-61,Level-5,01,RACK,Available,Test-Air-Freight-Company-Test-Branch,Test Air Freight Company
Site-ATN,Building-DIMI,Zone-MAIN,Aisle-B,Bay-62,Level-1,01,RACK,Available,Test-Air-Freight-Company-Test-Branch,Test Air Freight Company
Site-ATN,Building-DIMI,Zone-MAIN,Aisle-B,Bay-62,Level-2,01,RACK,Available,Test-Air-Freight-Company-Test-Branch,Test Air Freight Company
Site-ATN,Building-DIMI,Zone-MAIN,Aisle-B,Bay-62,Level-3,01,RACK,Available,Test-Air-Freight-Company-Test-Branch,Test Air Freight Company
Site-ATN,Building-DIMI,Zone-MAIN,Aisle-B,Bay-62,Level-4,01,RACK,Available,Test-Air-Freight-Company-Test-Branch,Test Air Freight Company
Site-ATN,Building-DIMI,Zone-MAIN,Aisle-B,Bay-62,Level-5,01,RACK,Available,Test-Air-Freight-Company-Test-Branch,Test Air Freight Company
Site-ATN,Building-DIMI,Zone-MAIN,Aisle-B,Bay-63,Level-1,01,RACK,Available,Test-Air-Freight-Company-Test-Branch,Test Air Freight Company
Site-ATN,Building-DIMI,Zone-MAIN,Aisle-B,Bay-63,Level-2,01,RACK,Available,Test-Air-Freight-Company-Test-Branch,Test Air Freight Company
Site-ATN,Building-DIMI,Zone-MAIN,Aisle-B,Bay-63,Level-3,01,RACK,Available,Test-Air-Freight-Company-Test-Branch,Test Air Freight Company
Site-ATN,Building-DIMI,Zone-MAIN,Aisle-B,Bay-63,Level-4,01,RACK,Available,Test-Air-Freight-Company-Test-Branch,Test Air Freight Company
Site-ATN,Building-DIMI,Zone-MAIN,Aisle-B,Bay-63,Level-5,01,RACK,Available,Test-Air-Freight-Company-Test-Branch,Test Air Freight Company
Site-ATN,Building-DIMI,Zone-MAIN,Aisle-B,Bay-64,Level-1,01,RACK,Available,Test-Air-Freight-Company-Test-Branch,Test Air Freight Company
Site-ATN,Building-DIMI,Zone-MAIN,Aisle-B,Bay-64,Level-2,01,RACK,Available,Test-Air-Freight-Company-Test-Branch,Test Air Freight Company
Site-ATN,Building-DIMI,Zone-MAIN,Aisle-B,Bay-64,Level-3,01,RACK,Available,Test-Air-Freight-Company-Test-Branch,Test Air Freight Company
Site-ATN,Building-DIMI,Zone-MAIN,Aisle-B,Bay-64,Level-4,01,RACK,Available,Test-Air-Freight-Company-Test-Branch,Test Air Freight Company
Site-ATN,Building-DIMI,Zone-MAIN,Aisle-B,Bay-64,Level-5,01,RACK,Available,Test-Air-Freight-Company-Test-Branch,Test Air Freight Company
Site-ATN,Building-DIMI,Zone-MAIN,Aisle-B,Bay-65,Level-1,01,RACK,Available,Test-Air-Freight-Company-Test-Branch,Test Air Freight Company
Site-ATN,Building-DIMI,Zone-MAIN,Aisle-B,Bay-65,Level-2,01,RACK,Available,Test-Air-Freight-Company-Test-Branch,Test Air Freight Company
Site-ATN,Building-DIMI,Zone-MAIN,Aisle-B,Bay-65,Level-3,01,RACK,Available,Test-Air-Freight-Company-Test-Branch,Test Air Freight Company
Site-ATN,Building-DIMI,Zone-MAIN,Aisle-B,Bay-65,Level-4,01,RACK,Available,Test-Air-Freight-Company-Test-Branch,Test Air Freight Company
Site-ATN,Building-DIMI,Zone-MAIN,Aisle-B,Bay-65,Level-5,01,RACK,Available,Test-Air-Freight-Company-Test-Branch,Test Air Freight Company
Site-ATN,Building-DIMI,Zone-MAIN,Aisle-B,Bay-66,Level-1,01,RACK,Available,Test-Air-Freight-Company-Test-Branch,Test Air Freight Company
Site-ATN,Building-DIMI,Zone-MAIN,Aisle-B,Bay-66,Level-2,01,RACK,Available,Test-Air-Freight-Company-Test-Branch,Test Air Freight Company
Site-ATN,Building-DIMI,Zone-MAIN,Aisle-B,Bay-66,Level-3,01,RACK,Available,Test-Air-Freight-Company-Test-Branch,Test Air Freight Company
Site-ATN,Building-DIMI,Zone-MAIN,Aisle-B,Bay-66,Level-4,01,RACK,Available,Test-Air-Freight-Company-Test-Branch,Test Air Freight Company
Site-ATN,Building-DIMI,Zone-MAIN,Aisle-B,Bay-66,Level-5,01,RACK,Available,Test-Air-Freight-Company-Test-Branch,Test Air Freight Company
Site-ATN,Building-DIMI,Zone-MAIN,Aisle-B,Bay-67,Level-1,01,RACK,Available,Test-Air-Freight-Company-Test-Branch,Test Air Freight Company
Site-ATN,Building-DIMI,Zone-MAIN,Aisle-B,Bay-67,Level-2,01,RACK,Available,Test-Air-Freight-Company-Test-Branch,Test Air Freight Company
Site-ATN,Building-DIMI,Zone-MAIN,Aisle-B,Bay-67,Level-3,01,RACK,Available,Test-Air-Freight-Company-Test-Branch,Test Air Freight Company
Site-ATN,Building-DIMI,Zone-MAIN,Aisle-B,Bay-67,Level-4,01,RACK,Available,Test-Air-Freight-Company-Test-Branch,Test Air Freight Company
Site-ATN,Building-DIMI,Zone-MAIN,Aisle-B,Bay-67,Level-5,01,RACK,Available,Test-Air-Freight-Company-Test-Branch,Test Air Freight Company
Site-ATN,Building-DIMI,Zone-MAIN,Aisle-B,Bay-68,Level-1,01,RACK,Available,Test-Air-Freight-Company-Test-Branch,Test Air Freight Company
Site-ATN,Building-DIMI,Zone-MAIN,Aisle-B,Bay-68,Level-2,01,RACK,Available,Test-Air-Freight-Company-Test-Branch,Test Air Freight Company
Site-ATN,Building-DIMI,Zone-MAIN,Aisle-B,Bay-68,Level-3,01,RACK,Available,Test-Air-Freight-Company-Test-Branch,Test Air Freight Company
Site-ATN,Building-DIMI,Zone-MAIN,Aisle-B,Bay-68,Level-4,01,RACK,Available,Test-Air-Freight-Company-Test-Branch,Test Air Freight Company
Site-ATN,Building-DIMI,Zone-MAIN,Aisle-B,Bay-68,Level-5,01,RACK,Available,Test-Air-Freight-Company-Test-Branch,Test Air Freight Company
Site-ATN,Building-DIMI,Zone-MAIN,Aisle-C,Bay-01,Level-1,01,RACK,Available,Test-Air-Freight-Company-Test-Branch,Test Air Freight Company
Site-ATN,Building-DIMI,Zone-MAIN,Aisle-C,Bay-01,Level-2,01,RACK,Available,Test-Air-Freight-Company-Test-Branch,Test Air Freight Company
Site-ATN,Building-DIMI,Zone-MAIN,Aisle-C,Bay-01,Level-3,01,RACK,Available,Test-Air-Freight-Company-Test-Branch,Test Air Freight Company
Site-ATN,Building-DIMI,Zone-MAIN,Aisle-C,Bay-01,Level-4,01,RACK,Available,Test-Air-Freight-Company-Test-Branch,Test Air Freight Company
Site-ATN,Building-DIMI,Zone-MAIN,Aisle-C,Bay-01,Level-5,01,RACK,Available,Test-Air-Freight-Company-Test-Branch,Test Air Freight Company
Site-ATN,Building-DIMI,Zone-MAIN,Aisle-C,Bay-02,Level-1,01,RACK,Available,Test-Air-Freight-Company-Test-Branch,Test Air Freight Company
Site-ATN,Building-DIMI,Zone-MAIN,Aisle-C,Bay-02,Level-2,01,RACK,Available,Test-Air-Freight-Company-Test-Branch,Test Air Freight Company
Site-ATN,Building-DIMI,Zone-MAIN,Aisle-C,Bay-02,Level-3,01,RACK,Available,Test-Air-Freight-Company-Test-Branch,Test Air Freight Company
Site-ATN,Building-DIMI,Zone-MAIN,Aisle-C,Bay-02,Level-4,01,RACK,Available,Test-Air-Freight-Company-Test-Branch,Test Air Freight Company
Site-ATN,Building-DIMI,Zone-MAIN,Aisle-C,Bay-02,Level-5,01,RACK,Available,Test-Air-Freight-Company-Test-Branch,Test Air Freight Company
Site-ATN,Building-DIMI,Zone-MAIN,Aisle-C,Bay-03,Level-1,01,RACK,Available,Test-Air-Freight-Company-Test-Branch,Test Air Freight Company
Site-ATN,Building-DIMI,Zone-MAIN,Aisle-C,Bay-03,Level-2,01,RACK,Available,Test-Air-Freight-Company-Test-Branch,Test Air Freight Company
Site-ATN,Building-DIMI,Zone-MAIN,Aisle-C,Bay-03,Level-3,01,RACK,Available,Test-Air-Freight-Company-Test-Branch,Test Air Freight Company
Site-ATN,Building-DIMI,Zone-MAIN,Aisle-C,Bay-03,Level-4,01,RACK,Available,Test-Air-Freight-Company-Test-Branch,Test Air Freight Company
Site-ATN,Building-DIMI,Zone-MAIN,Aisle-C,Bay-03,Level-5,01,RACK,Available,Test-Air-Freight-Company-Test-Branch,Test Air Freight Company
Site-ATN,Building-DIMI,Zone-MAIN,Aisle-C,Bay-04,Level-1,01,RACK,Available,Test-Air-Freight-Company-Test-Branch,Test Air Freight Company
Site-ATN,Building-DIMI,Zone-MAIN,Aisle-C,Bay-04,Level-2,01,RACK,Available,Test-Air-Freight-Company-Test-Branch,Test Air Freight Company
Site-ATN,Building-DIMI,Zone-MAIN,Aisle-C,Bay-04,Level-3,01,RACK,Available,Test-Air-Freight-Company-Test-Branch,Test Air Freight Company
Site-ATN,Building-DIMI,Zone-MAIN,Aisle-C,Bay-04,Level-4,01,RACK,Available,Test-Air-Freight-Company-Test-Branch,Test Air Freight Company
Site-ATN,Building-DIMI,Zone-MAIN,Aisle-C,Bay-04,Level-5,01,RACK,Available,Test-Air-Freight-Company-Test-Branch,Test Air Freight Company
Site-ATN,Building-DIMI,Zone-MAIN,Aisle-C,Bay-05,Level-1,01,RACK,Available,Test-Air-Freight-Company-Test-Branch,Test Air Freight Company
Site-ATN,Building-DIMI,Zone-MAIN,Aisle-C,Bay-05,Level-2,01,RACK,Available,Test-Air-Freight-Company-Test-Branch,Test Air Freight Company
Site-ATN,Building-DIMI,Zone-MAIN,Aisle-C,Bay-05,Level-3,01,RACK,Available,Test-Air-Freight-Company-Test-Branch,Test Air Freight Company
Site-ATN,Building-DIMI,Zone-MAIN,Aisle-C,Bay-05,Level-4,01,RACK,Available,Test-Air-Freight-Company-Test-Branch,Test Air Freight Company
Site-ATN,Building-DIMI,Zone-MAIN,Aisle-C,Bay-05,Level-5,01,RACK,Available,Test-Air-Freight-Company-Test-Branch,Test Air Freight Company
Site-ATN,Building-DIMI,Zone-MAIN,Aisle-C,Bay-06,Level-1,01,RACK,Available,Test-Air-Freight-Company-Test-Branch,Test Air Freight Company
Site-ATN,Building-DIMI,Zone-MAIN,Aisle-C,Bay-06,Level-2,01,RACK,Available,Test-Air-Freight-Company-Test-Branch,Test Air Freight Company
Site-ATN,Building-DIMI,Zone-MAIN,Aisle-C,Bay-06,Level-3,01,RACK,Available,Test-Air-Freight-Company-Test-Branch,Test Air Freight Company
Site-ATN,Building-DIMI,Zone-MAIN,Aisle-C,Bay-06,Level-4,01,RACK,Available,Test-Air-Freight-Company-Test-Branch,Test Air Freight Company
Site-ATN,Building-DIMI,Zone-MAIN,Aisle-C,Bay-06,Level-5,01,RACK,Available,Test-Air-Freight-Company-Test-Branch,Test Air Freight Company
Site-ATN,Building-DIMI,Zone-MAIN,Aisle-C,Bay-07,Level-1,01,RACK,Available,Test-Air-Freight-Company-Test-Branch,Test Air Freight Company
Site-ATN,Building-DIMI,Zone-MAIN,Aisle-C,Bay-07,Level-2,01,RACK,Available,Test-Air-Freight-Company-Test-Branch,Test Air Freight Company
Site-ATN,Building-DIMI,Zone-MAIN,Aisle-C,Bay-07,Level-3,01,RACK,Available,Test-Air-Freight-Company-Test-Branch,Test Air Freight Company
Site-ATN,Building-DIMI,Zone-MAIN,Aisle-C,Bay-07,Level-4,01,RACK,Available,Test-Air-Freight-Company-Test-Branch,Test Air Freight Company
Site-ATN,Building-DIMI,Zone-MAIN,Aisle-C,Bay-07,Level-5,01,RACK,Available,Test-Air-Freight-Company-Test-Branch,Test Air Freight Company
Site-ATN,Building-DIMI,Zone-MAIN,Aisle-C,Bay-08,Level-1,01,RACK,Available,Test-Air-Freight-Company-Test-Branch,Test Air Freight Company
Site-ATN,Building-DIMI,Zone-MAIN,Aisle-C,Bay-08,Level-2,01,RACK,Available,Test-Air-Freight-Company-Test-Branch,Test Air Freight Company
Site-ATN,Building-DIMI,Zone-MAIN,Aisle-C,Bay-08,Level-3,01,RACK,Available,Test-Air-Freight-Company-Test-Branch,Test Air Freight Company
Site-ATN,Building-DIMI,Zone-MAIN,Aisle-C,Bay-08,Level-4,01,RACK,Available,Test-Air-Freight-Company-Test-Branch,Test Air Freight Company
Site-ATN,Building-DIMI,Zone-MAIN,Aisle-C,Bay-08,Level-5,01,RACK,Available,Test-Air-Freight-Company-Test-Branch,Test Air Freight Company
Site-ATN,Building-DIMI,Zone-MAIN,Aisle-C,Bay-09,Level-1,01,RACK,Available,Test-Air-Freight-Company-Test-Branch,Test Air Freight Company
Site-ATN,Building-DIMI,Zone-MAIN,Aisle-C,Bay-09,Level-2,01,RACK,Available,Test-Air-Freight-Company-Test-Branch,Test Air Freight Company
Site-ATN,Building-DIMI,Zone-MAIN,Aisle-C,Bay-09,Level-3,01,RACK,Available,Test-Air-Freight-Company-Test-Branch,Test Air Freight Company
Site-ATN,Building-DIMI,Zone-MAIN,Aisle-C,Bay-09,Level-4,01,RACK,Available,Test-Air-Freight-Company-Test-Branch,Test Air Freight Company
Site-ATN,Building-DIMI,Zone-MAIN,Aisle-C,Bay-09,Level-5,01,RACK,Available,Test-Air-Freight-Company-Test-Branch,Test Air Freight Company
Site-ATN,Building-DIMI,Zone-MAIN,Aisle-C,Bay-10,Level-1,01,RACK,Available,Test-Air-Freight-Company-Test-Branch,Test Air Freight Company
Site-ATN,Building-DIMI,Zone-MAIN,Aisle-C,Bay-10,Level-2,01,RACK,Available,Test-Air-Freight-Company-Test-Branch,Test Air Freight Company
Site-ATN,Building-DIMI,Zone-MAIN,Aisle-C,Bay-10,Level-3,01,RACK,Available,Test-Air-Freight-Company-Test-Branch,Test Air Freight Company
Site-ATN,Building-DIMI,Zone-MAIN,Aisle-C,Bay-10,Level-4,01,RACK,Available,Test-Air-Freight-Company-Test-Branch,Test Air Freight Company
Site-ATN,Building-DIMI,Zone-MAIN,Aisle-C,Bay-10,Level-5,01,RACK,Available,Test-Air-Freight-Company-Test-Branch,Test Air Freight Company
Site-ATN,Building-DIMI,Zone-MAIN,Aisle-C,Bay-11,Level-1,01,RACK,Available,Test-Air-Freight-Company-Test-Branch,Test Air Freight Company
Site-ATN,Building-DIMI,Zone-MAIN,Aisle-C,Bay-11,Level-2,01,RACK,Available,Test-Air-Freight-Company-Test-Branch,Test Air Freight Company
Site-ATN,Building-DIMI,Zone-MAIN,Aisle-C,Bay-11,Level-3,01,RACK,Available,Test-Air-Freight-Company-Test-Branch,Test Air Freight Company
Site-ATN,Building-DIMI,Zone-MAIN,Aisle-C,Bay-11,Level-4,01,RACK,Available,Test-Air-Freight-Company-Test-Branch,Test Air Freight Company
Site-ATN,Building-DIMI,Zone-MAIN,Aisle-C,Bay-11,Level-5,01,RACK,Available,Test-Air-Freight-Company-Test-Branch,Test Air Freight Company
Site-ATN,Building-DIMI,Zone-MAIN,Aisle-C,Bay-12,Level-1,01,RACK,Available,Test-Air-Freight-Company-Test-Branch,Test Air Freight Company
Site-ATN,Building-DIMI,Zone-MAIN,Aisle-C,Bay-12,Level-2,01,RACK,Available,Test-Air-Freight-Company-Test-Branch,Test Air Freight Company
Site-ATN,Building-DIMI,Zone-MAIN,Aisle-C,Bay-12,Level-3,01,RACK,Available,Test-Air-Freight-Company-Test-Branch,Test Air Freight Company
Site-ATN,Building-DIMI,Zone-MAIN,Aisle-C,Bay-12,Level-4,01,RACK,Available,Test-Air-Freight-Company-Test-Branch,Test Air Freight Company
Site-ATN,Building-DIMI,Zone-MAIN,Aisle-C,Bay-12,Level-5,01,RACK,Available,Test-Air-Freight-Company-Test-Branch,Test Air Freight Company
Site-ATN,Building-DIMI,Zone-MAIN,Aisle-C,Bay-13,Level-1,01,RACK,Available,Test-Air-Freight-Company-Test-Branch,Test Air Freight Company
Site-ATN,Building-DIMI,Zone-MAIN,Aisle-C,Bay-13,Level-2,01,RACK,Available,Test-Air-Freight-Company-Test-Branch,Test Air Freight Company
Site-ATN,Building-DIMI,Zone-MAIN,Aisle-C,Bay-13,Level-3,01,RACK,Available,Test-Air-Freight-Company-Test-Branch,Test Air Freight Company
Site-ATN,Building-DIMI,Zone-MAIN,Aisle-C,Bay-13,Level-4,01,RACK,Available,Test-Air-Freight-Company-Test-Branch,Test Air Freight Company
Site-ATN,Building-DIMI,Zone-MAIN,Aisle-C,Bay-13,Level-5,01,RACK,Available,Test-Air-Freight-Company-Test-Branch,Test Air Freight Company
Site-ATN,Building-DIMI,Zone-MAIN,Aisle-C,Bay-14,Level-1,01,RACK,Available,Test-Air-Freight-Company-Test-Branch,Test Air Freight Company
Site-ATN,Building-DIMI,Zone-MAIN,Aisle-C,Bay-14,Level-2,01,RACK,Available,Test-Air-Freight-Company-Test-Branch,Test Air Freight Company
Site-ATN,Building-DIMI,Zone-MAIN,Aisle-C,Bay-14,Level-3,01,RACK,Available,Test-Air-Freight-Company-Test-Branch,Test Air Freight Company
Site-ATN,Building-DIMI,Zone-MAIN,Aisle-C,Bay-14,Level-4,01,RACK,Available,Test-Air-Freight-Company-Test-Branch,Test Air Freight Company
Site-ATN,Building-DIMI,Zone-MAIN,Aisle-C,Bay-14,Level-5,01,RACK,Available,Test-Air-Freight-Company-Test-Branch,Test Air Freight Company
Site-ATN,Building-DIMI,Zone-MAIN,Aisle-C,Bay-15,Level-1,01,RACK,Available,Test-Air-Freight-Company-Test-Branch,Test Air Freight Company
Site-ATN,Building-DIMI,Zone-MAIN,Aisle-C,Bay-15,Level-2,01,RACK,Available,Test-Air-Freight-Company-Test-Branch,Test Air Freight Company
Site-ATN,Building-DIMI,Zone-MAIN,Aisle-C,Bay-15,Level-3,01,RACK,Available,Test-Air-Freight-Company-Test-Branch,Test Air Freight Company
Site-ATN,Building-DIMI,Zone-MAIN,Aisle-C,Bay-15,Level-4,01,RACK,Available,Test-Air-Freight-Company-Test-Branch,Test Air Freight Company
Site-ATN,Building-DIMI,Zone-MAIN,Aisle-C,Bay-15,Level-5,01,RACK,Available,Test-Air-Freight-Company-Test-Branch,Test Air Freight Company
Site-ATN,Building-DIMI,Zone-MAIN,Aisle-C,Bay-16,Level-1,01,RACK,Available,Test-Air-Freight-Company-Test-Branch,Test Air Freight Company
Site-ATN,Building-DIMI,Zone-MAIN,Aisle-C,Bay-16,Level-2,01,RACK,Available,Test-Air-Freight-Company-Test-Branch,Test Air Freight Company
Site-ATN,Building-DIMI,Zone-MAIN,Aisle-C,Bay-16,Level-3,01,RACK,Available,Test-Air-Freight-Company-Test-Branch,Test Air Freight Company
Site-ATN,Building-DIMI,Zone-MAIN,Aisle-C,Bay-16,Level-4,01,RACK,Available,Test-Air-Freight-Company-Test-Branch,Test Air Freight Company
Site-ATN,Building-DIMI,Zone-MAIN,Aisle-C,Bay-16,Level-5,01,RACK,Available,Test-Air-Freight-Company-Test-Branch,Test Air Freight Company
Site-ATN,Building-DIMI,Zone-MAIN,Aisle-C,Bay-17,Level-1,01,RACK,Available,Test-Air-Freight-Company-Test-Branch,Test Air Freight Company
Site-ATN,Building-DIMI,Zone-MAIN,Aisle-C,Bay-17,Level-2,01,RACK,Available,Test-Air-Freight-Company-Test-Branch,Test Air Freight Company
Site-ATN,Building-DIMI,Zone-MAIN,Aisle-C,Bay-17,Level-3,01,RACK,Available,Test-Air-Freight-Company-Test-Branch,Test Air Freight Company
Site-ATN,Building-DIMI,Zone-MAIN,Aisle-C,Bay-17,Level-4,01,RACK,Available,Test-Air-Freight-Company-Test-Branch,Test Air Freight Company
Site-ATN,Building-DIMI,Zone-MAIN,Aisle-C,Bay-17,Level-5,01,RACK,Available,Test-Air-Freight-Company-Test-Branch,Test Air Freight Company
Site-ATN,Building-DIMI,Zone-MAIN,Aisle-C,Bay-18,Level-1,01,RACK,Available,Test-Air-Freight-Company-Test-Branch,Test Air Freight Company
Site-ATN,Building-DIMI,Zone-MAIN,Aisle-C,Bay-18,Level-2,01,RACK,Available,Test-Air-Freight-Company-Test-Branch,Test Air Freight Company
Site-ATN,Building-DIMI,Zone-MAIN,Aisle-C,Bay-18,Level-3,01,RACK,Available,Test-Air-Freight-Company-Test-Branch,Test Air Freight Company
Site-ATN,Building-DIMI,Zone-MAIN,Aisle-C,Bay-18,Level-4,01,RACK,Available,Test-Air-Freight-Company-Test-Branch,Test Air Freight Company
Site-ATN,Building-DIMI,Zone-MAIN,Aisle-C,Bay-18,Level-5,01,RACK,Available,Test-Air-Freight-Company-Test-Branch,Test Air Freight Company
Site-ATN,Building-DIMI,Zone-MAIN,Aisle-C,Bay-19,Level-1,01,RACK,Available,Test-Air-Freight-Company-Test-Branch,Test Air Freight Company
Site-ATN,Building-DIMI,Zone-MAIN,Aisle-C,Bay-19,Level-2,01,RACK,Available,Test-Air-Freight-Company-Test-Branch,Test Air Freight Company
Site-ATN,Building-DIMI,Zone-MAIN,Aisle-C,Bay-19,Level-3,01,RACK,Available,Test-Air-Freight-Company-Test-Branch,Test Air Freight Company
Site-ATN,Building-DIMI,Zone-MAIN,Aisle-C,Bay-19,Level-4,01,RACK,Available,Test-Air-Freight-Company-Test-Branch,Test Air Freight Company
Site-ATN,Building-DIMI,Zone-MAIN,Aisle-C,Bay-19,Level-5,01,RACK,Available,Test-Air-Freight-Company-Test-Branch,Test Air Freight Company
Site-ATN,Building-DIMI,Zone-MAIN,Aisle-C,Bay-20,Level-1,01,RACK,Available,Test-Air-Freight-Company-Test-Branch,Test Air Freight Company
Site-ATN,Building-DIMI,Zone-MAIN,Aisle-C,Bay-20,Level-2,01,RACK,Available,Test-Air-Freight-Company-Test-Branch,Test Air Freight Company
Site-ATN,Building-DIMI,Zone-MAIN,Aisle-C,Bay-20,Level-3,01,RACK,Available,Test-Air-Freight-Company-Test-Branch,Test Air Freight Company
Site-ATN,Building-DIMI,Zone-MAIN,Aisle-C,Bay-20,Level-4,01,RACK,Available,Test-Air-Freight-Company-Test-Branch,Test Air Freight Company
Site-ATN,Building-DIMI,Zone-MAIN,Aisle-C,Bay-20,Level-5,01,RACK,Available,Test-Air-Freight-Company-Test-Branch,Test Air Freight Company
Site-ATN,Building-DIMI,Zone-MAIN,Aisle-C,Bay-21,Level-1,01,RACK,Available,Test-Air-Freight-Company-Test-Branch,Test Air Freight Company
Site-ATN,Building-DIMI,Zone-MAIN,Aisle-C,Bay-21,Level-2,01,RACK,Available,Test-Air-Freight-Company-Test-Branch,Test Air Freight Company
Site-ATN,Building-DIMI,Zone-MAIN,Aisle-C,Bay-21,Level-3,01,RACK,Available,Test-Air-Freight-Company-Test-Branch,Test Air Freight Company
Site-ATN,Building-DIMI,Zone-MAIN,Aisle-C,Bay-21,Level-4,01,RACK,Available,Test-Air-Freight-Company-Test-Branch,Test Air Freight Company
Site-ATN,Building-DIMI,Zone-MAIN,Aisle-C,Bay-21,Level-5,01,RACK,Available,Test-Air-Freight-Company-Test-Branch,Test Air Freight Company
Site-ATN,Building-DIMI,Zone-MAIN,Aisle-C,Bay-22,Level-1,01,RACK,Available,Test-Air-Freight-Company-Test-Branch,Test Air Freight Company
Site-ATN,Building-DIMI,Zone-MAIN,Aisle-C,Bay-22,Level-2,01,RACK,Available,Test-Air-Freight-Company-Test-Branch,Test Air Freight Company
Site-ATN,Building-DIMI,Zone-MAIN,Aisle-C,Bay-22,Level-3,01,RACK,Available,Test-Air-Freight-Company-Test-Branch,Test Air Freight Company
Site-ATN,Building-DIMI,Zone-MAIN,Aisle-C,Bay-22,Level-4,01,RACK,Available,Test-Air-Freight-Company-Test-Branch,Test Air Freight Company
Site-ATN,Building-DIMI,Zone-MAIN,Aisle-C,Bay-22,Level-5,01,RACK,Available,Test-Air-Freight-Company-Test-Branch,Test Air Freight Company
Site-ATN,Building-DIMI,Zone-MAIN,Aisle-C,Bay-23,Level-1,01,RACK,Available,Test-Air-Freight-Company-Test-Branch,Test Air Freight Company
Site-ATN,Building-DIMI,Zone-MAIN,Aisle-C,Bay-23,Level-2,01,RACK,Available,Test-Air-Freight-Company-Test-Branch,Test Air Freight Company
Site-ATN,Building-DIMI,Zone-MAIN,Aisle-C,Bay-23,Level-3,01,RACK,Available,Test-Air-Freight-Company-Test-Branch,Test Air Freight Company
Site-ATN,Building-DIMI,Zone-MAIN,Aisle-C,Bay-23,Level-4,01,RACK,Available,Test-Air-Freight-Company-Test-Branch,Test Air Freight Company
Site-ATN,Building-DIMI,Zone-MAIN,Aisle-C,Bay-23,Level-5,01,RACK,Available,Test-Air-Freight-Company-Test-Branch,Test Air Freight Company
Site-ATN,Building-DIMI,Zone-MAIN,Aisle-C,Bay-24,Level-1,01,RACK,Available,Test-Air-Freight-Company-Test-Branch,Test Air Freight Company
Site-ATN,Building-DIMI,Zone-MAIN,Aisle-C,Bay-24,Level-2,01,RACK,Available,Test-Air-Freight-Company-Test-Branch,Test Air Freight Company
Site-ATN,Building-DIMI,Zone-MAIN,Aisle-C,Bay-24,Level-3,01,RACK,Available,Test-Air-Freight-Company-Test-Branch,Test Air Freight Company
Site-ATN,Building-DIMI,Zone-MAIN,Aisle-C,Bay-24,Level-4,01,RACK,Available,Test-Air-Freight-Company-Test-Branch,Test Air Freight Company
Site-ATN,Building-DIMI,Zone-MAIN,Aisle-C,Bay-24,Level-5,01,RACK,Available,Test-Air-Freight-Company-Test-Branch,Test Air Freight Company
Site-ATN,Building-DIMI,Zone-MAIN,Aisle-C,Bay-25,Level-1,01,RACK,Available,Test-Air-Freight-Company-Test-Branch,Test Air Freight Company
Site-ATN,Building-DIMI,Zone-MAIN,Aisle-C,Bay-25,Level-2,01,RACK,Available,Test-Air-Freight-Company-Test-Branch,Test Air Freight Company
Site-ATN,Building-DIMI,Zone-MAIN,Aisle-C,Bay-25,Level-3,01,RACK,Available,Test-Air-Freight-Company-Test-Branch,Test Air Freight Company
Site-ATN,Building-DIMI,Zone-MAIN,Aisle-C,Bay-25,Level-4,01,RACK,Available,Test-Air-Freight-Company-Test-Branch,Test Air Freight Company
Site-ATN,Building-DIMI,Zone-MAIN,Aisle-C,Bay-25,Level-5,01,RACK,Available,Test-Air-Freight-Company-Test-Branch,Test Air Freight Company
Site-ATN,Building-DIMI,Zone-MAIN,Aisle-C,Bay-26,Level-1,01,RACK,Available,Test-Air-Freight-Company-Test-Branch,Test Air Freight Company
Site-ATN,Building-DIMI,Zone-MAIN,Aisle-C,Bay-26,Level-2,01,RACK,Available,Test-Air-Freight-Company-Test-Branch,Test Air Freight Company
Site-ATN,Building-DIMI,Zone-MAIN,Aisle-C,Bay-26,Level-3,01,RACK,Available,Test-Air-Freight-Company-Test-Branch,Test Air Freight Company
Site-ATN,Building-DIMI,Zone-MAIN,Aisle-C,Bay-26,Level-4,01,RACK,Available,Test-Air-Freight-Company-Test-Branch,Test Air Freight Company
Site-ATN,Building-DIMI,Zone-MAIN,Aisle-C,Bay-26,Level-5,01,RACK,Available,Test-Air-Freight-Company-Test-Branch,Test Air Freight Company
Site-ATN,Building-DIMI,Zone-MAIN,Aisle-C,Bay-27,Level-1,01,RACK,Available,Test-Air-Freight-Company-Test-Branch,Test Air Freight Company
Site-ATN,Building-DIMI,Zone-MAIN,Aisle-C,Bay-27,Level-2,01,RACK,Available,Test-Air-Freight-Company-Test-Branch,Test Air Freight Company
Site-ATN,Building-DIMI,Zone-MAIN,Aisle-C,Bay-27,Level-3,01,RACK,Available,Test-Air-Freight-Company-Test-Branch,Test Air Freight Company
Site-ATN,Building-DIMI,Zone-MAIN,Aisle-C,Bay-27,Level-4,01,RACK,Available,Test-Air-Freight-Company-Test-Branch,Test Air Freight Company
Site-ATN,Building-DIMI,Zone-MAIN,Aisle-C,Bay-27,Level-5,01,RACK,Available,Test-Air-Freight-Company-Test-Branch,Test Air Freight Company
Site-ATN,Building-DIMI,Zone-MAIN,Aisle-C,Bay-28,Level-1,01,RACK,Available,Test-Air-Freight-Company-Test-Branch,Test Air Freight Company
Site-ATN,Building-DIMI,Zone-MAIN,Aisle-C,Bay-28,Level-2,01,RACK,Available,Test-Air-Freight-Company-Test-Branch,Test Air Freight Company
Site-ATN,Building-DIMI,Zone-MAIN,Aisle-C,Bay-28,Level-3,01,RACK,Available,Test-Air-Freight-Company-Test-Branch,Test Air Freight Company
Site-ATN,Building-DIMI,Zone-MAIN,Aisle-C,Bay-28,Level-4,01,RACK,Available,Test-Air-Freight-Company-Test-Branch,Test Air Freight Company
Site-ATN,Building-DIMI,Zone-MAIN,Aisle-C,Bay-28,Level-5,01,RACK,Available,Test-Air-Freight-Company-Test-Branch,Test Air Freight Company
Site-ATN,Building-DIMI,Zone-MAIN,Aisle-C,Bay-29,Level-1,01,RACK,Available,Test-Air-Freight-Company-Test-Branch,Test Air Freight Company
Site-ATN,Building-DIMI,Zone-MAIN,Aisle-C,Bay-29,Level-2,01,RACK,Available,Test-Air-Freight-Company-Test-Branch,Test Air Freight Company
Site-ATN,Building-DIMI,Zone-MAIN,Aisle-C,Bay-29,Level-3,01,RACK,Available,Test-Air-Freight-Company-Test-Branch,Test Air Freight Company
Site-ATN,Building-DIMI,Zone-MAIN,Aisle-C,Bay-29,Level-4,01,RACK,Available,Test-Air-Freight-Company-Test-Branch,Test Air Freight Company
Site-ATN,Building-DIMI,Zone-MAIN,Aisle-C,Bay-29,Level-5,01,RACK,Available,Test-Air-Freight-Company-Test-Branch,Test Air Freight Company
Site-ATN,Building-DIMI,Zone-MAIN,Aisle-C,Bay-30,Level-1,01,RACK,Available,Test-Air-Freight-Company-Test-Branch,Test Air Freight Company
Site-ATN,Building-DIMI,Zone-MAIN,Aisle-C,Bay-30,Level-2,01,RACK,Available,Test-Air-Freight-Company-Test-Branch,Test Air Freight Company
Site-ATN,Building-DIMI,Zone-MAIN,Aisle-C,Bay-30,Level-3,01,RACK,Available,Test-Air-Freight-Company-Test-Branch,Test Air Freight Company
Site-ATN,Building-DIMI,Zone-MAIN,Aisle-C,Bay-30,Level-4,01,RACK,Available,Test-Air-Freight-Company-Test-Branch,Test Air Freight Company
Site-ATN,Building-DIMI,Zone-MAIN,Aisle-C,Bay-30,Level-5,01,RACK,Available,Test-Air-Freight-Company-Test-Branch,Test Air Freight Company
Site-ATN,Building-DIMI,Zone-MAIN,Aisle-C,Bay-31,Level-1,01,RACK,Available,Test-Air-Freight-Company-Test-Branch,Test Air Freight Company
Site-ATN,Building-DIMI,Zone-MAIN,Aisle-C,Bay-31,Level-2,01,RACK,Available,Test-Air-Freight-Company-Test-Branch,Test Air Freight Company
Site-ATN,Building-DIMI,Zone-MAIN,Aisle-C,Bay-31,Level-3,01,RACK,Available,Test-Air-Freight-Company-Test-Branch,Test Air Freight Company
Site-ATN,Building-DIMI,Zone-MAIN,Aisle-C,Bay-31,Level-4,01,RACK,Available,Test-Air-Freight-Company-Test-Branch,Test Air Freight Company
Site-ATN,Building-DIMI,Zone-MAIN,Aisle-C,Bay-31,Level-5,01,RACK,Available,Test-Air-Freight-Company-Test-Branch,Test Air Freight Company
Site-ATN,Building-DIMI,Zone-MAIN,Aisle-C,Bay-32,Level-1,01,RACK,Available,Test-Air-Freight-Company-Test-Branch,Test Air Freight Company
Site-ATN,Building-DIMI,Zone-MAIN,Aisle-C,Bay-32,Level-2,01,RACK,Available,Test-Air-Freight-Company-Test-Branch,Test Air Freight Company
Site-ATN,Building-DIMI,Zone-MAIN,Aisle-C,Bay-32,Level-3,01,RACK,Available,Test-Air-Freight-Company-Test-Branch,Test Air Freight Company
Site-ATN,Building-DIMI,Zone-MAIN,Aisle-C,Bay-32,Level-4,01,RACK,Available,Test-Air-Freight-Company-Test-Branch,Test Air Freight Company
Site-ATN,Building-DIMI,Zone-MAIN,Aisle-C,Bay-32,Level-5,01,RACK,Available,Test-Air-Freight-Company-Test-Branch,Test Air Freight Company
Site-ATN,Building-DIMI,Zone-MAIN,Aisle-C,Bay-33,Level-1,01,RACK,Available,Test-Air-Freight-Company-Test-Branch,Test Air Freight Company
Site-ATN,Building-DIMI,Zone-MAIN,Aisle-C,Bay-33,Level-2,01,RACK,Available,Test-Air-Freight-Company-Test-Branch,Test Air Freight Company
Site-ATN,Building-DIMI,Zone-MAIN,Aisle-C,Bay-33,Level-3,01,RACK,Available,Test-Air-Freight-Company-Test-Branch,Test Air Freight Company
Site-ATN,Building-DIMI,Zone-MAIN,Aisle-C,Bay-33,Level-4,01,RACK,Available,Test-Air-Freight-Company-Test-Branch,Test Air Freight Company
Site-ATN,Building-DIMI,Zone-MAIN,Aisle-C,Bay-33,Level-5,01,RACK,Available,Test-Air-Freight-Company-Test-Branch,Test Air Freight Company
Site-ATN,Building-DIMI,Zone-MAIN,Aisle-C,Bay-34,Level-1,01,RACK,Available,Test-Air-Freight-Company-Test-Branch,Test Air Freight Company
Site-ATN,Building-DIMI,Zone-MAIN,Aisle-C,Bay-34,Level-2,01,RACK,Available,Test-Air-Freight-Company-Test-Branch,Test Air Freight Company
Site-ATN,Building-DIMI,Zone-MAIN,Aisle-C,Bay-34,Level-3,01,RACK,Available,Test-Air-Freight-Company-Test-Branch,Test Air Freight Company
Site-ATN,Building-DIMI,Zone-MAIN,Aisle-C,Bay-34,Level-4,01,RACK,Available,Test-Air-Freight-Company-Test-Branch,Test Air Freight Company
Site-ATN,Building-DIMI,Zone-MAIN,Aisle-C,Bay-34,Level-5,01,RACK,Available,Test-Air-Freight-Company-Test-Branch,Test Air Freight Company
Site-ATN,Building-DIMI,Zone-MAIN,Aisle-C,Bay-35,Level-1,01,RACK,Available,Test-Air-Freight-Company-Test-Branch,Test Air Freight Company
Site-ATN,Building-DIMI,Zone-MAIN,Aisle-C,Bay-35,Level-2,01,RACK,Available,Test-Air-Freight-Company-Test-Branch,Test Air Freight Company
Site-ATN,Building-DIMI,Zone-MAIN,Aisle-C,Bay-35,Level-3,01,RACK,Available,Test-Air-Freight-Company-Test-Branch,Test Air Freight Company
Site-ATN,Building-DIMI,Zone-MAIN,Aisle-C,Bay-35,Level-4,01,RACK,Available,Test-Air-Freight-Company-Test-Branch,Test Air Freight Company
Site-ATN,Building-DIMI,Zone-MAIN,Aisle-C,Bay-35,Level-5,01,RACK,Available,Test-Air-Freight-Company-Test-Branch,Test Air Freight Company
Site-ATN,Building-DIMI,Zone-MAIN,Aisle-C,Bay-36,Level-1,01,RACK,Available,Test-Air-Freight-Company-Test-Branch,Test Air Freight Company
Site-ATN,Building-DIMI,Zone-MAIN,Aisle-C,Bay-36,Level-2,01,RACK,Available,Test-Air-Freight-Company-Test-Branch,Test Air Freight Company
Site-ATN,Building-DIMI,Zone-MAIN,Aisle-C,Bay-36,Level-3,01,RACK,Available,Test-Air-Freight-Company-Test-Branch,Test Air Freight Company
Site-ATN,Building-DIMI,Zone-MAIN,Aisle-C,Bay-36,Level-4,01,RACK,Available,Test-Air-Freight-Company-Test-Branch,Test Air Freight Company
Site-ATN,Building-DIMI,Zone-MAIN,Aisle-C,Bay-36,Level-5,01,RACK,Available,Test-Air-Freight-Company-Test-Branch,Test Air Freight Company
Site-ATN,Building-DIMI,Zone-MAIN,Aisle-C,Bay-37,Level-1,01,RACK,Available,Test-Air-Freight-Company-Test-Branch,Test Air Freight Company
Site-ATN,Building-DIMI,Zone-MAIN,Aisle-C,Bay-37,Level-2,01,RACK,Available,Test-Air-Freight-Company-Test-Branch,Test Air Freight Company
Site-ATN,Building-DIMI,Zone-MAIN,Aisle-C,Bay-37,Level-3,01,RACK,Available,Test-Air-Freight-Company-Test-Branch,Test Air Freight Company
Site-ATN,Building-DIMI,Zone-MAIN,Aisle-C,Bay-37,Level-4,01,RACK,Available,Test-Air-Freight-Company-Test-Branch,Test Air Freight Company
Site-ATN,Building-DIMI,Zone-MAIN,Aisle-C,Bay-37,Level-5,01,RACK,Available,Test-Air-Freight-Company-Test-Branch,Test Air Freight Company
Site-ATN,Building-DIMI,Zone-MAIN,Aisle-C,Bay-38,Level-1,01,RACK,Available,Test-Air-Freight-Company-Test-Branch,Test Air Freight Company
Site-ATN,Building-DIMI,Zone-MAIN,Aisle-C,Bay-38,Level-2,01,RACK,Available,Test-Air-Freight-Company-Test-Branch,Test Air Freight Company
Site-ATN,Building-DIMI,Zone-MAIN,Aisle-C,Bay-38,Level-3,01,RACK,Available,Test-Air-Freight-Company-Test-Branch,Test Air Freight Company
Site-ATN,Building-DIMI,Zone-MAIN,Aisle-C,Bay-38,Level-4,01,RACK,Available,Test-Air-Freight-Company-Test-Branch,Test Air Freight Company
Site-ATN,Building-DIMI,Zone-MAIN,Aisle-C,Bay-38,Level-5,01,RACK,Available,Test-Air-Freight-Company-Test-Branch,Test Air Freight Company
Site-ATN,Building-DIMI,Zone-MAIN,Aisle-C,Bay-39,Level-1,01,RACK,Available,Test-Air-Freight-Company-Test-Branch,Test Air Freight Company
Site-ATN,Building-DIMI,Zone-MAIN,Aisle-C,Bay-39,Level-2,01,RACK,Available,Test-Air-Freight-Company-Test-Branch,Test Air Freight Company
Site-ATN,Building-DIMI,Zone-MAIN,Aisle-C,Bay-39,Level-3,01,RACK,Available,Test-Air-Freight-Company-Test-Branch,Test Air Freight Company
Site-ATN,Building-DIMI,Zone-MAIN,Aisle-C,Bay-39,Level-4,01,RACK,Available,Test-Air-Freight-Company-Test-Branch,Test Air Freight Company
Site-ATN,Building-DIMI,Zone-MAIN,Aisle-C,Bay-39,Level-5,01,RACK,Available,Test-Air-Freight-Company-Test-Branch,Test Air Freight Company
Site-ATN,Building-DIMI,Zone-MAIN,Aisle-C,Bay-40,Level-1,01,RACK,Available,Test-Air-Freight-Company-Test-Branch,Test Air Freight Company
Site-ATN,Building-DIMI,Zone-MAIN,Aisle-C,Bay-40,Level-2,01,RACK,Available,Test-Air-Freight-Company-Test-Branch,Test Air Freight Company
Site-ATN,Building-DIMI,Zone-MAIN,Aisle-C,Bay-40,Level-3,01,RACK,Available,Test-Air-Freight-Company-Test-Branch,Test Air Freight Company
Site-ATN,Building-DIMI,Zone-MAIN,Aisle-C,Bay-40,Level-4,01,RACK,Available,Test-Air-Freight-Company-Test-Branch,Test Air Freight Company
Site-ATN,Building-DIMI,Zone-MAIN,Aisle-C,Bay-40,Level-5,01,RACK,Available,Test-Air-Freight-Company-Test-Branch,Test Air Freight Company
Site-ATN,Building-DIMI,Zone-MAIN,Aisle-C,Bay-41,Level-1,01,RACK,Available,Test-Air-Freight-Company-Test-Branch,Test Air Freight Company
Site-ATN,Building-DIMI,Zone-MAIN,Aisle-C,Bay-41,Level-2,01,RACK,Available,Test-Air-Freight-Company-Test-Branch,Test Air Freight Company
Site-ATN,Building-DIMI,Zone-MAIN,Aisle-C,Bay-41,Level-3,01,RACK,Available,Test-Air-Freight-Company-Test-Branch,Test Air Freight Company
Site-ATN,Building-DIMI,Zone-MAIN,Aisle-C,Bay-41,Level-4,01,RACK,Available,Test-Air-Freight-Company-Test-Branch,Test Air Freight Company
Site-ATN,Building-DIMI,Zone-MAIN,Aisle-C,Bay-41,Level-5,01,RACK,Available,Test-Air-Freight-Company-Test-Branch,Test Air Freight Company
Site-ATN,Building-DIMI,Zone-MAIN,Aisle-C,Bay-42,Level-1,01,RACK,Available,Test-Air-Freight-Company-Test-Branch,Test Air Freight Company
Site-ATN,Building-DIMI,Zone-MAIN,Aisle-C,Bay-42,Level-2,01,RACK,Available,Test-Air-Freight-Company-Test-Branch,Test Air Freight Company
Site-ATN,Building-DIMI,Zone-MAIN,Aisle-C,Bay-42,Level-3,01,RACK,Available,Test-Air-Freight-Company-Test-Branch,Test Air Freight Company
Site-ATN,Building-DIMI,Zone-MAIN,Aisle-C,Bay-42,Level-4,01,RACK,Available,Test-Air-Freight-Company-Test-Branch,Test Air Freight Company
Site-ATN,Building-DIMI,Zone-MAIN,Aisle-C,Bay-42,Level-5,01,RACK,Available,Test-Air-Freight-Company-Test-Branch,Test Air Freight Company
Site-ATN,Building-DIMI,Zone-MAIN,Aisle-C,Bay-43,Level-1,01,RACK,Available,Test-Air-Freight-Company-Test-Branch,Test Air Freight Company
Site-ATN,Building-DIMI,Zone-MAIN,Aisle-C,Bay-43,Level-2,01,RACK,Available,Test-Air-Freight-Company-Test-Branch,Test Air Freight Company
Site-ATN,Building-DIMI,Zone-MAIN,Aisle-C,Bay-43,Level-3,01,RACK,Available,Test-Air-Freight-Company-Test-Branch,Test Air Freight Company
Site-ATN,Building-DIMI,Zone-MAIN,Aisle-C,Bay-43,Level-4,01,RACK,Available,Test-Air-Freight-Company-Test-Branch,Test Air Freight Company
Site-ATN,Building-DIMI,Zone-MAIN,Aisle-C,Bay-43,Level-5,01,RACK,Available,Test-Air-Freight-Company-Test-Branch,Test Air Freight Company
Site-ATN,Building-DIMI,Zone-MAIN,Aisle-C,Bay-44,Level-1,01,RACK,Available,Test-Air-Freight-Company-Test-Branch,Test Air Freight Company
Site-ATN,Building-DIMI,Zone-MAIN,Aisle-C,Bay-44,Level-2,01,RACK,Available,Test-Air-Freight-Company-Test-Branch,Test Air Freight Company
Site-ATN,Building-DIMI,Zone-MAIN,Aisle-C,Bay-44,Level-3,01,RACK,Available,Test-Air-Freight-Company-Test-Branch,Test Air Freight Company
Site-ATN,Building-DIMI,Zone-MAIN,Aisle-C,Bay-44,Level-4,01,RACK,Available,Test-Air-Freight-Company-Test-Branch,Test Air Freight Company
Site-ATN,Building-DIMI,Zone-MAIN,Aisle-C,Bay-44,Level-5,01,RACK,Available,Test-Air-Freight-Company-Test-Branch,Test Air Freight Company
Site-ATN,Building-DIMI,Zone-MAIN,Aisle-C,Bay-45,Level-1,01,RACK,Available,Test-Air-Freight-Company-Test-Branch,Test Air Freight Company
Site-ATN,Building-DIMI,Zone-MAIN,Aisle-C,Bay-45,Level-2,01,RACK,Available,Test-Air-Freight-Company-Test-Branch,Test Air Freight Company
Site-ATN,Building-DIMI,Zone-MAIN,Aisle-C,Bay-45,Level-3,01,RACK,Available,Test-Air-Freight-Company-Test-Branch,Test Air Freight Company
Site-ATN,Building-DIMI,Zone-MAIN,Aisle-C,Bay-45,Level-4,01,RACK,Available,Test-Air-Freight-Company-Test-Branch,Test Air Freight Company
Site-ATN,Building-DIMI,Zone-MAIN,Aisle-C,Bay-45,Level-5,01,RACK,Available,Test-Air-Freight-Company-Test-Branch,Test Air Freight Company
Site-ATN,Building-DIMI,Zone-MAIN,Aisle-C,Bay-46,Level-1,01,RACK,Available,Test-Air-Freight-Company-Test-Branch,Test Air Freight Company
Site-ATN,Building-DIMI,Zone-MAIN,Aisle-C,Bay-46,Level-2,01,RACK,Available,Test-Air-Freight-Company-Test-Branch,Test Air Freight Company
Site-ATN,Building-DIMI,Zone-MAIN,Aisle-C,Bay-46,Level-3,01,RACK,Available,Test-Air-Freight-Company-Test-Branch,Test Air Freight Company
Site-ATN,Building-DIMI,Zone-MAIN,Aisle-C,Bay-46,Level-4,01,RACK,Available,Test-Air-Freight-Company-Test-Branch,Test Air Freight Company
Site-ATN,Building-DIMI,Zone-MAIN,Aisle-C,Bay-46,Level-5,01,RACK,Available,Test-Air-Freight-Company-Test-Branch,Test Air Freight Company
Site-ATN,Building-DIMI,Zone-MAIN,Aisle-C,Bay-47,Level-1,01,RACK,Available,Test-Air-Freight-Company-Test-Branch,Test Air Freight Company
Site-ATN,Building-DIMI,Zone-MAIN,Aisle-C,Bay-47,Level-2,01,RACK,Available,Test-Air-Freight-Company-Test-Branch,Test Air Freight Company
Site-ATN,Building-DIMI,Zone-MAIN,Aisle-C,Bay-47,Level-3,01,RACK,Available,Test-Air-Freight-Company-Test-Branch,Test Air Freight Company
Site-ATN,Building-DIMI,Zone-MAIN,Aisle-C,Bay-47,Level-4,01,RACK,Available,Test-Air-Freight-Company-Test-Branch,Test Air Freight Company
Site-ATN,Building-DIMI,Zone-MAIN,Aisle-C,Bay-47,Level-5,01,RACK,Available,Test-Air-Freight-Company-Test-Branch,Test Air Freight Company
Site-ATN,Building-DIMI,Zone-MAIN,Aisle-C,Bay-48,Level-1,01,RACK,Available,Test-Air-Freight-Company-Test-Branch,Test Air Freight Company
Site-ATN,Building-DIMI,Zone-MAIN,Aisle-C,Bay-48,Level-2,01,RACK,Available,Test-Air-Freight-Company-Test-Branch,Test Air Freight Company
Site-ATN,Building-DIMI,Zone-MAIN,Aisle-C,Bay-48,Level-3,01,RACK,Available,Test-Air-Freight-Company-Test-Branch,Test Air Freight Company
Site-ATN,Building-DIMI,Zone-MAIN,Aisle-C,Bay-48,Level-4,01,RACK,Available,Test-Air-Freight-Company-Test-Branch,Test Air Freight Company
Site-ATN,Building-DIMI,Zone-MAIN,Aisle-C,Bay-48,Level-5,01,RACK,Available,Test-Air-Freight-Company-Test-Branch,Test Air Freight Company
Site-ATN,Building-DIMI,Zone-MAIN,Aisle-C,Bay-49,Level-1,01,RACK,Available,Test-Air-Freight-Company-Test-Branch,Test Air Freight Company
Site-ATN,Building-DIMI,Zone-MAIN,Aisle-C,Bay-49,Level-2,01,RACK,Available,Test-Air-Freight-Company-Test-Branch,Test Air Freight Company
Site-ATN,Building-DIMI,Zone-MAIN,Aisle-C,Bay-49,Level-3,01,RACK,Available,Test-Air-Freight-Company-Test-Branch,Test Air Freight Company
Site-ATN,Building-DIMI,Zone-MAIN,Aisle-C,Bay-49,Level-4,01,RACK,Available,Test-Air-Freight-Company-Test-Branch,Test Air Freight Company
Site-ATN,Building-DIMI,Zone-MAIN,Aisle-C,Bay-49,Level-5,01,RACK,Available,Test-Air-Freight-Company-Test-Branch,Test Air Freight Company
Site-ATN,Building-DIMI,Zone-MAIN,Aisle-C,Bay-50,Level-1,01,RACK,Available,Test-Air-Freight-Company-Test-Branch,Test Air Freight Company
Site-ATN,Building-DIMI,Zone-MAIN,Aisle-C,Bay-50,Level-2,01,RACK,Available,Test-Air-Freight-Company-Test-Branch,Test Air Freight Company
Site-ATN,Building-DIMI,Zone-MAIN,Aisle-C,Bay-50,Level-3,01,RACK,Available,Test-Air-Freight-Company-Test-Branch,Test Air Freight Company
Site-ATN,Building-DIMI,Zone-MAIN,Aisle-C,Bay-50,Level-4,01,RACK,Available,Test-Air-Freight-Company-Test-Branch,Test Air Freight Company
Site-ATN,Building-DIMI,Zone-MAIN,Aisle-C,Bay-50,Level-5,01,RACK,Available,Test-Air-Freight-Company-Test-Branch,Test Air Freight Company
Site-ATN,Building-DIMI,Zone-MAIN,Aisle-C,Bay-51,Level-1,01,RACK,Available,Test-Air-Freight-Company-Test-Branch,Test Air Freight Company
Site-ATN,Building-DIMI,Zone-MAIN,Aisle-C,Bay-51,Level-2,01,RACK,Available,Test-Air-Freight-Company-Test-Branch,Test Air Freight Company
Site-ATN,Building-DIMI,Zone-MAIN,Aisle-C,Bay-51,Level-3,01,RACK,Available,Test-Air-Freight-Company-Test-Branch,Test Air Freight Company
Site-ATN,Building-DIMI,Zone-MAIN,Aisle-C,Bay-51,Level-4,01,RACK,Available,Test-Air-Freight-Company-Test-Branch,Test Air Freight Company
Site-ATN,Building-DIMI,Zone-MAIN,Aisle-C,Bay-51,Level-5,01,RACK,Available,Test-Air-Freight-Company-Test-Branch,Test Air Freight Company
Site-ATN,Building-DIMI,Zone-MAIN,Aisle-C,Bay-52,Level-1,01,RACK,Available,Test-Air-Freight-Company-Test-Branch,Test Air Freight Company
Site-ATN,Building-DIMI,Zone-MAIN,Aisle-C,Bay-52,Level-2,01,RACK,Available,Test-Air-Freight-Company-Test-Branch,Test Air Freight Company
Site-ATN,Building-DIMI,Zone-MAIN,Aisle-C,Bay-52,Level-3,01,RACK,Available,Test-Air-Freight-Company-Test-Branch,Test Air Freight Company
Site-ATN,Building-DIMI,Zone-MAIN,Aisle-C,Bay-52,Level-4,01,RACK,Available,Test-Air-Freight-Company-Test-Branch,Test Air Freight Company
Site-ATN,Building-DIMI,Zone-MAIN,Aisle-C,Bay-52,Level-5,01,RACK,Available,Test-Air-Freight-Company-Test-Branch,Test Air Freight Company
Site-ATN,Building-DIMI,Zone-MAIN,Aisle-C,Bay-53,Level-1,01,RACK,Available,Test-Air-Freight-Company-Test-Branch,Test Air Freight Company
Site-ATN,Building-DIMI,Zone-MAIN,Aisle-C,Bay-53,Level-2,01,RACK,Available,Test-Air-Freight-Company-Test-Branch,Test Air Freight Company
Site-ATN,Building-DIMI,Zone-MAIN,Aisle-C,Bay-53,Level-3,01,RACK,Available,Test-Air-Freight-Company-Test-Branch,Test Air Freight Company
Site-ATN,Building-DIMI,Zone-MAIN,Aisle-C,Bay-53,Level-4,01,RACK,Available,Test-Air-Freight-Company-Test-Branch,Test Air Freight Company
Site-ATN,Building-DIMI,Zone-MAIN,Aisle-C,Bay-53,Level-5,01,RACK,Available,Test-Air-Freight-Company-Test-Branch,Test Air Freight Company
Site-ATN,Building-DIMI,Zone-MAIN,Aisle-C,Bay-54,Level-1,01,RACK,Available,Test-Air-Freight-Company-Test-Branch,Test Air Freight Company
Site-ATN,Building-DIMI,Zone-MAIN,Aisle-C,Bay-54,Level-2,01,RACK,Available,Test-Air-Freight-Company-Test-Branch,Test Air Freight Company
Site-ATN,Building-DIMI,Zone-MAIN,Aisle-C,Bay-54,Level-3,01,RACK,Available,Test-Air-Freight-Company-Test-Branch,Test Air Freight Company
Site-ATN,Building-DIMI,Zone-MAIN,Aisle-C,Bay-54,Level-4,01,RACK,Available,Test-Air-Freight-Company-Test-Branch,Test Air Freight Company
Site-ATN,Building-DIMI,Zone-MAIN,Aisle-C,Bay-54,Level-5,01,RACK,Available,Test-Air-Freight-Company-Test-Branch,Test Air Freight Company
Site-ATN,Building-DIMI,Zone-MAIN,Aisle-C,Bay-55,Level-1,01,RACK,Available,Test-Air-Freight-Company-Test-Branch,Test Air Freight Company
Site-ATN,Building-DIMI,Zone-MAIN,Aisle-C,Bay-55,Level-2,01,RACK,Available,Test-Air-Freight-Company-Test-Branch,Test Air Freight Company
Site-ATN,Building-DIMI,Zone-MAIN,Aisle-C,Bay-55,Level-3,01,RACK,Available,Test-Air-Freight-Company-Test-Branch,Test Air Freight Company
Site-ATN,Building-DIMI,Zone-MAIN,Aisle-C,Bay-55,Level-4,01,RACK,Available,Test-Air-Freight-Company-Test-Branch,Test Air Freight Company
Site-ATN,Building-DIMI,Zone-MAIN,Aisle-C,Bay-55,Level-5,01,RACK,Available,Test-Air-Freight-Company-Test-Branch,Test Air Freight Company
Site-ATN,Building-DIMI,Zone-MAIN,Aisle-C,Bay-56,Level-1,01,RACK,Available,Test-Air-Freight-Company-Test-Branch,Test Air Freight Company
Site-ATN,Building-DIMI,Zone-MAIN,Aisle-C,Bay-56,Level-2,01,RACK,Available,Test-Air-Freight-Company-Test-Branch,Test Air Freight Company
Site-ATN,Building-DIMI,Zone-MAIN,Aisle-C,Bay-56,Level-3,01,RACK,Available,Test-Air-Freight-Company-Test-Branch,Test Air Freight Company
Site-ATN,Building-DIMI,Zone-MAIN,Aisle-C,Bay-56,Level-4,01,RACK,Available,Test-Air-Freight-Company-Test-Branch,Test Air Freight Company
Site-ATN,Building-DIMI,Zone-MAIN,Aisle-C,Bay-56,Level-5,01,RACK,Available,Test-Air-Freight-Company-Test-Branch,Test Air Freight Company
Site-ATN,Building-DIMI,Zone-MAIN,Aisle-C,Bay-57,Level-1,01,RACK,Available,Test-Air-Freight-Company-Test-Branch,Test Air Freight Company
Site-ATN,Building-DIMI,Zone-MAIN,Aisle-C,Bay-57,Level-2,01,RACK,Available,Test-Air-Freight-Company-Test-Branch,Test Air Freight Company
Site-ATN,Building-DIMI,Zone-MAIN,Aisle-C,Bay-57,Level-3,01,RACK,Available,Test-Air-Freight-Company-Test-Branch,Test Air Freight Company
Site-ATN,Building-DIMI,Zone-MAIN,Aisle-C,Bay-57,Level-4,01,RACK,Available,Test-Air-Freight-Company-Test-Branch,Test Air Freight Company
Site-ATN,Building-DIMI,Zone-MAIN,Aisle-C,Bay-57,Level-5,01,RACK,Available,Test-Air-Freight-Company-Test-Branch,Test Air Freight Company
Site-ATN,Building-DIMI,Zone-MAIN,Aisle-C,Bay-58,Level-1,01,RACK,Available,Test-Air-Freight-Company-Test-Branch,Test Air Freight Company
Site-ATN,Building-DIMI,Zone-MAIN,Aisle-C,Bay-58,Level-2,01,RACK,Available,Test-Air-Freight-Company-Test-Branch,Test Air Freight Company
Site-ATN,Building-DIMI,Zone-MAIN,Aisle-C,Bay-58,Level-3,01,RACK,Available,Test-Air-Freight-Company-Test-Branch,Test Air Freight Company
Site-ATN,Building-DIMI,Zone-MAIN,Aisle-C,Bay-58,Level-4,01,RACK,Available,Test-Air-Freight-Company-Test-Branch,Test Air Freight Company
Site-ATN,Building-DIMI,Zone-MAIN,Aisle-C,Bay-58,Level-5,01,RACK,Available,Test-Air-Freight-Company-Test-Branch,Test Air Freight Company
Site-ATN,Building-DIMI,Zone-MAIN,Aisle-C,Bay-59,Level-1,01,RACK,Available,Test-Air-Freight-Company-Test-Branch,Test Air Freight Company
Site-ATN,Building-DIMI,Zone-MAIN,Aisle-C,Bay-59,Level-2,01,RACK,Available,Test-Air-Freight-Company-Test-Branch,Test Air Freight Company
Site-ATN,Building-DIMI,Zone-MAIN,Aisle-C,Bay-59,Level-3,01,RACK,Available,Test-Air-Freight-Company-Test-Branch,Test Air Freight Company
Site-ATN,Building-DIMI,Zone-MAIN,Aisle-C,Bay-59,Level-4,01,RACK,Available,Test-Air-Freight-Company-Test-Branch,Test Air Freight Company
Site-ATN,Building-DIMI,Zone-MAIN,Aisle-C,Bay-59,Level-5,01,RACK,Available,Test-Air-Freight-Company-Test-Branch,Test Air Freight Company
Site-ATN,Building-DIMI,Zone-MAIN,Aisle-C,Bay-60,Level-1,01,RACK,Available,Test-Air-Freight-Company-Test-Branch,Test Air Freight Company
Site-ATN,Building-DIMI,Zone-MAIN,Aisle-C,Bay-60,Level-2,01,RACK,Available,Test-Air-Freight-Company-Test-Branch,Test Air Freight Company
Site-ATN,Building-DIMI,Zone-MAIN,Aisle-C,Bay-60,Level-3,01,RACK,Available,Test-Air-Freight-Company-Test-Branch,Test Air Freight Company
Site-ATN,Building-DIMI,Zone-MAIN,Aisle-C,Bay-60,Level-4,01,RACK,Available,Test-Air-Freight-Company-Test-Branch,Test Air Freight Company
Site-ATN,Building-DIMI,Zone-MAIN,Aisle-C,Bay-60,Level-5,01,RACK,Available,Test-Air-Freight-Company-Test-Branch,Test Air Freight Company
Site-ATN,Building-DIMI,Zone-MAIN,Aisle-C,Bay-61,Level-1,01,RACK,Available,Test-Air-Freight-Company-Test-Branch,Test Air Freight Company
Site-ATN,Building-DIMI,Zone-MAIN,Aisle-C,Bay-61,Level-2,01,RACK,Available,Test-Air-Freight-Company-Test-Branch,Test Air Freight Company
Site-ATN,Building-DIMI,Zone-MAIN,Aisle-C,Bay-61,Level-3,01,RACK,Available,Test-Air-Freight-Company-Test-Branch,Test Air Freight Company
Site-ATN,Building-DIMI,Zone-MAIN,Aisle-C,Bay-61,Level-4,01,RACK,Available,Test-Air-Freight-Company-Test-Branch,Test Air Freight Company
Site-ATN,Building-DIMI,Zone-MAIN,Aisle-C,Bay-61,Level-5,01,RACK,Available,Test-Air-Freight-Company-Test-Branch,Test Air Freight Company
Site-ATN,Building-DIMI,Zone-MAIN,Aisle-C,Bay-62,Level-1,01,RACK,Available,Test-Air-Freight-Company-Test-Branch,Test Air Freight Company
Site-ATN,Building-DIMI,Zone-MAIN,Aisle-C,Bay-62,Level-2,01,RACK,Available,Test-Air-Freight-Company-Test-Branch,Test Air Freight Company
Site-ATN,Building-DIMI,Zone-MAIN,Aisle-C,Bay-62,Level-3,01,RACK,Available,Test-Air-Freight-Company-Test-Branch,Test Air Freight Company
Site-ATN,Building-DIMI,Zone-MAIN,Aisle-C,Bay-62,Level-4,01,RACK,Available,Test-Air-Freight-Company-Test-Branch,Test Air Freight Company
Site-ATN,Building-DIMI,Zone-MAIN,Aisle-C,Bay-62,Level-5,01,RACK,Available,Test-Air-Freight-Company-Test-Branch,Test Air Freight Company
Site-ATN,Building-DIMI,Zone-MAIN,Aisle-C,Bay-63,Level-1,01,RACK,Available,Test-Air-Freight-Company-Test-Branch,Test Air Freight Company
Site-ATN,Building-DIMI,Zone-MAIN,Aisle-C,Bay-63,Level-2,01,RACK,Available,Test-Air-Freight-Company-Test-Branch,Test Air Freight Company
Site-ATN,Building-DIMI,Zone-MAIN,Aisle-C,Bay-63,Level-3,01,RACK,Available,Test-Air-Freight-Company-Test-Branch,Test Air Freight Company
Site-ATN,Building-DIMI,Zone-MAIN,Aisle-C,Bay-63,Level-4,01,RACK,Available,Test-Air-Freight-Company-Test-Branch,Test Air Freight Company
Site-ATN,Building-DIMI,Zone-MAIN,Aisle-C,Bay-63,Level-5,01,RACK,Available,Test-Air-Freight-Company-Test-Branch,Test Air Freight Company
Site-ATN,Building-DIMI,Zone-MAIN,Aisle-C,Bay-64,Level-1,01,RACK,Available,Test-Air-Freight-Company-Test-Branch,Test Air Freight Company
Site-ATN,Building-DIMI,Zone-MAIN,Aisle-C,Bay-64,Level-2,01,RACK,Available,Test-Air-Freight-Company-Test-Branch,Test Air Freight Company
Site-ATN,Building-DIMI,Zone-MAIN,Aisle-C,Bay-64,Level-3,01,RACK,Available,Test-Air-Freight-Company-Test-Branch,Test Air Freight Company
Site-ATN,Building-DIMI,Zone-MAIN,Aisle-C,Bay-64,Level-4,01,RACK,Available,Test-Air-Freight-Company-Test-Branch,Test Air Freight Company
Site-ATN,Building-DIMI,Zone-MAIN,Aisle-C,Bay-64,Level-5,01,RACK,Available,Test-Air-Freight-Company-Test-Branch,Test Air Freight Company
Site-ATN,Building-DIMI,Zone-MAIN,Aisle-C,Bay-65,Level-1,01,RACK,Available,Test-Air-Freight-Company-Test-Branch,Test Air Freight Company
Site-ATN,Building-DIMI,Zone-MAIN,Aisle-C,Bay-65,Level-2,01,RACK,Available,Test-Air-Freight-Company-Test-Branch,Test Air Freight Company
Site-ATN,Building-DIMI,Zone-MAIN,Aisle-C,Bay-65,Level-3,01,RACK,Available,Test-Air-Freight-Company-Test-Branch,Test Air Freight Company
Site-ATN,Building-DIMI,Zone-MAIN,Aisle-C,Bay-65,Level-4,01,RACK,Available,Test-Air-Freight-Company-Test-Branch,Test Air Freight Company
Site-ATN,Building-DIMI,Zone-MAIN,Aisle-C,Bay-65,Level-5,01,RACK,Available,Test-Air-Freight-Company-Test-Branch,Test Air Freight Company
Site-ATN,Building-DIMI,Zone-MAIN,Aisle-C,Bay-66,Level-1,01,RACK,Available,Test-Air-Freight-Company-Test-Branch,Test Air Freight Company
Site-ATN,Building-DIMI,Zone-MAIN,Aisle-C,Bay-66,Level-2,01,RACK,Available,Test-Air-Freight-Company-Test-Branch,Test Air Freight Company
Site-ATN,Building-DIMI,Zone-MAIN,Aisle-C,Bay-66,Level-3,01,RACK,Available,Test-Air-Freight-Company-Test-Branch,Test Air Freight Company
Site-ATN,Building-DIMI,Zone-MAIN,Aisle-C,Bay-66,Level-4,01,RACK,Available,Test-Air-Freight-Company-Test-Branch,Test Air Freight Company
Site-ATN,Building-DIMI,Zone-MAIN,Aisle-C,Bay-66,Level-5,01,RACK,Available,Test-Air-Freight-Company-Test-Branch,Test Air Freight Company
Site-ATN,Building-DIMI,Zone-MAIN,Aisle-C,Bay-67,Level-1,01,RACK,Available,Test-Air-Freight-Company-Test-Branch,Test Air Freight Company
Site-ATN,Building-DIMI,Zone-MAIN,Aisle-C,Bay-67,Level-2,01,RACK,Available,Test-Air-Freight-Company-Test-Branch,Test Air Freight Company
Site-ATN,Building-DIMI,Zone-MAIN,Aisle-C,Bay-67,Level-3,01,RACK,Available,Test-Air-Freight-Company-Test-Branch,Test Air Freight Company
Site-ATN,Building-DIMI,Zone-MAIN,Aisle-C,Bay-67,Level-4,01,RACK,Available,Test-Air-Freight-Company-Test-Branch,Test Air Freight Company
Site-ATN,Building-DIMI,Zone-MAIN,Aisle-C,Bay-67,Level-5,01,RACK,Available,Test-Air-Freight-Company-Test-Branch,Test Air Freight Company
Site-ATN,Building-DIMI,Zone-MAIN,Aisle-C,Bay-68,Level-1,01,RACK,Available,Test-Air-Freight-Company-Test-Branch,Test Air Freight Company
Site-ATN,Building-DIMI,Zone-MAIN,Aisle-C,Bay-68,Level-2,01,RACK,Available,Test-Air-Freight-Company-Test-Branch,Test Air Freight Company
Site-ATN,Building-DIMI,Zone-MAIN,Aisle-C,Bay-68,Level-3,01,RACK,Available,Test-Air-Freight-Company-Test-Branch,Test Air Freight Company
Site-ATN,Building-DIMI,Zone-MAIN,Aisle-C,Bay-68,Level-4,01,RACK,Available,Test-Air-Freight-Company-Test-Branch,Test Air Freight Company
Site-ATN,Building-DIMI,Zone-MAIN,Aisle-C,Bay-68,Level-5,01,RACK,Available,Test-Air-Freight-Company-Test-Branch,Test Air Freight Company
Site-ATN,Building-DIMI,Zone-MAIN,Aisle-D,Bay-01,Level-1,01,RACK,Available,Test-Air-Freight-Company-Test-Branch,Test Air Freight Company
Site-ATN,Building-DIMI,Zone-MAIN,Aisle-D,Bay-01,Level-2,01,RACK,Available,Test-Air-Freight-Company-Test-Branch,Test Air Freight Company
Site-ATN,Building-DIMI,Zone-MAIN,Aisle-D,Bay-01,Level-3,01,RACK,Available,Test-Air-Freight-Company-Test-Branch,Test Air Freight Company
Site-ATN,Building-DIMI,Zone-MAIN,Aisle-D,Bay-01,Level-4,01,RACK,Available,Test-Air-Freight-Company-Test-Branch,Test Air Freight Company
Site-ATN,Building-DIMI,Zone-MAIN,Aisle-D,Bay-01,Level-5,01,RACK,Available,Test-Air-Freight-Company-Test-Branch,Test Air Freight Company
Site-ATN,Building-DIMI,Zone-MAIN,Aisle-D,Bay-02,Level-1,01,RACK,Available,Test-Air-Freight-Company-Test-Branch,Test Air Freight Company
Site-ATN,Building-DIMI,Zone-MAIN,Aisle-D,Bay-02,Level-2,01,RACK,Available,Test-Air-Freight-Company-Test-Branch,Test Air Freight Company
Site-ATN,Building-DIMI,Zone-MAIN,Aisle-D,Bay-02,Level-3,01,RACK,Available,Test-Air-Freight-Company-Test-Branch,Test Air Freight Company
Site-ATN,Building-DIMI,Zone-MAIN,Aisle-D,Bay-02,Level-4,01,RACK,Available,Test-Air-Freight-Company-Test-Branch,Test Air Freight Company
Site-ATN,Building-DIMI,Zone-MAIN,Aisle-D,Bay-02,Level-5,01,RACK,Available,Test-Air-Freight-Company-Test-Branch,Test Air Freight Company
Site-ATN,Building-DIMI,Zone-MAIN,Aisle-D,Bay-03,Level-1,01,RACK,Available,Test-Air-Freight-Company-Test-Branch,Test Air Freight Company
Site-ATN,Building-DIMI,Zone-MAIN,Aisle-D,Bay-03,Level-2,01,RACK,Available,Test-Air-Freight-Company-Test-Branch,Test Air Freight Company
Site-ATN,Building-DIMI,Zone-MAIN,Aisle-D,Bay-03,Level-3,01,RACK,Available,Test-Air-Freight-Company-Test-Branch,Test Air Freight Company
Site-ATN,Building-DIMI,Zone-MAIN,Aisle-D,Bay-03,Level-4,01,RACK,Available,Test-Air-Freight-Company-Test-Branch,Test Air Freight Company
Site-ATN,Building-DIMI,Zone-MAIN,Aisle-D,Bay-03,Level-5,01,RACK,Available,Test-Air-Freight-Company-Test-Branch,Test Air Freight Company
Site-ATN,Building-DIMI,Zone-MAIN,Aisle-D,Bay-04,Level-1,01,RACK,Available,Test-Air-Freight-Company-Test-Branch,Test Air Freight Company
Site-ATN,Building-DIMI,Zone-MAIN,Aisle-D,Bay-04,Level-2,01,RACK,Available,Test-Air-Freight-Company-Test-Branch,Test Air Freight Company
Site-ATN,Building-DIMI,Zone-MAIN,Aisle-D,Bay-04,Level-3,01,RACK,Available,Test-Air-Freight-Company-Test-Branch,Test Air Freight Company
Site-ATN,Building-DIMI,Zone-MAIN,Aisle-D,Bay-04,Level-4,01,RACK,Available,Test-Air-Freight-Company-Test-Branch,Test Air Freight Company
Site-ATN,Building-DIMI,Zone-MAIN,Aisle-D,Bay-04,Level-5,01,RACK,Available,Test-Air-Freight-Company-Test-Branch,Test Air Freight Company
Site-ATN,Building-DIMI,Zone-MAIN,Aisle-D,Bay-05,Level-1,01,RACK,Available,Test-Air-Freight-Company-Test-Branch,Test Air Freight Company
Site-ATN,Building-DIMI,Zone-MAIN,Aisle-D,Bay-05,Level-2,01,RACK,Available,Test-Air-Freight-Company-Test-Branch,Test Air Freight Company
Site-ATN,Building-DIMI,Zone-MAIN,Aisle-D,Bay-05,Level-3,01,RACK,Available,Test-Air-Freight-Company-Test-Branch,Test Air Freight Company
Site-ATN,Building-DIMI,Zone-MAIN,Aisle-D,Bay-05,Level-4,01,RACK,Available,Test-Air-Freight-Company-Test-Branch,Test Air Freight Company
Site-ATN,Building-DIMI,Zone-MAIN,Aisle-D,Bay-05,Level-5,01,RACK,Available,Test-Air-Freight-Company-Test-Branch,Test Air Freight Company
Site-ATN,Building-DIMI,Zone-MAIN,Aisle-D,Bay-06,Level-1,01,RACK,Available,Test-Air-Freight-Company-Test-Branch,Test Air Freight Company
Site-ATN,Building-DIMI,Zone-MAIN,Aisle-D,Bay-06,Level-2,01,RACK,Available,Test-Air-Freight-Company-Test-Branch,Test Air Freight Company
Site-ATN,Building-DIMI,Zone-MAIN,Aisle-D,Bay-06,Level-3,01,RACK,Available,Test-Air-Freight-Company-Test-Branch,Test Air Freight Company
Site-ATN,Building-DIMI,Zone-MAIN,Aisle-D,Bay-06,Level-4,01,RACK,Available,Test-Air-Freight-Company-Test-Branch,Test Air Freight Company
Site-ATN,Building-DIMI,Zone-MAIN,Aisle-D,Bay-06,Level-5,01,RACK,Available,Test-Air-Freight-Company-Test-Branch,Test Air Freight Company
Site-ATN,Building-DIMI,Zone-MAIN,Aisle-D,Bay-07,Level-1,01,RACK,Available,Test-Air-Freight-Company-Test-Branch,Test Air Freight Company
Site-ATN,Building-DIMI,Zone-MAIN,Aisle-D,Bay-07,Level-2,01,RACK,Available,Test-Air-Freight-Company-Test-Branch,Test Air Freight Company
Site-ATN,Building-DIMI,Zone-MAIN,Aisle-D,Bay-07,Level-3,01,RACK,Available,Test-Air-Freight-Company-Test-Branch,Test Air Freight Company
Site-ATN,Building-DIMI,Zone-MAIN,Aisle-D,Bay-07,Level-4,01,RACK,Available,Test-Air-Freight-Company-Test-Branch,Test Air Freight Company
Site-ATN,Building-DIMI,Zone-MAIN,Aisle-D,Bay-07,Level-5,01,RACK,Available,Test-Air-Freight-Company-Test-Branch,Test Air Freight Company
Site-ATN,Building-DIMI,Zone-MAIN,Aisle-D,Bay-08,Level-1,01,RACK,Available,Test-Air-Freight-Company-Test-Branch,Test Air Freight Company
Site-ATN,Building-DIMI,Zone-MAIN,Aisle-D,Bay-08,Level-2,01,RACK,Available,Test-Air-Freight-Company-Test-Branch,Test Air Freight Company
Site-ATN,Building-DIMI,Zone-MAIN,Aisle-D,Bay-08,Level-3,01,RACK,Available,Test-Air-Freight-Company-Test-Branch,Test Air Freight Company
Site-ATN,Building-DIMI,Zone-MAIN,Aisle-D,Bay-08,Level-4,01,RACK,Available,Test-Air-Freight-Company-Test-Branch,Test Air Freight Company
Site-ATN,Building-DIMI,Zone-MAIN,Aisle-D,Bay-08,Level-5,01,RACK,Available,Test-Air-Freight-Company-Test-Branch,Test Air Freight Company
Site-ATN,Building-DIMI,Zone-MAIN,Aisle-D,Bay-09,Level-1,01,RACK,Available,Test-Air-Freight-Company-Test-Branch,Test Air Freight Company
Site-ATN,Building-DIMI,Zone-MAIN,Aisle-D,Bay-09,Level-2,01,RACK,Available,Test-Air-Freight-Company-Test-Branch,Test Air Freight Company
Site-ATN,Building-DIMI,Zone-MAIN,Aisle-D,Bay-09,Level-3,01,RACK,Available,Test-Air-Freight-Company-Test-Branch,Test Air Freight Company
Site-ATN,Building-DIMI,Zone-MAIN,Aisle-D,Bay-09,Level-4,01,RACK,Available,Test-Air-Freight-Company-Test-Branch,Test Air Freight Company
Site-ATN,Building-DIMI,Zone-MAIN,Aisle-D,Bay-09,Level-5,01,RACK,Available,Test-Air-Freight-Company-Test-Branch,Test Air Freight Company
Site-ATN,Building-DIMI,Zone-MAIN,Aisle-D,Bay-10,Level-1,01,RACK,Available,Test-Air-Freight-Company-Test-Branch,Test Air Freight Company
Site-ATN,Building-DIMI,Zone-MAIN,Aisle-D,Bay-10,Level-2,01,RACK,Available,Test-Air-Freight-Company-Test-Branch,Test Air Freight Company
Site-ATN,Building-DIMI,Zone-MAIN,Aisle-D,Bay-10,Level-3,01,RACK,Available,Test-Air-Freight-Company-Test-Branch,Test Air Freight Company
Site-ATN,Building-DIMI,Zone-MAIN,Aisle-D,Bay-10,Level-4,01,RACK,Available,Test-Air-Freight-Company-Test-Branch,Test Air Freight Company
Site-ATN,Building-DIMI,Zone-MAIN,Aisle-D,Bay-10,Level-5,01,RACK,Available,Test-Air-Freight-Company-Test-Branch,Test Air Freight Company
Site-ATN,Building-DIMI,Zone-MAIN,Aisle-D,Bay-11,Level-1,01,RACK,Available,Test-Air-Freight-Company-Test-Branch,Test Air Freight Company
Site-ATN,Building-DIMI,Zone-MAIN,Aisle-D,Bay-11,Level-2,01,RACK,Available,Test-Air-Freight-Company-Test-Branch,Test Air Freight Company
Site-ATN,Building-DIMI,Zone-MAIN,Aisle-D,Bay-11,Level-3,01,RACK,Available,Test-Air-Freight-Company-Test-Branch,Test Air Freight Company
Site-ATN,Building-DIMI,Zone-MAIN,Aisle-D,Bay-11,Level-4,01,RACK,Available,Test-Air-Freight-Company-Test-Branch,Test Air Freight Company
Site-ATN,Building-DIMI,Zone-MAIN,Aisle-D,Bay-11,Level-5,01,RACK,Available,Test-Air-Freight-Company-Test-Branch,Test Air Freight Company
Site-ATN,Building-DIMI,Zone-MAIN,Aisle-D,Bay-12,Level-1,01,RACK,Available,Test-Air-Freight-Company-Test-Branch,Test Air Freight Company
Site-ATN,Building-DIMI,Zone-MAIN,Aisle-D,Bay-12,Level-2,01,RACK,Available,Test-Air-Freight-Company-Test-Branch,Test Air Freight Company
Site-ATN,Building-DIMI,Zone-MAIN,Aisle-D,Bay-12,Level-3,01,RACK,Available,Test-Air-Freight-Company-Test-Branch,Test Air Freight Company
Site-ATN,Building-DIMI,Zone-MAIN,Aisle-D,Bay-12,Level-4,01,RACK,Available,Test-Air-Freight-Company-Test-Branch,Test Air Freight Company
Site-ATN,Building-DIMI,Zone-MAIN,Aisle-D,Bay-12,Level-5,01,RACK,Available,Test-Air-Freight-Company-Test-Branch,Test Air Freight Company
Site-ATN,Building-DIMI,Zone-MAIN,Aisle-D,Bay-13,Level-1,01,RACK,Available,Test-Air-Freight-Company-Test-Branch,Test Air Freight Company
Site-ATN,Building-DIMI,Zone-MAIN,Aisle-D,Bay-13,Level-2,01,RACK,Available,Test-Air-Freight-Company-Test-Branch,Test Air Freight Company
Site-ATN,Building-DIMI,Zone-MAIN,Aisle-D,Bay-13,Level-3,01,RACK,Available,Test-Air-Freight-Company-Test-Branch,Test Air Freight Company
Site-ATN,Building-DIMI,Zone-MAIN,Aisle-D,Bay-13,Level-4,01,RACK,Available,Test-Air-Freight-Company-Test-Branch,Test Air Freight Company
Site-ATN,Building-DIMI,Zone-MAIN,Aisle-D,Bay-13,Level-5,01,RACK,Available,Test-Air-Freight-Company-Test-Branch,Test Air Freight Company
Site-ATN,Building-DIMI,Zone-MAIN,Aisle-D,Bay-14,Level-1,01,RACK,Available,Test-Air-Freight-Company-Test-Branch,Test Air Freight Company
Site-ATN,Building-DIMI,Zone-MAIN,Aisle-D,Bay-14,Level-2,01,RACK,Available,Test-Air-Freight-Company-Test-Branch,Test Air Freight Company
Site-ATN,Building-DIMI,Zone-MAIN,Aisle-D,Bay-14,Level-3,01,RACK,Available,Test-Air-Freight-Company-Test-Branch,Test Air Freight Company
Site-ATN,Building-DIMI,Zone-MAIN,Aisle-D,Bay-14,Level-4,01,RACK,Available,Test-Air-Freight-Company-Test-Branch,Test Air Freight Company
Site-ATN,Building-DIMI,Zone-MAIN,Aisle-D,Bay-14,Level-5,01,RACK,Available,Test-Air-Freight-Company-Test-Branch,Test Air Freight Company
Site-ATN,Building-DIMI,Zone-MAIN,Aisle-D,Bay-15,Level-1,01,RACK,Available,Test-Air-Freight-Company-Test-Branch,Test Air Freight Company
Site-ATN,Building-DIMI,Zone-MAIN,Aisle-D,Bay-15,Level-2,01,RACK,Available,Test-Air-Freight-Company-Test-Branch,Test Air Freight Company
Site-ATN,Building-DIMI,Zone-MAIN,Aisle-D,Bay-15,Level-3,01,RACK,Available,Test-Air-Freight-Company-Test-Branch,Test Air Freight Company
Site-ATN,Building-DIMI,Zone-MAIN,Aisle-D,Bay-15,Level-4,01,RACK,Available,Test-Air-Freight-Company-Test-Branch,Test Air Freight Company
Site-ATN,Building-DIMI,Zone-MAIN,Aisle-D,Bay-15,Level-5,01,RACK,Available,Test-Air-Freight-Company-Test-Branch,Test Air Freight Company
Site-ATN,Building-DIMI,Zone-MAIN,Aisle-D,Bay-16,Level-1,01,RACK,Available,Test-Air-Freight-Company-Test-Branch,Test Air Freight Company
Site-ATN,Building-DIMI,Zone-MAIN,Aisle-D,Bay-16,Level-2,01,RACK,Available,Test-Air-Freight-Company-Test-Branch,Test Air Freight Company
Site-ATN,Building-DIMI,Zone-MAIN,Aisle-D,Bay-16,Level-3,01,RACK,Available,Test-Air-Freight-Company-Test-Branch,Test Air Freight Company
Site-ATN,Building-DIMI,Zone-MAIN,Aisle-D,Bay-16,Level-4,01,RACK,Available,Test-Air-Freight-Company-Test-Branch,Test Air Freight Company
Site-ATN,Building-DIMI,Zone-MAIN,Aisle-D,Bay-16,Level-5,01,RACK,Available,Test-Air-Freight-Company-Test-Branch,Test Air Freight Company
Site-ATN,Building-DIMI,Zone-MAIN,Aisle-D,Bay-17,Level-1,01,RACK,Available,Test-Air-Freight-Company-Test-Branch,Test Air Freight Company
Site-ATN,Building-DIMI,Zone-MAIN,Aisle-D,Bay-17,Level-2,01,RACK,Available,Test-Air-Freight-Company-Test-Branch,Test Air Freight Company
Site-ATN,Building-DIMI,Zone-MAIN,Aisle-D,Bay-17,Level-3,01,RACK,Available,Test-Air-Freight-Company-Test-Branch,Test Air Freight Company
Site-ATN,Building-DIMI,Zone-MAIN,Aisle-D,Bay-17,Level-4,01,RACK,Available,Test-Air-Freight-Company-Test-Branch,Test Air Freight Company
Site-ATN,Building-DIMI,Zone-MAIN,Aisle-D,Bay-17,Level-5,01,RACK,Available,Test-Air-Freight-Company-Test-Branch,Test Air Freight Company
Site-ATN,Building-DIMI,Zone-MAIN,Aisle-D,Bay-18,Level-1,01,RACK,Available,Test-Air-Freight-Company-Test-Branch,Test Air Freight Company
Site-ATN,Building-DIMI,Zone-MAIN,Aisle-D,Bay-18,Level-2,01,RACK,Available,Test-Air-Freight-Company-Test-Branch,Test Air Freight Company
Site-ATN,Building-DIMI,Zone-MAIN,Aisle-D,Bay-18,Level-3,01,RACK,Available,Test-Air-Freight-Company-Test-Branch,Test Air Freight Company
Site-ATN,Building-DIMI,Zone-MAIN,Aisle-D,Bay-18,Level-4,01,RACK,Available,Test-Air-Freight-Company-Test-Branch,Test Air Freight Company
Site-ATN,Building-DIMI,Zone-MAIN,Aisle-D,Bay-18,Level-5,01,RACK,Available,Test-Air-Freight-Company-Test-Branch,Test Air Freight Company
Site-ATN,Building-DIMI,Zone-MAIN,Aisle-D,Bay-19,Level-1,01,RACK,Available,Test-Air-Freight-Company-Test-Branch,Test Air Freight Company
Site-ATN,Building-DIMI,Zone-MAIN,Aisle-D,Bay-19,Level-2,01,RACK,Available,Test-Air-Freight-Company-Test-Branch,Test Air Freight Company
Site-ATN,Building-DIMI,Zone-MAIN,Aisle-D,Bay-19,Level-3,01,RACK,Available,Test-Air-Freight-Company-Test-Branch,Test Air Freight Company
Site-ATN,Building-DIMI,Zone-MAIN,Aisle-D,Bay-19,Level-4,01,RACK,Available,Test-Air-Freight-Company-Test-Branch,Test Air Freight Company
Site-ATN,Building-DIMI,Zone-MAIN,Aisle-D,Bay-19,Level-5,01,RACK,Available,Test-Air-Freight-Company-Test-Branch,Test Air Freight Company
Site-ATN,Building-DIMI,Zone-MAIN,Aisle-D,Bay-20,Level-1,01,RACK,Available,Test-Air-Freight-Company-Test-Branch,Test Air Freight Company
Site-ATN,Building-DIMI,Zone-MAIN,Aisle-D,Bay-20,Level-2,01,RACK,Available,Test-Air-Freight-Company-Test-Branch,Test Air Freight Company
Site-ATN,Building-DIMI,Zone-MAIN,Aisle-D,Bay-20,Level-3,01,RACK,Available,Test-Air-Freight-Company-Test-Branch,Test Air Freight Company
Site-ATN,Building-DIMI,Zone-MAIN,Aisle-D,Bay-20,Level-4,01,RACK,Available,Test-Air-Freight-Company-Test-Branch,Test Air Freight Company
Site-ATN,Building-DIMI,Zone-MAIN,Aisle-D,Bay-20,Level-5,01,RACK,Available,Test-Air-Freight-Company-Test-Branch,Test Air Freight Company
Site-ATN,Building-DIMI,Zone-MAIN,Aisle-D,Bay-21,Level-1,01,RACK,Available,Test-Air-Freight-Company-Test-Branch,Test Air Freight Company
Site-ATN,Building-DIMI,Zone-MAIN,Aisle-D,Bay-21,Level-2,01,RACK,Available,Test-Air-Freight-Company-Test-Branch,Test Air Freight Company
Site-ATN,Building-DIMI,Zone-MAIN,Aisle-D,Bay-21,Level-3,01,RACK,Available,Test-Air-Freight-Company-Test-Branch,Test Air Freight Company
Site-ATN,Building-DIMI,Zone-MAIN,Aisle-D,Bay-21,Level-4,01,RACK,Available,Test-Air-Freight-Company-Test-Branch,Test Air Freight Company
Site-ATN,Building-DIMI,Zone-MAIN,Aisle-D,Bay-21,Level-5,01,RACK,Available,Test-Air-Freight-Company-Test-Branch,Test Air Freight Company
Site-ATN,Building-DIMI,Zone-MAIN,Aisle-D,Bay-22,Level-1,01,RACK,Available,Test-Air-Freight-Company-Test-Branch,Test Air Freight Company
Site-ATN,Building-DIMI,Zone-MAIN,Aisle-D,Bay-22,Level-2,01,RACK,Available,Test-Air-Freight-Company-Test-Branch,Test Air Freight Company
Site-ATN,Building-DIMI,Zone-MAIN,Aisle-D,Bay-22,Level-3,01,RACK,Available,Test-Air-Freight-Company-Test-Branch,Test Air Freight Company
Site-ATN,Building-DIMI,Zone-MAIN,Aisle-D,Bay-22,Level-4,01,RACK,Available,Test-Air-Freight-Company-Test-Branch,Test Air Freight Company
Site-ATN,Building-DIMI,Zone-MAIN,Aisle-D,Bay-22,Level-5,01,RACK,Available,Test-Air-Freight-Company-Test-Branch,Test Air Freight Company
Site-ATN,Building-DIMI,Zone-MAIN,Aisle-D,Bay-23,Level-1,01,RACK,Available,Test-Air-Freight-Company-Test-Branch,Test Air Freight Company
Site-ATN,Building-DIMI,Zone-MAIN,Aisle-D,Bay-23,Level-2,01,RACK,Available,Test-Air-Freight-Company-Test-Branch,Test Air Freight Company
Site-ATN,Building-DIMI,Zone-MAIN,Aisle-D,Bay-23,Level-3,01,RACK,Available,Test-Air-Freight-Company-Test-Branch,Test Air Freight Company
Site-ATN,Building-DIMI,Zone-MAIN,Aisle-D,Bay-23,Level-4,01,RACK,Available,Test-Air-Freight-Company-Test-Branch,Test Air Freight Company
Site-ATN,Building-DIMI,Zone-MAIN,Aisle-D,Bay-23,Level-5,01,RACK,Available,Test-Air-Freight-Company-Test-Branch,Test Air Freight Company
Site-ATN,Building-DIMI,Zone-MAIN,Aisle-D,Bay-24,Level-1,01,RACK,Available,Test-Air-Freight-Company-Test-Branch,Test Air Freight Company
Site-ATN,Building-DIMI,Zone-MAIN,Aisle-D,Bay-24,Level-2,01,RACK,Available,Test-Air-Freight-Company-Test-Branch,Test Air Freight Company
Site-ATN,Building-DIMI,Zone-MAIN,Aisle-D,Bay-24,Level-3,01,RACK,Available,Test-Air-Freight-Company-Test-Branch,Test Air Freight Company
Site-ATN,Building-DIMI,Zone-MAIN,Aisle-D,Bay-24,Level-4,01,RACK,Available,Test-Air-Freight-Company-Test-Branch,Test Air Freight Company
Site-ATN,Building-DIMI,Zone-MAIN,Aisle-D,Bay-24,Level-5,01,RACK,Available,Test-Air-Freight-Company-Test-Branch,Test Air Freight Company
Site-ATN,Building-DIMI,Zone-MAIN,Aisle-D,Bay-25,Level-1,01,RACK,Available,Test-Air-Freight-Company-Test-Branch,Test Air Freight Company
Site-ATN,Building-DIMI,Zone-MAIN,Aisle-D,Bay-25,Level-2,01,RACK,Available,Test-Air-Freight-Company-Test-Branch,Test Air Freight Company
Site-ATN,Building-DIMI,Zone-MAIN,Aisle-D,Bay-25,Level-3,01,RACK,Available,Test-Air-Freight-Company-Test-Branch,Test Air Freight Company
Site-ATN,Building-DIMI,Zone-MAIN,Aisle-D,Bay-25,Level-4,01,RACK,Available,Test-Air-Freight-Company-Test-Branch,Test Air Freight Company
Site-ATN,Building-DIMI,Zone-MAIN,Aisle-D,Bay-25,Level-5,01,RACK,Available,Test-Air-Freight-Company-Test-Branch,Test Air Freight Company
Site-ATN,Building-DIMI,Zone-MAIN,Aisle-D,Bay-26,Level-1,01,RACK,Available,Test-Air-Freight-Company-Test-Branch,Test Air Freight Company
Site-ATN,Building-DIMI,Zone-MAIN,Aisle-D,Bay-26,Level-2,01,RACK,Available,Test-Air-Freight-Company-Test-Branch,Test Air Freight Company
Site-ATN,Building-DIMI,Zone-MAIN,Aisle-D,Bay-26,Level-3,01,RACK,Available,Test-Air-Freight-Company-Test-Branch,Test Air Freight Company
Site-ATN,Building-DIMI,Zone-MAIN,Aisle-D,Bay-26,Level-4,01,RACK,Available,Test-Air-Freight-Company-Test-Branch,Test Air Freight Company
Site-ATN,Building-DIMI,Zone-MAIN,Aisle-D,Bay-26,Level-5,01,RACK,Available,Test-Air-Freight-Company-Test-Branch,Test Air Freight Company
Site-ATN,Building-DIMI,Zone-MAIN,Aisle-D,Bay-27,Level-1,01,RACK,Available,Test-Air-Freight-Company-Test-Branch,Test Air Freight Company
Site-ATN,Building-DIMI,Zone-MAIN,Aisle-D,Bay-27,Level-2,01,RACK,Available,Test-Air-Freight-Company-Test-Branch,Test Air Freight Company
Site-ATN,Building-DIMI,Zone-MAIN,Aisle-D,Bay-27,Level-3,01,RACK,Available,Test-Air-Freight-Company-Test-Branch,Test Air Freight Company
Site-ATN,Building-DIMI,Zone-MAIN,Aisle-D,Bay-27,Level-4,01,RACK,Available,Test-Air-Freight-Company-Test-Branch,Test Air Freight Company
Site-ATN,Building-DIMI,Zone-MAIN,Aisle-D,Bay-27,Level-5,01,RACK,Available,Test-Air-Freight-Company-Test-Branch,Test Air Freight Company
Site-ATN,Building-DIMI,Zone-MAIN,Aisle-D,Bay-28,Level-1,01,RACK,Available,Test-Air-Freight-Company-Test-Branch,Test Air Freight Company
Site-ATN,Building-DIMI,Zone-MAIN,Aisle-D,Bay-28,Level-2,01,RACK,Available,Test-Air-Freight-Company-Test-Branch,Test Air Freight Company
Site-ATN,Building-DIMI,Zone-MAIN,Aisle-D,Bay-28,Level-3,01,RACK,Available,Test-Air-Freight-Company-Test-Branch,Test Air Freight Company
Site-ATN,Building-DIMI,Zone-MAIN,Aisle-D,Bay-28,Level-4,01,RACK,Available,Test-Air-Freight-Company-Test-Branch,Test Air Freight Company
Site-ATN,Building-DIMI,Zone-MAIN,Aisle-D,Bay-28,Level-5,01,RACK,Available,Test-Air-Freight-Company-Test-Branch,Test Air Freight Company
Site-ATN,Building-DIMI,Zone-MAIN,Aisle-D,Bay-29,Level-1,01,RACK,Available,Test-Air-Freight-Company-Test-Branch,Test Air Freight Company
Site-ATN,Building-DIMI,Zone-MAIN,Aisle-D,Bay-29,Level-2,01,RACK,Available,Test-Air-Freight-Company-Test-Branch,Test Air Freight Company
Site-ATN,Building-DIMI,Zone-MAIN,Aisle-D,Bay-29,Level-3,01,RACK,Available,Test-Air-Freight-Company-Test-Branch,Test Air Freight Company
Site-ATN,Building-DIMI,Zone-MAIN,Aisle-D,Bay-29,Level-4,01,RACK,Available,Test-Air-Freight-Company-Test-Branch,Test Air Freight Company
Site-ATN,Building-DIMI,Zone-MAIN,Aisle-D,Bay-29,Level-5,01,RACK,Available,Test-Air-Freight-Company-Test-Branch,Test Air Freight Company
Site-ATN,Building-DIMI,Zone-MAIN,Aisle-D,Bay-30,Level-1,01,RACK,Available,Test-Air-Freight-Company-Test-Branch,Test Air Freight Company
Site-ATN,Building-DIMI,Zone-MAIN,Aisle-D,Bay-30,Level-2,01,RACK,Available,Test-Air-Freight-Company-Test-Branch,Test Air Freight Company
Site-ATN,Building-DIMI,Zone-MAIN,Aisle-D,Bay-30,Level-3,01,RACK,Available,Test-Air-Freight-Company-Test-Branch,Test Air Freight Company
Site-ATN,Building-DIMI,Zone-MAIN,Aisle-D,Bay-30,Level-4,01,RACK,Available,Test-Air-Freight-Company-Test-Branch,Test Air Freight Company
Site-ATN,Building-DIMI,Zone-MAIN,Aisle-D,Bay-30,Level-5,01,RACK,Available,Test-Air-Freight-Company-Test-Branch,Test Air Freight Company
Site-ATN,Building-DIMI,Zone-MAIN,Aisle-D,Bay-31,Level-1,01,RACK,Available,Test-Air-Freight-Company-Test-Branch,Test Air Freight Company
Site-ATN,Building-DIMI,Zone-MAIN,Aisle-D,Bay-31,Level-2,01,RACK,Available,Test-Air-Freight-Company-Test-Branch,Test Air Freight Company
Site-ATN,Building-DIMI,Zone-MAIN,Aisle-D,Bay-31,Level-3,01,RACK,Available,Test-Air-Freight-Company-Test-Branch,Test Air Freight Company
Site-ATN,Building-DIMI,Zone-MAIN,Aisle-D,Bay-31,Level-4,01,RACK,Available,Test-Air-Freight-Company-Test-Branch,Test Air Freight Company
Site-ATN,Building-DIMI,Zone-MAIN,Aisle-D,Bay-31,Level-5,01,RACK,Available,Test-Air-Freight-Company-Test-Branch,Test Air Freight Company
Site-ATN,Building-DIMI,Zone-MAIN,Aisle-D,Bay-32,Level-1,01,RACK,Available,Test-Air-Freight-Company-Test-Branch,Test Air Freight Company
Site-ATN,Building-DIMI,Zone-MAIN,Aisle-D,Bay-32,Level-2,01,RACK,Available,Test-Air-Freight-Company-Test-Branch,Test Air Freight Company
Site-ATN,Building-DIMI,Zone-MAIN,Aisle-D,Bay-32,Level-3,01,RACK,Available,Test-Air-Freight-Company-Test-Branch,Test Air Freight Company
Site-ATN,Building-DIMI,Zone-MAIN,Aisle-D,Bay-32,Level-4,01,RACK,Available,Test-Air-Freight-Company-Test-Branch,Test Air Freight Company
Site-ATN,Building-DIMI,Zone-MAIN,Aisle-D,Bay-32,Level-5,01,RACK,Available,Test-Air-Freight-Company-Test-Branch,Test Air Freight Company
Site-ATN,Building-DIMI,Zone-MAIN,Aisle-D,Bay-33,Level-1,01,RACK,Available,Test-Air-Freight-Company-Test-Branch,Test Air Freight Company
Site-ATN,Building-DIMI,Zone-MAIN,Aisle-D,Bay-33,Level-2,01,RACK,Available,Test-Air-Freight-Company-Test-Branch,Test Air Freight Company
Site-ATN,Building-DIMI,Zone-MAIN,Aisle-D,Bay-33,Level-3,01,RACK,Available,Test-Air-Freight-Company-Test-Branch,Test Air Freight Company
Site-ATN,Building-DIMI,Zone-MAIN,Aisle-D,Bay-33,Level-4,01,RACK,Available,Test-Air-Freight-Company-Test-Branch,Test Air Freight Company
Site-ATN,Building-DIMI,Zone-MAIN,Aisle-D,Bay-33,Level-5,01,RACK,Available,Test-Air-Freight-Company-Test-Branch,Test Air Freight Company
Site-ATN,Building-DIMI,Zone-MAIN,Aisle-D,Bay-34,Level-1,01,RACK,Available,Test-Air-Freight-Company-Test-Branch,Test Air Freight Company
Site-ATN,Building-DIMI,Zone-MAIN,Aisle-D,Bay-34,Level-2,01,RACK,Available,Test-Air-Freight-Company-Test-Branch,Test Air Freight Company
Site-ATN,Building-DIMI,Zone-MAIN,Aisle-D,Bay-34,Level-3,01,RACK,Available,Test-Air-Freight-Company-Test-Branch,Test Air Freight Company
Site-ATN,Building-DIMI,Zone-MAIN,Aisle-D,Bay-34,Level-4,01,RACK,Available,Test-Air-Freight-Company-Test-Branch,Test Air Freight Company
Site-ATN,Building-DIMI,Zone-MAIN,Aisle-D,Bay-34,Level-5,01,RACK,Available,Test-Air-Freight-Company-Test-Branch,Test Air Freight Company
Site-ATN,Building-DIMI,Zone-MAIN,Aisle-D,Bay-35,Level-1,01,RACK,Available,Test-Air-Freight-Company-Test-Branch,Test Air Freight Company
Site-ATN,Building-DIMI,Zone-MAIN,Aisle-D,Bay-35,Level-2,01,RACK,Available,Test-Air-Freight-Company-Test-Branch,Test Air Freight Company
Site-ATN,Building-DIMI,Zone-MAIN,Aisle-D,Bay-35,Level-3,01,RACK,Available,Test-Air-Freight-Company-Test-Branch,Test Air Freight Company
Site-ATN,Building-DIMI,Zone-MAIN,Aisle-D,Bay-35,Level-4,01,RACK,Available,Test-Air-Freight-Company-Test-Branch,Test Air Freight Company
Site-ATN,Building-DIMI,Zone-MAIN,Aisle-D,Bay-35,Level-5,01,RACK,Available,Test-Air-Freight-Company-Test-Branch,Test Air Freight Company
Site-ATN,Building-DIMI,Zone-MAIN,Aisle-D,Bay-36,Level-1,01,RACK,Available,Test-Air-Freight-Company-Test-Branch,Test Air Freight Company
Site-ATN,Building-DIMI,Zone-MAIN,Aisle-D,Bay-36,Level-2,01,RACK,Available,Test-Air-Freight-Company-Test-Branch,Test Air Freight Company
Site-ATN,Building-DIMI,Zone-MAIN,Aisle-D,Bay-36,Level-3,01,RACK,Available,Test-Air-Freight-Company-Test-Branch,Test Air Freight Company
Site-ATN,Building-DIMI,Zone-MAIN,Aisle-D,Bay-36,Level-4,01,RACK,Available,Test-Air-Freight-Company-Test-Branch,Test Air Freight Company
Site-ATN,Building-DIMI,Zone-MAIN,Aisle-D,Bay-36,Level-5,01,RACK,Available,Test-Air-Freight-Company-Test-Branch,Test Air Freight Company
Site-ATN,Building-DIMI,Zone-MAIN,Aisle-D,Bay-37,Level-1,01,RACK,Available,Test-Air-Freight-Company-Test-Branch,Test Air Freight Company
Site-ATN,Building-DIMI,Zone-MAIN,Aisle-D,Bay-37,Level-2,01,RACK,Available,Test-Air-Freight-Company-Test-Branch,Test Air Freight Company
Site-ATN,Building-DIMI,Zone-MAIN,Aisle-D,Bay-37,Level-3,01,RACK,Available,Test-Air-Freight-Company-Test-Branch,Test Air Freight Company
Site-ATN,Building-DIMI,Zone-MAIN,Aisle-D,Bay-37,Level-4,01,RACK,Available,Test-Air-Freight-Company-Test-Branch,Test Air Freight Company
Site-ATN,Building-DIMI,Zone-MAIN,Aisle-D,Bay-37,Level-5,01,RACK,Available,Test-Air-Freight-Company-Test-Branch,Test Air Freight Company
Site-ATN,Building-DIMI,Zone-MAIN,Aisle-D,Bay-38,Level-1,01,RACK,Available,Test-Air-Freight-Company-Test-Branch,Test Air Freight Company
Site-ATN,Building-DIMI,Zone-MAIN,Aisle-D,Bay-38,Level-2,01,RACK,Available,Test-Air-Freight-Company-Test-Branch,Test Air Freight Company
Site-ATN,Building-DIMI,Zone-MAIN,Aisle-D,Bay-38,Level-3,01,RACK,Available,Test-Air-Freight-Company-Test-Branch,Test Air Freight Company
Site-ATN,Building-DIMI,Zone-MAIN,Aisle-D,Bay-38,Level-4,01,RACK,Available,Test-Air-Freight-Company-Test-Branch,Test Air Freight Company
Site-ATN,Building-DIMI,Zone-MAIN,Aisle-D,Bay-38,Level-5,01,RACK,Available,Test-Air-Freight-Company-Test-Branch,Test Air Freight Company
Site-ATN,Building-DIMI,Zone-MAIN,Aisle-D,Bay-39,Level-1,01,RACK,Available,Test-Air-Freight-Company-Test-Branch,Test Air Freight Company
Site-ATN,Building-DIMI,Zone-MAIN,Aisle-D,Bay-39,Level-2,01,RACK,Available,Test-Air-Freight-Company-Test-Branch,Test Air Freight Company
Site-ATN,Building-DIMI,Zone-MAIN,Aisle-D,Bay-39,Level-3,01,RACK,Available,Test-Air-Freight-Company-Test-Branch,Test Air Freight Company
Site-ATN,Building-DIMI,Zone-MAIN,Aisle-D,Bay-39,Level-4,01,RACK,Available,Test-Air-Freight-Company-Test-Branch,Test Air Freight Company
Site-ATN,Building-DIMI,Zone-MAIN,Aisle-D,Bay-39,Level-5,01,RACK,Available,Test-Air-Freight-Company-Test-Branch,Test Air Freight Company
Site-ATN,Building-DIMI,Zone-MAIN,Aisle-D,Bay-40,Level-1,01,RACK,Available,Test-Air-Freight-Company-Test-Branch,Test Air Freight Company
Site-ATN,Building-DIMI,Zone-MAIN,Aisle-D,Bay-40,Level-2,01,RACK,Available,Test-Air-Freight-Company-Test-Branch,Test Air Freight Company
Site-ATN,Building-DIMI,Zone-MAIN,Aisle-D,Bay-40,Level-3,01,RACK,Available,Test-Air-Freight-Company-Test-Branch,Test Air Freight Company
Site-ATN,Building-DIMI,Zone-MAIN,Aisle-D,Bay-40,Level-4,01,RACK,Available,Test-Air-Freight-Company-Test-Branch,Test Air Freight Company
Site-ATN,Building-DIMI,Zone-MAIN,Aisle-D,Bay-40,Level-5,01,RACK,Available,Test-Air-Freight-Company-Test-Branch,Test Air Freight Company
Site-ATN,Building-DIMI,Zone-MAIN,Aisle-D,Bay-41,Level-1,01,RACK,Available,Test-Air-Freight-Company-Test-Branch,Test Air Freight Company
Site-ATN,Building-DIMI,Zone-MAIN,Aisle-D,Bay-41,Level-2,01,RACK,Available,Test-Air-Freight-Company-Test-Branch,Test Air Freight Company
Site-ATN,Building-DIMI,Zone-MAIN,Aisle-D,Bay-41,Level-3,01,RACK,Available,Test-Air-Freight-Company-Test-Branch,Test Air Freight Company
Site-ATN,Building-DIMI,Zone-MAIN,Aisle-D,Bay-41,Level-4,01,RACK,Available,Test-Air-Freight-Company-Test-Branch,Test Air Freight Company
Site-ATN,Building-DIMI,Zone-MAIN,Aisle-D,Bay-41,Level-5,01,RACK,Available,Test-Air-Freight-Company-Test-Branch,Test Air Freight Company
Site-ATN,Building-DIMI,Zone-MAIN,Aisle-D,Bay-42,Level-1,01,RACK,Available,Test-Air-Freight-Company-Test-Branch,Test Air Freight Company
Site-ATN,Building-DIMI,Zone-MAIN,Aisle-D,Bay-42,Level-2,01,RACK,Available,Test-Air-Freight-Company-Test-Branch,Test Air Freight Company
Site-ATN,Building-DIMI,Zone-MAIN,Aisle-D,Bay-42,Level-3,01,RACK,Available,Test-Air-Freight-Company-Test-Branch,Test Air Freight Company
Site-ATN,Building-DIMI,Zone-MAIN,Aisle-D,Bay-42,Level-4,01,RACK,Available,Test-Air-Freight-Company-Test-Branch,Test Air Freight Company
Site-ATN,Building-DIMI,Zone-MAIN,Aisle-D,Bay-42,Level-5,01,RACK,Available,Test-Air-Freight-Company-Test-Branch,Test Air Freight Company
Site-ATN,Building-DIMI,Zone-MAIN,Aisle-D,Bay-43,Level-1,01,RACK,Available,Test-Air-Freight-Company-Test-Branch,Test Air Freight Company
Site-ATN,Building-DIMI,Zone-MAIN,Aisle-D,Bay-43,Level-2,01,RACK,Available,Test-Air-Freight-Company-Test-Branch,Test Air Freight Company
Site-ATN,Building-DIMI,Zone-MAIN,Aisle-D,Bay-43,Level-3,01,RACK,Available,Test-Air-Freight-Company-Test-Branch,Test Air Freight Company
Site-ATN,Building-DIMI,Zone-MAIN,Aisle-D,Bay-43,Level-4,01,RACK,Available,Test-Air-Freight-Company-Test-Branch,Test Air Freight Company
Site-ATN,Building-DIMI,Zone-MAIN,Aisle-D,Bay-43,Level-5,01,RACK,Available,Test-Air-Freight-Company-Test-Branch,Test Air Freight Company
Site-ATN,Building-DIMI,Zone-MAIN,Aisle-D,Bay-44,Level-1,01,RACK,Available,Test-Air-Freight-Company-Test-Branch,Test Air Freight Company
Site-ATN,Building-DIMI,Zone-MAIN,Aisle-D,Bay-44,Level-2,01,RACK,Available,Test-Air-Freight-Company-Test-Branch,Test Air Freight Company
Site-ATN,Building-DIMI,Zone-MAIN,Aisle-D,Bay-44,Level-3,01,RACK,Available,Test-Air-Freight-Company-Test-Branch,Test Air Freight Company
Site-ATN,Building-DIMI,Zone-MAIN,Aisle-D,Bay-44,Level-4,01,RACK,Available,Test-Air-Freight-Company-Test-Branch,Test Air Freight Company
Site-ATN,Building-DIMI,Zone-MAIN,Aisle-D,Bay-44,Level-5,01,RACK,Available,Test-Air-Freight-Company-Test-Branch,Test Air Freight Company
Site-ATN,Building-DIMI,Zone-MAIN,Aisle-D,Bay-45,Level-1,01,RACK,Available,Test-Air-Freight-Company-Test-Branch,Test Air Freight Company
Site-ATN,Building-DIMI,Zone-MAIN,Aisle-D,Bay-45,Level-2,01,RACK,Available,Test-Air-Freight-Company-Test-Branch,Test Air Freight Company
Site-ATN,Building-DIMI,Zone-MAIN,Aisle-D,Bay-45,Level-3,01,RACK,Available,Test-Air-Freight-Company-Test-Branch,Test Air Freight Company
Site-ATN,Building-DIMI,Zone-MAIN,Aisle-D,Bay-45,Level-4,01,RACK,Available,Test-Air-Freight-Company-Test-Branch,Test Air Freight Company
Site-ATN,Building-DIMI,Zone-MAIN,Aisle-D,Bay-45,Level-5,01,RACK,Available,Test-Air-Freight-Company-Test-Branch,Test Air Freight Company
Site-ATN,Building-DIMI,Zone-MAIN,Aisle-D,Bay-46,Level-1,01,RACK,Available,Test-Air-Freight-Company-Test-Branch,Test Air Freight Company
Site-ATN,Building-DIMI,Zone-MAIN,Aisle-D,Bay-46,Level-2,01,RACK,Available,Test-Air-Freight-Company-Test-Branch,Test Air Freight Company
Site-ATN,Building-DIMI,Zone-MAIN,Aisle-D,Bay-46,Level-3,01,RACK,Available,Test-Air-Freight-Company-Test-Branch,Test Air Freight Company
Site-ATN,Building-DIMI,Zone-MAIN,Aisle-D,Bay-46,Level-4,01,RACK,Available,Test-Air-Freight-Company-Test-Branch,Test Air Freight Company
Site-ATN,Building-DIMI,Zone-MAIN,Aisle-D,Bay-46,Level-5,01,RACK,Available,Test-Air-Freight-Company-Test-Branch,Test Air Freight Company
Site-ATN,Building-DIMI,Zone-MAIN,Aisle-D,Bay-47,Level-1,01,RACK,Available,Test-Air-Freight-Company-Test-Branch,Test Air Freight Company
Site-ATN,Building-DIMI,Zone-MAIN,Aisle-D,Bay-47,Level-2,01,RACK,Available,Test-Air-Freight-Company-Test-Branch,Test Air Freight Company
Site-ATN,Building-DIMI,Zone-MAIN,Aisle-D,Bay-47,Level-3,01,RACK,Available,Test-Air-Freight-Company-Test-Branch,Test Air Freight Company
Site-ATN,Building-DIMI,Zone-MAIN,Aisle-D,Bay-47,Level-4,01,RACK,Available,Test-Air-Freight-Company-Test-Branch,Test Air Freight Company
Site-ATN,Building-DIMI,Zone-MAIN,Aisle-D,Bay-47,Level-5,01,RACK,Available,Test-Air-Freight-Company-Test-Branch,Test Air Freight Company
Site-ATN,Building-DIMI,Zone-MAIN,Aisle-D,Bay-48,Level-1,01,RACK,Available,Test-Air-Freight-Company-Test-Branch,Test Air Freight Company
Site-ATN,Building-DIMI,Zone-MAIN,Aisle-D,Bay-48,Level-2,01,RACK,Available,Test-Air-Freight-Company-Test-Branch,Test Air Freight Company
Site-ATN,Building-DIMI,Zone-MAIN,Aisle-D,Bay-48,Level-3,01,RACK,Available,Test-Air-Freight-Company-Test-Branch,Test Air Freight Company
Site-ATN,Building-DIMI,Zone-MAIN,Aisle-D,Bay-48,Level-4,01,RACK,Available,Test-Air-Freight-Company-Test-Branch,Test Air Freight Company
Site-ATN,Building-DIMI,Zone-MAIN,Aisle-D,Bay-48,Level-5,01,RACK,Available,Test-Air-Freight-Company-Test-Branch,Test Air Freight Company
Site-ATN,Building-DIMI,Zone-MAIN,Aisle-D,Bay-49,Level-1,01,RACK,Available,Test-Air-Freight-Company-Test-Branch,Test Air Freight Company
Site-ATN,Building-DIMI,Zone-MAIN,Aisle-D,Bay-49,Level-2,01,RACK,Available,Test-Air-Freight-Company-Test-Branch,Test Air Freight Company
Site-ATN,Building-DIMI,Zone-MAIN,Aisle-D,Bay-49,Level-3,01,RACK,Available,Test-Air-Freight-Company-Test-Branch,Test Air Freight Company
Site-ATN,Building-DIMI,Zone-MAIN,Aisle-D,Bay-49,Level-4,01,RACK,Available,Test-Air-Freight-Company-Test-Branch,Test Air Freight Company
Site-ATN,Building-DIMI,Zone-MAIN,Aisle-D,Bay-49,Level-5,01,RACK,Available,Test-Air-Freight-Company-Test-Branch,Test Air Freight Company
Site-ATN,Building-DIMI,Zone-MAIN,Aisle-D,Bay-50,Level-1,01,RACK,Available,Test-Air-Freight-Company-Test-Branch,Test Air Freight Company
Site-ATN,Building-DIMI,Zone-MAIN,Aisle-D,Bay-50,Level-2,01,RACK,Available,Test-Air-Freight-Company-Test-Branch,Test Air Freight Company
Site-ATN,Building-DIMI,Zone-MAIN,Aisle-D,Bay-50,Level-3,01,RACK,Available,Test-Air-Freight-Company-Test-Branch,Test Air Freight Company
Site-ATN,Building-DIMI,Zone-MAIN,Aisle-D,Bay-50,Level-4,01,RACK,Available,Test-Air-Freight-Company-Test-Branch,Test Air Freight Company
Site-ATN,Building-DIMI,Zone-MAIN,Aisle-D,Bay-50,Level-5,01,RACK,Available,Test-Air-Freight-Company-Test-Branch,Test Air Freight Company
Site-ATN,Building-DIMI,Zone-MAIN,Aisle-D,Bay-51,Level-1,01,RACK,Available,Test-Air-Freight-Company-Test-Branch,Test Air Freight Company
Site-ATN,Building-DIMI,Zone-MAIN,Aisle-D,Bay-51,Level-2,01,RACK,Available,Test-Air-Freight-Company-Test-Branch,Test Air Freight Company
Site-ATN,Building-DIMI,Zone-MAIN,Aisle-D,Bay-51,Level-3,01,RACK,Available,Test-Air-Freight-Company-Test-Branch,Test Air Freight Company
Site-ATN,Building-DIMI,Zone-MAIN,Aisle-D,Bay-51,Level-4,01,RACK,Available,Test-Air-Freight-Company-Test-Branch,Test Air Freight Company
Site-ATN,Building-DIMI,Zone-MAIN,Aisle-D,Bay-51,Level-5,01,RACK,Available,Test-Air-Freight-Company-Test-Branch,Test Air Freight Company
Site-ATN,Building-DIMI,Zone-MAIN,Aisle-D,Bay-52,Level-1,01,RACK,Available,Test-Air-Freight-Company-Test-Branch,Test Air Freight Company
Site-ATN,Building-DIMI,Zone-MAIN,Aisle-D,Bay-52,Level-2,01,RACK,Available,Test-Air-Freight-Company-Test-Branch,Test Air Freight Company
Site-ATN,Building-DIMI,Zone-MAIN,Aisle-D,Bay-52,Level-3,01,RACK,Available,Test-Air-Freight-Company-Test-Branch,Test Air Freight Company
Site-ATN,Building-DIMI,Zone-MAIN,Aisle-D,Bay-52,Level-4,01,RACK,Available,Test-Air-Freight-Company-Test-Branch,Test Air Freight Company
Site-ATN,Building-DIMI,Zone-MAIN,Aisle-D,Bay-52,Level-5,01,RACK,Available,Test-Air-Freight-Company-Test-Branch,Test Air Freight Company
Site-ATN,Building-DIMI,Zone-MAIN,Aisle-D,Bay-53,Level-1,01,RACK,Available,Test-Air-Freight-Company-Test-Branch,Test Air Freight Company
Site-ATN,Building-DIMI,Zone-MAIN,Aisle-D,Bay-53,Level-2,01,RACK,Available,Test-Air-Freight-Company-Test-Branch,Test Air Freight Company
Site-ATN,Building-DIMI,Zone-MAIN,Aisle-D,Bay-53,Level-3,01,RACK,Available,Test-Air-Freight-Company-Test-Branch,Test Air Freight Company
Site-ATN,Building-DIMI,Zone-MAIN,Aisle-D,Bay-53,Level-4,01,RACK,Available,Test-Air-Freight-Company-Test-Branch,Test Air Freight Company
Site-ATN,Building-DIMI,Zone-MAIN,Aisle-D,Bay-53,Level-5,01,RACK,Available,Test-Air-Freight-Company-Test-Branch,Test Air Freight Company
Site-ATN,Building-DIMI,Zone-MAIN,Aisle-D,Bay-54,Level-1,01,RACK,Available,Test-Air-Freight-Company-Test-Branch,Test Air Freight Company
Site-ATN,Building-DIMI,Zone-MAIN,Aisle-D,Bay-54,Level-2,01,RACK,Available,Test-Air-Freight-Company-Test-Branch,Test Air Freight Company
Site-ATN,Building-DIMI,Zone-MAIN,Aisle-D,Bay-54,Level-3,01,RACK,Available,Test-Air-Freight-Company-Test-Branch,Test Air Freight Company
Site-ATN,Building-DIMI,Zone-MAIN,Aisle-D,Bay-54,Level-4,01,RACK,Available,Test-Air-Freight-Company-Test-Branch,Test Air Freight Company
Site-ATN,Building-DIMI,Zone-MAIN,Aisle-D,Bay-54,Level-5,01,RACK,Available,Test-Air-Freight-Company-Test-Branch,Test Air Freight Company
Site-ATN,Building-DIMI,Zone-MAIN,Aisle-D,Bay-55,Level-1,01,RACK,Available,Test-Air-Freight-Company-Test-Branch,Test Air Freight Company
Site-ATN,Building-DIMI,Zone-MAIN,Aisle-D,Bay-55,Level-2,01,RACK,Available,Test-Air-Freight-Company-Test-Branch,Test Air Freight Company
Site-ATN,Building-DIMI,Zone-MAIN,Aisle-D,Bay-55,Level-3,01,RACK,Available,Test-Air-Freight-Company-Test-Branch,Test Air Freight Company
Site-ATN,Building-DIMI,Zone-MAIN,Aisle-D,Bay-55,Level-4,01,RACK,Available,Test-Air-Freight-Company-Test-Branch,Test Air Freight Company
Site-ATN,Building-DIMI,Zone-MAIN,Aisle-D,Bay-55,Level-5,01,RACK,Available,Test-Air-Freight-Company-Test-Branch,Test Air Freight Company
Site-ATN,Building-DIMI,Zone-MAIN,Aisle-D,Bay-56,Level-1,01,RACK,Available,Test-Air-Freight-Company-Test-Branch,Test Air Freight Company
Site-ATN,Building-DIMI,Zone-MAIN,Aisle-D,Bay-56,Level-2,01,RACK,Available,Test-Air-Freight-Company-Test-Branch,Test Air Freight Company
Site-ATN,Building-DIMI,Zone-MAIN,Aisle-D,Bay-56,Level-3,01,RACK,Available,Test-Air-Freight-Company-Test-Branch,Test Air Freight Company
Site-ATN,Building-DIMI,Zone-MAIN,Aisle-D,Bay-56,Level-4,01,RACK,Available,Test-Air-Freight-Company-Test-Branch,Test Air Freight Company
Site-ATN,Building-DIMI,Zone-MAIN,Aisle-D,Bay-56,Level-5,01,RACK,Available,Test-Air-Freight-Company-Test-Branch,Test Air Freight Company
Site-ATN,Building-DIMI,Zone-MAIN,Aisle-D,Bay-57,Level-1,01,RACK,Available,Test-Air-Freight-Company-Test-Branch,Test Air Freight Company
Site-ATN,Building-DIMI,Zone-MAIN,Aisle-D,Bay-57,Level-2,01,RACK,Available,Test-Air-Freight-Company-Test-Branch,Test Air Freight Company
Site-ATN,Building-DIMI,Zone-MAIN,Aisle-D,Bay-57,Level-3,01,RACK,Available,Test-Air-Freight-Company-Test-Branch,Test Air Freight Company
Site-ATN,Building-DIMI,Zone-MAIN,Aisle-D,Bay-57,Level-4,01,RACK,Available,Test-Air-Freight-Company-Test-Branch,Test Air Freight Company
Site-ATN,Building-DIMI,Zone-MAIN,Aisle-D,Bay-57,Level-5,01,RACK,Available,Test-Air-Freight-Company-Test-Branch,Test Air Freight Company
Site-ATN,Building-DIMI,Zone-MAIN,Aisle-D,Bay-58,Level-1,01,RACK,Available,Test-Air-Freight-Company-Test-Branch,Test Air Freight Company
Site-ATN,Building-DIMI,Zone-MAIN,Aisle-D,Bay-58,Level-2,01,RACK,Available,Test-Air-Freight-Company-Test-Branch,Test Air Freight Company
Site-ATN,Building-DIMI,Zone-MAIN,Aisle-D,Bay-58,Level-3,01,RACK,Available,Test-Air-Freight-Company-Test-Branch,Test Air Freight Company
Site-ATN,Building-DIMI,Zone-MAIN,Aisle-D,Bay-58,Level-4,01,RACK,Available,Test-Air-Freight-Company-Test-Branch,Test Air Freight Company
Site-ATN,Building-DIMI,Zone-MAIN,Aisle-D,Bay-58,Level-5,01,RACK,Available,Test-Air-Freight-Company-Test-Branch,Test Air Freight Company
Site-ATN,Building-DIMI,Zone-MAIN,Aisle-D,Bay-59,Level-1,01,RACK,Available,Test-Air-Freight-Company-Test-Branch,Test Air Freight Company
Site-ATN,Building-DIMI,Zone-MAIN,Aisle-D,Bay-59,Level-2,01,RACK,Available,Test-Air-Freight-Company-Test-Branch,Test Air Freight Company
Site-ATN,Building-DIMI,Zone-MAIN,Aisle-D,Bay-59,Level-3,01,RACK,Available,Test-Air-Freight-Company-Test-Branch,Test Air Freight Company
Site-ATN,Building-DIMI,Zone-MAIN,Aisle-D,Bay-59,Level-4,01,RACK,Available,Test-Air-Freight-Company-Test-Branch,Test Air Freight Company
Site-ATN,Building-DIMI,Zone-MAIN,Aisle-D,Bay-59,Level-5,01,RACK,Available,Test-Air-Freight-Company-Test-Branch,Test Air Freight Company
Site-ATN,Building-DIMI,Zone-MAIN,Aisle-D,Bay-60,Level-1,01,RACK,Available,Test-Air-Freight-Company-Test-Branch,Test Air Freight Company
Site-ATN,Building-DIMI,Zone-MAIN,Aisle-D,Bay-60,Level-2,01,RACK,Available,Test-Air-Freight-Company-Test-Branch,Test Air Freight Company
Site-ATN,Building-DIMI,Zone-MAIN,Aisle-D,Bay-60,Level-3,01,RACK,Available,Test-Air-Freight-Company-Test-Branch,Test Air Freight Company
Site-ATN,Building-DIMI,Zone-MAIN,Aisle-D,Bay-60,Level-4,01,RACK,Available,Test-Air-Freight-Company-Test-Branch,Test Air Freight Company
Site-ATN,Building-DIMI,Zone-MAIN,Aisle-D,Bay-60,Level-5,01,RACK,Available,Test-Air-Freight-Company-Test-Branch,Test Air Freight Company
Site-ATN,Building-DIMI,Zone-MAIN,Aisle-D,Bay-61,Level-1,01,RACK,Available,Test-Air-Freight-Company-Test-Branch,Test Air Freight Company
Site-ATN,Building-DIMI,Zone-MAIN,Aisle-D,Bay-61,Level-2,01,RACK,Available,Test-Air-Freight-Company-Test-Branch,Test Air Freight Company
Site-ATN,Building-DIMI,Zone-MAIN,Aisle-D,Bay-61,Level-3,01,RACK,Available,Test-Air-Freight-Company-Test-Branch,Test Air Freight Company
Site-ATN,Building-DIMI,Zone-MAIN,Aisle-D,Bay-61,Level-4,01,RACK,Available,Test-Air-Freight-Company-Test-Branch,Test Air Freight Company
Site-ATN,Building-DIMI,Zone-MAIN,Aisle-D,Bay-61,Level-5,01,RACK,Available,Test-Air-Freight-Company-Test-Branch,Test Air Freight Company
Site-ATN,Building-DIMI,Zone-MAIN,Aisle-D,Bay-62,Level-1,01,RACK,Available,Test-Air-Freight-Company-Test-Branch,Test Air Freight Company
Site-ATN,Building-DIMI,Zone-MAIN,Aisle-D,Bay-62,Level-2,01,RACK,Available,Test-Air-Freight-Company-Test-Branch,Test Air Freight Company
Site-ATN,Building-DIMI,Zone-MAIN,Aisle-D,Bay-62,Level-3,01,RACK,Available,Test-Air-Freight-Company-Test-Branch,Test Air Freight Company
Site-ATN,Building-DIMI,Zone-MAIN,Aisle-D,Bay-62,Level-4,01,RACK,Available,Test-Air-Freight-Company-Test-Branch,Test Air Freight Company
Site-ATN,Building-DIMI,Zone-MAIN,Aisle-D,Bay-62,Level-5,01,RACK,Available,Test-Air-Freight-Company-Test-Branch,Test Air Freight Company
Site-ATN,Building-DIMI,Zone-MAIN,Aisle-D,Bay-63,Level-1,01,RACK,Available,Test-Air-Freight-Company-Test-Branch,Test Air Freight Company
Site-ATN,Building-DIMI,Zone-MAIN,Aisle-D,Bay-63,Level-2,01,RACK,Available,Test-Air-Freight-Company-Test-Branch,Test Air Freight Company
Site-ATN,Building-DIMI,Zone-MAIN,Aisle-D,Bay-63,Level-3,01,RACK,Available,Test-Air-Freight-Company-Test-Branch,Test Air Freight Company
Site-ATN,Building-DIMI,Zone-MAIN,Aisle-D,Bay-63,Level-4,01,RACK,Available,Test-Air-Freight-Company-Test-Branch,Test Air Freight Company
Site-ATN,Building-DIMI,Zone-MAIN,Aisle-D,Bay-63,Level-5,01,RACK,Available,Test-Air-Freight-Company-Test-Branch,Test Air Freight Company
Site-ATN,Building-DIMI,Zone-MAIN,Aisle-D,Bay-64,Level-1,01,RACK,Available,Test-Air-Freight-Company-Test-Branch,Test Air Freight Company
Site-ATN,Building-DIMI,Zone-MAIN,Aisle-D,Bay-64,Level-2,01,RACK,Available,Test-Air-Freight-Company-Test-Branch,Test Air Freight Company
Site-ATN,Building-DIMI,Zone-MAIN,Aisle-D,Bay-64,Level-3,01,RACK,Available,Test-Air-Freight-Company-Test-Branch,Test Air Freight Company
Site-ATN,Building-DIMI,Zone-MAIN,Aisle-D,Bay-64,Level-4,01,RACK,Available,Test-Air-Freight-Company-Test-Branch,Test Air Freight Company
Site-ATN,Building-DIMI,Zone-MAIN,Aisle-D,Bay-64,Level-5,01,RACK,Available,Test-Air-Freight-Company-Test-Branch,Test Air Freight Company
Site-ATN,Building-DIMI,Zone-MAIN,Aisle-D,Bay-65,Level-1,01,RACK,Available,Test-Air-Freight-Company-Test-Branch,Test Air Freight Company
Site-ATN,Building-DIMI,Zone-MAIN,Aisle-D,Bay-65,Level-2,01,RACK,Available,Test-Air-Freight-Company-Test-Branch,Test Air Freight Company
Site-ATN,Building-DIMI,Zone-MAIN,Aisle-D,Bay-65,Level-3,01,RACK,Available,Test-Air-Freight-Company-Test-Branch,Test Air Freight Company
Site-ATN,Building-DIMI,Zone-MAIN,Aisle-D,Bay-65,Level-4,01,RACK,Available,Test-Air-Freight-Company-Test-Branch,Test Air Freight Company
Site-ATN,Building-DIMI,Zone-MAIN,Aisle-D,Bay-65,Level-5,01,RACK,Available,Test-Air-Freight-Company-Test-Branch,Test Air Freight Company
Site-ATN,Building-DIMI,Zone-MAIN,Aisle-D,Bay-66,Level-1,01,RACK,Available,Test-Air-Freight-Company-Test-Branch,Test Air Freight Company
Site-ATN,Building-DIMI,Zone-MAIN,Aisle-D,Bay-66,Level-2,01,RACK,Available,Test-Air-Freight-Company-Test-Branch,Test Air Freight Company
Site-ATN,Building-DIMI,Zone-MAIN,Aisle-D,Bay-66,Level-3,01,RACK,Available,Test-Air-Freight-Company-Test-Branch,Test Air Freight Company
Site-ATN,Building-DIMI,Zone-MAIN,Aisle-D,Bay-66,Level-4,01,RACK,Available,Test-Air-Freight-Company-Test-Branch,Test Air Freight Company
Site-ATN,Building-DIMI,Zone-MAIN,Aisle-D,Bay-66,Level-5,01,RACK,Available,Test-Air-Freight-Company-Test-Branch,Test Air Freight Company
Site-ATN,Building-DIMI,Zone-MAIN,Aisle-D,Bay-67,Level-1,01,RACK,Available,Test-Air-Freight-Company-Test-Branch,Test Air Freight Company
Site-ATN,Building-DIMI,Zone-MAIN,Aisle-D,Bay-67,Level-2,01,RACK,Available,Test-Air-Freight-Company-Test-Branch,Test Air Freight Company
Site-ATN,Building-DIMI,Zone-MAIN,Aisle-D,Bay-67,Level-3,01,RACK,Available,Test-Air-Freight-Company-Test-Branch,Test Air Freight Company
Site-ATN,Building-DIMI,Zone-MAIN,Aisle-D,Bay-67,Level-4,01,RACK,Available,Test-Air-Freight-Company-Test-Branch,Test Air Freight Company
Site-ATN,Building-DIMI,Zone-MAIN,Aisle-D,Bay-67,Level-5,01,RACK,Available,Test-Air-Freight-Company-Test-Branch,Test Air Freight Company
Site-ATN,Building-DIMI,Zone-MAIN,Aisle-D,Bay-68,Level-1,01,RACK,Available,Test-Air-Freight-Company-Test-Branch,Test Air Freight Company
Site-ATN,Building-DIMI,Zone-MAIN,Aisle-D,Bay-68,Level-2,01,RACK,Available,Test-Air-Freight-Company-Test-Branch,Test Air Freight Company
Site-ATN,Building-DIMI,Zone-MAIN,Aisle-D,Bay-68,Level-3,01,RACK,Available,Test-Air-Freight-Company-Test-Branch,Test Air Freight Company
Site-ATN,Building-DIMI,Zone-MAIN,Aisle-D,Bay-68,Level-4,01,RACK,Available,Test-Air-Freight-Company-Test-Branch,Test Air Freight Company
Site-ATN,Building-DIMI,Zone-MAIN,Aisle-D,Bay-68,Level-5,01,RACK,Available,Test-Air-Freight-Company-Test-Branch,Test Air Freight Company
Site-ATN,Building-DIMI,Zone-MAIN,Aisle-E,Bay-01,Level-1,01,RACK,Available,Test-Air-Freight-Company-Test-Branch,Test Air Freight Company
Site-ATN,Building-DIMI,Zone-MAIN,Aisle-E,Bay-01,Level-2,01,RACK,Available,Test-Air-Freight-Company-Test-Branch,Test Air Freight Company
Site-ATN,Building-DIMI,Zone-MAIN,Aisle-E,Bay-01,Level-3,01,RACK,Available,Test-Air-Freight-Company-Test-Branch,Test Air Freight Company
Site-ATN,Building-DIMI,Zone-MAIN,Aisle-E,Bay-01,Level-4,01,RACK,Available,Test-Air-Freight-Company-Test-Branch,Test Air Freight Company
Site-ATN,Building-DIMI,Zone-MAIN,Aisle-E,Bay-01,Level-5,01,RACK,Available,Test-Air-Freight-Company-Test-Branch,Test Air Freight Company
Site-ATN,Building-DIMI,Zone-MAIN,Aisle-E,Bay-02,Level-1,01,RACK,Available,Test-Air-Freight-Company-Test-Branch,Test Air Freight Company
Site-ATN,Building-DIMI,Zone-MAIN,Aisle-E,Bay-02,Level-2,01,RACK,Available,Test-Air-Freight-Company-Test-Branch,Test Air Freight Company
Site-ATN,Building-DIMI,Zone-MAIN,Aisle-E,Bay-02,Level-3,01,RACK,Available,Test-Air-Freight-Company-Test-Branch,Test Air Freight Company
Site-ATN,Building-DIMI,Zone-MAIN,Aisle-E,Bay-02,Level-4,01,RACK,Available,Test-Air-Freight-Company-Test-Branch,Test Air Freight Company
Site-ATN,Building-DIMI,Zone-MAIN,Aisle-E,Bay-02,Level-5,01,RACK,Available,Test-Air-Freight-Company-Test-Branch,Test Air Freight Company
Site-ATN,Building-DIMI,Zone-MAIN,Aisle-E,Bay-03,Level-1,01,RACK,Available,Test-Air-Freight-Company-Test-Branch,Test Air Freight Company
Site-ATN,Building-DIMI,Zone-MAIN,Aisle-E,Bay-03,Level-2,01,RACK,Available,Test-Air-Freight-Company-Test-Branch,Test Air Freight Company
Site-ATN,Building-DIMI,Zone-MAIN,Aisle-E,Bay-03,Level-3,01,RACK,Available,Test-Air-Freight-Company-Test-Branch,Test Air Freight Company
Site-ATN,Building-DIMI,Zone-MAIN,Aisle-E,Bay-03,Level-4,01,RACK,Available,Test-Air-Freight-Company-Test-Branch,Test Air Freight Company
Site-ATN,Building-DIMI,Zone-MAIN,Aisle-E,Bay-03,Level-5,01,RACK,Available,Test-Air-Freight-Company-Test-Branch,Test Air Freight Company
Site-ATN,Building-DIMI,Zone-MAIN,Aisle-E,Bay-04,Level-1,01,RACK,Available,Test-Air-Freight-Company-Test-Branch,Test Air Freight Company
Site-ATN,Building-DIMI,Zone-MAIN,Aisle-E,Bay-04,Level-2,01,RACK,Available,Test-Air-Freight-Company-Test-Branch,Test Air Freight Company
Site-ATN,Building-DIMI,Zone-MAIN,Aisle-E,Bay-04,Level-3,01,RACK,Available,Test-Air-Freight-Company-Test-Branch,Test Air Freight Company
Site-ATN,Building-DIMI,Zone-MAIN,Aisle-E,Bay-04,Level-4,01,RACK,Available,Test-Air-Freight-Company-Test-Branch,Test Air Freight Company
Site-ATN,Building-DIMI,Zone-MAIN,Aisle-E,Bay-04,Level-5,01,RACK,Available,Test-Air-Freight-Company-Test-Branch,Test Air Freight Company
Site-ATN,Building-DIMI,Zone-MAIN,Aisle-E,Bay-05,Level-1,01,RACK,Available,Test-Air-Freight-Company-Test-Branch,Test Air Freight Company
Site-ATN,Building-DIMI,Zone-MAIN,Aisle-E,Bay-05,Level-2,01,RACK,Available,Test-Air-Freight-Company-Test-Branch,Test Air Freight Company
Site-ATN,Building-DIMI,Zone-MAIN,Aisle-E,Bay-05,Level-3,01,RACK,Available,Test-Air-Freight-Company-Test-Branch,Test Air Freight Company
Site-ATN,Building-DIMI,Zone-MAIN,Aisle-E,Bay-05,Level-4,01,RACK,Available,Test-Air-Freight-Company-Test-Branch,Test Air Freight Company
Site-ATN,Building-DIMI,Zone-MAIN,Aisle-E,Bay-05,Level-5,01,RACK,Available,Test-Air-Freight-Company-Test-Branch,Test Air Freight Company
Site-ATN,Building-DIMI,Zone-MAIN,Aisle-E,Bay-06,Level-1,01,RACK,Available,Test-Air-Freight-Company-Test-Branch,Test Air Freight Company
Site-ATN,Building-DIMI,Zone-MAIN,Aisle-E,Bay-06,Level-2,01,RACK,Available,Test-Air-Freight-Company-Test-Branch,Test Air Freight Company
Site-ATN,Building-DIMI,Zone-MAIN,Aisle-E,Bay-06,Level-3,01,RACK,Available,Test-Air-Freight-Company-Test-Branch,Test Air Freight Company
Site-ATN,Building-DIMI,Zone-MAIN,Aisle-E,Bay-06,Level-4,01,RACK,Available,Test-Air-Freight-Company-Test-Branch,Test Air Freight Company
Site-ATN,Building-DIMI,Zone-MAIN,Aisle-E,Bay-06,Level-5,01,RACK,Available,Test-Air-Freight-Company-Test-Branch,Test Air Freight Company
Site-ATN,Building-DIMI,Zone-MAIN,Aisle-E,Bay-07,Level-1,01,RACK,Available,Test-Air-Freight-Company-Test-Branch,Test Air Freight Company
Site-ATN,Building-DIMI,Zone-MAIN,Aisle-E,Bay-07,Level-2,01,RACK,Available,Test-Air-Freight-Company-Test-Branch,Test Air Freight Company
Site-ATN,Building-DIMI,Zone-MAIN,Aisle-E,Bay-07,Level-3,01,RACK,Available,Test-Air-Freight-Company-Test-Branch,Test Air Freight Company
Site-ATN,Building-DIMI,Zone-MAIN,Aisle-E,Bay-07,Level-4,01,RACK,Available,Test-Air-Freight-Company-Test-Branch,Test Air Freight Company
Site-ATN,Building-DIMI,Zone-MAIN,Aisle-E,Bay-07,Level-5,01,RACK,Available,Test-Air-Freight-Company-Test-Branch,Test Air Freight Company
Site-ATN,Building-DIMI,Zone-MAIN,Aisle-E,Bay-08,Level-1,01,RACK,Available,Test-Air-Freight-Company-Test-Branch,Test Air Freight Company
Site-ATN,Building-DIMI,Zone-MAIN,Aisle-E,Bay-08,Level-2,01,RACK,Available,Test-Air-Freight-Company-Test-Branch,Test Air Freight Company
Site-ATN,Building-DIMI,Zone-MAIN,Aisle-E,Bay-08,Level-3,01,RACK,Available,Test-Air-Freight-Company-Test-Branch,Test Air Freight Company
Site-ATN,Building-DIMI,Zone-MAIN,Aisle-E,Bay-08,Level-4,01,RACK,Available,Test-Air-Freight-Company-Test-Branch,Test Air Freight Company
Site-ATN,Building-DIMI,Zone-MAIN,Aisle-E,Bay-08,Level-5,01,RACK,Available,Test-Air-Freight-Company-Test-Branch,Test Air Freight Company
Site-ATN,Building-DIMI,Zone-MAIN,Aisle-E,Bay-09,Level-1,01,RACK,Available,Test-Air-Freight-Company-Test-Branch,Test Air Freight Company
Site-ATN,Building-DIMI,Zone-MAIN,Aisle-E,Bay-09,Level-2,01,RACK,Available,Test-Air-Freight-Company-Test-Branch,Test Air Freight Company
Site-ATN,Building-DIMI,Zone-MAIN,Aisle-E,Bay-09,Level-3,01,RACK,Available,Test-Air-Freight-Company-Test-Branch,Test Air Freight Company
Site-ATN,Building-DIMI,Zone-MAIN,Aisle-E,Bay-09,Level-4,01,RACK,Available,Test-Air-Freight-Company-Test-Branch,Test Air Freight Company
Site-ATN,Building-DIMI,Zone-MAIN,Aisle-E,Bay-09,Level-5,01,RACK,Available,Test-Air-Freight-Company-Test-Branch,Test Air Freight Company
Site-ATN,Building-DIMI,Zone-MAIN,Aisle-E,Bay-10,Level-1,01,RACK,Available,Test-Air-Freight-Company-Test-Branch,Test Air Freight Company
Site-ATN,Building-DIMI,Zone-MAIN,Aisle-E,Bay-10,Level-2,01,RACK,Available,Test-Air-Freight-Company-Test-Branch,Test Air Freight Company
Site-ATN,Building-DIMI,Zone-MAIN,Aisle-E,Bay-10,Level-3,01,RACK,Available,Test-Air-Freight-Company-Test-Branch,Test Air Freight Company
Site-ATN,Building-DIMI,Zone-MAIN,Aisle-E,Bay-10,Level-4,01,RACK,Available,Test-Air-Freight-Company-Test-Branch,Test Air Freight Company
Site-ATN,Building-DIMI,Zone-MAIN,Aisle-E,Bay-10,Level-5,01,RACK,Available,Test-Air-Freight-Company-Test-Branch,Test Air Freight Company
Site-ATN,Building-DIMI,Zone-MAIN,Aisle-E,Bay-11,Level-1,01,RACK,Available,Test-Air-Freight-Company-Test-Branch,Test Air Freight Company
Site-ATN,Building-DIMI,Zone-MAIN,Aisle-E,Bay-11,Level-2,01,RACK,Available,Test-Air-Freight-Company-Test-Branch,Test Air Freight Company
Site-ATN,Building-DIMI,Zone-MAIN,Aisle-E,Bay-11,Level-3,01,RACK,Available,Test-Air-Freight-Company-Test-Branch,Test Air Freight Company
Site-ATN,Building-DIMI,Zone-MAIN,Aisle-E,Bay-11,Level-4,01,RACK,Available,Test-Air-Freight-Company-Test-Branch,Test Air Freight Company
Site-ATN,Building-DIMI,Zone-MAIN,Aisle-E,Bay-11,Level-5,01,RACK,Available,Test-Air-Freight-Company-Test-Branch,Test Air Freight Company
Site-ATN,Building-DIMI,Zone-MAIN,Aisle-E,Bay-12,Level-1,01,RACK,Available,Test-Air-Freight-Company-Test-Branch,Test Air Freight Company
Site-ATN,Building-DIMI,Zone-MAIN,Aisle-E,Bay-12,Level-2,01,RACK,Available,Test-Air-Freight-Company-Test-Branch,Test Air Freight Company
Site-ATN,Building-DIMI,Zone-MAIN,Aisle-E,Bay-12,Level-3,01,RACK,Available,Test-Air-Freight-Company-Test-Branch,Test Air Freight Company
Site-ATN,Building-DIMI,Zone-MAIN,Aisle-E,Bay-12,Level-4,01,RACK,Available,Test-Air-Freight-Company-Test-Branch,Test Air Freight Company
Site-ATN,Building-DIMI,Zone-MAIN,Aisle-E,Bay-12,Level-5,01,RACK,Available,Test-Air-Freight-Company-Test-Branch,Test Air Freight Company
Site-ATN,Building-DIMI,Zone-MAIN,Aisle-E,Bay-13,Level-1,01,RACK,Available,Test-Air-Freight-Company-Test-Branch,Test Air Freight Company
Site-ATN,Building-DIMI,Zone-MAIN,Aisle-E,Bay-13,Level-2,01,RACK,Available,Test-Air-Freight-Company-Test-Branch,Test Air Freight Company
Site-ATN,Building-DIMI,Zone-MAIN,Aisle-E,Bay-13,Level-3,01,RACK,Available,Test-Air-Freight-Company-Test-Branch,Test Air Freight Company
Site-ATN,Building-DIMI,Zone-MAIN,Aisle-E,Bay-13,Level-4,01,RACK,Available,Test-Air-Freight-Company-Test-Branch,Test Air Freight Company
Site-ATN,Building-DIMI,Zone-MAIN,Aisle-E,Bay-13,Level-5,01,RACK,Available,Test-Air-Freight-Company-Test-Branch,Test Air Freight Company
Site-ATN,Building-DIMI,Zone-MAIN,Aisle-E,Bay-14,Level-1,01,RACK,Available,Test-Air-Freight-Company-Test-Branch,Test Air Freight Company
Site-ATN,Building-DIMI,Zone-MAIN,Aisle-E,Bay-14,Level-2,01,RACK,Available,Test-Air-Freight-Company-Test-Branch,Test Air Freight Company
Site-ATN,Building-DIMI,Zone-MAIN,Aisle-E,Bay-14,Level-3,01,RACK,Available,Test-Air-Freight-Company-Test-Branch,Test Air Freight Company
Site-ATN,Building-DIMI,Zone-MAIN,Aisle-E,Bay-14,Level-4,01,RACK,Available,Test-Air-Freight-Company-Test-Branch,Test Air Freight Company
Site-ATN,Building-DIMI,Zone-MAIN,Aisle-E,Bay-14,Level-5,01,RACK,Available,Test-Air-Freight-Company-Test-Branch,Test Air Freight Company
Site-ATN,Building-DIMI,Zone-MAIN,Aisle-E,Bay-15,Level-1,01,RACK,Available,Test-Air-Freight-Company-Test-Branch,Test Air Freight Company
Site-ATN,Building-DIMI,Zone-MAIN,Aisle-E,Bay-15,Level-2,01,RACK,Available,Test-Air-Freight-Company-Test-Branch,Test Air Freight Company
Site-ATN,Building-DIMI,Zone-MAIN,Aisle-E,Bay-15,Level-3,01,RACK,Available,Test-Air-Freight-Company-Test-Branch,Test Air Freight Company
Site-ATN,Building-DIMI,Zone-MAIN,Aisle-E,Bay-15,Level-4,01,RACK,Available,Test-Air-Freight-Company-Test-Branch,Test Air Freight Company
Site-ATN,Building-DIMI,Zone-MAIN,Aisle-E,Bay-15,Level-5,01,RACK,Available,Test-Air-Freight-Company-Test-Branch,Test Air Freight Company
Site-ATN,Building-DIMI,Zone-MAIN,Aisle-E,Bay-16,Level-1,01,RACK,Available,Test-Air-Freight-Company-Test-Branch,Test Air Freight Company
Site-ATN,Building-DIMI,Zone-MAIN,Aisle-E,Bay-16,Level-2,01,RACK,Available,Test-Air-Freight-Company-Test-Branch,Test Air Freight Company
Site-ATN,Building-DIMI,Zone-MAIN,Aisle-E,Bay-16,Level-3,01,RACK,Available,Test-Air-Freight-Company-Test-Branch,Test Air Freight Company
Site-ATN,Building-DIMI,Zone-MAIN,Aisle-E,Bay-16,Level-4,01,RACK,Available,Test-Air-Freight-Company-Test-Branch,Test Air Freight Company
Site-ATN,Building-DIMI,Zone-MAIN,Aisle-E,Bay-16,Level-5,01,RACK,Available,Test-Air-Freight-Company-Test-Branch,Test Air Freight Company
Site-ATN,Building-DIMI,Zone-MAIN,Aisle-E,Bay-17,Level-1,01,RACK,Available,Test-Air-Freight-Company-Test-Branch,Test Air Freight Company
Site-ATN,Building-DIMI,Zone-MAIN,Aisle-E,Bay-17,Level-2,01,RACK,Available,Test-Air-Freight-Company-Test-Branch,Test Air Freight Company
Site-ATN,Building-DIMI,Zone-MAIN,Aisle-E,Bay-17,Level-3,01,RACK,Available,Test-Air-Freight-Company-Test-Branch,Test Air Freight Company
Site-ATN,Building-DIMI,Zone-MAIN,Aisle-E,Bay-17,Level-4,01,RACK,Available,Test-Air-Freight-Company-Test-Branch,Test Air Freight Company
Site-ATN,Building-DIMI,Zone-MAIN,Aisle-E,Bay-17,Level-5,01,RACK,Available,Test-Air-Freight-Company-Test-Branch,Test Air Freight Company
Site-ATN,Building-DIMI,Zone-MAIN,Aisle-E,Bay-18,Level-1,01,RACK,Available,Test-Air-Freight-Company-Test-Branch,Test Air Freight Company
Site-ATN,Building-DIMI,Zone-MAIN,Aisle-E,Bay-18,Level-2,01,RACK,Available,Test-Air-Freight-Company-Test-Branch,Test Air Freight Company
Site-ATN,Building-DIMI,Zone-MAIN,Aisle-E,Bay-18,Level-3,01,RACK,Available,Test-Air-Freight-Company-Test-Branch,Test Air Freight Company
Site-ATN,Building-DIMI,Zone-MAIN,Aisle-E,Bay-18,Level-4,01,RACK,Available,Test-Air-Freight-Company-Test-Branch,Test Air Freight Company
Site-ATN,Building-DIMI,Zone-MAIN,Aisle-E,Bay-18,Level-5,01,RACK,Available,Test-Air-Freight-Company-Test-Branch,Test Air Freight Company
Site-ATN,Building-DIMI,Zone-MAIN,Aisle-E,Bay-19,Level-1,01,RACK,Available,Test-Air-Freight-Company-Test-Branch,Test Air Freight Company
Site-ATN,Building-DIMI,Zone-MAIN,Aisle-E,Bay-19,Level-2,01,RACK,Available,Test-Air-Freight-Company-Test-Branch,Test Air Freight Company
Site-ATN,Building-DIMI,Zone-MAIN,Aisle-E,Bay-19,Level-3,01,RACK,Available,Test-Air-Freight-Company-Test-Branch,Test Air Freight Company
Site-ATN,Building-DIMI,Zone-MAIN,Aisle-E,Bay-19,Level-4,01,RACK,Available,Test-Air-Freight-Company-Test-Branch,Test Air Freight Company
Site-ATN,Building-DIMI,Zone-MAIN,Aisle-E,Bay-19,Level-5,01,RACK,Available,Test-Air-Freight-Company-Test-Branch,Test Air Freight Company
Site-ATN,Building-DIMI,Zone-MAIN,Aisle-E,Bay-20,Level-1,01,RACK,Available,Test-Air-Freight-Company-Test-Branch,Test Air Freight Company
Site-ATN,Building-DIMI,Zone-MAIN,Aisle-E,Bay-20,Level-2,01,RACK,Available,Test-Air-Freight-Company-Test-Branch,Test Air Freight Company
Site-ATN,Building-DIMI,Zone-MAIN,Aisle-E,Bay-20,Level-3,01,RACK,Available,Test-Air-Freight-Company-Test-Branch,Test Air Freight Company
Site-ATN,Building-DIMI,Zone-MAIN,Aisle-E,Bay-20,Level-4,01,RACK,Available,Test-Air-Freight-Company-Test-Branch,Test Air Freight Company
Site-ATN,Building-DIMI,Zone-MAIN,Aisle-E,Bay-20,Level-5,01,RACK,Available,Test-Air-Freight-Company-Test-Branch,Test Air Freight Company
Site-ATN,Building-DIMI,Zone-MAIN,Aisle-E,Bay-21,Level-1,01,RACK,Available,Test-Air-Freight-Company-Test-Branch,Test Air Freight Company
Site-ATN,Building-DIMI,Zone-MAIN,Aisle-E,Bay-21,Level-2,01,RACK,Available,Test-Air-Freight-Company-Test-Branch,Test Air Freight Company
Site-ATN,Building-DIMI,Zone-MAIN,Aisle-E,Bay-21,Level-3,01,RACK,Available,Test-Air-Freight-Company-Test-Branch,Test Air Freight Company
Site-ATN,Building-DIMI,Zone-MAIN,Aisle-E,Bay-21,Level-4,01,RACK,Available,Test-Air-Freight-Company-Test-Branch,Test Air Freight Company
Site-ATN,Building-DIMI,Zone-MAIN,Aisle-E,Bay-21,Level-5,01,RACK,Available,Test-Air-Freight-Company-Test-Branch,Test Air Freight Company
Site-ATN,Building-DIMI,Zone-MAIN,Aisle-E,Bay-22,Level-1,01,RACK,Available,Test-Air-Freight-Company-Test-Branch,Test Air Freight Company
Site-ATN,Building-DIMI,Zone-MAIN,Aisle-E,Bay-22,Level-2,01,RACK,Available,Test-Air-Freight-Company-Test-Branch,Test Air Freight Company
Site-ATN,Building-DIMI,Zone-MAIN,Aisle-E,Bay-22,Level-3,01,RACK,Available,Test-Air-Freight-Company-Test-Branch,Test Air Freight Company
Site-ATN,Building-DIMI,Zone-MAIN,Aisle-E,Bay-22,Level-4,01,RACK,Available,Test-Air-Freight-Company-Test-Branch,Test Air Freight Company
Site-ATN,Building-DIMI,Zone-MAIN,Aisle-E,Bay-22,Level-5,01,RACK,Available,Test-Air-Freight-Company-Test-Branch,Test Air Freight Company
Site-ATN,Building-DIMI,Zone-MAIN,Aisle-E,Bay-23,Level-1,01,RACK,Available,Test-Air-Freight-Company-Test-Branch,Test Air Freight Company
Site-ATN,Building-DIMI,Zone-MAIN,Aisle-E,Bay-23,Level-2,01,RACK,Available,Test-Air-Freight-Company-Test-Branch,Test Air Freight Company
Site-ATN,Building-DIMI,Zone-MAIN,Aisle-E,Bay-23,Level-3,01,RACK,Available,Test-Air-Freight-Company-Test-Branch,Test Air Freight Company
Site-ATN,Building-DIMI,Zone-MAIN,Aisle-E,Bay-23,Level-4,01,RACK,Available,Test-Air-Freight-Company-Test-Branch,Test Air Freight Company
Site-ATN,Building-DIMI,Zone-MAIN,Aisle-E,Bay-23,Level-5,01,RACK,Available,Test-Air-Freight-Company-Test-Branch,Test Air Freight Company
Site-ATN,Building-DIMI,Zone-MAIN,Aisle-E,Bay-24,Level-1,01,RACK,Available,Test-Air-Freight-Company-Test-Branch,Test Air Freight Company
Site-ATN,Building-DIMI,Zone-MAIN,Aisle-E,Bay-24,Level-2,01,RACK,Available,Test-Air-Freight-Company-Test-Branch,Test Air Freight Company
Site-ATN,Building-DIMI,Zone-MAIN,Aisle-E,Bay-24,Level-3,01,RACK,Available,Test-Air-Freight-Company-Test-Branch,Test Air Freight Company
Site-ATN,Building-DIMI,Zone-MAIN,Aisle-E,Bay-24,Level-4,01,RACK,Available,Test-Air-Freight-Company-Test-Branch,Test Air Freight Company
Site-ATN,Building-DIMI,Zone-MAIN,Aisle-E,Bay-24,Level-5,01,RACK,Available,Test-Air-Freight-Company-Test-Branch,Test Air Freight Company
Site-ATN,Building-DIMI,Zone-MAIN,Aisle-E,Bay-25,Level-1,01,RACK,Available,Test-Air-Freight-Company-Test-Branch,Test Air Freight Company
Site-ATN,Building-DIMI,Zone-MAIN,Aisle-E,Bay-25,Level-2,01,RACK,Available,Test-Air-Freight-Company-Test-Branch,Test Air Freight Company
Site-ATN,Building-DIMI,Zone-MAIN,Aisle-E,Bay-25,Level-3,01,RACK,Available,Test-Air-Freight-Company-Test-Branch,Test Air Freight Company
Site-ATN,Building-DIMI,Zone-MAIN,Aisle-E,Bay-25,Level-4,01,RACK,Available,Test-Air-Freight-Company-Test-Branch,Test Air Freight Company
Site-ATN,Building-DIMI,Zone-MAIN,Aisle-E,Bay-25,Level-5,01,RACK,Available,Test-Air-Freight-Company-Test-Branch,Test Air Freight Company
Site-ATN,Building-DIMI,Zone-MAIN,Aisle-E,Bay-26,Level-1,01,RACK,Available,Test-Air-Freight-Company-Test-Branch,Test Air Freight Company
Site-ATN,Building-DIMI,Zone-MAIN,Aisle-E,Bay-26,Level-2,01,RACK,Available,Test-Air-Freight-Company-Test-Branch,Test Air Freight Company
Site-ATN,Building-DIMI,Zone-MAIN,Aisle-E,Bay-26,Level-3,01,RACK,Available,Test-Air-Freight-Company-Test-Branch,Test Air Freight Company
Site-ATN,Building-DIMI,Zone-MAIN,Aisle-E,Bay-26,Level-4,01,RACK,Available,Test-Air-Freight-Company-Test-Branch,Test Air Freight Company
Site-ATN,Building-DIMI,Zone-MAIN,Aisle-E,Bay-26,Level-5,01,RACK,Available,Test-Air-Freight-Company-Test-Branch,Test Air Freight Company
Site-ATN,Building-DIMI,Zone-MAIN,Aisle-E,Bay-27,Level-1,01,RACK,Available,Test-Air-Freight-Company-Test-Branch,Test Air Freight Company
Site-ATN,Building-DIMI,Zone-MAIN,Aisle-E,Bay-27,Level-2,01,RACK,Available,Test-Air-Freight-Company-Test-Branch,Test Air Freight Company
Site-ATN,Building-DIMI,Zone-MAIN,Aisle-E,Bay-27,Level-3,01,RACK,Available,Test-Air-Freight-Company-Test-Branch,Test Air Freight Company
Site-ATN,Building-DIMI,Zone-MAIN,Aisle-E,Bay-27,Level-4,01,RACK,Available,Test-Air-Freight-Company-Test-Branch,Test Air Freight Company
Site-ATN,Building-DIMI,Zone-MAIN,Aisle-E,Bay-27,Level-5,01,RACK,Available,Test-Air-Freight-Company-Test-Branch,Test Air Freight Company
Site-ATN,Building-DIMI,Zone-MAIN,Aisle-E,Bay-28,Level-1,01,RACK,Available,Test-Air-Freight-Company-Test-Branch,Test Air Freight Company
Site-ATN,Building-DIMI,Zone-MAIN,Aisle-E,Bay-28,Level-2,01,RACK,Available,Test-Air-Freight-Company-Test-Branch,Test Air Freight Company
Site-ATN,Building-DIMI,Zone-MAIN,Aisle-E,Bay-28,Level-3,01,RACK,Available,Test-Air-Freight-Company-Test-Branch,Test Air Freight Company
Site-ATN,Building-DIMI,Zone-MAIN,Aisle-E,Bay-28,Level-4,01,RACK,Available,Test-Air-Freight-Company-Test-Branch,Test Air Freight Company
Site-ATN,Building-DIMI,Zone-MAIN,Aisle-E,Bay-28,Level-5,01,RACK,Available,Test-Air-Freight-Company-Test-Branch,Test Air Freight Company
Site-ATN,Building-DIMI,Zone-MAIN,Aisle-E,Bay-29,Level-1,01,RACK,Available,Test-Air-Freight-Company-Test-Branch,Test Air Freight Company
Site-ATN,Building-DIMI,Zone-MAIN,Aisle-E,Bay-29,Level-2,01,RACK,Available,Test-Air-Freight-Company-Test-Branch,Test Air Freight Company
Site-ATN,Building-DIMI,Zone-MAIN,Aisle-E,Bay-29,Level-3,01,RACK,Available,Test-Air-Freight-Company-Test-Branch,Test Air Freight Company
Site-ATN,Building-DIMI,Zone-MAIN,Aisle-E,Bay-29,Level-4,01,RACK,Available,Test-Air-Freight-Company-Test-Branch,Test Air Freight Company
Site-ATN,Building-DIMI,Zone-MAIN,Aisle-E,Bay-29,Level-5,01,RACK,Available,Test-Air-Freight-Company-Test-Branch,Test Air Freight Company
Site-ATN,Building-DIMI,Zone-MAIN,Aisle-E,Bay-30,Level-1,01,RACK,Available,Test-Air-Freight-Company-Test-Branch,Test Air Freight Company
Site-ATN,Building-DIMI,Zone-MAIN,Aisle-E,Bay-30,Level-2,01,RACK,Available,Test-Air-Freight-Company-Test-Branch,Test Air Freight Company
Site-ATN,Building-DIMI,Zone-MAIN,Aisle-E,Bay-30,Level-3,01,RACK,Available,Test-Air-Freight-Company-Test-Branch,Test Air Freight Company
Site-ATN,Building-DIMI,Zone-MAIN,Aisle-E,Bay-30,Level-4,01,RACK,Available,Test-Air-Freight-Company-Test-Branch,Test Air Freight Company
Site-ATN,Building-DIMI,Zone-MAIN,Aisle-E,Bay-30,Level-5,01,RACK,Available,Test-Air-Freight-Company-Test-Branch,Test Air Freight Company
Site-ATN,Building-DIMI,Zone-MAIN,Aisle-E,Bay-31,Level-1,01,RACK,Available,Test-Air-Freight-Company-Test-Branch,Test Air Freight Company
Site-ATN,Building-DIMI,Zone-MAIN,Aisle-E,Bay-31,Level-2,01,RACK,Available,Test-Air-Freight-Company-Test-Branch,Test Air Freight Company
Site-ATN,Building-DIMI,Zone-MAIN,Aisle-E,Bay-31,Level-3,01,RACK,Available,Test-Air-Freight-Company-Test-Branch,Test Air Freight Company
Site-ATN,Building-DIMI,Zone-MAIN,Aisle-E,Bay-31,Level-4,01,RACK,Available,Test-Air-Freight-Company-Test-Branch,Test Air Freight Company
Site-ATN,Building-DIMI,Zone-MAIN,Aisle-E,Bay-31,Level-5,01,RACK,Available,Test-Air-Freight-Company-Test-Branch,Test Air Freight Company
Site-ATN,Building-DIMI,Zone-MAIN,Aisle-E,Bay-32,Level-1,01,RACK,Available,Test-Air-Freight-Company-Test-Branch,Test Air Freight Company
Site-ATN,Building-DIMI,Zone-MAIN,Aisle-E,Bay-32,Level-2,01,RACK,Available,Test-Air-Freight-Company-Test-Branch,Test Air Freight Company
Site-ATN,Building-DIMI,Zone-MAIN,Aisle-E,Bay-32,Level-3,01,RACK,Available,Test-Air-Freight-Company-Test-Branch,Test Air Freight Company
Site-ATN,Building-DIMI,Zone-MAIN,Aisle-E,Bay-32,Level-4,01,RACK,Available,Test-Air-Freight-Company-Test-Branch,Test Air Freight Company
Site-ATN,Building-DIMI,Zone-MAIN,Aisle-E,Bay-32,Level-5,01,RACK,Available,Test-Air-Freight-Company-Test-Branch,Test Air Freight Company
Site-ATN,Building-DIMI,Zone-MAIN,Aisle-E,Bay-33,Level-1,01,RACK,Available,Test-Air-Freight-Company-Test-Branch,Test Air Freight Company
Site-ATN,Building-DIMI,Zone-MAIN,Aisle-E,Bay-33,Level-2,01,RACK,Available,Test-Air-Freight-Company-Test-Branch,Test Air Freight Company
Site-ATN,Building-DIMI,Zone-MAIN,Aisle-E,Bay-33,Level-3,01,RACK,Available,Test-Air-Freight-Company-Test-Branch,Test Air Freight Company
Site-ATN,Building-DIMI,Zone-MAIN,Aisle-E,Bay-33,Level-4,01,RACK,Available,Test-Air-Freight-Company-Test-Branch,Test Air Freight Company
Site-ATN,Building-DIMI,Zone-MAIN,Aisle-E,Bay-33,Level-5,01,RACK,Available,Test-Air-Freight-Company-Test-Branch,Test Air Freight Company
Site-ATN,Building-DIMI,Zone-MAIN,Aisle-E,Bay-34,Level-1,01,RACK,Available,Test-Air-Freight-Company-Test-Branch,Test Air Freight Company
Site-ATN,Building-DIMI,Zone-MAIN,Aisle-E,Bay-34,Level-2,01,RACK,Available,Test-Air-Freight-Company-Test-Branch,Test Air Freight Company
Site-ATN,Building-DIMI,Zone-MAIN,Aisle-E,Bay-34,Level-3,01,RACK,Available,Test-Air-Freight-Company-Test-Branch,Test Air Freight Company
Site-ATN,Building-DIMI,Zone-MAIN,Aisle-E,Bay-34,Level-4,01,RACK,Available,Test-Air-Freight-Company-Test-Branch,Test Air Freight Company
Site-ATN,Building-DIMI,Zone-MAIN,Aisle-E,Bay-34,Level-5,01,RACK,Available,Test-Air-Freight-Company-Test-Branch,Test Air Freight Company
Site-ATN,Building-DIMI,Zone-MAIN,Aisle-E,Bay-35,Level-1,01,RACK,Available,Test-Air-Freight-Company-Test-Branch,Test Air Freight Company
Site-ATN,Building-DIMI,Zone-MAIN,Aisle-E,Bay-35,Level-2,01,RACK,Available,Test-Air-Freight-Company-Test-Branch,Test Air Freight Company
Site-ATN,Building-DIMI,Zone-MAIN,Aisle-E,Bay-35,Level-3,01,RACK,Available,Test-Air-Freight-Company-Test-Branch,Test Air Freight Company
Site-ATN,Building-DIMI,Zone-MAIN,Aisle-E,Bay-35,Level-4,01,RACK,Available,Test-Air-Freight-Company-Test-Branch,Test Air Freight Company
Site-ATN,Building-DIMI,Zone-MAIN,Aisle-E,Bay-35,Level-5,01,RACK,Available,Test-Air-Freight-Company-Test-Branch,Test Air Freight Company
Site-ATN,Building-DIMI,Zone-MAIN,Aisle-E,Bay-36,Level-1,01,RACK,Available,Test-Air-Freight-Company-Test-Branch,Test Air Freight Company
Site-ATN,Building-DIMI,Zone-MAIN,Aisle-E,Bay-36,Level-2,01,RACK,Available,Test-Air-Freight-Company-Test-Branch,Test Air Freight Company
Site-ATN,Building-DIMI,Zone-MAIN,Aisle-E,Bay-36,Level-3,01,RACK,Available,Test-Air-Freight-Company-Test-Branch,Test Air Freight Company
Site-ATN,Building-DIMI,Zone-MAIN,Aisle-E,Bay-36,Level-4,01,RACK,Available,Test-Air-Freight-Company-Test-Branch,Test Air Freight Company
Site-ATN,Building-DIMI,Zone-MAIN,Aisle-E,Bay-36,Level-5,01,RACK,Available,Test-Air-Freight-Company-Test-Branch,Test Air Freight Company
Site-ATN,Building-DIMI,Zone-MAIN,Aisle-E,Bay-37,Level-1,01,RACK,Available,Test-Air-Freight-Company-Test-Branch,Test Air Freight Company
Site-ATN,Building-DIMI,Zone-MAIN,Aisle-E,Bay-37,Level-2,01,RACK,Available,Test-Air-Freight-Company-Test-Branch,Test Air Freight Company
Site-ATN,Building-DIMI,Zone-MAIN,Aisle-E,Bay-37,Level-3,01,RACK,Available,Test-Air-Freight-Company-Test-Branch,Test Air Freight Company
Site-ATN,Building-DIMI,Zone-MAIN,Aisle-E,Bay-37,Level-4,01,RACK,Available,Test-Air-Freight-Company-Test-Branch,Test Air Freight Company
Site-ATN,Building-DIMI,Zone-MAIN,Aisle-E,Bay-37,Level-5,01,RACK,Available,Test-Air-Freight-Company-Test-Branch,Test Air Freight Company
Site-ATN,Building-DIMI,Zone-MAIN,Aisle-E,Bay-38,Level-1,01,RACK,Available,Test-Air-Freight-Company-Test-Branch,Test Air Freight Company
Site-ATN,Building-DIMI,Zone-MAIN,Aisle-E,Bay-38,Level-2,01,RACK,Available,Test-Air-Freight-Company-Test-Branch,Test Air Freight Company
Site-ATN,Building-DIMI,Zone-MAIN,Aisle-E,Bay-38,Level-3,01,RACK,Available,Test-Air-Freight-Company-Test-Branch,Test Air Freight Company
Site-ATN,Building-DIMI,Zone-MAIN,Aisle-E,Bay-38,Level-4,01,RACK,Available,Test-Air-Freight-Company-Test-Branch,Test Air Freight Company
Site-ATN,Building-DIMI,Zone-MAIN,Aisle-E,Bay-38,Level-5,01,RACK,Available,Test-Air-Freight-Company-Test-Branch,Test Air Freight Company
Site-ATN,Building-DIMI,Zone-MAIN,Aisle-E,Bay-39,Level-1,01,RACK,Available,Test-Air-Freight-Company-Test-Branch,Test Air Freight Company
Site-ATN,Building-DIMI,Zone-MAIN,Aisle-E,Bay-39,Level-2,01,RACK,Available,Test-Air-Freight-Company-Test-Branch,Test Air Freight Company
Site-ATN,Building-DIMI,Zone-MAIN,Aisle-E,Bay-39,Level-3,01,RACK,Available,Test-Air-Freight-Company-Test-Branch,Test Air Freight Company
Site-ATN,Building-DIMI,Zone-MAIN,Aisle-E,Bay-39,Level-4,01,RACK,Available,Test-Air-Freight-Company-Test-Branch,Test Air Freight Company
Site-ATN,Building-DIMI,Zone-MAIN,Aisle-E,Bay-39,Level-5,01,RACK,Available,Test-Air-Freight-Company-Test-Branch,Test Air Freight Company
Site-ATN,Building-DIMI,Zone-MAIN,Aisle-E,Bay-40,Level-1,01,RACK,Available,Test-Air-Freight-Company-Test-Branch,Test Air Freight Company
Site-ATN,Building-DIMI,Zone-MAIN,Aisle-E,Bay-40,Level-2,01,RACK,Available,Test-Air-Freight-Company-Test-Branch,Test Air Freight Company
Site-ATN,Building-DIMI,Zone-MAIN,Aisle-E,Bay-40,Level-3,01,RACK,Available,Test-Air-Freight-Company-Test-Branch,Test Air Freight Company
Site-ATN,Building-DIMI,Zone-MAIN,Aisle-E,Bay-40,Level-4,01,RACK,Available,Test-Air-Freight-Company-Test-Branch,Test Air Freight Company
Site-ATN,Building-DIMI,Zone-MAIN,Aisle-E,Bay-40,Level-5,01,RACK,Available,Test-Air-Freight-Company-Test-Branch,Test Air Freight Company
Site-ATN,Building-DIMI,Zone-MAIN,Aisle-E,Bay-41,Level-1,01,RACK,Available,Test-Air-Freight-Company-Test-Branch,Test Air Freight Company
Site-ATN,Building-DIMI,Zone-MAIN,Aisle-E,Bay-41,Level-2,01,RACK,Available,Test-Air-Freight-Company-Test-Branch,Test Air Freight Company
Site-ATN,Building-DIMI,Zone-MAIN,Aisle-E,Bay-41,Level-3,01,RACK,Available,Test-Air-Freight-Company-Test-Branch,Test Air Freight Company
Site-ATN,Building-DIMI,Zone-MAIN,Aisle-E,Bay-41,Level-4,01,RACK,Available,Test-Air-Freight-Company-Test-Branch,Test Air Freight Company
Site-ATN,Building-DIMI,Zone-MAIN,Aisle-E,Bay-41,Level-5,01,RACK,Available,Test-Air-Freight-Company-Test-Branch,Test Air Freight Company
Site-ATN,Building-DIMI,Zone-MAIN,Aisle-E,Bay-42,Level-1,01,RACK,Available,Test-Air-Freight-Company-Test-Branch,Test Air Freight Company
Site-ATN,Building-DIMI,Zone-MAIN,Aisle-E,Bay-42,Level-2,01,RACK,Available,Test-Air-Freight-Company-Test-Branch,Test Air Freight Company
Site-ATN,Building-DIMI,Zone-MAIN,Aisle-E,Bay-42,Level-3,01,RACK,Available,Test-Air-Freight-Company-Test-Branch,Test Air Freight Company
Site-ATN,Building-DIMI,Zone-MAIN,Aisle-E,Bay-42,Level-4,01,RACK,Available,Test-Air-Freight-Company-Test-Branch,Test Air Freight Company
Site-ATN,Building-DIMI,Zone-MAIN,Aisle-E,Bay-42,Level-5,01,RACK,Available,Test-Air-Freight-Company-Test-Branch,Test Air Freight Company
Site-ATN,Building-DIMI,Zone-MAIN,Aisle-E,Bay-43,Level-1,01,RACK,Available,Test-Air-Freight-Company-Test-Branch,Test Air Freight Company
Site-ATN,Building-DIMI,Zone-MAIN,Aisle-E,Bay-43,Level-2,01,RACK,Available,Test-Air-Freight-Company-Test-Branch,Test Air Freight Company
Site-ATN,Building-DIMI,Zone-MAIN,Aisle-E,Bay-43,Level-3,01,RACK,Available,Test-Air-Freight-Company-Test-Branch,Test Air Freight Company
Site-ATN,Building-DIMI,Zone-MAIN,Aisle-E,Bay-43,Level-4,01,RACK,Available,Test-Air-Freight-Company-Test-Branch,Test Air Freight Company
Site-ATN,Building-DIMI,Zone-MAIN,Aisle-E,Bay-43,Level-5,01,RACK,Available,Test-Air-Freight-Company-Test-Branch,Test Air Freight Company
Site-ATN,Building-DIMI,Zone-MAIN,Aisle-E,Bay-44,Level-1,01,RACK,Available,Test-Air-Freight-Company-Test-Branch,Test Air Freight Company
Site-ATN,Building-DIMI,Zone-MAIN,Aisle-E,Bay-44,Level-2,01,RACK,Available,Test-Air-Freight-Company-Test-Branch,Test Air Freight Company
Site-ATN,Building-DIMI,Zone-MAIN,Aisle-E,Bay-44,Level-3,01,RACK,Available,Test-Air-Freight-Company-Test-Branch,Test Air Freight Company
Site-ATN,Building-DIMI,Zone-MAIN,Aisle-E,Bay-44,Level-4,01,RACK,Available,Test-Air-Freight-Company-Test-Branch,Test Air Freight Company
Site-ATN,Building-DIMI,Zone-MAIN,Aisle-E,Bay-44,Level-5,01,RACK,Available,Test-Air-Freight-Company-Test-Branch,Test Air Freight Company
Site-ATN,Building-DIMI,Zone-MAIN,Aisle-E,Bay-45,Level-1,01,RACK,Available,Test-Air-Freight-Company-Test-Branch,Test Air Freight Company
Site-ATN,Building-DIMI,Zone-MAIN,Aisle-E,Bay-45,Level-2,01,RACK,Available,Test-Air-Freight-Company-Test-Branch,Test Air Freight Company
Site-ATN,Building-DIMI,Zone-MAIN,Aisle-E,Bay-45,Level-3,01,RACK,Available,Test-Air-Freight-Company-Test-Branch,Test Air Freight Company
Site-ATN,Building-DIMI,Zone-MAIN,Aisle-E,Bay-45,Level-4,01,RACK,Available,Test-Air-Freight-Company-Test-Branch,Test Air Freight Company
Site-ATN,Building-DIMI,Zone-MAIN,Aisle-E,Bay-45,Level-5,01,RACK,Available,Test-Air-Freight-Company-Test-Branch,Test Air Freight Company
Site-ATN,Building-DIMI,Zone-MAIN,Aisle-E,Bay-46,Level-1,01,RACK,Available,Test-Air-Freight-Company-Test-Branch,Test Air Freight Company
Site-ATN,Building-DIMI,Zone-MAIN,Aisle-E,Bay-46,Level-2,01,RACK,Available,Test-Air-Freight-Company-Test-Branch,Test Air Freight Company
Site-ATN,Building-DIMI,Zone-MAIN,Aisle-E,Bay-46,Level-3,01,RACK,Available,Test-Air-Freight-Company-Test-Branch,Test Air Freight Company
Site-ATN,Building-DIMI,Zone-MAIN,Aisle-E,Bay-46,Level-4,01,RACK,Available,Test-Air-Freight-Company-Test-Branch,Test Air Freight Company
Site-ATN,Building-DIMI,Zone-MAIN,Aisle-E,Bay-46,Level-5,01,RACK,Available,Test-Air-Freight-Company-Test-Branch,Test Air Freight Company
Site-ATN,Building-DIMI,Zone-MAIN,Aisle-E,Bay-47,Level-1,01,RACK,Available,Test-Air-Freight-Company-Test-Branch,Test Air Freight Company
Site-ATN,Building-DIMI,Zone-MAIN,Aisle-E,Bay-47,Level-2,01,RACK,Available,Test-Air-Freight-Company-Test-Branch,Test Air Freight Company
Site-ATN,Building-DIMI,Zone-MAIN,Aisle-E,Bay-47,Level-3,01,RACK,Available,Test-Air-Freight-Company-Test-Branch,Test Air Freight Company
Site-ATN,Building-DIMI,Zone-MAIN,Aisle-E,Bay-47,Level-4,01,RACK,Available,Test-Air-Freight-Company-Test-Branch,Test Air Freight Company
Site-ATN,Building-DIMI,Zone-MAIN,Aisle-E,Bay-47,Level-5,01,RACK,Available,Test-Air-Freight-Company-Test-Branch,Test Air Freight Company
Site-ATN,Building-DIMI,Zone-MAIN,Aisle-E,Bay-48,Level-1,01,RACK,Available,Test-Air-Freight-Company-Test-Branch,Test Air Freight Company
Site-ATN,Building-DIMI,Zone-MAIN,Aisle-E,Bay-48,Level-2,01,RACK,Available,Test-Air-Freight-Company-Test-Branch,Test Air Freight Company
Site-ATN,Building-DIMI,Zone-MAIN,Aisle-E,Bay-48,Level-3,01,RACK,Available,Test-Air-Freight-Company-Test-Branch,Test Air Freight Company
Site-ATN,Building-DIMI,Zone-MAIN,Aisle-E,Bay-48,Level-4,01,RACK,Available,Test-Air-Freight-Company-Test-Branch,Test Air Freight Company
Site-ATN,Building-DIMI,Zone-MAIN,Aisle-E,Bay-48,Level-5,01,RACK,Available,Test-Air-Freight-Company-Test-Branch,Test Air Freight Company
Site-ATN,Building-DIMI,Zone-MAIN,Aisle-E,Bay-49,Level-1,01,RACK,Available,Test-Air-Freight-Company-Test-Branch,Test Air Freight Company
Site-ATN,Building-DIMI,Zone-MAIN,Aisle-E,Bay-49,Level-2,01,RACK,Available,Test-Air-Freight-Company-Test-Branch,Test Air Freight Company
Site-ATN,Building-DIMI,Zone-MAIN,Aisle-E,Bay-49,Level-3,01,RACK,Available,Test-Air-Freight-Company-Test-Branch,Test Air Freight Company
Site-ATN,Building-DIMI,Zone-MAIN,Aisle-E,Bay-49,Level-4,01,RACK,Available,Test-Air-Freight-Company-Test-Branch,Test Air Freight Company
Site-ATN,Building-DIMI,Zone-MAIN,Aisle-E,Bay-49,Level-5,01,RACK,Available,Test-Air-Freight-Company-Test-Branch,Test Air Freight Company
Site-ATN,Building-DIMI,Zone-MAIN,Aisle-E,Bay-50,Level-1,01,RACK,Available,Test-Air-Freight-Company-Test-Branch,Test Air Freight Company
Site-ATN,Building-DIMI,Zone-MAIN,Aisle-E,Bay-50,Level-2,01,RACK,Available,Test-Air-Freight-Company-Test-Branch,Test Air Freight Company
Site-ATN,Building-DIMI,Zone-MAIN,Aisle-E,Bay-50,Level-3,01,RACK,Available,Test-Air-Freight-Company-Test-Branch,Test Air Freight Company
Site-ATN,Building-DIMI,Zone-MAIN,Aisle-E,Bay-50,Level-4,01,RACK,Available,Test-Air-Freight-Company-Test-Branch,Test Air Freight Company
Site-ATN,Building-DIMI,Zone-MAIN,Aisle-E,Bay-50,Level-5,01,RACK,Available,Test-Air-Freight-Company-Test-Branch,Test Air Freight Company
Site-ATN,Building-DIMI,Zone-MAIN,Aisle-E,Bay-51,Level-1,01,RACK,Available,Test-Air-Freight-Company-Test-Branch,Test Air Freight Company
Site-ATN,Building-DIMI,Zone-MAIN,Aisle-E,Bay-51,Level-2,01,RACK,Available,Test-Air-Freight-Company-Test-Branch,Test Air Freight Company
Site-ATN,Building-DIMI,Zone-MAIN,Aisle-E,Bay-51,Level-3,01,RACK,Available,Test-Air-Freight-Company-Test-Branch,Test Air Freight Company
Site-ATN,Building-DIMI,Zone-MAIN,Aisle-E,Bay-51,Level-4,01,RACK,Available,Test-Air-Freight-Company-Test-Branch,Test Air Freight Company
Site-ATN,Building-DIMI,Zone-MAIN,Aisle-E,Bay-51,Level-5,01,RACK,Available,Test-Air-Freight-Company-Test-Branch,Test Air Freight Company
Site-ATN,Building-DIMI,Zone-MAIN,Aisle-E,Bay-52,Level-1,01,RACK,Available,Test-Air-Freight-Company-Test-Branch,Test Air Freight Company
Site-ATN,Building-DIMI,Zone-MAIN,Aisle-E,Bay-52,Level-2,01,RACK,Available,Test-Air-Freight-Company-Test-Branch,Test Air Freight Company
Site-ATN,Building-DIMI,Zone-MAIN,Aisle-E,Bay-52,Level-3,01,RACK,Available,Test-Air-Freight-Company-Test-Branch,Test Air Freight Company
Site-ATN,Building-DIMI,Zone-MAIN,Aisle-E,Bay-52,Level-4,01,RACK,Available,Test-Air-Freight-Company-Test-Branch,Test Air Freight Company
Site-ATN,Building-DIMI,Zone-MAIN,Aisle-E,Bay-52,Level-5,01,RACK,Available,Test-Air-Freight-Company-Test-Branch,Test Air Freight Company
Site-ATN,Building-DIMI,Zone-MAIN,Aisle-E,Bay-53,Level-1,01,RACK,Available,Test-Air-Freight-Company-Test-Branch,Test Air Freight Company
Site-ATN,Building-DIMI,Zone-MAIN,Aisle-E,Bay-53,Level-2,01,RACK,Available,Test-Air-Freight-Company-Test-Branch,Test Air Freight Company
Site-ATN,Building-DIMI,Zone-MAIN,Aisle-E,Bay-53,Level-3,01,RACK,Available,Test-Air-Freight-Company-Test-Branch,Test Air Freight Company
Site-ATN,Building-DIMI,Zone-MAIN,Aisle-E,Bay-53,Level-4,01,RACK,Available,Test-Air-Freight-Company-Test-Branch,Test Air Freight Company
Site-ATN,Building-DIMI,Zone-MAIN,Aisle-E,Bay-53,Level-5,01,RACK,Available,Test-Air-Freight-Company-Test-Branch,Test Air Freight Company
Site-ATN,Building-DIMI,Zone-MAIN,Aisle-E,Bay-54,Level-1,01,RACK,Available,Test-Air-Freight-Company-Test-Branch,Test Air Freight Company
Site-ATN,Building-DIMI,Zone-MAIN,Aisle-E,Bay-54,Level-2,01,RACK,Available,Test-Air-Freight-Company-Test-Branch,Test Air Freight Company
Site-ATN,Building-DIMI,Zone-MAIN,Aisle-E,Bay-54,Level-3,01,RACK,Available,Test-Air-Freight-Company-Test-Branch,Test Air Freight Company
Site-ATN,Building-DIMI,Zone-MAIN,Aisle-E,Bay-54,Level-4,01,RACK,Available,Test-Air-Freight-Company-Test-Branch,Test Air Freight Company
Site-ATN,Building-DIMI,Zone-MAIN,Aisle-E,Bay-54,Level-5,01,RACK,Available,Test-Air-Freight-Company-Test-Branch,Test Air Freight Company
Site-ATN,Building-DIMI,Zone-MAIN,Aisle-E,Bay-55,Level-1,01,RACK,Available,Test-Air-Freight-Company-Test-Branch,Test Air Freight Company
Site-ATN,Building-DIMI,Zone-MAIN,Aisle-E,Bay-55,Level-2,01,RACK,Available,Test-Air-Freight-Company-Test-Branch,Test Air Freight Company
Site-ATN,Building-DIMI,Zone-MAIN,Aisle-E,Bay-55,Level-3,01,RACK,Available,Test-Air-Freight-Company-Test-Branch,Test Air Freight Company
Site-ATN,Building-DIMI,Zone-MAIN,Aisle-E,Bay-55,Level-4,01,RACK,Available,Test-Air-Freight-Company-Test-Branch,Test Air Freight Company
Site-ATN,Building-DIMI,Zone-MAIN,Aisle-E,Bay-55,Level-5,01,RACK,Available,Test-Air-Freight-Company-Test-Branch,Test Air Freight Company
Site-ATN,Building-DIMI,Zone-MAIN,Aisle-E,Bay-56,Level-1,01,RACK,Available,Test-Air-Freight-Company-Test-Branch,Test Air Freight Company
Site-ATN,Building-DIMI,Zone-MAIN,Aisle-E,Bay-56,Level-2,01,RACK,Available,Test-Air-Freight-Company-Test-Branch,Test Air Freight Company
Site-ATN,Building-DIMI,Zone-MAIN,Aisle-E,Bay-56,Level-3,01,RACK,Available,Test-Air-Freight-Company-Test-Branch,Test Air Freight Company
Site-ATN,Building-DIMI,Zone-MAIN,Aisle-E,Bay-56,Level-4,01,RACK,Available,Test-Air-Freight-Company-Test-Branch,Test Air Freight Company
Site-ATN,Building-DIMI,Zone-MAIN,Aisle-E,Bay-56,Level-5,01,RACK,Available,Test-Air-Freight-Company-Test-Branch,Test Air Freight Company
Site-ATN,Building-DIMI,Zone-MAIN,Aisle-E,Bay-57,Level-1,01,RACK,Available,Test-Air-Freight-Company-Test-Branch,Test Air Freight Company
Site-ATN,Building-DIMI,Zone-MAIN,Aisle-E,Bay-57,Level-2,01,RACK,Available,Test-Air-Freight-Company-Test-Branch,Test Air Freight Company
Site-ATN,Building-DIMI,Zone-MAIN,Aisle-E,Bay-57,Level-3,01,RACK,Available,Test-Air-Freight-Company-Test-Branch,Test Air Freight Company
Site-ATN,Building-DIMI,Zone-MAIN,Aisle-E,Bay-57,Level-4,01,RACK,Available,Test-Air-Freight-Company-Test-Branch,Test Air Freight Company
Site-ATN,Building-DIMI,Zone-MAIN,Aisle-E,Bay-57,Level-5,01,RACK,Available,Test-Air-Freight-Company-Test-Branch,Test Air Freight Company
Site-ATN,Building-DIMI,Zone-MAIN,Aisle-E,Bay-58,Level-1,01,RACK,Available,Test-Air-Freight-Company-Test-Branch,Test Air Freight Company
Site-ATN,Building-DIMI,Zone-MAIN,Aisle-E,Bay-58,Level-2,01,RACK,Available,Test-Air-Freight-Company-Test-Branch,Test Air Freight Company
Site-ATN,Building-DIMI,Zone-MAIN,Aisle-E,Bay-58,Level-3,01,RACK,Available,Test-Air-Freight-Company-Test-Branch,Test Air Freight Company
Site-ATN,Building-DIMI,Zone-MAIN,Aisle-E,Bay-58,Level-4,01,RACK,Available,Test-Air-Freight-Company-Test-Branch,Test Air Freight Company
Site-ATN,Building-DIMI,Zone-MAIN,Aisle-E,Bay-58,Level-5,01,RACK,Available,Test-Air-Freight-Company-Test-Branch,Test Air Freight Company
Site-ATN,Building-DIMI,Zone-MAIN,Aisle-E,Bay-59,Level-1,01,RACK,Available,Test-Air-Freight-Company-Test-Branch,Test Air Freight Company
Site-ATN,Building-DIMI,Zone-MAIN,Aisle-E,Bay-59,Level-2,01,RACK,Available,Test-Air-Freight-Company-Test-Branch,Test Air Freight Company
Site-ATN,Building-DIMI,Zone-MAIN,Aisle-E,Bay-59,Level-3,01,RACK,Available,Test-Air-Freight-Company-Test-Branch,Test Air Freight Company
Site-ATN,Building-DIMI,Zone-MAIN,Aisle-E,Bay-59,Level-4,01,RACK,Available,Test-Air-Freight-Company-Test-Branch,Test Air Freight Company
Site-ATN,Building-DIMI,Zone-MAIN,Aisle-E,Bay-59,Level-5,01,RACK,Available,Test-Air-Freight-Company-Test-Branch,Test Air Freight Company
Site-ATN,Building-DIMI,Zone-MAIN,Aisle-E,Bay-60,Level-1,01,RACK,Available,Test-Air-Freight-Company-Test-Branch,Test Air Freight Company
Site-ATN,Building-DIMI,Zone-MAIN,Aisle-E,Bay-60,Level-2,01,RACK,Available,Test-Air-Freight-Company-Test-Branch,Test Air Freight Company
Site-ATN,Building-DIMI,Zone-MAIN,Aisle-E,Bay-60,Level-3,01,RACK,Available,Test-Air-Freight-Company-Test-Branch,Test Air Freight Company
Site-ATN,Building-DIMI,Zone-MAIN,Aisle-E,Bay-60,Level-4,01,RACK,Available,Test-Air-Freight-Company-Test-Branch,Test Air Freight Company
Site-ATN,Building-DIMI,Zone-MAIN,Aisle-E,Bay-60,Level-5,01,RACK,Available,Test-Air-Freight-Company-Test-Branch,Test Air Freight Company
Site-ATN,Building-DIMI,Zone-MAIN,Aisle-E,Bay-61,Level-1,01,RACK,Available,Test-Air-Freight-Company-Test-Branch,Test Air Freight Company
Site-ATN,Building-DIMI,Zone-MAIN,Aisle-E,Bay-61,Level-2,01,RACK,Available,Test-Air-Freight-Company-Test-Branch,Test Air Freight Company
Site-ATN,Building-DIMI,Zone-MAIN,Aisle-E,Bay-61,Level-3,01,RACK,Available,Test-Air-Freight-Company-Test-Branch,Test Air Freight Company
Site-ATN,Building-DIMI,Zone-MAIN,Aisle-E,Bay-61,Level-4,01,RACK,Available,Test-Air-Freight-Company-Test-Branch,Test Air Freight Company
Site-ATN,Building-DIMI,Zone-MAIN,Aisle-E,Bay-61,Level-5,01,RACK,Available,Test-Air-Freight-Company-Test-Branch,Test Air Freight Company
Site-ATN,Building-DIMI,Zone-MAIN,Aisle-E,Bay-62,Level-1,01,RACK,Available,Test-Air-Freight-Company-Test-Branch,Test Air Freight Company
Site-ATN,Building-DIMI,Zone-MAIN,Aisle-E,Bay-62,Level-2,01,RACK,Available,Test-Air-Freight-Company-Test-Branch,Test Air Freight Company
Site-ATN,Building-DIMI,Zone-MAIN,Aisle-E,Bay-62,Level-3,01,RACK,Available,Test-Air-Freight-Company-Test-Branch,Test Air Freight Company
Site-ATN,Building-DIMI,Zone-MAIN,Aisle-E,Bay-62,Level-4,01,RACK,Available,Test-Air-Freight-Company-Test-Branch,Test Air Freight Company
Site-ATN,Building-DIMI,Zone-MAIN,Aisle-E,Bay-62,Level-5,01,RACK,Available,Test-Air-Freight-Company-Test-Branch,Test Air Freight Company
Site-ATN,Building-DIMI,Zone-MAIN,Aisle-E,Bay-63,Level-1,01,RACK,Available,Test-Air-Freight-Company-Test-Branch,Test Air Freight Company
Site-ATN,Building-DIMI,Zone-MAIN,Aisle-E,Bay-63,Level-2,01,RACK,Available,Test-Air-Freight-Company-Test-Branch,Test Air Freight Company
Site-ATN,Building-DIMI,Zone-MAIN,Aisle-E,Bay-63,Level-3,01,RACK,Available,Test-Air-Freight-Company-Test-Branch,Test Air Freight Company
Site-ATN,Building-DIMI,Zone-MAIN,Aisle-E,Bay-63,Level-4,01,RACK,Available,Test-Air-Freight-Company-Test-Branch,Test Air Freight Company
Site-ATN,Building-DIMI,Zone-MAIN,Aisle-E,Bay-63,Level-5,01,RACK,Available,Test-Air-Freight-Company-Test-Branch,Test Air Freight Company
Site-ATN,Building-DIMI,Zone-MAIN,Aisle-E,Bay-64,Level-1,01,RACK,Available,Test-Air-Freight-Company-Test-Branch,Test Air Freight Company
Site-ATN,Building-DIMI,Zone-MAIN,Aisle-E,Bay-64,Level-2,01,RACK,Available,Test-Air-Freight-Company-Test-Branch,Test Air Freight Company
Site-ATN,Building-DIMI,Zone-MAIN,Aisle-E,Bay-64,Level-3,01,RACK,Available,Test-Air-Freight-Company-Test-Branch,Test Air Freight Company
Site-ATN,Building-DIMI,Zone-MAIN,Aisle-E,Bay-64,Level-4,01,RACK,Available,Test-Air-Freight-Company-Test-Branch,Test Air Freight Company
Site-ATN,Building-DIMI,Zone-MAIN,Aisle-E,Bay-64,Level-5,01,RACK,Available,Test-Air-Freight-Company-Test-Branch,Test Air Freight Company
Site-ATN,Building-DIMI,Zone-MAIN,Aisle-E,Bay-65,Level-1,01,RACK,Available,Test-Air-Freight-Company-Test-Branch,Test Air Freight Company
Site-ATN,Building-DIMI,Zone-MAIN,Aisle-E,Bay-65,Level-2,01,RACK,Available,Test-Air-Freight-Company-Test-Branch,Test Air Freight Company
Site-ATN,Building-DIMI,Zone-MAIN,Aisle-E,Bay-65,Level-3,01,RACK,Available,Test-Air-Freight-Company-Test-Branch,Test Air Freight Company
Site-ATN,Building-DIMI,Zone-MAIN,Aisle-E,Bay-65,Level-4,01,RACK,Available,Test-Air-Freight-Company-Test-Branch,Test Air Freight Company
Site-ATN,Building-DIMI,Zone-MAIN,Aisle-E,Bay-65,Level-5,01,RACK,Available,Test-Air-Freight-Company-Test-Branch,Test Air Freight Company
Site-ATN,Building-DIMI,Zone-MAIN,Aisle-E,Bay-66,Level-1,01,RACK,Available,Test-Air-Freight-Company-Test-Branch,Test Air Freight Company
Site-ATN,Building-DIMI,Zone-MAIN,Aisle-E,Bay-66,Level-2,01,RACK,Available,Test-Air-Freight-Company-Test-Branch,Test Air Freight Company
Site-ATN,Building-DIMI,Zone-MAIN,Aisle-E,Bay-66,Level-3,01,RACK,Available,Test-Air-Freight-Company-Test-Branch,Test Air Freight Company
Site-ATN,Building-DIMI,Zone-MAIN,Aisle-E,Bay-66,Level-4,01,RACK,Available,Test-Air-Freight-Company-Test-Branch,Test Air Freight Company
Site-ATN,Building-DIMI,Zone-MAIN,Aisle-E,Bay-66,Level-5,01,RACK,Available,Test-Air-Freight-Company-Test-Branch,Test Air Freight Company
Site-ATN,Building-DIMI,Zone-MAIN,Aisle-E,Bay-67,Level-1,01,RACK,Available,Test-Air-Freight-Company-Test-Branch,Test Air Freight Company
Site-ATN,Building-DIMI,Zone-MAIN,Aisle-E,Bay-67,Level-2,01,RACK,Available,Test-Air-Freight-Company-Test-Branch,Test Air Freight Company
Site-ATN,Building-DIMI,Zone-MAIN,Aisle-E,Bay-67,Level-3,01,RACK,Available,Test-Air-Freight-Company-Test-Branch,Test Air Freight Company
Site-ATN,Building-DIMI,Zone-MAIN,Aisle-E,Bay-67,Level-4,01,RACK,Available,Test-Air-Freight-Company-Test-Branch,Test Air Freight Company
Site-ATN,Building-DIMI,Zone-MAIN,Aisle-E,Bay-67,Level-5,01,RACK,Available,Test-Air-Freight-Company-Test-Branch,Test Air Freight Company
Site-ATN,Building-DIMI,Zone-MAIN,Aisle-E,Bay-68,Level-1,01,RACK,Available,Test-Air-Freight-Company-Test-Branch,Test Air Freight Company
Site-ATN,Building-DIMI,Zone-MAIN,Aisle-E,Bay-68,Level-2,01,RACK,Available,Test-Air-Freight-Company-Test-Branch,Test Air Freight Company
Site-ATN,Building-DIMI,Zone-MAIN,Aisle-E,Bay-68,Level-3,01,RACK,Available,Test-Air-Freight-Company-Test-Branch,Test Air Freight Company
Site-ATN,Building-DIMI,Zone-MAIN,Aisle-E,Bay-68,Level-4,01,RACK,Available,Test-Air-Freight-Company-Test-Branch,Test Air Freight Company
Site-ATN,Building-DIMI,Zone-MAIN,Aisle-E,Bay-68,Level-5,01,RACK,Available,Test-Air-Freight-Company-Test-Branch,Test Air Freight Company
Site-ATN,Building-DIMI,Zone-MAIN,Aisle-F,Bay-01,Level-1,01,RACK,Available,Test-Air-Freight-Company-Test-Branch,Test Air Freight Company
Site-ATN,Building-DIMI,Zone-MAIN,Aisle-F,Bay-01,Level-2,01,RACK,Available,Test-Air-Freight-Company-Test-Branch,Test Air Freight Company
Site-ATN,Building-DIMI,Zone-MAIN,Aisle-F,Bay-01,Level-3,01,RACK,Available,Test-Air-Freight-Company-Test-Branch,Test Air Freight Company
Site-ATN,Building-DIMI,Zone-MAIN,Aisle-F,Bay-01,Level-4,01,RACK,Available,Test-Air-Freight-Company-Test-Branch,Test Air Freight Company
Site-ATN,Building-DIMI,Zone-MAIN,Aisle-F,Bay-02,Level-1,01,RACK,Available,Test-Air-Freight-Company-Test-Branch,Test Air Freight Company
Site-ATN,Building-DIMI,Zone-MAIN,Aisle-F,Bay-02,Level-2,01,RACK,Available,Test-Air-Freight-Company-Test-Branch,Test Air Freight Company
Site-ATN,Building-DIMI,Zone-MAIN,Aisle-F,Bay-02,Level-3,01,RACK,Available,Test-Air-Freight-Company-Test-Branch,Test Air Freight Company
Site-ATN,Building-DIMI,Zone-MAIN,Aisle-F,Bay-02,Level-4,01,RACK,Available,Test-Air-Freight-Company-Test-Branch,Test Air Freight Company
Site-ATN,Building-DIMI,Zone-MAIN,Aisle-F,Bay-03,Level-1,01,RACK,Available,Test-Air-Freight-Company-Test-Branch,Test Air Freight Company
Site-ATN,Building-DIMI,Zone-MAIN,Aisle-F,Bay-03,Level-2,01,RACK,Available,Test-Air-Freight-Company-Test-Branch,Test Air Freight Company
Site-ATN,Building-DIMI,Zone-MAIN,Aisle-F,Bay-03,Level-3,01,RACK,Available,Test-Air-Freight-Company-Test-Branch,Test Air Freight Company
Site-ATN,Building-DIMI,Zone-MAIN,Aisle-F,Bay-03,Level-4,01,RACK,Available,Test-Air-Freight-Company-Test-Branch,Test Air Freight Company
Site-ATN,Building-DIMI,Zone-MAIN,Aisle-F,Bay-04,Level-1,01,RACK,Available,Test-Air-Freight-Company-Test-Branch,Test Air Freight Company
Site-ATN,Building-DIMI,Zone-MAIN,Aisle-F,Bay-04,Level-2,01,RACK,Available,Test-Air-Freight-Company-Test-Branch,Test Air Freight Company
Site-ATN,Building-DIMI,Zone-MAIN,Aisle-F,Bay-04,Level-3,01,RACK,Available,Test-Air-Freight-Company-Test-Branch,Test Air Freight Company
Site-ATN,Building-DIMI,Zone-MAIN,Aisle-F,Bay-04,Level-4,01,RACK,Available,Test-Air-Freight-Company-Test-Branch,Test Air Freight Company
Site-ATN,Building-DIMI,Zone-MAIN,Aisle-F,Bay-05,Level-1,01,RACK,Available,Test-Air-Freight-Company-Test-Branch,Test Air Freight Company
Site-ATN,Building-DIMI,Zone-MAIN,Aisle-F,Bay-05,Level-2,01,RACK,Available,Test-Air-Freight-Company-Test-Branch,Test Air Freight Company
Site-ATN,Building-DIMI,Zone-MAIN,Aisle-F,Bay-05,Level-3,01,RACK,Available,Test-Air-Freight-Company-Test-Branch,Test Air Freight Company
Site-ATN,Building-DIMI,Zone-MAIN,Aisle-F,Bay-05,Level-4,01,RACK,Available,Test-Air-Freight-Company-Test-Branch,Test Air Freight Company
Site-ATN,Building-DIMI,Zone-MAIN,Aisle-F,Bay-06,Level-1,01,RACK,Available,Test-Air-Freight-Company-Test-Branch,Test Air Freight Company
Site-ATN,Building-DIMI,Zone-MAIN,Aisle-F,Bay-06,Level-2,01,RACK,Available,Test-Air-Freight-Company-Test-Branch,Test Air Freight Company
Site-ATN,Building-DIMI,Zone-MAIN,Aisle-F,Bay-06,Level-3,01,RACK,Available,Test-Air-Freight-Company-Test-Branch,Test Air Freight Company
Site-ATN,Building-DIMI,Zone-MAIN,Aisle-F,Bay-06,Level-4,01,RACK,Available,Test-Air-Freight-Company-Test-Branch,Test Air Freight Company
Site-ATN,Building-DIMI,Zone-MAIN,Aisle-F,Bay-07,Level-1,01,RACK,Available,Test-Air-Freight-Company-Test-Branch,Test Air Freight Company
Site-ATN,Building-DIMI,Zone-MAIN,Aisle-F,Bay-07,Level-2,01,RACK,Available,Test-Air-Freight-Company-Test-Branch,Test Air Freight Company
Site-ATN,Building-DIMI,Zone-MAIN,Aisle-F,Bay-07,Level-3,01,RACK,Available,Test-Air-Freight-Company-Test-Branch,Test Air Freight Company
Site-ATN,Building-DIMI,Zone-MAIN,Aisle-F,Bay-07,Level-4,01,RACK,Available,Test-Air-Freight-Company-Test-Branch,Test Air Freight Company
Site-ATN,Building-DIMI,Zone-MAIN,Aisle-F,Bay-08,Level-1,01,RACK,Available,Test-Air-Freight-Company-Test-Branch,Test Air Freight Company
Site-ATN,Building-DIMI,Zone-MAIN,Aisle-F,Bay-08,Level-2,01,RACK,Available,Test-Air-Freight-Company-Test-Branch,Test Air Freight Company
Site-ATN,Building-DIMI,Zone-MAIN,Aisle-F,Bay-08,Level-3,01,RACK,Available,Test-Air-Freight-Company-Test-Branch,Test Air Freight Company
Site-ATN,Building-DIMI,Zone-MAIN,Aisle-F,Bay-08,Level-4,01,RACK,Available,Test-Air-Freight-Company-Test-Branch,Test Air Freight Company
Site-ATN,Building-DIMI,Zone-MAIN,Aisle-F,Bay-09,Level-1,01,RACK,Available,Test-Air-Freight-Company-Test-Branch,Test Air Freight Company
Site-ATN,Building-DIMI,Zone-MAIN,Aisle-F,Bay-09,Level-2,01,RACK,Available,Test-Air-Freight-Company-Test-Branch,Test Air Freight Company
Site-ATN,Building-DIMI,Zone-MAIN,Aisle-F,Bay-09,Level-3,01,RACK,Available,Test-Air-Freight-Company-Test-Branch,Test Air Freight Company
Site-ATN,Building-DIMI,Zone-MAIN,Aisle-F,Bay-09,Level-4,01,RACK,Available,Test-Air-Freight-Company-Test-Branch,Test Air Freight Company
Site-ATN,Building-DIMI,Zone-MAIN,Aisle-F,Bay-10,Level-1,01,RACK,Available,Test-Air-Freight-Company-Test-Branch,Test Air Freight Company
Site-ATN,Building-DIMI,Zone-MAIN,Aisle-F,Bay-10,Level-2,01,RACK,Available,Test-Air-Freight-Company-Test-Branch,Test Air Freight Company
Site-ATN,Building-DIMI,Zone-MAIN,Aisle-F,Bay-10,Level-3,01,RACK,Available,Test-Air-Freight-Company-Test-Branch,Test Air Freight Company
Site-ATN,Building-DIMI,Zone-MAIN,Aisle-F,Bay-10,Level-4,01,RACK,Available,Test-Air-Freight-Company-Test-Branch,Test Air Freight Company
Site-ATN,Building-DIMI,Zone-MAIN,Aisle-F,Bay-11,Level-1,01,RACK,Available,Test-Air-Freight-Company-Test-Branch,Test Air Freight Company
Site-ATN,Building-DIMI,Zone-MAIN,Aisle-F,Bay-11,Level-2,01,RACK,Available,Test-Air-Freight-Company-Test-Branch,Test Air Freight Company
Site-ATN,Building-DIMI,Zone-MAIN,Aisle-F,Bay-11,Level-3,01,RACK,Available,Test-Air-Freight-Company-Test-Branch,Test Air Freight Company
Site-ATN,Building-DIMI,Zone-MAIN,Aisle-F,Bay-11,Level-4,01,RACK,Available,Test-Air-Freight-Company-Test-Branch,Test Air Freight Company
Site-ATN,Building-DIMI,Zone-MAIN,Aisle-F,Bay-12,Level-1,01,RACK,Available,Test-Air-Freight-Company-Test-Branch,Test Air Freight Company
Site-ATN,Building-DIMI,Zone-MAIN,Aisle-F,Bay-12,Level-2,01,RACK,Available,Test-Air-Freight-Company-Test-Branch,Test Air Freight Company
Site-ATN,Building-DIMI,Zone-MAIN,Aisle-F,Bay-12,Level-3,01,RACK,Available,Test-Air-Freight-Company-Test-Branch,Test Air Freight Company
Site-ATN,Building-DIMI,Zone-MAIN,Aisle-F,Bay-12,Level-4,01,RACK,Available,Test-Air-Freight-Company-Test-Branch,Test Air Freight Company
Site-ATN,Building-DIMI,Zone-MAIN,Aisle-F,Bay-13,Level-1,01,RACK,Available,Test-Air-Freight-Company-Test-Branch,Test Air Freight Company
Site-ATN,Building-DIMI,Zone-MAIN,Aisle-F,Bay-13,Level-2,01,RACK,Available,Test-Air-Freight-Company-Test-Branch,Test Air Freight Company
Site-ATN,Building-DIMI,Zone-MAIN,Aisle-F,Bay-13,Level-3,01,RACK,Available,Test-Air-Freight-Company-Test-Branch,Test Air Freight Company
Site-ATN,Building-DIMI,Zone-MAIN,Aisle-F,Bay-13,Level-4,01,RACK,Available,Test-Air-Freight-Company-Test-Branch,Test Air Freight Company
Site-ATN,Building-DIMI,Zone-MAIN,Aisle-F,Bay-14,Level-1,01,RACK,Available,Test-Air-Freight-Company-Test-Branch,Test Air Freight Company
Site-ATN,Building-DIMI,Zone-MAIN,Aisle-F,Bay-14,Level-2,01,RACK,Available,Test-Air-Freight-Company-Test-Branch,Test Air Freight Company
Site-ATN,Building-DIMI,Zone-MAIN,Aisle-F,Bay-14,Level-3,01,RACK,Available,Test-Air-Freight-Company-Test-Branch,Test Air Freight Company
Site-ATN,Building-DIMI,Zone-MAIN,Aisle-F,Bay-14,Level-4,01,RACK,Available,Test-Air-Freight-Company-Test-Branch,Test Air Freight Company
Site-ATN,Building-DIMI,Zone-MAIN,Aisle-F,Bay-15,Level-1,01,RACK,Available,Test-Air-Freight-Company-Test-Branch,Test Air Freight Company
Site-ATN,Building-DIMI,Zone-MAIN,Aisle-F,Bay-15,Level-2,01,RACK,Available,Test-Air-Freight-Company-Test-Branch,Test Air Freight Company
Site-ATN,Building-DIMI,Zone-MAIN,Aisle-F,Bay-15,Level-3,01,RACK,Available,Test-Air-Freight-Company-Test-Branch,Test Air Freight Company
Site-ATN,Building-DIMI,Zone-MAIN,Aisle-F,Bay-15,Level-4,01,RACK,Available,Test-Air-Freight-Company-Test-Branch,Test Air Freight Company
Site-ATN,Building-DIMI,Zone-MAIN,Aisle-F,Bay-16,Level-1,01,RACK,Available,Test-Air-Freight-Company-Test-Branch,Test Air Freight Company
Site-ATN,Building-DIMI,Zone-MAIN,Aisle-F,Bay-16,Level-2,01,RACK,Available,Test-Air-Freight-Company-Test-Branch,Test Air Freight Company
Site-ATN,Building-DIMI,Zone-MAIN,Aisle-F,Bay-16,Level-3,01,RACK,Available,Test-Air-Freight-Company-Test-Branch,Test Air Freight Company
Site-ATN,Building-DIMI,Zone-MAIN,Aisle-F,Bay-16,Level-4,01,RACK,Available,Test-Air-Freight-Company-Test-Branch,Test Air Freight Company
Site-ATN,Building-DIMI,Zone-MAIN,Aisle-F,Bay-17,Level-1,01,RACK,Available,Test-Air-Freight-Company-Test-Branch,Test Air Freight Company
Site-ATN,Building-DIMI,Zone-MAIN,Aisle-F,Bay-17,Level-2,01,RACK,Available,Test-Air-Freight-Company-Test-Branch,Test Air Freight Company
Site-ATN,Building-DIMI,Zone-MAIN,Aisle-F,Bay-17,Level-3,01,RACK,Available,Test-Air-Freight-Company-Test-Branch,Test Air Freight Company
Site-ATN,Building-DIMI,Zone-MAIN,Aisle-F,Bay-17,Level-4,01,RACK,Available,Test-Air-Freight-Company-Test-Branch,Test Air Freight Company
Site-ATN,Building-DIMI,Zone-MAIN,Aisle-F,Bay-18,Level-1,01,RACK,Available,Test-Air-Freight-Company-Test-Branch,Test Air Freight Company
Site-ATN,Building-DIMI,Zone-MAIN,Aisle-F,Bay-18,Level-2,01,RACK,Available,Test-Air-Freight-Company-Test-Branch,Test Air Freight Company
Site-ATN,Building-DIMI,Zone-MAIN,Aisle-F,Bay-18,Level-3,01,RACK,Available,Test-Air-Freight-Company-Test-Branch,Test Air Freight Company
Site-ATN,Building-DIMI,Zone-MAIN,Aisle-F,Bay-18,Level-4,01,RACK,Available,Test-Air-Freight-Company-Test-Branch,Test Air Freight Company
Site-ATN,Building-DIMI,Zone-MAIN,Aisle-F,Bay-19,Level-1,01,RACK,Available,Test-Air-Freight-Company-Test-Branch,Test Air Freight Company
Site-ATN,Building-DIMI,Zone-MAIN,Aisle-F,Bay-19,Level-2,01,RACK,Available,Test-Air-Freight-Company-Test-Branch,Test Air Freight Company
Site-ATN,Building-DIMI,Zone-MAIN,Aisle-F,Bay-19,Level-3,01,RACK,Available,Test-Air-Freight-Company-Test-Branch,Test Air Freight Company
Site-ATN,Building-DIMI,Zone-MAIN,Aisle-F,Bay-19,Level-4,01,RACK,Available,Test-Air-Freight-Company-Test-Branch,Test Air Freight Company
Site-ATN,Building-DIMI,Zone-MAIN,Aisle-F,Bay-20,Level-1,01,RACK,Available,Test-Air-Freight-Company-Test-Branch,Test Air Freight Company
Site-ATN,Building-DIMI,Zone-MAIN,Aisle-F,Bay-20,Level-2,01,RACK,Available,Test-Air-Freight-Company-Test-Branch,Test Air Freight Company
Site-ATN,Building-DIMI,Zone-MAIN,Aisle-F,Bay-20,Level-3,01,RACK,Available,Test-Air-Freight-Company-Test-Branch,Test Air Freight Company
Site-ATN,Building-DIMI,Zone-MAIN,Aisle-F,Bay-20,Level-4,01,RACK,Available,Test-Air-Freight-Company-Test-Branch,Test Air Freight Company
Site-ATN,Building-DIMI,Zone-MAIN,Aisle-F,Bay-21,Level-1,01,RACK,Available,Test-Air-Freight-Company-Test-Branch,Test Air Freight Company
Site-ATN,Building-DIMI,Zone-MAIN,Aisle-F,Bay-21,Level-2,01,RACK,Available,Test-Air-Freight-Company-Test-Branch,Test Air Freight Company
Site-ATN,Building-DIMI,Zone-MAIN,Aisle-F,Bay-21,Level-3,01,RACK,Available,Test-Air-Freight-Company-Test-Branch,Test Air Freight Company
Site-ATN,Building-DIMI,Zone-MAIN,Aisle-F,Bay-21,Level-4,01,RACK,Available,Test-Air-Freight-Company-Test-Branch,Test Air Freight Company
Site-ATN,Building-DIMI,Zone-MAIN,Aisle-F,Bay-22,Level-1,01,RACK,Available,Test-Air-Freight-Company-Test-Branch,Test Air Freight Company
Site-ATN,Building-DIMI,Zone-MAIN,Aisle-F,Bay-22,Level-2,01,RACK,Available,Test-Air-Freight-Company-Test-Branch,Test Air Freight Company
Site-ATN,Building-DIMI,Zone-MAIN,Aisle-F,Bay-22,Level-3,01,RACK,Available,Test-Air-Freight-Company-Test-Branch,Test Air Freight Company
Site-ATN,Building-DIMI,Zone-MAIN,Aisle-F,Bay-22,Level-4,01,RACK,Available,Test-Air-Freight-Company-Test-Branch,Test Air Freight Company
Site-ATN,Building-DIMI,Zone-MAIN,Aisle-F,Bay-23,Level-1,01,RACK,Available,Test-Air-Freight-Company-Test-Branch,Test Air Freight Company
Site-ATN,Building-DIMI,Zone-MAIN,Aisle-F,Bay-23,Level-2,01,RACK,Available,Test-Air-Freight-Company-Test-Branch,Test Air Freight Company
Site-ATN,Building-DIMI,Zone-MAIN,Aisle-F,Bay-23,Level-3,01,RACK,Available,Test-Air-Freight-Company-Test-Branch,Test Air Freight Company
Site-ATN,Building-DIMI,Zone-MAIN,Aisle-F,Bay-23,Level-4,01,RACK,Available,Test-Air-Freight-Company-Test-Branch,Test Air Freight Company
Site-ATN,Building-DIMI,Zone-MAIN,Aisle-F,Bay-24,Level-1,01,RACK,Available,Test-Air-Freight-Company-Test-Branch,Test Air Freight Company
Site-ATN,Building-DIMI,Zone-MAIN,Aisle-F,Bay-24,Level-2,01,RACK,Available,Test-Air-Freight-Company-Test-Branch,Test Air Freight Company
Site-ATN,Building-DIMI,Zone-MAIN,Aisle-F,Bay-24,Level-3,01,RACK,Available,Test-Air-Freight-Company-Test-Branch,Test Air Freight Company
Site-ATN,Building-DIMI,Zone-MAIN,Aisle-F,Bay-24,Level-4,01,RACK,Available,Test-Air-Freight-Company-Test-Branch,Test Air Freight Company
Site-ATN,Building-DIMI,Zone-MAIN,Aisle-F,Bay-25,Level-1,01,RACK,Available,Test-Air-Freight-Company-Test-Branch,Test Air Freight Company
Site-ATN,Building-DIMI,Zone-MAIN,Aisle-F,Bay-25,Level-2,01,RACK,Available,Test-Air-Freight-Company-Test-Branch,Test Air Freight Company
Site-ATN,Building-DIMI,Zone-MAIN,Aisle-F,Bay-25,Level-3,01,RACK,Available,Test-Air-Freight-Company-Test-Branch,Test Air Freight Company
Site-ATN,Building-DIMI,Zone-MAIN,Aisle-F,Bay-25,Level-4,01,RACK,Available,Test-Air-Freight-Company-Test-Branch,Test Air Freight Company
Site-ATN,Building-DIMI,Zone-MAIN,Aisle-F,Bay-26,Level-1,01,RACK,Available,Test-Air-Freight-Company-Test-Branch,Test Air Freight Company
Site-ATN,Building-DIMI,Zone-MAIN,Aisle-F,Bay-26,Level-2,01,RACK,Available,Test-Air-Freight-Company-Test-Branch,Test Air Freight Company
Site-ATN,Building-DIMI,Zone-MAIN,Aisle-F,Bay-26,Level-3,01,RACK,Available,Test-Air-Freight-Company-Test-Branch,Test Air Freight Company
Site-ATN,Building-DIMI,Zone-MAIN,Aisle-F,Bay-26,Level-4,01,RACK,Available,Test-Air-Freight-Company-Test-Branch,Test Air Freight Company
Site-ATN,Building-DIMI,Zone-MAIN,Aisle-F,Bay-27,Level-1,01,RACK,Available,Test-Air-Freight-Company-Test-Branch,Test Air Freight Company
Site-ATN,Building-DIMI,Zone-MAIN,Aisle-F,Bay-27,Level-2,01,RACK,Available,Test-Air-Freight-Company-Test-Branch,Test Air Freight Company
Site-ATN,Building-DIMI,Zone-MAIN,Aisle-F,Bay-27,Level-3,01,RACK,Available,Test-Air-Freight-Company-Test-Branch,Test Air Freight Company
Site-ATN,Building-DIMI,Zone-MAIN,Aisle-F,Bay-27,Level-4,01,RACK,Available,Test-Air-Freight-Company-Test-Branch,Test Air Freight Company
Site-ATN,Building-DIMI,Zone-MAIN,Aisle-F,Bay-28,Level-1,01,RACK,Available,Test-Air-Freight-Company-Test-Branch,Test Air Freight Company
Site-ATN,Building-DIMI,Zone-MAIN,Aisle-F,Bay-28,Level-2,01,RACK,Available,Test-Air-Freight-Company-Test-Branch,Test Air Freight Company
Site-ATN,Building-DIMI,Zone-MAIN,Aisle-F,Bay-28,Level-3,01,RACK,Available,Test-Air-Freight-Company-Test-Branch,Test Air Freight Company
Site-ATN,Building-DIMI,Zone-MAIN,Aisle-F,Bay-28,Level-4,01,RACK,Available,Test-Air-Freight-Company-Test-Branch,Test Air Freight Company
Site-ATN,Building-DIMI,Zone-MAIN,Aisle-F,Bay-29,Level-1,01,RACK,Available,Test-Air-Freight-Company-Test-Branch,Test Air Freight Company
Site-ATN,Building-DIMI,Zone-MAIN,Aisle-F,Bay-29,Level-2,01,RACK,Available,Test-Air-Freight-Company-Test-Branch,Test Air Freight Company
Site-ATN,Building-DIMI,Zone-MAIN,Aisle-F,Bay-29,Level-3,01,RACK,Available,Test-Air-Freight-Company-Test-Branch,Test Air Freight Company
Site-ATN,Building-DIMI,Zone-MAIN,Aisle-F,Bay-29,Level-4,01,RACK,Available,Test-Air-Freight-Company-Test-Branch,Test Air Freight Company
Site-ATN,Building-DIMI,Zone-MAIN,Aisle-F,Bay-30,Level-1,01,RACK,Available,Test-Air-Freight-Company-Test-Branch,Test Air Freight Company
Site-ATN,Building-DIMI,Zone-MAIN,Aisle-F,Bay-30,Level-2,01,RACK,Available,Test-Air-Freight-Company-Test-Branch,Test Air Freight Company
Site-ATN,Building-DIMI,Zone-MAIN,Aisle-F,Bay-30,Level-3,01,RACK,Available,Test-Air-Freight-Company-Test-Branch,Test Air Freight Company
Site-ATN,Building-DIMI,Zone-MAIN,Aisle-F,Bay-30,Level-4,01,RACK,Available,Test-Air-Freight-Company-Test-Branch,Test Air Freight Company
Site-ATN,Building-DIMI,Zone-MAIN,Aisle-F,Bay-31,Level-1,01,RACK,Available,Test-Air-Freight-Company-Test-Branch,Test Air Freight Company
Site-ATN,Building-DIMI,Zone-MAIN,Aisle-F,Bay-31,Level-2,01,RACK,Available,Test-Air-Freight-Company-Test-Branch,Test Air Freight Company
Site-ATN,Building-DIMI,Zone-MAIN,Aisle-F,Bay-31,Level-3,01,RACK,Available,Test-Air-Freight-Company-Test-Branch,Test Air Freight Company
Site-ATN,Building-DIMI,Zone-MAIN,Aisle-F,Bay-31,Level-4,01,RACK,Available,Test-Air-Freight-Company-Test-Branch,Test Air Freight Company
Site-ATN,Building-DIMI,Zone-MAIN,Aisle-F,Bay-32,Level-1,01,RACK,Available,Test-Air-Freight-Company-Test-Branch,Test Air Freight Company
Site-ATN,Building-DIMI,Zone-MAIN,Aisle-F,Bay-32,Level-2,01,RACK,Available,Test-Air-Freight-Company-Test-Branch,Test Air Freight Company
Site-ATN,Building-DIMI,Zone-MAIN,Aisle-F,Bay-32,Level-3,01,RACK,Available,Test-Air-Freight-Company-Test-Branch,Test Air Freight Company
Site-ATN,Building-DIMI,Zone-MAIN,Aisle-F,Bay-32,Level-4,01,RACK,Available,Test-Air-Freight-Company-Test-Branch,Test Air Freight Company
Site-ATN,Building-DIMI,Zone-MAIN,Aisle-F,Bay-33,Level-1,01,RACK,Available,Test-Air-Freight-Company-Test-Branch,Test Air Freight Company
Site-ATN,Building-DIMI,Zone-MAIN,Aisle-F,Bay-33,Level-2,01,RACK,Available,Test-Air-Freight-Company-Test-Branch,Test Air Freight Company
Site-ATN,Building-DIMI,Zone-MAIN,Aisle-F,Bay-33,Level-3,01,RACK,Available,Test-Air-Freight-Company-Test-Branch,Test Air Freight Company
Site-ATN,Building-DIMI,Zone-MAIN,Aisle-F,Bay-33,Level-4,01,RACK,Available,Test-Air-Freight-Company-Test-Branch,Test Air Freight Company
Site-ATN,Building-DIMI,Zone-MAIN,Aisle-F,Bay-34,Level-1,01,RACK,Available,Test-Air-Freight-Company-Test-Branch,Test Air Freight Company
Site-ATN,Building-DIMI,Zone-MAIN,Aisle-F,Bay-34,Level-2,01,RACK,Available,Test-Air-Freight-Company-Test-Branch,Test Air Freight Company
Site-ATN,Building-DIMI,Zone-MAIN,Aisle-F,Bay-34,Level-3,01,RACK,Available,Test-Air-Freight-Company-Test-Branch,Test Air Freight Company
Site-ATN,Building-DIMI,Zone-MAIN,Aisle-F,Bay-34,Level-4,01,RACK,Available,Test-Air-Freight-Company-Test-Branch,Test Air Freight Company
Site-ATN,Building-DIMI,Zone-MAIN,Aisle-F,Bay-35,Level-1,01,RACK,Available,Test-Air-Freight-Company-Test-Branch,Test Air Freight Company
Site-ATN,Building-DIMI,Zone-MAIN,Aisle-F,Bay-35,Level-2,01,RACK,Available,Test-Air-Freight-Company-Test-Branch,Test Air Freight Company
Site-ATN,Building-DIMI,Zone-MAIN,Aisle-F,Bay-35,Level-3,01,RACK,Available,Test-Air-Freight-Company-Test-Branch,Test Air Freight Company
Site-ATN,Building-DIMI,Zone-MAIN,Aisle-F,Bay-35,Level-4,01,RACK,Available,Test-Air-Freight-Company-Test-Branch,Test Air Freight Company
Site-ATN,Building-DIMI,Zone-MAIN,Aisle-F,Bay-36,Level-1,01,RACK,Available,Test-Air-Freight-Company-Test-Branch,Test Air Freight Company
Site-ATN,Building-DIMI,Zone-MAIN,Aisle-F,Bay-36,Level-2,01,RACK,Available,Test-Air-Freight-Company-Test-Branch,Test Air Freight Company
Site-ATN,Building-DIMI,Zone-MAIN,Aisle-F,Bay-36,Level-3,01,RACK,Available,Test-Air-Freight-Company-Test-Branch,Test Air Freight Company
Site-ATN,Building-DIMI,Zone-MAIN,Aisle-F,Bay-36,Level-4,01,RACK,Available,Test-Air-Freight-Company-Test-Branch,Test Air Freight Company
Site-ATN,Building-DIMI,Zone-MAIN,Aisle-F,Bay-37,Level-1,01,RACK,Available,Test-Air-Freight-Company-Test-Branch,Test Air Freight Company
Site-ATN,Building-DIMI,Zone-MAIN,Aisle-F,Bay-37,Level-2,01,RACK,Available,Test-Air-Freight-Company-Test-Branch,Test Air Freight Company
Site-ATN,Building-DIMI,Zone-MAIN,Aisle-F,Bay-37,Level-3,01,RACK,Available,Test-Air-Freight-Company-Test-Branch,Test Air Freight Company
Site-ATN,Building-DIMI,Zone-MAIN,Aisle-F,Bay-37,Level-4,01,RACK,Available,Test-Air-Freight-Company-Test-Branch,Test Air Freight Company
Site-ATN,Building-DIMI,Zone-MAIN,Aisle-F,Bay-38,Level-1,01,RACK,Available,Test-Air-Freight-Company-Test-Branch,Test Air Freight Company
Site-ATN,Building-DIMI,Zone-MAIN,Aisle-F,Bay-38,Level-2,01,RACK,Available,Test-Air-Freight-Company-Test-Branch,Test Air Freight Company
Site-ATN,Building-DIMI,Zone-MAIN,Aisle-F,Bay-38,Level-3,01,RACK,Available,Test-Air-Freight-Company-Test-Branch,Test Air Freight Company
Site-ATN,Building-DIMI,Zone-MAIN,Aisle-F,Bay-38,Level-4,01,RACK,Available,Test-Air-Freight-Company-Test-Branch,Test Air Freight Company
Site-ATN,Building-DIMI,Zone-MAIN,Aisle-F,Bay-39,Level-1,01,RACK,Available,Test-Air-Freight-Company-Test-Branch,Test Air Freight Company
Site-ATN,Building-DIMI,Zone-MAIN,Aisle-F,Bay-39,Level-2,01,RACK,Available,Test-Air-Freight-Company-Test-Branch,Test Air Freight Company
Site-ATN,Building-DIMI,Zone-MAIN,Aisle-F,Bay-39,Level-3,01,RACK,Available,Test-Air-Freight-Company-Test-Branch,Test Air Freight Company
Site-ATN,Building-DIMI,Zone-MAIN,Aisle-F,Bay-39,Level-4,01,RACK,Available,Test-Air-Freight-Company-Test-Branch,Test Air Freight Company
Site-ATN,Building-DIMI,Zone-MAIN,Aisle-F,Bay-40,Level-1,01,RACK,Available,Test-Air-Freight-Company-Test-Branch,Test Air Freight Company
Site-ATN,Building-DIMI,Zone-MAIN,Aisle-F,Bay-40,Level-2,01,RACK,Available,Test-Air-Freight-Company-Test-Branch,Test Air Freight Company
Site-ATN,Building-DIMI,Zone-MAIN,Aisle-F,Bay-40,Level-3,01,RACK,Available,Test-Air-Freight-Company-Test-Branch,Test Air Freight Company
Site-ATN,Building-DIMI,Zone-MAIN,Aisle-F,Bay-40,Level-4,01,RACK,Available,Test-Air-Freight-Company-Test-Branch,Test Air Freight Company
Site-ATN,Building-DIMI,Zone-MAIN,Aisle-F,Bay-41,Level-1,01,RACK,Available,Test-Air-Freight-Company-Test-Branch,Test Air Freight Company
Site-ATN,Building-DIMI,Zone-MAIN,Aisle-F,Bay-41,Level-2,01,RACK,Available,Test-Air-Freight-Company-Test-Branch,Test Air Freight Company
Site-ATN,Building-DIMI,Zone-MAIN,Aisle-F,Bay-41,Level-3,01,RACK,Available,Test-Air-Freight-Company-Test-Branch,Test Air Freight Company
Site-ATN,Building-DIMI,Zone-MAIN,Aisle-F,Bay-41,Level-4,01,RACK,Available,Test-Air-Freight-Company-Test-Branch,Test Air Freight Company
Site-ATN,Building-DIMI,Zone-MAIN,Aisle-F,Bay-42,Level-1,01,RACK,Available,Test-Air-Freight-Company-Test-Branch,Test Air Freight Company
Site-ATN,Building-DIMI,Zone-MAIN,Aisle-F,Bay-42,Level-2,01,RACK,Available,Test-Air-Freight-Company-Test-Branch,Test Air Freight Company
Site-ATN,Building-DIMI,Zone-MAIN,Aisle-F,Bay-42,Level-3,01,RACK,Available,Test-Air-Freight-Company-Test-Branch,Test Air Freight Company
Site-ATN,Building-DIMI,Zone-MAIN,Aisle-F,Bay-42,Level-4,01,RACK,Available,Test-Air-Freight-Company-Test-Branch,Test Air Freight Company
Site-ATN,Building-DIMI,Zone-MAIN,Aisle-F,Bay-43,Level-1,01,RACK,Available,Test-Air-Freight-Company-Test-Branch,Test Air Freight Company
Site-ATN,Building-DIMI,Zone-MAIN,Aisle-F,Bay-43,Level-2,01,RACK,Available,Test-Air-Freight-Company-Test-Branch,Test Air Freight Company
Site-ATN,Building-DIMI,Zone-MAIN,Aisle-F,Bay-43,Level-3,01,RACK,Available,Test-Air-Freight-Company-Test-Branch,Test Air Freight Company
Site-ATN,Building-DIMI,Zone-MAIN,Aisle-F,Bay-43,Level-4,01,RACK,Available,Test-Air-Freight-Company-Test-Branch,Test Air Freight Company
Site-ATN,Building-DIMI,Zone-MAIN,Aisle-F,Bay-44,Level-1,01,RACK,Available,Test-Air-Freight-Company-Test-Branch,Test Air Freight Company
Site-ATN,Building-DIMI,Zone-MAIN,Aisle-F,Bay-44,Level-2,01,RACK,Available,Test-Air-Freight-Company-Test-Branch,Test Air Freight Company
Site-ATN,Building-DIMI,Zone-MAIN,Aisle-F,Bay-44,Level-3,01,RACK,Available,Test-Air-Freight-Company-Test-Branch,Test Air Freight Company
Site-ATN,Building-DIMI,Zone-MAIN,Aisle-F,Bay-44,Level-4,01,RACK,Available,Test-Air-Freight-Company-Test-Branch,Test Air Freight Company
Site-ATN,Building-DIMI,Zone-MAIN,Aisle-F,Bay-45,Level-1,01,RACK,Available,Test-Air-Freight-Company-Test-Branch,Test Air Freight Company
Site-ATN,Building-DIMI,Zone-MAIN,Aisle-F,Bay-45,Level-2,01,RACK,Available,Test-Air-Freight-Company-Test-Branch,Test Air Freight Company
Site-ATN,Building-DIMI,Zone-MAIN,Aisle-F,Bay-45,Level-3,01,RACK,Available,Test-Air-Freight-Company-Test-Branch,Test Air Freight Company
Site-ATN,Building-DIMI,Zone-MAIN,Aisle-F,Bay-45,Level-4,01,RACK,Available,Test-Air-Freight-Company-Test-Branch,Test Air Freight Company
Site-ATN,Building-DIMI,Zone-MAIN,Aisle-F,Bay-46,Level-1,01,RACK,Available,Test-Air-Freight-Company-Test-Branch,Test Air Freight Company
Site-ATN,Building-DIMI,Zone-MAIN,Aisle-F,Bay-46,Level-2,01,RACK,Available,Test-Air-Freight-Company-Test-Branch,Test Air Freight Company
Site-ATN,Building-DIMI,Zone-MAIN,Aisle-F,Bay-46,Level-3,01,RACK,Available,Test-Air-Freight-Company-Test-Branch,Test Air Freight Company
Site-ATN,Building-DIMI,Zone-MAIN,Aisle-F,Bay-46,Level-4,01,RACK,Available,Test-Air-Freight-Company-Test-Branch,Test Air Freight Company
Site-ATN,Building-DIMI,Zone-MAIN,Aisle-F,Bay-47,Level-1,01,RACK,Available,Test-Air-Freight-Company-Test-Branch,Test Air Freight Company
Site-ATN,Building-DIMI,Zone-MAIN,Aisle-F,Bay-47,Level-2,01,RACK,Available,Test-Air-Freight-Company-Test-Branch,Test Air Freight Company
Site-ATN,Building-DIMI,Zone-MAIN,Aisle-F,Bay-47,Level-3,01,RACK,Available,Test-Air-Freight-Company-Test-Branch,Test Air Freight Company
Site-ATN,Building-DIMI,Zone-MAIN,Aisle-F,Bay-47,Level-4,01,RACK,Available,Test-Air-Freight-Company-Test-Branch,Test Air Freight Company
Site-ATN,Building-DIMI,Zone-MAIN,Aisle-F,Bay-48,Level-1,01,RACK,Available,Test-Air-Freight-Company-Test-Branch,Test Air Freight Company
Site-ATN,Building-DIMI,Zone-MAIN,Aisle-F,Bay-48,Level-2,01,RACK,Available,Test-Air-Freight-Company-Test-Branch,Test Air Freight Company
Site-ATN,Building-DIMI,Zone-MAIN,Aisle-F,Bay-48,Level-3,01,RACK,Available,Test-Air-Freight-Company-Test-Branch,Test Air Freight Company
Site-ATN,Building-DIMI,Zone-MAIN,Aisle-F,Bay-48,Level-4,01,RACK,Available,Test-Air-Freight-Company-Test-Branch,Test Air Freight Company
Site-ATN,Building-DIMI,Zone-MAIN,Aisle-F,Bay-49,Level-1,01,RACK,Available,Test-Air-Freight-Company-Test-Branch,Test Air Freight Company
Site-ATN,Building-DIMI,Zone-MAIN,Aisle-F,Bay-49,Level-2,01,RACK,Available,Test-Air-Freight-Company-Test-Branch,Test Air Freight Company
Site-ATN,Building-DIMI,Zone-MAIN,Aisle-F,Bay-49,Level-3,01,RACK,Available,Test-Air-Freight-Company-Test-Branch,Test Air Freight Company
Site-ATN,Building-DIMI,Zone-MAIN,Aisle-F,Bay-49,Level-4,01,RACK,Available,Test-Air-Freight-Company-Test-Branch,Test Air Freight Company
Site-ATN,Building-DIMI,Zone-MAIN,Aisle-F,Bay-50,Level-1,01,RACK,Available,Test-Air-Freight-Company-Test-Branch,Test Air Freight Company
Site-ATN,Building-DIMI,Zone-MAIN,Aisle-F,Bay-50,Level-2,01,RACK,Available,Test-Air-Freight-Company-Test-Branch,Test Air Freight Company
Site-ATN,Building-DIMI,Zone-MAIN,Aisle-F,Bay-50,Level-3,01,RACK,Available,Test-Air-Freight-Company-Test-Branch,Test Air Freight Company
Site-ATN,Building-DIMI,Zone-MAIN,Aisle-F,Bay-50,Level-4,01,RACK,Available,Test-Air-Freight-Company-Test-Branch,Test Air Freight Company
Site-ATN,Building-DIMI,Zone-MAIN,Aisle-F,Bay-51,Level-1,01,RACK,Available,Test-Air-Freight-Company-Test-Branch,Test Air Freight Company
Site-ATN,Building-DIMI,Zone-MAIN,Aisle-F,Bay-51,Level-2,01,RACK,Available,Test-Air-Freight-Company-Test-Branch,Test Air Freight Company
Site-ATN,Building-DIMI,Zone-MAIN,Aisle-F,Bay-51,Level-3,01,RACK,Available,Test-Air-Freight-Company-Test-Branch,Test Air Freight Company
Site-ATN,Building-DIMI,Zone-MAIN,Aisle-F,Bay-51,Level-4,01,RACK,Available,Test-Air-Freight-Company-Test-Branch,Test Air Freight Company
Site-ATN,Building-DIMI,Zone-MAIN,Aisle-F,Bay-52,Level-1,01,RACK,Available,Test-Air-Freight-Company-Test-Branch,Test Air Freight Company
Site-ATN,Building-DIMI,Zone-MAIN,Aisle-F,Bay-52,Level-2,01,RACK,Available,Test-Air-Freight-Company-Test-Branch,Test Air Freight Company
Site-ATN,Building-DIMI,Zone-MAIN,Aisle-F,Bay-52,Level-3,01,RACK,Available,Test-Air-Freight-Company-Test-Branch,Test Air Freight Company
Site-ATN,Building-DIMI,Zone-MAIN,Aisle-F,Bay-52,Level-4,01,RACK,Available,Test-Air-Freight-Company-Test-Branch,Test Air Freight Company
Site-ATN,Building-DIMI,Zone-MAIN,Aisle-F,Bay-53,Level-1,01,RACK,Available,Test-Air-Freight-Company-Test-Branch,Test Air Freight Company
Site-ATN,Building-DIMI,Zone-MAIN,Aisle-F,Bay-53,Level-2,01,RACK,Available,Test-Air-Freight-Company-Test-Branch,Test Air Freight Company
Site-ATN,Building-DIMI,Zone-MAIN,Aisle-F,Bay-53,Level-3,01,RACK,Available,Test-Air-Freight-Company-Test-Branch,Test Air Freight Company
Site-ATN,Building-DIMI,Zone-MAIN,Aisle-F,Bay-53,Level-4,01,RACK,Available,Test-Air-Freight-Company-Test-Branch,Test Air Freight Company
Site-ATN,Building-DIMI,Zone-MAIN,Aisle-F,Bay-54,Level-1,01,RACK,Available,Test-Air-Freight-Company-Test-Branch,Test Air Freight Company
Site-ATN,Building-DIMI,Zone-MAIN,Aisle-F,Bay-54,Level-2,01,RACK,Available,Test-Air-Freight-Company-Test-Branch,Test Air Freight Company
Site-ATN,Building-DIMI,Zone-MAIN,Aisle-F,Bay-54,Level-3,01,RACK,Available,Test-Air-Freight-Company-Test-Branch,Test Air Freight Company
Site-ATN,Building-DIMI,Zone-MAIN,Aisle-F,Bay-54,Level-4,01,RACK,Available,Test-Air-Freight-Company-Test-Branch,Test Air Freight Company
Site-ATN,Building-DIMI,Zone-MAIN,Aisle-F,Bay-55,Level-1,01,RACK,Available,Test-Air-Freight-Company-Test-Branch,Test Air Freight Company
Site-ATN,Building-DIMI,Zone-MAIN,Aisle-F,Bay-55,Level-2,01,RACK,Available,Test-Air-Freight-Company-Test-Branch,Test Air Freight Company
Site-ATN,Building-DIMI,Zone-MAIN,Aisle-F,Bay-55,Level-3,01,RACK,Available,Test-Air-Freight-Company-Test-Branch,Test Air Freight Company
Site-ATN,Building-DIMI,Zone-MAIN,Aisle-F,Bay-55,Level-4,01,RACK,Available,Test-Air-Freight-Company-Test-Branch,Test Air Freight Company
Site-ATN,Building-DIMI,Zone-MAIN,Aisle-F,Bay-56,Level-1,01,RACK,Available,Test-Air-Freight-Company-Test-Branch,Test Air Freight Company
Site-ATN,Building-DIMI,Zone-MAIN,Aisle-F,Bay-56,Level-2,01,RACK,Available,Test-Air-Freight-Company-Test-Branch,Test Air Freight Company
Site-ATN,Building-DIMI,Zone-MAIN,Aisle-F,Bay-56,Level-3,01,RACK,Available,Test-Air-Freight-Company-Test-Branch,Test Air Freight Company
Site-ATN,Building-DIMI,Zone-MAIN,Aisle-F,Bay-56,Level-4,01,RACK,Available,Test-Air-Freight-Company-Test-Branch,Test Air Freight Company
Site-ATN,Building-DIMI,Zone-MAIN,Aisle-F,Bay-57,Level-1,01,RACK,Available,Test-Air-Freight-Company-Test-Branch,Test Air Freight Company
Site-ATN,Building-DIMI,Zone-MAIN,Aisle-F,Bay-57,Level-2,01,RACK,Available,Test-Air-Freight-Company-Test-Branch,Test Air Freight Company
Site-ATN,Building-DIMI,Zone-MAIN,Aisle-F,Bay-57,Level-3,01,RACK,Available,Test-Air-Freight-Company-Test-Branch,Test Air Freight Company
Site-ATN,Building-DIMI,Zone-MAIN,Aisle-F,Bay-57,Level-4,01,RACK,Available,Test-Air-Freight-Company-Test-Branch,Test Air Freight Company
Site-ATN,Building-DIMI,Zone-MAIN,Aisle-F,Bay-58,Level-1,01,RACK,Available,Test-Air-Freight-Company-Test-Branch,Test Air Freight Company
Site-ATN,Building-DIMI,Zone-MAIN,Aisle-F,Bay-58,Level-2,01,RACK,Available,Test-Air-Freight-Company-Test-Branch,Test Air Freight Company
Site-ATN,Building-DIMI,Zone-MAIN,Aisle-F,Bay-58,Level-3,01,RACK,Available,Test-Air-Freight-Company-Test-Branch,Test Air Freight Company
Site-ATN,Building-DIMI,Zone-MAIN,Aisle-F,Bay-58,Level-4,01,RACK,Available,Test-Air-Freight-Company-Test-Branch,Test Air Freight Company
Site-ATN,Building-DIMI,Zone-MAIN,Aisle-F,Bay-59,Level-1,01,RACK,Available,Test-Air-Freight-Company-Test-Branch,Test Air Freight Company
Site-ATN,Building-DIMI,Zone-MAIN,Aisle-F,Bay-59,Level-2,01,RACK,Available,Test-Air-Freight-Company-Test-Branch,Test Air Freight Company
Site-ATN,Building-DIMI,Zone-MAIN,Aisle-F,Bay-59,Level-3,01,RACK,Available,Test-Air-Freight-Company-Test-Branch,Test Air Freight Company
Site-ATN,Building-DIMI,Zone-MAIN,Aisle-F,Bay-59,Level-4,01,RACK,Available,Test-Air-Freight-Company-Test-Branch,Test Air Freight Company
Site-ATN,Building-DIMI,Zone-MAIN,Aisle-F,Bay-60,Level-1,01,RACK,Available,Test-Air-Freight-Company-Test-Branch,Test Air Freight Company
Site-ATN,Building-DIMI,Zone-MAIN,Aisle-F,Bay-60,Level-2,01,RACK,Available,Test-Air-Freight-Company-Test-Branch,Test Air Freight Company
Site-ATN,Building-DIMI,Zone-MAIN,Aisle-F,Bay-60,Level-3,01,RACK,Available,Test-Air-Freight-Company-Test-Branch,Test Air Freight Company
Site-ATN,Building-DIMI,Zone-MAIN,Aisle-F,Bay-60,Level-4,01,RACK,Available,Test-Air-Freight-Company-Test-Branch,Test Air Freight Company
Site-ATN,Building-DIMI,Zone-MAIN,Aisle-G,Bay-01,Level-1,01,RACK,Available,Test-Air-Freight-Company-Test-Branch,Test Air Freight Company
Site-ATN,Building-DIMI,Zone-MAIN,Aisle-G,Bay-01,Level-2,01,RACK,Available,Test-Air-Freight-Company-Test-Branch,Test Air Freight Company
Site-ATN,Building-DIMI,Zone-MAIN,Aisle-G,Bay-01,Level-3,01,RACK,Available,Test-Air-Freight-Company-Test-Branch,Test Air Freight Company
Site-ATN,Building-DIMI,Zone-MAIN,Aisle-G,Bay-01,Level-4,01,RACK,Available,Test-Air-Freight-Company-Test-Branch,Test Air Freight Company
Site-ATN,Building-DIMI,Zone-MAIN,Aisle-G,Bay-02,Level-1,01,RACK,Available,Test-Air-Freight-Company-Test-Branch,Test Air Freight Company
Site-ATN,Building-DIMI,Zone-MAIN,Aisle-G,Bay-02,Level-2,01,RACK,Available,Test-Air-Freight-Company-Test-Branch,Test Air Freight Company
Site-ATN,Building-DIMI,Zone-MAIN,Aisle-G,Bay-02,Level-3,01,RACK,Available,Test-Air-Freight-Company-Test-Branch,Test Air Freight Company
Site-ATN,Building-DIMI,Zone-MAIN,Aisle-G,Bay-02,Level-4,01,RACK,Available,Test-Air-Freight-Company-Test-Branch,Test Air Freight Company
Site-ATN,Building-DIMI,Zone-MAIN,Aisle-G,Bay-03,Level-1,01,RACK,Available,Test-Air-Freight-Company-Test-Branch,Test Air Freight Company
Site-ATN,Building-DIMI,Zone-MAIN,Aisle-G,Bay-03,Level-2,01,RACK,Available,Test-Air-Freight-Company-Test-Branch,Test Air Freight Company
Site-ATN,Building-DIMI,Zone-MAIN,Aisle-G,Bay-03,Level-3,01,RACK,Available,Test-Air-Freight-Company-Test-Branch,Test Air Freight Company
Site-ATN,Building-DIMI,Zone-MAIN,Aisle-G,Bay-03,Level-4,01,RACK,Available,Test-Air-Freight-Company-Test-Branch,Test Air Freight Company
Site-ATN,Building-DIMI,Zone-MAIN,Aisle-G,Bay-04,Level-1,01,RACK,Available,Test-Air-Freight-Company-Test-Branch,Test Air Freight Company
Site-ATN,Building-DIMI,Zone-MAIN,Aisle-G,Bay-04,Level-2,01,RACK,Available,Test-Air-Freight-Company-Test-Branch,Test Air Freight Company
Site-ATN,Building-DIMI,Zone-MAIN,Aisle-G,Bay-04,Level-3,01,RACK,Available,Test-Air-Freight-Company-Test-Branch,Test Air Freight Company
Site-ATN,Building-DIMI,Zone-MAIN,Aisle-G,Bay-04,Level-4,01,RACK,Available,Test-Air-Freight-Company-Test-Branch,Test Air Freight Company
Site-ATN,Building-DIMI,Zone-MAIN,Aisle-G,Bay-05,Level-1,01,RACK,Available,Test-Air-Freight-Company-Test-Branch,Test Air Freight Company
Site-ATN,Building-DIMI,Zone-MAIN,Aisle-G,Bay-05,Level-2,01,RACK,Available,Test-Air-Freight-Company-Test-Branch,Test Air Freight Company
Site-ATN,Building-DIMI,Zone-MAIN,Aisle-G,Bay-05,Level-3,01,RACK,Available,Test-Air-Freight-Company-Test-Branch,Test Air Freight Company
Site-ATN,Building-DIMI,Zone-MAIN,Aisle-G,Bay-05,Level-4,01,RACK,Available,Test-Air-Freight-Company-Test-Branch,Test Air Freight Company
Site-ATN,Building-DIMI,Zone-MAIN,Aisle-G,Bay-06,Level-1,01,RACK,Available,Test-Air-Freight-Company-Test-Branch,Test Air Freight Company
Site-ATN,Building-DIMI,Zone-MAIN,Aisle-G,Bay-06,Level-2,01,RACK,Available,Test-Air-Freight-Company-Test-Branch,Test Air Freight Company
Site-ATN,Building-DIMI,Zone-MAIN,Aisle-G,Bay-06,Level-3,01,RACK,Available,Test-Air-Freight-Company-Test-Branch,Test Air Freight Company
Site-ATN,Building-DIMI,Zone-MAIN,Aisle-G,Bay-06,Level-4,01,RACK,Available,Test-Air-Freight-Company-Test-Branch,Test Air Freight Company
Site-ATN,Building-DIMI,Zone-MAIN,Aisle-G,Bay-07,Level-1,01,RACK,Available,Test-Air-Freight-Company-Test-Branch,Test Air Freight Company
Site-ATN,Building-DIMI,Zone-MAIN,Aisle-G,Bay-07,Level-2,01,RACK,Available,Test-Air-Freight-Company-Test-Branch,Test Air Freight Company
Site-ATN,Building-DIMI,Zone-MAIN,Aisle-G,Bay-07,Level-3,01,RACK,Available,Test-Air-Freight-Company-Test-Branch,Test Air Freight Company
Site-ATN,Building-DIMI,Zone-MAIN,Aisle-G,Bay-07,Level-4,01,RACK,Available,Test-Air-Freight-Company-Test-Branch,Test Air Freight Company
Site-ATN,Building-DIMI,Zone-MAIN,Aisle-G,Bay-08,Level-1,01,RACK,Available,Test-Air-Freight-Company-Test-Branch,Test Air Freight Company
Site-ATN,Building-DIMI,Zone-MAIN,Aisle-G,Bay-08,Level-2,01,RACK,Available,Test-Air-Freight-Company-Test-Branch,Test Air Freight Company
Site-ATN,Building-DIMI,Zone-MAIN,Aisle-G,Bay-08,Level-3,01,RACK,Available,Test-Air-Freight-Company-Test-Branch,Test Air Freight Company
Site-ATN,Building-DIMI,Zone-MAIN,Aisle-G,Bay-08,Level-4,01,RACK,Available,Test-Air-Freight-Company-Test-Branch,Test Air Freight Company
Site-ATN,Building-DIMI,Zone-MAIN,Aisle-G,Bay-09,Level-1,01,RACK,Available,Test-Air-Freight-Company-Test-Branch,Test Air Freight Company
Site-ATN,Building-DIMI,Zone-MAIN,Aisle-G,Bay-09,Level-2,01,RACK,Available,Test-Air-Freight-Company-Test-Branch,Test Air Freight Company
Site-ATN,Building-DIMI,Zone-MAIN,Aisle-G,Bay-09,Level-3,01,RACK,Available,Test-Air-Freight-Company-Test-Branch,Test Air Freight Company
Site-ATN,Building-DIMI,Zone-MAIN,Aisle-G,Bay-09,Level-4,01,RACK,Available,Test-Air-Freight-Company-Test-Branch,Test Air Freight Company
Site-ATN,Building-DIMI,Zone-MAIN,Aisle-G,Bay-10,Level-1,01,RACK,Available,Test-Air-Freight-Company-Test-Branch,Test Air Freight Company
Site-ATN,Building-DIMI,Zone-MAIN,Aisle-G,Bay-10,Level-2,01,RACK,Available,Test-Air-Freight-Company-Test-Branch,Test Air Freight Company
Site-ATN,Building-DIMI,Zone-MAIN,Aisle-G,Bay-10,Level-3,01,RACK,Available,Test-Air-Freight-Company-Test-Branch,Test Air Freight Company
Site-ATN,Building-DIMI,Zone-MAIN,Aisle-G,Bay-10,Level-4,01,RACK,Available,Test-Air-Freight-Company-Test-Branch,Test Air Freight Company
Site-ATN,Building-DIMI,Zone-MAIN,Aisle-G,Bay-11,Level-1,01,RACK,Available,Test-Air-Freight-Company-Test-Branch,Test Air Freight Company
Site-ATN,Building-DIMI,Zone-MAIN,Aisle-G,Bay-11,Level-2,01,RACK,Available,Test-Air-Freight-Company-Test-Branch,Test Air Freight Company
Site-ATN,Building-DIMI,Zone-MAIN,Aisle-G,Bay-11,Level-3,01,RACK,Available,Test-Air-Freight-Company-Test-Branch,Test Air Freight Company
Site-ATN,Building-DIMI,Zone-MAIN,Aisle-G,Bay-11,Level-4,01,RACK,Available,Test-Air-Freight-Company-Test-Branch,Test Air Freight Company
Site-ATN,Building-DIMI,Zone-MAIN,Aisle-G,Bay-12,Level-1,01,RACK,Available,Test-Air-Freight-Company-Test-Branch,Test Air Freight Company
Site-ATN,Building-DIMI,Zone-MAIN,Aisle-G,Bay-12,Level-2,01,RACK,Available,Test-Air-Freight-Company-Test-Branch,Test Air Freight Company
Site-ATN,Building-DIMI,Zone-MAIN,Aisle-G,Bay-12,Level-3,01,RACK,Available,Test-Air-Freight-Company-Test-Branch,Test Air Freight Company
Site-ATN,Building-DIMI,Zone-MAIN,Aisle-G,Bay-12,Level-4,01,RACK,Available,Test-Air-Freight-Company-Test-Branch,Test Air Freight Company
Site-ATN,Building-DIMI,Zone-MAIN,Aisle-G,Bay-13,Level-1,01,RACK,Available,Test-Air-Freight-Company-Test-Branch,Test Air Freight Company
Site-ATN,Building-DIMI,Zone-MAIN,Aisle-G,Bay-13,Level-2,01,RACK,Available,Test-Air-Freight-Company-Test-Branch,Test Air Freight Company
Site-ATN,Building-DIMI,Zone-MAIN,Aisle-G,Bay-13,Level-3,01,RACK,Available,Test-Air-Freight-Company-Test-Branch,Test Air Freight Company
Site-ATN,Building-DIMI,Zone-MAIN,Aisle-G,Bay-13,Level-4,01,RACK,Available,Test-Air-Freight-Company-Test-Branch,Test Air Freight Company
Site-ATN,Building-DIMI,Zone-MAIN,Aisle-G,Bay-14,Level-1,01,RACK,Available,Test-Air-Freight-Company-Test-Branch,Test Air Freight Company
Site-ATN,Building-DIMI,Zone-MAIN,Aisle-G,Bay-14,Level-2,01,RACK,Available,Test-Air-Freight-Company-Test-Branch,Test Air Freight Company
Site-ATN,Building-DIMI,Zone-MAIN,Aisle-G,Bay-14,Level-3,01,RACK,Available,Test-Air-Freight-Company-Test-Branch,Test Air Freight Company
Site-ATN,Building-DIMI,Zone-MAIN,Aisle-G,Bay-14,Level-4,01,RACK,Available,Test-Air-Freight-Company-Test-Branch,Test Air Freight Company
Site-ATN,Building-DIMI,Zone-MAIN,Aisle-G,Bay-15,Level-1,01,RACK,Available,Test-Air-Freight-Company-Test-Branch,Test Air Freight Company
Site-ATN,Building-DIMI,Zone-MAIN,Aisle-G,Bay-15,Level-2,01,RACK,Available,Test-Air-Freight-Company-Test-Branch,Test Air Freight Company
Site-ATN,Building-DIMI,Zone-MAIN,Aisle-G,Bay-15,Level-3,01,RACK,Available,Test-Air-Freight-Company-Test-Branch,Test Air Freight Company
Site-ATN,Building-DIMI,Zone-MAIN,Aisle-G,Bay-15,Level-4,01,RACK,Available,Test-Air-Freight-Company-Test-Branch,Test Air Freight Company
Site-ATN,Building-DIMI,Zone-MAIN,Aisle-G,Bay-16,Level-1,01,RACK,Available,Test-Air-Freight-Company-Test-Branch,Test Air Freight Company
Site-ATN,Building-DIMI,Zone-MAIN,Aisle-G,Bay-16,Level-2,01,RACK,Available,Test-Air-Freight-Company-Test-Branch,Test Air Freight Company
Site-ATN,Building-DIMI,Zone-MAIN,Aisle-G,Bay-16,Level-3,01,RACK,Available,Test-Air-Freight-Company-Test-Branch,Test Air Freight Company
Site-ATN,Building-DIMI,Zone-MAIN,Aisle-G,Bay-16,Level-4,01,RACK,Available,Test-Air-Freight-Company-Test-Branch,Test Air Freight Company
Site-ATN,Building-DIMI,Zone-MAIN,Aisle-G,Bay-17,Level-1,01,RACK,Available,Test-Air-Freight-Company-Test-Branch,Test Air Freight Company
Site-ATN,Building-DIMI,Zone-MAIN,Aisle-G,Bay-17,Level-2,01,RACK,Available,Test-Air-Freight-Company-Test-Branch,Test Air Freight Company
Site-ATN,Building-DIMI,Zone-MAIN,Aisle-G,Bay-17,Level-3,01,RACK,Available,Test-Air-Freight-Company-Test-Branch,Test Air Freight Company
Site-ATN,Building-DIMI,Zone-MAIN,Aisle-G,Bay-17,Level-4,01,RACK,Available,Test-Air-Freight-Company-Test-Branch,Test Air Freight Company
Site-ATN,Building-DIMI,Zone-MAIN,Aisle-G,Bay-18,Level-1,01,RACK,Available,Test-Air-Freight-Company-Test-Branch,Test Air Freight Company
Site-ATN,Building-DIMI,Zone-MAIN,Aisle-G,Bay-18,Level-2,01,RACK,Available,Test-Air-Freight-Company-Test-Branch,Test Air Freight Company
Site-ATN,Building-DIMI,Zone-MAIN,Aisle-G,Bay-18,Level-3,01,RACK,Available,Test-Air-Freight-Company-Test-Branch,Test Air Freight Company
Site-ATN,Building-DIMI,Zone-MAIN,Aisle-G,Bay-18,Level-4,01,RACK,Available,Test-Air-Freight-Company-Test-Branch,Test Air Freight Company
Site-ATN,Building-DIMI,Zone-MAIN,Aisle-G,Bay-19,Level-1,01,RACK,Available,Test-Air-Freight-Company-Test-Branch,Test Air Freight Company
Site-ATN,Building-DIMI,Zone-MAIN,Aisle-G,Bay-19,Level-2,01,RACK,Available,Test-Air-Freight-Company-Test-Branch,Test Air Freight Company
Site-ATN,Building-DIMI,Zone-MAIN,Aisle-G,Bay-19,Level-3,01,RACK,Available,Test-Air-Freight-Company-Test-Branch,Test Air Freight Company
Site-ATN,Building-DIMI,Zone-MAIN,Aisle-G,Bay-19,Level-4,01,RACK,Available,Test-Air-Freight-Company-Test-Branch,Test Air Freight Company
Site-ATN,Building-DIMI,Zone-MAIN,Aisle-G,Bay-20,Level-1,01,RACK,Available,Test-Air-Freight-Company-Test-Branch,Test Air Freight Company
Site-ATN,Building-DIMI,Zone-MAIN,Aisle-G,Bay-20,Level-2,01,RACK,Available,Test-Air-Freight-Company-Test-Branch,Test Air Freight Company
Site-ATN,Building-DIMI,Zone-MAIN,Aisle-G,Bay-20,Level-3,01,RACK,Available,Test-Air-Freight-Company-Test-Branch,Test Air Freight Company
Site-ATN,Building-DIMI,Zone-MAIN,Aisle-G,Bay-20,Level-4,01,RACK,Available,Test-Air-Freight-Company-Test-Branch,Test Air Freight Company
Site-ATN,Building-DIMI,Zone-MAIN,Aisle-G,Bay-21,Level-1,01,RACK,Available,Test-Air-Freight-Company-Test-Branch,Test Air Freight Company
Site-ATN,Building-DIMI,Zone-MAIN,Aisle-G,Bay-21,Level-2,01,RACK,Available,Test-Air-Freight-Company-Test-Branch,Test Air Freight Company
Site-ATN,Building-DIMI,Zone-MAIN,Aisle-G,Bay-21,Level-3,01,RACK,Available,Test-Air-Freight-Company-Test-Branch,Test Air Freight Company
Site-ATN,Building-DIMI,Zone-MAIN,Aisle-G,Bay-21,Level-4,01,RACK,Available,Test-Air-Freight-Company-Test-Branch,Test Air Freight Company
Site-ATN,Building-DIMI,Zone-MAIN,Aisle-G,Bay-22,Level-1,01,RACK,Available,Test-Air-Freight-Company-Test-Branch,Test Air Freight Company
Site-ATN,Building-DIMI,Zone-MAIN,Aisle-G,Bay-22,Level-2,01,RACK,Available,Test-Air-Freight-Company-Test-Branch,Test Air Freight Company
Site-ATN,Building-DIMI,Zone-MAIN,Aisle-G,Bay-22,Level-3,01,RACK,Available,Test-Air-Freight-Company-Test-Branch,Test Air Freight Company
Site-ATN,Building-DIMI,Zone-MAIN,Aisle-G,Bay-22,Level-4,01,RACK,Available,Test-Air-Freight-Company-Test-Branch,Test Air Freight Company
Site-ATN,Building-DIMI,Zone-MAIN,Aisle-G,Bay-23,Level-1,01,RACK,Available,Test-Air-Freight-Company-Test-Branch,Test Air Freight Company
Site-ATN,Building-DIMI,Zone-MAIN,Aisle-G,Bay-23,Level-2,01,RACK,Available,Test-Air-Freight-Company-Test-Branch,Test Air Freight Company
Site-ATN,Building-DIMI,Zone-MAIN,Aisle-G,Bay-23,Level-3,01,RACK,Available,Test-Air-Freight-Company-Test-Branch,Test Air Freight Company
Site-ATN,Building-DIMI,Zone-MAIN,Aisle-G,Bay-23,Level-4,01,RACK,Available,Test-Air-Freight-Company-Test-Branch,Test Air Freight Company
Site-ATN,Building-DIMI,Zone-MAIN,Aisle-G,Bay-24,Level-1,01,RACK,Available,Test-Air-Freight-Company-Test-Branch,Test Air Freight Company
Site-ATN,Building-DIMI,Zone-MAIN,Aisle-G,Bay-24,Level-2,01,RACK,Available,Test-Air-Freight-Company-Test-Branch,Test Air Freight Company
Site-ATN,Building-DIMI,Zone-MAIN,Aisle-G,Bay-24,Level-3,01,RACK,Available,Test-Air-Freight-Company-Test-Branch,Test Air Freight Company
Site-ATN,Building-DIMI,Zone-MAIN,Aisle-G,Bay-24,Level-4,01,RACK,Available,Test-Air-Freight-Company-Test-Branch,Test Air Freight Company
Site-ATN,Building-DIMI,Zone-MAIN,Aisle-G,Bay-25,Level-1,01,RACK,Available,Test-Air-Freight-Company-Test-Branch,Test Air Freight Company
Site-ATN,Building-DIMI,Zone-MAIN,Aisle-G,Bay-25,Level-2,01,RACK,Available,Test-Air-Freight-Company-Test-Branch,Test Air Freight Company
Site-ATN,Building-DIMI,Zone-MAIN,Aisle-G,Bay-25,Level-3,01,RACK,Available,Test-Air-Freight-Company-Test-Branch,Test Air Freight Company
Site-ATN,Building-DIMI,Zone-MAIN,Aisle-G,Bay-25,Level-4,01,RACK,Available,Test-Air-Freight-Company-Test-Branch,Test Air Freight Company
Site-ATN,Building-DIMI,Zone-MAIN,Aisle-G,Bay-26,Level-1,01,RACK,Available,Test-Air-Freight-Company-Test-Branch,Test Air Freight Company
Site-ATN,Building-DIMI,Zone-MAIN,Aisle-G,Bay-26,Level-2,01,RACK,Available,Test-Air-Freight-Company-Test-Branch,Test Air Freight Company
Site-ATN,Building-DIMI,Zone-MAIN,Aisle-G,Bay-26,Level-3,01,RACK,Available,Test-Air-Freight-Company-Test-Branch,Test Air Freight Company
Site-ATN,Building-DIMI,Zone-MAIN,Aisle-G,Bay-26,Level-4,01,RACK,Available,Test-Air-Freight-Company-Test-Branch,Test Air Freight Company
Site-ATN,Building-DIMI,Zone-MAIN,Aisle-G,Bay-27,Level-1,01,RACK,Available,Test-Air-Freight-Company-Test-Branch,Test Air Freight Company
Site-ATN,Building-DIMI,Zone-MAIN,Aisle-G,Bay-27,Level-2,01,RACK,Available,Test-Air-Freight-Company-Test-Branch,Test Air Freight Company
Site-ATN,Building-DIMI,Zone-MAIN,Aisle-G,Bay-27,Level-3,01,RACK,Available,Test-Air-Freight-Company-Test-Branch,Test Air Freight Company
Site-ATN,Building-DIMI,Zone-MAIN,Aisle-G,Bay-27,Level-4,01,RACK,Available,Test-Air-Freight-Company-Test-Branch,Test Air Freight Company
Site-ATN,Building-DIMI,Zone-MAIN,Aisle-G,Bay-28,Level-1,01,RACK,Available,Test-Air-Freight-Company-Test-Branch,Test Air Freight Company
Site-ATN,Building-DIMI,Zone-MAIN,Aisle-G,Bay-28,Level-2,01,RACK,Available,Test-Air-Freight-Company-Test-Branch,Test Air Freight Company
Site-ATN,Building-DIMI,Zone-MAIN,Aisle-G,Bay-28,Level-3,01,RACK,Available,Test-Air-Freight-Company-Test-Branch,Test Air Freight Company
Site-ATN,Building-DIMI,Zone-MAIN,Aisle-G,Bay-28,Level-4,01,RACK,Available,Test-Air-Freight-Company-Test-Branch,Test Air Freight Company
Site-ATN,Building-DIMI,Zone-MAIN,Aisle-G,Bay-29,Level-1,01,RACK,Available,Test-Air-Freight-Company-Test-Branch,Test Air Freight Company
Site-ATN,Building-DIMI,Zone-MAIN,Aisle-G,Bay-29,Level-2,01,RACK,Available,Test-Air-Freight-Company-Test-Branch,Test Air Freight Company
Site-ATN,Building-DIMI,Zone-MAIN,Aisle-G,Bay-29,Level-3,01,RACK,Available,Test-Air-Freight-Company-Test-Branch,Test Air Freight Company
Site-ATN,Building-DIMI,Zone-MAIN,Aisle-G,Bay-29,Level-4,01,RACK,Available,Test-Air-Freight-Company-Test-Branch,Test Air Freight Company
Site-ATN,Building-DIMI,Zone-MAIN,Aisle-G,Bay-30,Level-1,01,RACK,Available,Test-Air-Freight-Company-Test-Branch,Test Air Freight Company
Site-ATN,Building-DIMI,Zone-MAIN,Aisle-G,Bay-30,Level-2,01,RACK,Available,Test-Air-Freight-Company-Test-Branch,Test Air Freight Company
Site-ATN,Building-DIMI,Zone-MAIN,Aisle-G,Bay-30,Level-3,01,RACK,Available,Test-Air-Freight-Company-Test-Branch,Test Air Freight Company
Site-ATN,Building-DIMI,Zone-MAIN,Aisle-G,Bay-30,Level-4,01,RACK,Available,Test-Air-Freight-Company-Test-Branch,Test Air Freight Company
Site-ATN,Building-DIMI,Zone-MAIN,Aisle-G,Bay-31,Level-1,01,RACK,Available,Test-Air-Freight-Company-Test-Branch,Test Air Freight Company
Site-ATN,Building-DIMI,Zone-MAIN,Aisle-G,Bay-31,Level-2,01,RACK,Available,Test-Air-Freight-Company-Test-Branch,Test Air Freight Company
Site-ATN,Building-DIMI,Zone-MAIN,Aisle-G,Bay-31,Level-3,01,RACK,Available,Test-Air-Freight-Company-Test-Branch,Test Air Freight Company
Site-ATN,Building-DIMI,Zone-MAIN,Aisle-G,Bay-31,Level-4,01,RACK,Available,Test-Air-Freight-Company-Test-Branch,Test Air Freight Company
Site-ATN,Building-DIMI,Zone-MAIN,Aisle-G,Bay-32,Level-1,01,RACK,Available,Test-Air-Freight-Company-Test-Branch,Test Air Freight Company
Site-ATN,Building-DIMI,Zone-MAIN,Aisle-G,Bay-32,Level-2,01,RACK,Available,Test-Air-Freight-Company-Test-Branch,Test Air Freight Company
Site-ATN,Building-DIMI,Zone-MAIN,Aisle-G,Bay-32,Level-3,01,RACK,Available,Test-Air-Freight-Company-Test-Branch,Test Air Freight Company
Site-ATN,Building-DIMI,Zone-MAIN,Aisle-G,Bay-32,Level-4,01,RACK,Available,Test-Air-Freight-Company-Test-Branch,Test Air Freight Company
Site-ATN,Building-DIMI,Zone-MAIN,Aisle-H,Bay-01,Level-1,01,RACK,Available,Test-Air-Freight-Company-Test-Branch,Test Air Freight Company
Site-ATN,Building-DIMI,Zone-MAIN,Aisle-H,Bay-01,Level-2,01,RACK,Available,Test-Air-Freight-Company-Test-Branch,Test Air Freight Company
Site-ATN,Building-DIMI,Zone-MAIN,Aisle-H,Bay-01,Level-3,01,RACK,Available,Test-Air-Freight-Company-Test-Branch,Test Air Freight Company
Site-ATN,Building-DIMI,Zone-MAIN,Aisle-H,Bay-01,Level-4,01,RACK,Available,Test-Air-Freight-Company-Test-Branch,Test Air Freight Company
Site-ATN,Building-DIMI,Zone-MAIN,Aisle-H,Bay-02,Level-1,01,RACK,Available,Test-Air-Freight-Company-Test-Branch,Test Air Freight Company
Site-ATN,Building-DIMI,Zone-MAIN,Aisle-H,Bay-02,Level-2,01,RACK,Available,Test-Air-Freight-Company-Test-Branch,Test Air Freight Company
Site-ATN,Building-DIMI,Zone-MAIN,Aisle-H,Bay-02,Level-3,01,RACK,Available,Test-Air-Freight-Company-Test-Branch,Test Air Freight Company
Site-ATN,Building-DIMI,Zone-MAIN,Aisle-H,Bay-02,Level-4,01,RACK,Available,Test-Air-Freight-Company-Test-Branch,Test Air Freight Company
Site-ATN,Building-DIMI,Zone-MAIN,Aisle-H,Bay-03,Level-1,01,RACK,Available,Test-Air-Freight-Company-Test-Branch,Test Air Freight Company
Site-ATN,Building-DIMI,Zone-MAIN,Aisle-H,Bay-03,Level-2,01,RACK,Available,Test-Air-Freight-Company-Test-Branch,Test Air Freight Company
Site-ATN,Building-DIMI,Zone-MAIN,Aisle-H,Bay-03,Level-3,01,RACK,Available,Test-Air-Freight-Company-Test-Branch,Test Air Freight Company
Site-ATN,Building-DIMI,Zone-MAIN,Aisle-H,Bay-03,Level-4,01,RACK,Available,Test-Air-Freight-Company-Test-Branch,Test Air Freight Company
Site-ATN,Building-DIMI,Zone-MAIN,Aisle-H,Bay-04,Level-1,01,RACK,Available,Test-Air-Freight-Company-Test-Branch,Test Air Freight Company
Site-ATN,Building-DIMI,Zone-MAIN,Aisle-H,Bay-04,Level-2,01,RACK,Available,Test-Air-Freight-Company-Test-Branch,Test Air Freight Company
Site-ATN,Building-DIMI,Zone-MAIN,Aisle-H,Bay-04,Level-3,01,RACK,Available,Test-Air-Freight-Company-Test-Branch,Test Air Freight Company
Site-ATN,Building-DIMI,Zone-MAIN,Aisle-H,Bay-04,Level-4,01,RACK,Available,Test-Air-Freight-Company-Test-Branch,Test Air Freight Company
Site-ATN,Building-DIMI,Zone-MAIN,Aisle-H,Bay-05,Level-1,01,RACK,Available,Test-Air-Freight-Company-Test-Branch,Test Air Freight Company
Site-ATN,Building-DIMI,Zone-MAIN,Aisle-H,Bay-05,Level-2,01,RACK,Available,Test-Air-Freight-Company-Test-Branch,Test Air Freight Company
Site-ATN,Building-DIMI,Zone-MAIN,Aisle-H,Bay-05,Level-3,01,RACK,Available,Test-Air-Freight-Company-Test-Branch,Test Air Freight Company
Site-ATN,Building-DIMI,Zone-MAIN,Aisle-H,Bay-05,Level-4,01,RACK,Available,Test-Air-Freight-Company-Test-Branch,Test Air Freight Company
Site-ATN,Building-DIMI,Zone-MAIN,Aisle-H,Bay-06,Level-1,01,RACK,Available,Test-Air-Freight-Company-Test-Branch,Test Air Freight Company
Site-ATN,Building-DIMI,Zone-MAIN,Aisle-H,Bay-06,Level-2,01,RACK,Available,Test-Air-Freight-Company-Test-Branch,Test Air Freight Company
Site-ATN,Building-DIMI,Zone-MAIN,Aisle-H,Bay-06,Level-3,01,RACK,Available,Test-Air-Freight-Company-Test-Branch,Test Air Freight Company
Site-ATN,Building-DIMI,Zone-MAIN,Aisle-H,Bay-06,Level-4,01,RACK,Available,Test-Air-Freight-Company-Test-Branch,Test Air Freight Company
Site-ATN,Building-DIMI,Zone-MAIN,Aisle-H,Bay-07,Level-1,01,RACK,Available,Test-Air-Freight-Company-Test-Branch,Test Air Freight Company
Site-ATN,Building-DIMI,Zone-MAIN,Aisle-H,Bay-07,Level-2,01,RACK,Available,Test-Air-Freight-Company-Test-Branch,Test Air Freight Company
Site-ATN,Building-DIMI,Zone-MAIN,Aisle-H,Bay-07,Level-3,01,RACK,Available,Test-Air-Freight-Company-Test-Branch,Test Air Freight Company
Site-ATN,Building-DIMI,Zone-MAIN,Aisle-H,Bay-07,Level-4,01,RACK,Available,Test-Air-Freight-Company-Test-Branch,Test Air Freight Company
Site-ATN,Building-DIMI,Zone-MAIN,Aisle-H,Bay-08,Level-1,01,RACK,Available,Test-Air-Freight-Company-Test-Branch,Test Air Freight Company
Site-ATN,Building-DIMI,Zone-MAIN,Aisle-H,Bay-08,Level-2,01,RACK,Available,Test-Air-Freight-Company-Test-Branch,Test Air Freight Company
Site-ATN,Building-DIMI,Zone-MAIN,Aisle-H,Bay-08,Level-3,01,RACK,Available,Test-Air-Freight-Company-Test-Branch,Test Air Freight Company
Site-ATN,Building-DIMI,Zone-MAIN,Aisle-H,Bay-08,Level-4,01,RACK,Available,Test-Air-Freight-Company-Test-Branch,Test Air Freight Company
Site-ATN,Building-DIMI,Zone-MAIN,Aisle-H,Bay-09,Level-1,01,RACK,Available,Test-Air-Freight-Company-Test-Branch,Test Air Freight Company
Site-ATN,Building-DIMI,Zone-MAIN,Aisle-H,Bay-09,Level-2,01,RACK,Available,Test-Air-Freight-Company-Test-Branch,Test Air Freight Company
Site-ATN,Building-DIMI,Zone-MAIN,Aisle-H,Bay-09,Level-3,01,RACK,Available,Test-Air-Freight-Company-Test-Branch,Test Air Freight Company
Site-ATN,Building-DIMI,Zone-MAIN,Aisle-H,Bay-09,Level-4,01,RACK,Available,Test-Air-Freight-Company-Test-Branch,Test Air Freight Company
Site-ATN,Building-DIMI,Zone-MAIN,Aisle-H,Bay-10,Level-1,01,RACK,Available,Test-Air-Freight-Company-Test-Branch,Test Air Freight Company
Site-ATN,Building-DIMI,Zone-MAIN,Aisle-H,Bay-10,Level-2,01,RACK,Available,Test-Air-Freight-Company-Test-Branch,Test Air Freight Company
Site-ATN,Building-DIMI,Zone-MAIN,Aisle-H,Bay-10,Level-3,01,RACK,Available,Test-Air-Freight-Company-Test-Branch,Test Air Freight Company
Site-ATN,Building-DIMI,Zone-MAIN,Aisle-H,Bay-10,Level-4,01,RACK,Available,Test-Air-Freight-Company-Test-Branch,Test Air Freight Company
Site-ATN,Building-DIMI,Zone-MAIN,Aisle-H,Bay-11,Level-1,01,RACK,Available,Test-Air-Freight-Company-Test-Branch,Test Air Freight Company
Site-ATN,Building-DIMI,Zone-MAIN,Aisle-H,Bay-11,Level-2,01,RACK,Available,Test-Air-Freight-Company-Test-Branch,Test Air Freight Company
Site-ATN,Building-DIMI,Zone-MAIN,Aisle-H,Bay-11,Level-3,01,RACK,Available,Test-Air-Freight-Company-Test-Branch,Test Air Freight Company
Site-ATN,Building-DIMI,Zone-MAIN,Aisle-H,Bay-11,Level-4,01,RACK,Available,Test-Air-Freight-Company-Test-Branch,Test Air Freight Company
Site-ATN,Building-DIMI,Zone-MAIN,Aisle-H,Bay-12,Level-1,01,RACK,Available,Test-Air-Freight-Company-Test-Branch,Test Air Freight Company
Site-ATN,Building-DIMI,Zone-MAIN,Aisle-H,Bay-12,Level-2,01,RACK,Available,Test-Air-Freight-Company-Test-Branch,Test Air Freight Company
Site-ATN,Building-DIMI,Zone-MAIN,Aisle-H,Bay-12,Level-3,01,RACK,Available,Test-Air-Freight-Company-Test-Branch,Test Air Freight Company
Site-ATN,Building-DIMI,Zone-MAIN,Aisle-H,Bay-12,Level-4,01,RACK,Available,Test-Air-Freight-Company-Test-Branch,Test Air Freight Company
Site-ATN,Building-DIMI,Zone-MAIN,Aisle-H,Bay-13,Level-1,01,RACK,Available,Test-Air-Freight-Company-Test-Branch,Test Air Freight Company
Site-ATN,Building-DIMI,Zone-MAIN,Aisle-H,Bay-13,Level-2,01,RACK,Available,Test-Air-Freight-Company-Test-Branch,Test Air Freight Company
Site-ATN,Building-DIMI,Zone-MAIN,Aisle-H,Bay-13,Level-3,01,RACK,Available,Test-Air-Freight-Company-Test-Branch,Test Air Freight Company
Site-ATN,Building-DIMI,Zone-MAIN,Aisle-H,Bay-13,Level-4,01,RACK,Available,Test-Air-Freight-Company-Test-Branch,Test Air Freight Company
Site-ATN,Building-DIMI,Zone-MAIN,Aisle-H,Bay-14,Level-1,01,RACK,Available,Test-Air-Freight-Company-Test-Branch,Test Air Freight Company
Site-ATN,Building-DIMI,Zone-MAIN,Aisle-H,Bay-14,Level-2,01,RACK,Available,Test-Air-Freight-Company-Test-Branch,Test Air Freight Company
Site-ATN,Building-DIMI,Zone-MAIN,Aisle-H,Bay-14,Level-3,01,RACK,Available,Test-Air-Freight-Company-Test-Branch,Test Air Freight Company
Site-ATN,Building-DIMI,Zone-MAIN,Aisle-H,Bay-14,Level-4,01,RACK,Available,Test-Air-Freight-Company-Test-Branch,Test Air Freight Company
Site-ATN,Building-DIMI,Zone-MAIN,Aisle-H,Bay-15,Level-1,01,RACK,Available,Test-Air-Freight-Company-Test-Branch,Test Air Freight Company
Site-ATN,Building-DIMI,Zone-MAIN,Aisle-H,Bay-15,Level-2,01,RACK,Available,Test-Air-Freight-Company-Test-Branch,Test Air Freight Company
Site-ATN,Building-DIMI,Zone-MAIN,Aisle-H,Bay-15,Level-3,01,RACK,Available,Test-Air-Freight-Company-Test-Branch,Test Air Freight Company
Site-ATN,Building-DIMI,Zone-MAIN,Aisle-H,Bay-15,Level-4,01,RACK,Available,Test-Air-Freight-Company-Test-Branch,Test Air Freight Company
Site-ATN,Building-DIMI,Zone-MAIN,Aisle-H,Bay-16,Level-1,01,RACK,Available,Test-Air-Freight-Company-Test-Branch,Test Air Freight Company
Site-ATN,Building-DIMI,Zone-MAIN,Aisle-H,Bay-16,Level-2,01,RACK,Available,Test-Air-Freight-Company-Test-Branch,Test Air Freight Company
Site-ATN,Building-DIMI,Zone-MAIN,Aisle-H,Bay-16,Level-3,01,RACK,Available,Test-Air-Freight-Company-Test-Branch,Test Air Freight Company
Site-ATN,Building-DIMI,Zone-MAIN,Aisle-H,Bay-16,Level-4,01,RACK,Available,Test-Air-Freight-Company-Test-Branch,Test Air Freight Company
Site-ATN,Building-DIMI,Zone-MAIN,Aisle-H,Bay-17,Level-1,01,RACK,Available,Test-Air-Freight-Company-Test-Branch,Test Air Freight Company
Site-ATN,Building-DIMI,Zone-MAIN,Aisle-H,Bay-17,Level-2,01,RACK,Available,Test-Air-Freight-Company-Test-Branch,Test Air Freight Company
Site-ATN,Building-DIMI,Zone-MAIN,Aisle-H,Bay-17,Level-3,01,RACK,Available,Test-Air-Freight-Company-Test-Branch,Test Air Freight Company
Site-ATN,Building-DIMI,Zone-MAIN,Aisle-H,Bay-17,Level-4,01,RACK,Available,Test-Air-Freight-Company-Test-Branch,Test Air Freight Company
Site-ATN,Building-DIMI,Zone-MAIN,Aisle-H,Bay-18,Level-1,01,RACK,Available,Test-Air-Freight-Company-Test-Branch,Test Air Freight Company
Site-ATN,Building-DIMI,Zone-MAIN,Aisle-H,Bay-18,Level-2,01,RACK,Available,Test-Air-Freight-Company-Test-Branch,Test Air Freight Company
Site-ATN,Building-DIMI,Zone-MAIN,Aisle-H,Bay-18,Level-3,01,RACK,Available,Test-Air-Freight-Company-Test-Branch,Test Air Freight Company
Site-ATN,Building-DIMI,Zone-MAIN,Aisle-H,Bay-18,Level-4,01,RACK,Available,Test-Air-Freight-Company-Test-Branch,Test Air Freight Company
Site-ATN,Building-DIMI,Zone-MAIN,Aisle-H,Bay-19,Level-1,01,RACK,Available,Test-Air-Freight-Company-Test-Branch,Test Air Freight Company
Site-ATN,Building-DIMI,Zone-MAIN,Aisle-H,Bay-19,Level-2,01,RACK,Available,Test-Air-Freight-Company-Test-Branch,Test Air Freight Company
Site-ATN,Building-DIMI,Zone-MAIN,Aisle-H,Bay-19,Level-3,01,RACK,Available,Test-Air-Freight-Company-Test-Branch,Test Air Freight Company
Site-ATN,Building-DIMI,Zone-MAIN,Aisle-H,Bay-19,Level-4,01,RACK,Available,Test-Air-Freight-Company-Test-Branch,Test Air Freight Company
Site-ATN,Building-DIMI,Zone-MAIN,Aisle-H,Bay-20,Level-1,01,RACK,Available,Test-Air-Freight-Company-Test-Branch,Test Air Freight Company
Site-ATN,Building-DIMI,Zone-MAIN,Aisle-H,Bay-20,Level-2,01,RACK,Available,Test-Air-Freight-Company-Test-Branch,Test Air Freight Company
Site-ATN,Building-DIMI,Zone-MAIN,Aisle-H,Bay-20,Level-3,01,RACK,Available,Test-Air-Freight-Company-Test-Branch,Test Air Freight Company
Site-ATN,Building-DIMI,Zone-MAIN,Aisle-H,Bay-20,Level-4,01,RACK,Available,Test-Air-Freight-Company-Test-Branch,Test Air Freight Company
Site-ATN,Building-DIMI,Zone-MAIN,Aisle-H,Bay-21,Level-1,01,RACK,Available,Test-Air-Freight-Company-Test-Branch,Test Air Freight Company
Site-ATN,Building-DIMI,Zone-MAIN,Aisle-H,Bay-21,Level-2,01,RACK,Available,Test-Air-Freight-Company-Test-Branch,Test Air Freight Company
Site-ATN,Building-DIMI,Zone-MAIN,Aisle-H,Bay-21,Level-3,01,RACK,Available,Test-Air-Freight-Company-Test-Branch,Test Air Freight Company
Site-ATN,Building-DIMI,Zone-MAIN,Aisle-H,Bay-21,Level-4,01,RACK,Available,Test-Air-Freight-Company-Test-Branch,Test Air Freight Company
Site-ATN,Building-DIMI,Zone-MAIN,Aisle-H,Bay-22,Level-1,01,RACK,Available,Test-Air-Freight-Company-Test-Branch,Test Air Freight Company
Site-ATN,Building-DIMI,Zone-MAIN,Aisle-H,Bay-22,Level-2,01,RACK,Available,Test-Air-Freight-Company-Test-Branch,Test Air Freight Company
Site-ATN,Building-DIMI,Zone-MAIN,Aisle-H,Bay-22,Level-3,01,RACK,Available,Test-Air-Freight-Company-Test-Branch,Test Air Freight Company
Site-ATN,Building-DIMI,Zone-MAIN,Aisle-H,Bay-22,Level-4,01,RACK,Available,Test-Air-Freight-Company-Test-Branch,Test Air Freight Company
Site-ATN,Building-DIMI,Zone-MAIN,Aisle-H,Bay-23,Level-1,01,RACK,Available,Test-Air-Freight-Company-Test-Branch,Test Air Freight Company
Site-ATN,Building-DIMI,Zone-MAIN,Aisle-H,Bay-23,Level-2,01,RACK,Available,Test-Air-Freight-Company-Test-Branch,Test Air Freight Company
Site-ATN,Building-DIMI,Zone-MAIN,Aisle-H,Bay-23,Level-3,01,RACK,Available,Test-Air-Freight-Company-Test-Branch,Test Air Freight Company
Site-ATN,Building-DIMI,Zone-MAIN,Aisle-H,Bay-23,Level-4,01,RACK,Available,Test-Air-Freight-Company-Test-Branch,Test Air Freight Company
Site-ATN,Building-DIMI,Zone-MAIN,Aisle-H,Bay-24,Level-1,01,RACK,Available,Test-Air-Freight-Company-Test-Branch,Test Air Freight Company
Site-ATN,Building-DIMI,Zone-MAIN,Aisle-H,Bay-24,Level-2,01,RACK,Available,Test-Air-Freight-Company-Test-Branch,Test Air Freight Company
Site-ATN,Building-DIMI,Zone-MAIN,Aisle-H,Bay-24,Level-3,01,RACK,Available,Test-Air-Freight-Company-Test-Branch,Test Air Freight Company
Site-ATN,Building-DIMI,Zone-MAIN,Aisle-H,Bay-24,Level-4,01,RACK,Available,Test-Air-Freight-Company-Test-Branch,Test Air Freight Company
Site-ATN,Building-DIMI,Zone-MAIN,Aisle-H,Bay-25,Level-1,01,RACK,Available,Test-Air-Freight-Company-Test-Branch,Test Air Freight Company
Site-ATN,Building-DIMI,Zone-MAIN,Aisle-H,Bay-25,Level-2,01,RACK,Available,Test-Air-Freight-Company-Test-Branch,Test Air Freight Company
Site-ATN,Building-DIMI,Zone-MAIN,Aisle-H,Bay-25,Level-3,01,RACK,Available,Test-Air-Freight-Company-Test-Branch,Test Air Freight Company
Site-ATN,Building-DIMI,Zone-MAIN,Aisle-H,Bay-25,Level-4,01,RACK,Available,Test-Air-Freight-Company-Test-Branch,Test Air Freight Company
Site-ATN,Building-DIMI,Zone-MAIN,Aisle-H,Bay-26,Level-1,01,RACK,Available,Test-Air-Freight-Company-Test-Branch,Test Air Freight Company
Site-ATN,Building-DIMI,Zone-MAIN,Aisle-H,Bay-26,Level-2,01,RACK,Available,Test-Air-Freight-Company-Test-Branch,Test Air Freight Company
Site-ATN,Building-DIMI,Zone-MAIN,Aisle-H,Bay-26,Level-3,01,RACK,Available,Test-Air-Freight-Company-Test-Branch,Test Air Freight Company
Site-ATN,Building-DIMI,Zone-MAIN,Aisle-H,Bay-26,Level-4,01,RACK,Available,Test-Air-Freight-Company-Test-Branch,Test Air Freight Company
Site-ATN,Building-DIMI,Zone-MAIN,Aisle-H,Bay-27,Level-1,01,RACK,Available,Test-Air-Freight-Company-Test-Branch,Test Air Freight Company
Site-ATN,Building-DIMI,Zone-MAIN,Aisle-H,Bay-27,Level-2,01,RACK,Available,Test-Air-Freight-Company-Test-Branch,Test Air Freight Company
Site-ATN,Building-DIMI,Zone-MAIN,Aisle-H,Bay-27,Level-3,01,RACK,Available,Test-Air-Freight-Company-Test-Branch,Test Air Freight Company
Site-ATN,Building-DIMI,Zone-MAIN,Aisle-H,Bay-27,Level-4,01,RACK,Available,Test-Air-Freight-Company-Test-Branch,Test Air Freight Company
Site-ATN,Building-DIMI,Zone-MAIN,Aisle-H,Bay-28,Level-1,01,RACK,Available,Test-Air-Freight-Company-Test-Branch,Test Air Freight Company
Site-ATN,Building-DIMI,Zone-MAIN,Aisle-H,Bay-28,Level-2,01,RACK,Available,Test-Air-Freight-Company-Test-Branch,Test Air Freight Company
Site-ATN,Building-DIMI,Zone-MAIN,Aisle-H,Bay-28,Level-3,01,RACK,Available,Test-Air-Freight-Company-Test-Branch,Test Air Freight Company
Site-ATN,Building-DIMI,Zone-MAIN,Aisle-H,Bay-28,Level-4,01,RACK,Available,Test-Air-Freight-Company-Test-Branch,Test Air Freight Company
Site-ATN,Building-DIMI,Zone-MAIN,Aisle-H,Bay-29,Level-1,01,RACK,Available,Test-Air-Freight-Company-Test-Branch,Test Air Freight Company
Site-ATN,Building-DIMI,Zone-MAIN,Aisle-H,Bay-29,Level-2,01,RACK,Available,Test-Air-Freight-Company-Test-Branch,Test Air Freight Company
Site-ATN,Building-DIMI,Zone-MAIN,Aisle-H,Bay-29,Level-3,01,RACK,Available,Test-Air-Freight-Company-Test-Branch,Test Air Freight Company
Site-ATN,Building-DIMI,Zone-MAIN,Aisle-H,Bay-29,Level-4,01,RACK,Available,Test-Air-Freight-Company-Test-Branch,Test Air Freight Company
Site-ATN,Building-DIMI,Zone-MAIN,Aisle-H,Bay-30,Level-1,01,RACK,Available,Test-Air-Freight-Company-Test-Branch,Test Air Freight Company
Site-ATN,Building-DIMI,Zone-MAIN,Aisle-H,Bay-30,Level-2,01,RACK,Available,Test-Air-Freight-Company-Test-Branch,Test Air Freight Company
Site-ATN,Building-DIMI,Zone-MAIN,Aisle-H,Bay-30,Level-3,01,RACK,Available,Test-Air-Freight-Company-Test-Branch,Test Air Freight Company
Site-ATN,Building-DIMI,Zone-MAIN,Aisle-H,Bay-30,Level-4,01,RACK,Available,Test-Air-Freight-Company-Test-Branch,Test Air Freight Company
Site-ATN,Building-DIMI,Zone-MAIN,Aisle-H,Bay-31,Level-1,01,RACK,Available,Test-Air-Freight-Company-Test-Branch,Test Air Freight Company
Site-ATN,Building-DIMI,Zone-MAIN,Aisle-H,Bay-31,Level-2,01,RACK,Available,Test-Air-Freight-Company-Test-Branch,Test Air Freight Company
Site-ATN,Building-DIMI,Zone-MAIN,Aisle-H,Bay-31,Level-3,01,RACK,Available,Test-Air-Freight-Company-Test-Branch,Test Air Freight Company
Site-ATN,Building-DIMI,Zone-MAIN,Aisle-H,Bay-31,Level-4,01,RACK,Available,Test-Air-Freight-Company-Test-Branch,Test Air Freight Company
Site-ATN,Building-DIMI,Zone-MAIN,Aisle-H,Bay-32,Level-1,01,RACK,Available,Test-Air-Freight-Company-Test-Branch,Test Air Freight Company
Site-ATN,Building-DIMI,Zone-MAIN,Aisle-H,Bay-32,Level-2,01,RACK,Available,Test-Air-Freight-Company-Test-Branch,Test Air Freight Company
Site-ATN,Building-DIMI,Zone-MAIN,Aisle-H,Bay-32,Level-3,01,RACK,Available,Test-Air-Freight-Company-Test-Branch,Test Air Freight Company
Site-ATN,Building-DIMI,Zone-MAIN,Aisle-H,Bay-32,Level-4,01,RACK,Available,Test-Air-Freight-Company-Test-Branch,Test Air Freight Company
Site-ATN,Building-DIMI,Zone-MAIN,Aisle-H,Bay-33,Level-1,01,RACK,Available,Test-Air-Freight-Company-Test-Branch,Test Air Freight Company
Site-ATN,Building-DIMI,Zone-MAIN,Aisle-H,Bay-33,Level-2,01,RACK,Available,Test-Air-Freight-Company-Test-Branch,Test Air Freight Company
Site-ATN,Building-DIMI,Zone-MAIN,Aisle-H,Bay-33,Level-3,01,RACK,Available,Test-Air-Freight-Company-Test-Branch,Test Air Freight Company
Site-ATN,Building-DIMI,Zone-MAIN,Aisle-H,Bay-33,Level-4,01,RACK,Available,Test-Air-Freight-Company-Test-Branch,Test Air Freight Company
Site-ATN,Building-DIMI,Zone-MAIN,Aisle-H,Bay-34,Level-1,01,RACK,Available,Test-Air-Freight-Company-Test-Branch,Test Air Freight Company
Site-ATN,Building-DIMI,Zone-MAIN,Aisle-H,Bay-34,Level-2,01,RACK,Available,Test-Air-Freight-Company-Test-Branch,Test Air Freight Company
Site-ATN,Building-DIMI,Zone-MAIN,Aisle-H,Bay-34,Level-3,01,RACK,Available,Test-Air-Freight-Company-Test-Branch,Test Air Freight Company
Site-ATN,Building-DIMI,Zone-MAIN,Aisle-H,Bay-34,Level-4,01,RACK,Available,Test-Air-Freight-Company-Test-Branch,Test Air Freight Company
Site-ATN,Building-DIMI,Zone-MAIN,Aisle-H,Bay-35,Level-1,01,RACK,Available,Test-Air-Freight-Company-Test-Branch,Test Air Freight Company
Site-ATN,Building-DIMI,Zone-MAIN,Aisle-H,Bay-35,Level-2,01,RACK,Available,Test-Air-Freight-Company-Test-Branch,Test Air Freight Company
Site-ATN,Building-DIMI,Zone-MAIN,Aisle-H,Bay-35,Level-3,01,RACK,Available,Test-Air-Freight-Company-Test-Branch,Test Air Freight Company
Site-ATN,Building-DIMI,Zone-MAIN,Aisle-H,Bay-35,Level-4,01,RACK,Available,Test-Air-Freight-Company-Test-Branch,Test Air Freight Company
Site-ATN,Building-DIMI,Zone-MAIN,Aisle-H,Bay-36,Level-1,01,RACK,Available,Test-Air-Freight-Company-Test-Branch,Test Air Freight Company
Site-ATN,Building-DIMI,Zone-MAIN,Aisle-H,Bay-36,Level-2,01,RACK,Available,Test-Air-Freight-Company-Test-Branch,Test Air Freight Company
Site-ATN,Building-DIMI,Zone-MAIN,Aisle-H,Bay-36,Level-3,01,RACK,Available,Test-Air-Freight-Company-Test-Branch,Test Air Freight Company
Site-ATN,Building-DIMI,Zone-MAIN,Aisle-H,Bay-36,Level-4,01,RACK,Available,Test-Air-Freight-Company-Test-Branch,Test Air Freight Company
Site-ATN,Building-DIMI,Zone-MAIN,Aisle-H,Bay-37,Level-1,01,RACK,Available,Test-Air-Freight-Company-Test-Branch,Test Air Freight Company
Site-ATN,Building-DIMI,Zone-MAIN,Aisle-H,Bay-37,Level-2,01,RACK,Available,Test-Air-Freight-Company-Test-Branch,Test Air Freight Company
Site-ATN,Building-DIMI,Zone-MAIN,Aisle-H,Bay-37,Level-3,01,RACK,Available,Test-Air-Freight-Company-Test-Branch,Test Air Freight Company
Site-ATN,Building-DIMI,Zone-MAIN,Aisle-H,Bay-37,Level-4,01,RACK,Available,Test-Air-Freight-Company-Test-Branch,Test Air Freight Company
Site-ATN,Building-DIMI,Zone-MAIN,Aisle-H,Bay-38,Level-1,01,RACK,Available,Test-Air-Freight-Company-Test-Branch,Test Air Freight Company
Site-ATN,Building-DIMI,Zone-MAIN,Aisle-H,Bay-38,Level-2,01,RACK,Available,Test-Air-Freight-Company-Test-Branch,Test Air Freight Company
Site-ATN,Building-DIMI,Zone-MAIN,Aisle-H,Bay-38,Level-3,01,RACK,Available,Test-Air-Freight-Company-Test-Branch,Test Air Freight Company
Site-ATN,Building-DIMI,Zone-MAIN,Aisle-H,Bay-38,Level-4,01,RACK,Available,Test-Air-Freight-Company-Test-Branch,Test Air Freight Company
Site-ATN,Building-DIMI,Zone-MAIN,Aisle-H,Bay-39,Level-1,01,RACK,Available,Test-Air-Freight-Company-Test-Branch,Test Air Freight Company
Site-ATN,Building-DIMI,Zone-MAIN,Aisle-H,Bay-39,Level-2,01,RACK,Available,Test-Air-Freight-Company-Test-Branch,Test Air Freight Company
Site-ATN,Building-DIMI,Zone-MAIN,Aisle-H,Bay-39,Level-3,01,RACK,Available,Test-Air-Freight-Company-Test-Branch,Test Air Freight Company
Site-ATN,Building-DIMI,Zone-MAIN,Aisle-H,Bay-39,Level-4,01,RACK,Available,Test-Air-Freight-Company-Test-Branch,Test Air Freight Company
Site-ATN,Building-DIMI,Zone-MAIN,Aisle-H,Bay-40,Level-1,01,RACK,Available,Test-Air-Freight-Company-Test-Branch,Test Air Freight Company
Site-ATN,Building-DIMI,Zone-MAIN,Aisle-H,Bay-40,Level-2,01,RACK,Available,Test-Air-Freight-Company-Test-Branch,Test Air Freight Company
Site-ATN,Building-DIMI,Zone-MAIN,Aisle-H,Bay-40,Level-3,01,RACK,Available,Test-Air-Freight-Company-Test-Branch,Test Air Freight Company
Site-ATN,Building-DIMI,Zone-MAIN,Aisle-H,Bay-40,Level-4,01,RACK,Available,Test-Air-Freight-Company-Test-Branch,Test Air Freight Company
Site-ATN,Building-DIMI,Zone-MAIN,Aisle-H,Bay-41,Level-1,01,RACK,Available,Test-Air-Freight-Company-Test-Branch,Test Air Freight Company
Site-ATN,Building-DIMI,Zone-MAIN,Aisle-H,Bay-41,Level-2,01,RACK,Available,Test-Air-Freight-Company-Test-Branch,Test Air Freight Company
Site-ATN,Building-DIMI,Zone-MAIN,Aisle-H,Bay-41,Level-3,01,RACK,Available,Test-Air-Freight-Company-Test-Branch,Test Air Freight Company
Site-ATN,Building-DIMI,Zone-MAIN,Aisle-H,Bay-41,Level-4,01,RACK,Available,Test-Air-Freight-Company-Test-Branch,Test Air Freight Company
Site-ATN,Building-DIMI,Zone-MAIN,Aisle-H,Bay-42,Level-1,01,RACK,Available,Test-Air-Freight-Company-Test-Branch,Test Air Freight Company
Site-ATN,Building-DIMI,Zone-MAIN,Aisle-H,Bay-42,Level-2,01,RACK,Available,Test-Air-Freight-Company-Test-Branch,Test Air Freight Company
Site-ATN,Building-DIMI,Zone-MAIN,Aisle-H,Bay-42,Level-3,01,RACK,Available,Test-Air-Freight-Company-Test-Branch,Test Air Freight Company
Site-ATN,Building-DIMI,Zone-MAIN,Aisle-H,Bay-42,Level-4,01,RACK,Available,Test-Air-Freight-Company-Test-Branch,Test Air Freight Company
Site-ATN,Building-DIMI,Zone-MAIN,Aisle-H,Bay-43,Level-1,01,RACK,Available,Test-Air-Freight-Company-Test-Branch,Test Air Freight Company
Site-ATN,Building-DIMI,Zone-MAIN,Aisle-H,Bay-43,Level-2,01,RACK,Available,Test-Air-Freight-Company-Test-Branch,Test Air Freight Company
Site-ATN,Building-DIMI,Zone-MAIN,Aisle-H,Bay-43,Level-3,01,RACK,Available,Test-Air-Freight-Company-Test-Branch,Test Air Freight Company
Site-ATN,Building-DIMI,Zone-MAIN,Aisle-H,Bay-43,Level-4,01,RACK,Available,Test-Air-Freight-Company-Test-Branch,Test Air Freight Company
Site-ATN,Building-DIMI,Zone-MAIN,Aisle-H,Bay-44,Level-1,01,RACK,Available,Test-Air-Freight-Company-Test-Branch,Test Air Freight Company
Site-ATN,Building-DIMI,Zone-MAIN,Aisle-H,Bay-44,Level-2,01,RACK,Available,Test-Air-Freight-Company-Test-Branch,Test Air Freight Company
Site-ATN,Building-DIMI,Zone-MAIN,Aisle-H,Bay-44,Level-3,01,RACK,Available,Test-Air-Freight-Company-Test-Branch,Test Air Freight Company
Site-ATN,Building-DIMI,Zone-MAIN,Aisle-H,Bay-44,Level-4,01,RACK,Available,Test-Air-Freight-Company-Test-Branch,Test Air Freight Company
Site-ATN,Building-DIMI,Zone-MAIN,Aisle-H,Bay-45,Level-1,01,RACK,Available,Test-Air-Freight-Company-Test-Branch,Test Air Freight Company
Site-ATN,Building-DIMI,Zone-MAIN,Aisle-H,Bay-45,Level-2,01,RACK,Available,Test-Air-Freight-Company-Test-Branch,Test Air Freight Company
Site-ATN,Building-DIMI,Zone-MAIN,Aisle-H,Bay-45,Level-3,01,RACK,Available,Test-Air-Freight-Company-Test-Branch,Test Air Freight Company
Site-ATN,Building-DIMI,Zone-MAIN,Aisle-H,Bay-45,Level-4,01,RACK,Available,Test-Air-Freight-Company-Test-Branch,Test Air Freight Company
Site-ATN,Building-DIMI,Zone-MAIN,Aisle-H,Bay-46,Level-1,01,RACK,Available,Test-Air-Freight-Company-Test-Branch,Test Air Freight Company
Site-ATN,Building-DIMI,Zone-MAIN,Aisle-H,Bay-46,Level-2,01,RACK,Available,Test-Air-Freight-Company-Test-Branch,Test Air Freight Company
Site-ATN,Building-DIMI,Zone-MAIN,Aisle-H,Bay-46,Level-3,01,RACK,Available,Test-Air-Freight-Company-Test-Branch,Test Air Freight Company
Site-ATN,Building-DIMI,Zone-MAIN,Aisle-H,Bay-46,Level-4,01,RACK,Available,Test-Air-Freight-Company-Test-Branch,Test Air Freight Company
Site-ATN,Building-DIMI,Zone-MAIN,Aisle-H,Bay-47,Level-1,01,RACK,Available,Test-Air-Freight-Company-Test-Branch,Test Air Freight Company
Site-ATN,Building-DIMI,Zone-MAIN,Aisle-H,Bay-47,Level-2,01,RACK,Available,Test-Air-Freight-Company-Test-Branch,Test Air Freight Company
Site-ATN,Building-DIMI,Zone-MAIN,Aisle-H,Bay-47,Level-3,01,RACK,Available,Test-Air-Freight-Company-Test-Branch,Test Air Freight Company
Site-ATN,Building-DIMI,Zone-MAIN,Aisle-H,Bay-47,Level-4,01,RACK,Available,Test-Air-Freight-Company-Test-Branch,Test Air Freight Company
Site-ATN,Building-DIMI,Zone-MAIN,Aisle-H,Bay-48,Level-1,01,RACK,Available,Test-Air-Freight-Company-Test-Branch,Test Air Freight Company
Site-ATN,Building-DIMI,Zone-MAIN,Aisle-H,Bay-48,Level-2,01,RACK,Available,Test-Air-Freight-Company-Test-Branch,Test Air Freight Company
Site-ATN,Building-DIMI,Zone-MAIN,Aisle-H,Bay-48,Level-3,01,RACK,Available,Test-Air-Freight-Company-Test-Branch,Test Air Freight Company
Site-ATN,Building-DIMI,Zone-MAIN,Aisle-H,Bay-48,Level-4,01,RACK,Available,Test-Air-Freight-Company-Test-Branch,Test Air Freight Company
Site-ATN,Building-DIMI,Zone-MAIN,Aisle-H,Bay-49,Level-1,01,RACK,Available,Test-Air-Freight-Company-Test-Branch,Test Air Freight Company
Site-ATN,Building-DIMI,Zone-MAIN,Aisle-H,Bay-49,Level-2,01,RACK,Available,Test-Air-Freight-Company-Test-Branch,Test Air Freight Company
Site-ATN,Building-DIMI,Zone-MAIN,Aisle-H,Bay-49,Level-3,01,RACK,Available,Test-Air-Freight-Company-Test-Branch,Test Air Freight Company
Site-ATN,Building-DIMI,Zone-MAIN,Aisle-H,Bay-49,Level-4,01,RACK,Available,Test-Air-Freight-Company-Test-Branch,Test Air Freight Company
Site-ATN,Building-DIMI,Zone-MAIN,Aisle-H,Bay-50,Level-1,01,RACK,Available,Test-Air-Freight-Company-Test-Branch,Test Air Freight Company
Site-ATN,Building-DIMI,Zone-MAIN,Aisle-H,Bay-50,Level-2,01,RACK,Available,Test-Air-Freight-Company-Test-Branch,Test Air Freight Company
Site-ATN,Building-DIMI,Zone-MAIN,Aisle-H,Bay-50,Level-3,01,RACK,Available,Test-Air-Freight-Company-Test-Branch,Test Air Freight Company
Site-ATN,Building-DIMI,Zone-MAIN,Aisle-H,Bay-50,Level-4,01,RACK,Available,Test-Air-Freight-Company-Test-Branch,Test Air Freight Company
Site-ATN,Building-DIMI,Zone-MAIN,Aisle-H,Bay-51,Level-1,01,RACK,Available,Test-Air-Freight-Company-Test-Branch,Test Air Freight Company
Site-ATN,Building-DIMI,Zone-MAIN,Aisle-H,Bay-51,Level-2,01,RACK,Available,Test-Air-Freight-Company-Test-Branch,Test Air Freight Company
Site-ATN,Building-DIMI,Zone-MAIN,Aisle-H,Bay-51,Level-3,01,RACK,Available,Test-Air-Freight-Company-Test-Branch,Test Air Freight Company
Site-ATN,Building-DIMI,Zone-MAIN,Aisle-H,Bay-51,Level-4,01,RACK,Available,Test-Air-Freight-Company-Test-Branch,Test Air Freight Company
Site-ATN,Building-DIMI,Zone-MAIN,Aisle-H,Bay-52,Level-1,01,RACK,Available,Test-Air-Freight-Company-Test-Branch,Test Air Freight Company
Site-ATN,Building-DIMI,Zone-MAIN,Aisle-H,Bay-52,Level-2,01,RACK,Available,Test-Air-Freight-Company-Test-Branch,Test Air Freight Company
Site-ATN,Building-DIMI,Zone-MAIN,Aisle-H,Bay-52,Level-3,01,RACK,Available,Test-Air-Freight-Company-Test-Branch,Test Air Freight Company
Site-ATN,Building-DIMI,Zone-MAIN,Aisle-H,Bay-52,Level-4,01,RACK,Available,Test-Air-Freight-Company-Test-Branch,Test Air Freight Company
Site-ATN,Building-DIMI,Zone-MAIN,Aisle-H,Bay-53,Level-1,01,RACK,Available,Test-Air-Freight-Company-Test-Branch,Test Air Freight Company
Site-ATN,Building-DIMI,Zone-MAIN,Aisle-H,Bay-53,Level-2,01,RACK,Available,Test-Air-Freight-Company-Test-Branch,Test Air Freight Company
Site-ATN,Building-DIMI,Zone-MAIN,Aisle-H,Bay-53,Level-3,01,RACK,Available,Test-Air-Freight-Company-Test-Branch,Test Air Freight Company
Site-ATN,Building-DIMI,Zone-MAIN,Aisle-H,Bay-53,Level-4,01,RACK,Available,Test-Air-Freight-Company-Test-Branch,Test Air Freight Company
Site-ATN,Building-DIMI,Zone-MAIN,Aisle-H,Bay-54,Level-1,01,RACK,Available,Test-Air-Freight-Company-Test-Branch,Test Air Freight Company
Site-ATN,Building-DIMI,Zone-MAIN,Aisle-H,Bay-54,Level-2,01,RACK,Available,Test-Air-Freight-Company-Test-Branch,Test Air Freight Company
Site-ATN,Building-DIMI,Zone-MAIN,Aisle-H,Bay-54,Level-3,01,RACK,Available,Test-Air-Freight-Company-Test-Branch,Test Air Freight Company
Site-ATN,Building-DIMI,Zone-MAIN,Aisle-H,Bay-54,Level-4,01,RACK,Available,Test-Air-Freight-Company-Test-Branch,Test Air Freight Company
Site-ATN,Building-DIMI,Zone-MAIN,Aisle-H,Bay-55,Level-1,01,RACK,Available,Test-Air-Freight-Company-Test-Branch,Test Air Freight Company
Site-ATN,Building-DIMI,Zone-MAIN,Aisle-H,Bay-55,Level-2,01,RACK,Available,Test-Air-Freight-Company-Test-Branch,Test Air Freight Company
Site-ATN,Building-DIMI,Zone-MAIN,Aisle-H,Bay-55,Level-3,01,RACK,Available,Test-Air-Freight-Company-Test-Branch,Test Air Freight Company
Site-ATN,Building-DIMI,Zone-MAIN,Aisle-H,Bay-55,Level-4,01,RACK,Available,Test-Air-Freight-Company-Test-Branch,Test Air Freight Company
Site-ATN,Building-DIMI,Zone-MAIN,Aisle-H,Bay-56,Level-1,01,RACK,Available,Test-Air-Freight-Company-Test-Branch,Test Air Freight Company
Site-ATN,Building-DIMI,Zone-MAIN,Aisle-H,Bay-56,Level-2,01,RACK,Available,Test-Air-Freight-Company-Test-Branch,Test Air Freight Company
Site-ATN,Building-DIMI,Zone-MAIN,Aisle-H,Bay-56,Level-3,01,RACK,Available,Test-Air-Freight-Company-Test-Branch,Test Air Freight Company
Site-ATN,Building-DIMI,Zone-MAIN,Aisle-H,Bay-56,Level-4,01,RACK,Available,Test-Air-Freight-Company-Test-Branch,Test Air Freight Company
Site-ATN,Building-DIMI,Zone-MAIN,Aisle-H,Bay-57,Level-1,01,RACK,Available,Test-Air-Freight-Company-Test-Branch,Test Air Freight Company
Site-ATN,Building-DIMI,Zone-MAIN,Aisle-H,Bay-57,Level-2,01,RACK,Available,Test-Air-Freight-Company-Test-Branch,Test Air Freight Company
Site-ATN,Building-DIMI,Zone-MAIN,Aisle-H,Bay-57,Level-3,01,RACK,Available,Test-Air-Freight-Company-Test-Branch,Test Air Freight Company
Site-ATN,Building-DIMI,Zone-MAIN,Aisle-H,Bay-57,Level-4,01,RACK,Available,Test-Air-Freight-Company-Test-Branch,Test Air Freight Company
Site-ATN,Building-DIMI,Zone-MAIN,Aisle-H,Bay-58,Level-1,01,RACK,Available,Test-Air-Freight-Company-Test-Branch,Test Air Freight Company
Site-ATN,Building-DIMI,Zone-MAIN,Aisle-H,Bay-58,Level-2,01,RACK,Available,Test-Air-Freight-Company-Test-Branch,Test Air Freight Company
Site-ATN,Building-DIMI,Zone-MAIN,Aisle-H,Bay-58,Level-3,01,RACK,Available,Test-Air-Freight-Company-Test-Branch,Test Air Freight Company
Site-ATN,Building-DIMI,Zone-MAIN,Aisle-H,Bay-58,Level-4,01,RACK,Available,Test-Air-Freight-Company-Test-Branch,Test Air Freight Company
Site-ATN,Building-DIMI,Zone-MAIN,Aisle-H,Bay-59,Level-1,01,RACK,Available,Test-Air-Freight-Company-Test-Branch,Test Air Freight Company
Site-ATN,Building-DIMI,Zone-MAIN,Aisle-H,Bay-59,Level-2,01,RACK,Available,Test-Air-Freight-Company-Test-Branch,Test Air Freight Company
Site-ATN,Building-DIMI,Zone-MAIN,Aisle-H,Bay-59,Level-3,01,RACK,Available,Test-Air-Freight-Company-Test-Branch,Test Air Freight Company
Site-ATN,Building-DIMI,Zone-MAIN,Aisle-H,Bay-59,Level-4,01,RACK,Available,Test-Air-Freight-Company-Test-Branch,Test Air Freight Company
Site-ATN,Building-DIMI,Zone-MAIN,Aisle-H,Bay-60,Level-1,01,RACK,Available,Test-Air-Freight-Company-Test-Branch,Test Air Freight Company
Site-ATN,Building-DIMI,Zone-MAIN,Aisle-H,Bay-60,Level-2,01,RACK,Available,Test-Air-Freight-Company-Test-Branch,Test Air Freight Company
Site-ATN,Building-DIMI,Zone-MAIN,Aisle-H,Bay-60,Level-3,01,RACK,Available,Test-Air-Freight-Company-Test-Branch,Test Air Freight Company
Site-ATN,Building-DIMI,Zone-MAIN,Aisle-H,Bay-60,Level-4,01,RACK,Available,Test-Air-Freight-Company-Test-Branch,Test Air Freight Company
Site-ATN,Building-DIMI,Zone-MAIN,Aisle-H,Bay-61,Level-1,01,RACK,Available,Test-Air-Freight-Company-Test-Branch,Test Air Freight Company
Site-ATN,Building-DIMI,Zone-MAIN,Aisle-H,Bay-61,Level-2,01,RACK,Available,Test-Air-Freight-Company-Test-Branch,Test Air Freight Company
Site-ATN,Building-DIMI,Zone-MAIN,Aisle-H,Bay-61,Level-3,01,RACK,Available,Test-Air-Freight-Company-Test-Branch,Test Air Freight Company
Site-ATN,Building-DIMI,Zone-MAIN,Aisle-H,Bay-61,Level-4,01,RACK,Available,Test-Air-Freight-Company-Test-Branch,Test Air Freight Company
Site-ATN,Building-DIMI,Zone-MAIN,Aisle-H,Bay-62,Level-1,01,RACK,Available,Test-Air-Freight-Company-Test-Branch,Test Air Freight Company
Site-ATN,Building-DIMI,Zone-MAIN,Aisle-H,Bay-62,Level-2,01,RACK,Available,Test-Air-Freight-Company-Test-Branch,Test Air Freight Company
Site-ATN,Building-DIMI,Zone-MAIN,Aisle-H,Bay-62,Level-3,01,RACK,Available,Test-Air-Freight-Company-Test-Branch,Test Air Freight Company
Site-ATN,Building-DIMI,Zone-MAIN,Aisle-H,Bay-62,Level-4,01,RACK,Available,Test-Air-Freight-Company-Test-Branch,Test Air Freight Company
Site-ATN,Building-DIMI,Zone-MAIN,Aisle-H,Bay-63,Level-1,01,RACK,Available,Test-Air-Freight-Company-Test-Branch,Test Air Freight Company
Site-ATN,Building-DIMI,Zone-MAIN,Aisle-H,Bay-63,Level-2,01,RACK,Available,Test-Air-Freight-Company-Test-Branch,Test Air Freight Company
Site-ATN,Building-DIMI,Zone-MAIN,Aisle-H,Bay-63,Level-3,01,RACK,Available,Test-Air-Freight-Company-Test-Branch,Test Air Freight Company
Site-ATN,Building-DIMI,Zone-MAIN,Aisle-H,Bay-63,Level-4,01,RACK,Available,Test-Air-Freight-Company-Test-Branch,Test Air Freight Company
Site-ATN,Building-DIMI,Zone-MAIN,Aisle-H,Bay-64,Level-1,01,RACK,Available,Test-Air-Freight-Company-Test-Branch,Test Air Freight Company
Site-ATN,Building-DIMI,Zone-MAIN,Aisle-H,Bay-64,Level-2,01,RACK,Available,Test-Air-Freight-Company-Test-Branch,Test Air Freight Company
Site-ATN,Building-DIMI,Zone-MAIN,Aisle-H,Bay-64,Level-3,01,RACK,Available,Test-Air-Freight-Company-Test-Branch,Test Air Freight Company
Site-ATN,Building-DIMI,Zone-MAIN,Aisle-H,Bay-64,Level-4,01,RACK,Available,Test-Air-Freight-Company-Test-Branch,Test Air Freight Company
Site-ATN,Building-DIMI,Zone-MAIN,Aisle-I,Bay-01,Level-1,01,RACK,Available,Test-Air-Freight-Company-Test-Branch,Test Air Freight Company
Site-ATN,Building-DIMI,Zone-MAIN,Aisle-I,Bay-01,Level-2,01,RACK,Available,Test-Air-Freight-Company-Test-Branch,Test Air Freight Company
Site-ATN,Building-DIMI,Zone-MAIN,Aisle-I,Bay-01,Level-3,01,RACK,Available,Test-Air-Freight-Company-Test-Branch,Test Air Freight Company
Site-ATN,Building-DIMI,Zone-MAIN,Aisle-I,Bay-01,Level-4,01,RACK,Available,Test-Air-Freight-Company-Test-Branch,Test Air Freight Company
Site-ATN,Building-DIMI,Zone-MAIN,Aisle-I,Bay-01,Level-5,01,RACK,Available,Test-Air-Freight-Company-Test-Branch,Test Air Freight Company
Site-ATN,Building-DIMI,Zone-MAIN,Aisle-I,Bay-02,Level-1,01,RACK,Available,Test-Air-Freight-Company-Test-Branch,Test Air Freight Company
Site-ATN,Building-DIMI,Zone-MAIN,Aisle-I,Bay-02,Level-2,01,RACK,Available,Test-Air-Freight-Company-Test-Branch,Test Air Freight Company
Site-ATN,Building-DIMI,Zone-MAIN,Aisle-I,Bay-02,Level-3,01,RACK,Available,Test-Air-Freight-Company-Test-Branch,Test Air Freight Company
Site-ATN,Building-DIMI,Zone-MAIN,Aisle-I,Bay-02,Level-4,01,RACK,Available,Test-Air-Freight-Company-Test-Branch,Test Air Freight Company
Site-ATN,Building-DIMI,Zone-MAIN,Aisle-I,Bay-02,Level-5,01,RACK,Available,Test-Air-Freight-Company-Test-Branch,Test Air Freight Company
Site-ATN,Building-DIMI,Zone-MAIN,Aisle-I,Bay-03,Level-1,01,RACK,Available,Test-Air-Freight-Company-Test-Branch,Test Air Freight Company
Site-ATN,Building-DIMI,Zone-MAIN,Aisle-I,Bay-03,Level-2,01,RACK,Available,Test-Air-Freight-Company-Test-Branch,Test Air Freight Company
Site-ATN,Building-DIMI,Zone-MAIN,Aisle-I,Bay-03,Level-3,01,RACK,Available,Test-Air-Freight-Company-Test-Branch,Test Air Freight Company
Site-ATN,Building-DIMI,Zone-MAIN,Aisle-I,Bay-03,Level-4,01,RACK,Available,Test-Air-Freight-Company-Test-Branch,Test Air Freight Company
Site-ATN,Building-DIMI,Zone-MAIN,Aisle-I,Bay-03,Level-5,01,RACK,Available,Test-Air-Freight-Company-Test-Branch,Test Air Freight Company
Site-ATN,Building-DIMI,Zone-MAIN,Aisle-I,Bay-04,Level-1,01,RACK,Available,Test-Air-Freight-Company-Test-Branch,Test Air Freight Company
Site-ATN,Building-DIMI,Zone-MAIN,Aisle-I,Bay-04,Level-2,01,RACK,Available,Test-Air-Freight-Company-Test-Branch,Test Air Freight Company
Site-ATN,Building-DIMI,Zone-MAIN,Aisle-I,Bay-04,Level-3,01,RACK,Available,Test-Air-Freight-Company-Test-Branch,Test Air Freight Company
Site-ATN,Building-DIMI,Zone-MAIN,Aisle-I,Bay-04,Level-4,01,RACK,Available,Test-Air-Freight-Company-Test-Branch,Test Air Freight Company
Site-ATN,Building-DIMI,Zone-MAIN,Aisle-I,Bay-04,Level-5,01,RACK,Available,Test-Air-Freight-Company-Test-Branch,Test Air Freight Company
Site-ATN,Building-DIMI,Zone-MAIN,Aisle-I,Bay-05,Level-1,01,RACK,Available,Test-Air-Freight-Company-Test-Branch,Test Air Freight Company
Site-ATN,Building-DIMI,Zone-MAIN,Aisle-I,Bay-05,Level-2,01,RACK,Available,Test-Air-Freight-Company-Test-Branch,Test Air Freight Company
Site-ATN,Building-DIMI,Zone-MAIN,Aisle-I,Bay-05,Level-3,01,RACK,Available,Test-Air-Freight-Company-Test-Branch,Test Air Freight Company
Site-ATN,Building-DIMI,Zone-MAIN,Aisle-I,Bay-05,Level-4,01,RACK,Available,Test-Air-Freight-Company-Test-Branch,Test Air Freight Company
Site-ATN,Building-DIMI,Zone-MAIN,Aisle-I,Bay-05,Level-5,01,RACK,Available,Test-Air-Freight-Company-Test-Branch,Test Air Freight Company
Site-ATN,Building-DIMI,Zone-MAIN,Aisle-I,Bay-06,Level-1,01,RACK,Available,Test-Air-Freight-Company-Test-Branch,Test Air Freight Company
Site-ATN,Building-DIMI,Zone-MAIN,Aisle-I,Bay-06,Level-2,01,RACK,Available,Test-Air-Freight-Company-Test-Branch,Test Air Freight Company
Site-ATN,Building-DIMI,Zone-MAIN,Aisle-I,Bay-06,Level-3,01,RACK,Available,Test-Air-Freight-Company-Test-Branch,Test Air Freight Company
Site-ATN,Building-DIMI,Zone-MAIN,Aisle-I,Bay-06,Level-4,01,RACK,Available,Test-Air-Freight-Company-Test-Branch,Test Air Freight Company
Site-ATN,Building-DIMI,Zone-MAIN,Aisle-I,Bay-06,Level-5,01,RACK,Available,Test-Air-Freight-Company-Test-Branch,Test Air Freight Company
Site-ATN,Building-DIMI,Zone-MAIN,Aisle-I,Bay-07,Level-1,01,RACK,Available,Test-Air-Freight-Company-Test-Branch,Test Air Freight Company
Site-ATN,Building-DIMI,Zone-MAIN,Aisle-I,Bay-07,Level-2,01,RACK,Available,Test-Air-Freight-Company-Test-Branch,Test Air Freight Company
Site-ATN,Building-DIMI,Zone-MAIN,Aisle-I,Bay-07,Level-3,01,RACK,Available,Test-Air-Freight-Company-Test-Branch,Test Air Freight Company
Site-ATN,Building-DIMI,Zone-MAIN,Aisle-I,Bay-07,Level-4,01,RACK,Available,Test-Air-Freight-Company-Test-Branch,Test Air Freight Company
Site-ATN,Building-DIMI,Zone-MAIN,Aisle-I,Bay-07,Level-5,01,RACK,Available,Test-Air-Freight-Company-Test-Branch,Test Air Freight Company
Site-ATN,Building-DIMI,Zone-MAIN,Aisle-I,Bay-08,Level-1,01,RACK,Available,Test-Air-Freight-Company-Test-Branch,Test Air Freight Company
Site-ATN,Building-DIMI,Zone-MAIN,Aisle-I,Bay-08,Level-2,01,RACK,Available,Test-Air-Freight-Company-Test-Branch,Test Air Freight Company
Site-ATN,Building-DIMI,Zone-MAIN,Aisle-I,Bay-08,Level-3,01,RACK,Available,Test-Air-Freight-Company-Test-Branch,Test Air Freight Company
Site-ATN,Building-DIMI,Zone-MAIN,Aisle-I,Bay-08,Level-4,01,RACK,Available,Test-Air-Freight-Company-Test-Branch,Test Air Freight Company
Site-ATN,Building-DIMI,Zone-MAIN,Aisle-I,Bay-08,Level-5,01,RACK,Available,Test-Air-Freight-Company-Test-Branch,Test Air Freight Company
Site-ATN,Building-DIMI,Zone-MAIN,Aisle-I,Bay-09,Level-1,01,RACK,Available,Test-Air-Freight-Company-Test-Branch,Test Air Freight Company
Site-ATN,Building-DIMI,Zone-MAIN,Aisle-I,Bay-09,Level-2,01,RACK,Available,Test-Air-Freight-Company-Test-Branch,Test Air Freight Company
Site-ATN,Building-DIMI,Zone-MAIN,Aisle-I,Bay-09,Level-3,01,RACK,Available,Test-Air-Freight-Company-Test-Branch,Test Air Freight Company
Site-ATN,Building-DIMI,Zone-MAIN,Aisle-I,Bay-09,Level-4,01,RACK,Available,Test-Air-Freight-Company-Test-Branch,Test Air Freight Company
Site-ATN,Building-DIMI,Zone-MAIN,Aisle-I,Bay-09,Level-5,01,RACK,Available,Test-Air-Freight-Company-Test-Branch,Test Air Freight Company
Site-ATN,Building-DIMI,Zone-MAIN,Aisle-I,Bay-10,Level-1,01,RACK,Available,Test-Air-Freight-Company-Test-Branch,Test Air Freight Company
Site-ATN,Building-DIMI,Zone-MAIN,Aisle-I,Bay-10,Level-2,01,RACK,Available,Test-Air-Freight-Company-Test-Branch,Test Air Freight Company
Site-ATN,Building-DIMI,Zone-MAIN,Aisle-I,Bay-10,Level-3,01,RACK,Available,Test-Air-Freight-Company-Test-Branch,Test Air Freight Company
Site-ATN,Building-DIMI,Zone-MAIN,Aisle-I,Bay-10,Level-4,01,RACK,Available,Test-Air-Freight-Company-Test-Branch,Test Air Freight Company
Site-ATN,Building-DIMI,Zone-MAIN,Aisle-I,Bay-10,Level-5,01,RACK,Available,Test-Air-Freight-Company-Test-Branch,Test Air Freight Company
Site-ATN,Building-DIMI,Zone-MAIN,Aisle-I,Bay-11,Level-1,01,RACK,Available,Test-Air-Freight-Company-Test-Branch,Test Air Freight Company
Site-ATN,Building-DIMI,Zone-MAIN,Aisle-I,Bay-11,Level-2,01,RACK,Available,Test-Air-Freight-Company-Test-Branch,Test Air Freight Company
Site-ATN,Building-DIMI,Zone-MAIN,Aisle-I,Bay-11,Level-3,01,RACK,Available,Test-Air-Freight-Company-Test-Branch,Test Air Freight Company
Site-ATN,Building-DIMI,Zone-MAIN,Aisle-I,Bay-11,Level-4,01,RACK,Available,Test-Air-Freight-Company-Test-Branch,Test Air Freight Company
Site-ATN,Building-DIMI,Zone-MAIN,Aisle-I,Bay-11,Level-5,01,RACK,Available,Test-Air-Freight-Company-Test-Branch,Test Air Freight Company
Site-ATN,Building-DIMI,Zone-MAIN,Aisle-I,Bay-12,Level-1,01,RACK,Available,Test-Air-Freight-Company-Test-Branch,Test Air Freight Company
Site-ATN,Building-DIMI,Zone-MAIN,Aisle-I,Bay-12,Level-2,01,RACK,Available,Test-Air-Freight-Company-Test-Branch,Test Air Freight Company
Site-ATN,Building-DIMI,Zone-MAIN,Aisle-I,Bay-12,Level-3,01,RACK,Available,Test-Air-Freight-Company-Test-Branch,Test Air Freight Company
Site-ATN,Building-DIMI,Zone-MAIN,Aisle-I,Bay-12,Level-4,01,RACK,Available,Test-Air-Freight-Company-Test-Branch,Test Air Freight Company
Site-ATN,Building-DIMI,Zone-MAIN,Aisle-I,Bay-12,Level-5,01,RACK,Available,Test-Air-Freight-Company-Test-Branch,Test Air Freight Company
Site-ATN,Building-DIMI,Zone-MAIN,Aisle-I,Bay-13,Level-1,01,RACK,Available,Test-Air-Freight-Company-Test-Branch,Test Air Freight Company
Site-ATN,Building-DIMI,Zone-MAIN,Aisle-I,Bay-13,Level-2,01,RACK,Available,Test-Air-Freight-Company-Test-Branch,Test Air Freight Company
Site-ATN,Building-DIMI,Zone-MAIN,Aisle-I,Bay-13,Level-3,01,RACK,Available,Test-Air-Freight-Company-Test-Branch,Test Air Freight Company
Site-ATN,Building-DIMI,Zone-MAIN,Aisle-I,Bay-13,Level-4,01,RACK,Available,Test-Air-Freight-Company-Test-Branch,Test Air Freight Company
Site-ATN,Building-DIMI,Zone-MAIN,Aisle-I,Bay-13,Level-5,01,RACK,Available,Test-Air-Freight-Company-Test-Branch,Test Air Freight Company
Site-ATN,Building-DIMI,Zone-MAIN,Aisle-I,Bay-14,Level-1,01,RACK,Available,Test-Air-Freight-Company-Test-Branch,Test Air Freight Company
Site-ATN,Building-DIMI,Zone-MAIN,Aisle-I,Bay-14,Level-2,01,RACK,Available,Test-Air-Freight-Company-Test-Branch,Test Air Freight Company
Site-ATN,Building-DIMI,Zone-MAIN,Aisle-I,Bay-14,Level-3,01,RACK,Available,Test-Air-Freight-Company-Test-Branch,Test Air Freight Company
Site-ATN,Building-DIMI,Zone-MAIN,Aisle-I,Bay-14,Level-4,01,RACK,Available,Test-Air-Freight-Company-Test-Branch,Test Air Freight Company
Site-ATN,Building-DIMI,Zone-MAIN,Aisle-I,Bay-14,Level-5,01,RACK,Available,Test-Air-Freight-Company-Test-Branch,Test Air Freight Company
Site-ATN,Building-DIMI,Zone-MAIN,Aisle-I,Bay-15,Level-1,01,RACK,Available,Test-Air-Freight-Company-Test-Branch,Test Air Freight Company
Site-ATN,Building-DIMI,Zone-MAIN,Aisle-I,Bay-15,Level-2,01,RACK,Available,Test-Air-Freight-Company-Test-Branch,Test Air Freight Company
Site-ATN,Building-DIMI,Zone-MAIN,Aisle-I,Bay-15,Level-3,01,RACK,Available,Test-Air-Freight-Company-Test-Branch,Test Air Freight Company
Site-ATN,Building-DIMI,Zone-MAIN,Aisle-I,Bay-15,Level-4,01,RACK,Available,Test-Air-Freight-Company-Test-Branch,Test Air Freight Company
Site-ATN,Building-DIMI,Zone-MAIN,Aisle-I,Bay-15,Level-5,01,RACK,Available,Test-Air-Freight-Company-Test-Branch,Test Air Freight Company
Site-ATN,Building-DIMI,Zone-MAIN,Aisle-I,Bay-16,Level-1,01,RACK,Available,Test-Air-Freight-Company-Test-Branch,Test Air Freight Company
Site-ATN,Building-DIMI,Zone-MAIN,Aisle-I,Bay-16,Level-2,01,RACK,Available,Test-Air-Freight-Company-Test-Branch,Test Air Freight Company
Site-ATN,Building-DIMI,Zone-MAIN,Aisle-I,Bay-16,Level-3,01,RACK,Available,Test-Air-Freight-Company-Test-Branch,Test Air Freight Company
Site-ATN,Building-DIMI,Zone-MAIN,Aisle-I,Bay-16,Level-4,01,RACK,Available,Test-Air-Freight-Company-Test-Branch,Test Air Freight Company
Site-ATN,Building-DIMI,Zone-MAIN,Aisle-I,Bay-16,Level-5,01,RACK,Available,Test-Air-Freight-Company-Test-Branch,Test Air Freight Company
Site-ATN,Building-DIMI,Zone-MAIN,Aisle-I,Bay-17,Level-1,01,RACK,Available,Test-Air-Freight-Company-Test-Branch,Test Air Freight Company
Site-ATN,Building-DIMI,Zone-MAIN,Aisle-I,Bay-17,Level-2,01,RACK,Available,Test-Air-Freight-Company-Test-Branch,Test Air Freight Company
Site-ATN,Building-DIMI,Zone-MAIN,Aisle-I,Bay-17,Level-3,01,RACK,Available,Test-Air-Freight-Company-Test-Branch,Test Air Freight Company
Site-ATN,Building-DIMI,Zone-MAIN,Aisle-I,Bay-17,Level-4,01,RACK,Available,Test-Air-Freight-Company-Test-Branch,Test Air Freight Company
Site-ATN,Building-DIMI,Zone-MAIN,Aisle-I,Bay-17,Level-5,01,RACK,Available,Test-Air-Freight-Company-Test-Branch,Test Air Freight Company
Site-ATN,Building-DIMI,Zone-MAIN,Aisle-I,Bay-18,Level-1,01,RACK,Available,Test-Air-Freight-Company-Test-Branch,Test Air Freight Company
Site-ATN,Building-DIMI,Zone-MAIN,Aisle-I,Bay-18,Level-2,01,RACK,Available,Test-Air-Freight-Company-Test-Branch,Test Air Freight Company
Site-ATN,Building-DIMI,Zone-MAIN,Aisle-I,Bay-18,Level-3,01,RACK,Available,Test-Air-Freight-Company-Test-Branch,Test Air Freight Company
Site-ATN,Building-DIMI,Zone-MAIN,Aisle-I,Bay-18,Level-4,01,RACK,Available,Test-Air-Freight-Company-Test-Branch,Test Air Freight Company
Site-ATN,Building-DIMI,Zone-MAIN,Aisle-I,Bay-18,Level-5,01,RACK,Available,Test-Air-Freight-Company-Test-Branch,Test Air Freight Company
Site-ATN,Building-DIMI,Zone-MAIN,Aisle-I,Bay-19,Level-1,01,RACK,Available,Test-Air-Freight-Company-Test-Branch,Test Air Freight Company
Site-ATN,Building-DIMI,Zone-MAIN,Aisle-I,Bay-19,Level-2,01,RACK,Available,Test-Air-Freight-Company-Test-Branch,Test Air Freight Company
Site-ATN,Building-DIMI,Zone-MAIN,Aisle-I,Bay-19,Level-3,01,RACK,Available,Test-Air-Freight-Company-Test-Branch,Test Air Freight Company
Site-ATN,Building-DIMI,Zone-MAIN,Aisle-I,Bay-19,Level-4,01,RACK,Available,Test-Air-Freight-Company-Test-Branch,Test Air Freight Company
Site-ATN,Building-DIMI,Zone-MAIN,Aisle-I,Bay-19,Level-5,01,RACK,Available,Test-Air-Freight-Company-Test-Branch,Test Air Freight Company
Site-ATN,Building-DIMI,Zone-MAIN,Aisle-I,Bay-20,Level-1,01,RACK,Available,Test-Air-Freight-Company-Test-Branch,Test Air Freight Company
Site-ATN,Building-DIMI,Zone-MAIN,Aisle-I,Bay-20,Level-2,01,RACK,Available,Test-Air-Freight-Company-Test-Branch,Test Air Freight Company
Site-ATN,Building-DIMI,Zone-MAIN,Aisle-I,Bay-20,Level-3,01,RACK,Available,Test-Air-Freight-Company-Test-Branch,Test Air Freight Company
Site-ATN,Building-DIMI,Zone-MAIN,Aisle-I,Bay-20,Level-4,01,RACK,Available,Test-Air-Freight-Company-Test-Branch,Test Air Freight Company
Site-ATN,Building-DIMI,Zone-MAIN,Aisle-I,Bay-20,Level-5,01,RACK,Available,Test-Air-Freight-Company-Test-Branch,Test Air Freight Company
Site-ATN,Building-DIMI,Zone-MAIN,Aisle-I,Bay-21,Level-1,01,RACK,Available,Test-Air-Freight-Company-Test-Branch,Test Air Freight Company
Site-ATN,Building-DIMI,Zone-MAIN,Aisle-I,Bay-21,Level-2,01,RACK,Available,Test-Air-Freight-Company-Test-Branch,Test Air Freight Company
Site-ATN,Building-DIMI,Zone-MAIN,Aisle-I,Bay-21,Level-3,01,RACK,Available,Test-Air-Freight-Company-Test-Branch,Test Air Freight Company
Site-ATN,Building-DIMI,Zone-MAIN,Aisle-I,Bay-21,Level-4,01,RACK,Available,Test-Air-Freight-Company-Test-Branch,Test Air Freight Company
Site-ATN,Building-DIMI,Zone-MAIN,Aisle-I,Bay-21,Level-5,01,RACK,Available,Test-Air-Freight-Company-Test-Branch,Test Air Freight Company
Site-ATN,Building-DIMI,Zone-MAIN,Aisle-I,Bay-22,Level-1,01,RACK,Available,Test-Air-Freight-Company-Test-Branch,Test Air Freight Company
Site-ATN,Building-DIMI,Zone-MAIN,Aisle-I,Bay-22,Level-2,01,RACK,Available,Test-Air-Freight-Company-Test-Branch,Test Air Freight Company
Site-ATN,Building-DIMI,Zone-MAIN,Aisle-I,Bay-22,Level-3,01,RACK,Available,Test-Air-Freight-Company-Test-Branch,Test Air Freight Company
Site-ATN,Building-DIMI,Zone-MAIN,Aisle-I,Bay-22,Level-4,01,RACK,Available,Test-Air-Freight-Company-Test-Branch,Test Air Freight Company
Site-ATN,Building-DIMI,Zone-MAIN,Aisle-I,Bay-22,Level-5,01,RACK,Available,Test-Air-Freight-Company-Test-Branch,Test Air Freight Company
Site-ATN,Building-DIMI,Zone-MAIN,Aisle-I,Bay-23,Level-1,01,RACK,Available,Test-Air-Freight-Company-Test-Branch,Test Air Freight Company
Site-ATN,Building-DIMI,Zone-MAIN,Aisle-I,Bay-23,Level-2,01,RACK,Available,Test-Air-Freight-Company-Test-Branch,Test Air Freight Company
Site-ATN,Building-DIMI,Zone-MAIN,Aisle-I,Bay-23,Level-3,01,RACK,Available,Test-Air-Freight-Company-Test-Branch,Test Air Freight Company
Site-ATN,Building-DIMI,Zone-MAIN,Aisle-I,Bay-23,Level-4,01,RACK,Available,Test-Air-Freight-Company-Test-Branch,Test Air Freight Company
Site-ATN,Building-DIMI,Zone-MAIN,Aisle-I,Bay-23,Level-5,01,RACK,Available,Test-Air-Freight-Company-Test-Branch,Test Air Freight Company
Site-ATN,Building-DIMI,Zone-MAIN,Aisle-I,Bay-24,Level-1,01,RACK,Available,Test-Air-Freight-Company-Test-Branch,Test Air Freight Company
Site-ATN,Building-DIMI,Zone-MAIN,Aisle-I,Bay-24,Level-2,01,RACK,Available,Test-Air-Freight-Company-Test-Branch,Test Air Freight Company
Site-ATN,Building-DIMI,Zone-MAIN,Aisle-I,Bay-24,Level-3,01,RACK,Available,Test-Air-Freight-Company-Test-Branch,Test Air Freight Company
Site-ATN,Building-DIMI,Zone-MAIN,Aisle-I,Bay-24,Level-4,01,RACK,Available,Test-Air-Freight-Company-Test-Branch,Test Air Freight Company
Site-ATN,Building-DIMI,Zone-MAIN,Aisle-I,Bay-24,Level-5,01,RACK,Available,Test-Air-Freight-Company-Test-Branch,Test Air Freight Company
Site-ATN,Building-DIMI,Zone-MAIN,Aisle-I,Bay-25,Level-1,01,RACK,Available,Test-Air-Freight-Company-Test-Branch,Test Air Freight Company
Site-ATN,Building-DIMI,Zone-MAIN,Aisle-I,Bay-25,Level-2,01,RACK,Available,Test-Air-Freight-Company-Test-Branch,Test Air Freight Company
Site-ATN,Building-DIMI,Zone-MAIN,Aisle-I,Bay-25,Level-3,01,RACK,Available,Test-Air-Freight-Company-Test-Branch,Test Air Freight Company
Site-ATN,Building-DIMI,Zone-MAIN,Aisle-I,Bay-25,Level-4,01,RACK,Available,Test-Air-Freight-Company-Test-Branch,Test Air Freight Company
Site-ATN,Building-DIMI,Zone-MAIN,Aisle-I,Bay-25,Level-5,01,RACK,Available,Test-Air-Freight-Company-Test-Branch,Test Air Freight Company
Site-ATN,Building-DIMI,Zone-MAIN,Aisle-I,Bay-26,Level-1,01,RACK,Available,Test-Air-Freight-Company-Test-Branch,Test Air Freight Company
Site-ATN,Building-DIMI,Zone-MAIN,Aisle-I,Bay-26,Level-2,01,RACK,Available,Test-Air-Freight-Company-Test-Branch,Test Air Freight Company
Site-ATN,Building-DIMI,Zone-MAIN,Aisle-I,Bay-26,Level-3,01,RACK,Available,Test-Air-Freight-Company-Test-Branch,Test Air Freight Company
Site-ATN,Building-DIMI,Zone-MAIN,Aisle-I,Bay-26,Level-4,01,RACK,Available,Test-Air-Freight-Company-Test-Branch,Test Air Freight Company
Site-ATN,Building-DIMI,Zone-MAIN,Aisle-I,Bay-26,Level-5,01,RACK,Available,Test-Air-Freight-Company-Test-Branch,Test Air Freight Company
Site-ATN,Building-DIMI,Zone-MAIN,Aisle-I,Bay-27,Level-1,01,RACK,Available,Test-Air-Freight-Company-Test-Branch,Test Air Freight Company
Site-ATN,Building-DIMI,Zone-MAIN,Aisle-I,Bay-27,Level-2,01,RACK,Available,Test-Air-Freight-Company-Test-Branch,Test Air Freight Company
Site-ATN,Building-DIMI,Zone-MAIN,Aisle-I,Bay-27,Level-3,01,RACK,Available,Test-Air-Freight-Company-Test-Branch,Test Air Freight Company
Site-ATN,Building-DIMI,Zone-MAIN,Aisle-I,Bay-27,Level-4,01,RACK,Available,Test-Air-Freight-Company-Test-Branch,Test Air Freight Company
Site-ATN,Building-DIMI,Zone-MAIN,Aisle-I,Bay-27,Level-5,01,RACK,Available,Test-Air-Freight-Company-Test-Branch,Test Air Freight Company
Site-ATN,Building-DIMI,Zone-MAIN,Aisle-I,Bay-28,Level-1,01,RACK,Available,Test-Air-Freight-Company-Test-Branch,Test Air Freight Company
Site-ATN,Building-DIMI,Zone-MAIN,Aisle-I,Bay-28,Level-2,01,RACK,Available,Test-Air-Freight-Company-Test-Branch,Test Air Freight Company
Site-ATN,Building-DIMI,Zone-MAIN,Aisle-I,Bay-28,Level-3,01,RACK,Available,Test-Air-Freight-Company-Test-Branch,Test Air Freight Company
Site-ATN,Building-DIMI,Zone-MAIN,Aisle-I,Bay-28,Level-4,01,RACK,Available,Test-Air-Freight-Company-Test-Branch,Test Air Freight Company
Site-ATN,Building-DIMI,Zone-MAIN,Aisle-I,Bay-28,Level-5,01,RACK,Available,Test-Air-Freight-Company-Test-Branch,Test Air Freight Company
Site-ATN,Building-DIMI,Zone-MAIN,Aisle-I,Bay-29,Level-1,01,RACK,Available,Test-Air-Freight-Company-Test-Branch,Test Air Freight Company
Site-ATN,Building-DIMI,Zone-MAIN,Aisle-I,Bay-29,Level-2,01,RACK,Available,Test-Air-Freight-Company-Test-Branch,Test Air Freight Company
Site-ATN,Building-DIMI,Zone-MAIN,Aisle-I,Bay-29,Level-3,01,RACK,Available,Test-Air-Freight-Company-Test-Branch,Test Air Freight Company
Site-ATN,Building-DIMI,Zone-MAIN,Aisle-I,Bay-29,Level-4,01,RACK,Available,Test-Air-Freight-Company-Test-Branch,Test Air Freight Company
Site-ATN,Building-DIMI,Zone-MAIN,Aisle-I,Bay-29,Level-5,01,RACK,Available,Test-Air-Freight-Company-Test-Branch,Test Air Freight Company
Site-ATN,Building-DIMI,Zone-MAIN,Aisle-I,Bay-30,Level-1,01,RACK,Available,Test-Air-Freight-Company-Test-Branch,Test Air Freight Company
Site-ATN,Building-DIMI,Zone-MAIN,Aisle-I,Bay-30,Level-2,01,RACK,Available,Test-Air-Freight-Company-Test-Branch,Test Air Freight Company
Site-ATN,Building-DIMI,Zone-MAIN,Aisle-I,Bay-30,Level-3,01,RACK,Available,Test-Air-Freight-Company-Test-Branch,Test Air Freight Company
Site-ATN,Building-DIMI,Zone-MAIN,Aisle-I,Bay-30,Level-4,01,RACK,Available,Test-Air-Freight-Company-Test-Branch,Test Air Freight Company
Site-ATN,Building-DIMI,Zone-MAIN,Aisle-I,Bay-30,Level-5,01,RACK,Available,Test-Air-Freight-Company-Test-Branch,Test Air Freight Company
Site-ATN,Building-DIMI,Zone-MAIN,Aisle-I,Bay-31,Level-1,01,RACK,Available,Test-Air-Freight-Company-Test-Branch,Test Air Freight Company
Site-ATN,Building-DIMI,Zone-MAIN,Aisle-I,Bay-31,Level-2,01,RACK,Available,Test-Air-Freight-Company-Test-Branch,Test Air Freight Company
Site-ATN,Building-DIMI,Zone-MAIN,Aisle-I,Bay-31,Level-3,01,RACK,Available,Test-Air-Freight-Company-Test-Branch,Test Air Freight Company
Site-ATN,Building-DIMI,Zone-MAIN,Aisle-I,Bay-31,Level-4,01,RACK,Available,Test-Air-Freight-Company-Test-Branch,Test Air Freight Company
Site-ATN,Building-DIMI,Zone-MAIN,Aisle-I,Bay-31,Level-5,01,RACK,Available,Test-Air-Freight-Company-Test-Branch,Test Air Freight Company
Site-ATN,Building-DIMI,Zone-MAIN,Aisle-I,Bay-32,Level-1,01,RACK,Available,Test-Air-Freight-Company-Test-Branch,Test Air Freight Company
Site-ATN,Building-DIMI,Zone-MAIN,Aisle-I,Bay-32,Level-2,01,RACK,Available,Test-Air-Freight-Company-Test-Branch,Test Air Freight Company
Site-ATN,Building-DIMI,Zone-MAIN,Aisle-I,Bay-32,Level-3,01,RACK,Available,Test-Air-Freight-Company-Test-Branch,Test Air Freight Company
Site-ATN,Building-DIMI,Zone-MAIN,Aisle-I,Bay-32,Level-4,01,RACK,Available,Test-Air-Freight-Company-Test-Branch,Test Air Freight Company
Site-ATN,Building-DIMI,Zone-MAIN,Aisle-I,Bay-32,Level-5,01,RACK,Available,Test-Air-Freight-Company-Test-Branch,Test Air Freight Company
Site-ATN,Building-DIMI,Zone-MAIN,Aisle-I,Bay-33,Level-1,01,RACK,Available,Test-Air-Freight-Company-Test-Branch,Test Air Freight Company
Site-ATN,Building-DIMI,Zone-MAIN,Aisle-I,Bay-33,Level-2,01,RACK,Available,Test-Air-Freight-Company-Test-Branch,Test Air Freight Company
Site-ATN,Building-DIMI,Zone-MAIN,Aisle-I,Bay-33,Level-3,01,RACK,Available,Test-Air-Freight-Company-Test-Branch,Test Air Freight Company
Site-ATN,Building-DIMI,Zone-MAIN,Aisle-I,Bay-33,Level-4,01,RACK,Available,Test-Air-Freight-Company-Test-Branch,Test Air Freight Company
Site-ATN,Building-DIMI,Zone-MAIN,Aisle-I,Bay-33,Level-5,01,RACK,Available,Test-Air-Freight-Company-Test-Branch,Test Air Freight Company
Site-ATN,Building-DIMI,Zone-MAIN,Aisle-I,Bay-34,Level-1,01,RACK,Available,Test-Air-Freight-Company-Test-Branch,Test Air Freight Company
Site-ATN,Building-DIMI,Zone-MAIN,Aisle-I,Bay-34,Level-2,01,RACK,Available,Test-Air-Freight-Company-Test-Branch,Test Air Freight Company
Site-ATN,Building-DIMI,Zone-MAIN,Aisle-I,Bay-34,Level-3,01,RACK,Available,Test-Air-Freight-Company-Test-Branch,Test Air Freight Company
Site-ATN,Building-DIMI,Zone-MAIN,Aisle-I,Bay-34,Level-4,01,RACK,Available,Test-Air-Freight-Company-Test-Branch,Test Air Freight Company
Site-ATN,Building-DIMI,Zone-MAIN,Aisle-I,Bay-34,Level-5,01,RACK,Available,Test-Air-Freight-Company-Test-Branch,Test Air Freight Company
Site-ATN,Building-DIMI,Zone-MAIN,Aisle-I,Bay-35,Level-1,01,RACK,Available,Test-Air-Freight-Company-Test-Branch,Test Air Freight Company
Site-ATN,Building-DIMI,Zone-MAIN,Aisle-I,Bay-35,Level-2,01,RACK,Available,Test-Air-Freight-Company-Test-Branch,Test Air Freight Company
Site-ATN,Building-DIMI,Zone-MAIN,Aisle-I,Bay-35,Level-3,01,RACK,Available,Test-Air-Freight-Company-Test-Branch,Test Air Freight Company
Site-ATN,Building-DIMI,Zone-MAIN,Aisle-I,Bay-35,Level-4,01,RACK,Available,Test-Air-Freight-Company-Test-Branch,Test Air Freight Company
Site-ATN,Building-DIMI,Zone-MAIN,Aisle-I,Bay-35,Level-5,01,RACK,Available,Test-Air-Freight-Company-Test-Branch,Test Air Freight Company
Site-ATN,Building-DIMI,Zone-MAIN,Aisle-I,Bay-36,Level-1,01,RACK,Available,Test-Air-Freight-Company-Test-Branch,Test Air Freight Company
Site-ATN,Building-DIMI,Zone-MAIN,Aisle-I,Bay-36,Level-2,01,RACK,Available,Test-Air-Freight-Company-Test-Branch,Test Air Freight Company
Site-ATN,Building-DIMI,Zone-MAIN,Aisle-I,Bay-36,Level-3,01,RACK,Available,Test-Air-Freight-Company-Test-Branch,Test Air Freight Company
Site-ATN,Building-DIMI,Zone-MAIN,Aisle-I,Bay-36,Level-4,01,RACK,Available,Test-Air-Freight-Company-Test-Branch,Test Air Freight Company
Site-ATN,Building-DIMI,Zone-MAIN,Aisle-I,Bay-36,Level-5,01,RACK,Available,Test-Air-Freight-Company-Test-Branch,Test Air Freight Company
Site-ATN,Building-DIMI,Zone-MAIN,Aisle-I,Bay-37,Level-1,01,RACK,Available,Test-Air-Freight-Company-Test-Branch,Test Air Freight Company
Site-ATN,Building-DIMI,Zone-MAIN,Aisle-I,Bay-37,Level-2,01,RACK,Available,Test-Air-Freight-Company-Test-Branch,Test Air Freight Company
Site-ATN,Building-DIMI,Zone-MAIN,Aisle-I,Bay-37,Level-3,01,RACK,Available,Test-Air-Freight-Company-Test-Branch,Test Air Freight Company
Site-ATN,Building-DIMI,Zone-MAIN,Aisle-I,Bay-37,Level-4,01,RACK,Available,Test-Air-Freight-Company-Test-Branch,Test Air Freight Company
Site-ATN,Building-DIMI,Zone-MAIN,Aisle-I,Bay-37,Level-5,01,RACK,Available,Test-Air-Freight-Company-Test-Branch,Test Air Freight Company
Site-ATN,Building-DIMI,Zone-MAIN,Aisle-I,Bay-38,Level-1,01,RACK,Available,Test-Air-Freight-Company-Test-Branch,Test Air Freight Company
Site-ATN,Building-DIMI,Zone-MAIN,Aisle-I,Bay-38,Level-2,01,RACK,Available,Test-Air-Freight-Company-Test-Branch,Test Air Freight Company
Site-ATN,Building-DIMI,Zone-MAIN,Aisle-I,Bay-38,Level-3,01,RACK,Available,Test-Air-Freight-Company-Test-Branch,Test Air Freight Company
Site-ATN,Building-DIMI,Zone-MAIN,Aisle-I,Bay-38,Level-4,01,RACK,Available,Test-Air-Freight-Company-Test-Branch,Test Air Freight Company
Site-ATN,Building-DIMI,Zone-MAIN,Aisle-I,Bay-38,Level-5,01,RACK,Available,Test-Air-Freight-Company-Test-Branch,Test Air Freight Company
Site-ATN,Building-DIMI,Zone-MAIN,Aisle-I,Bay-39,Level-1,01,RACK,Available,Test-Air-Freight-Company-Test-Branch,Test Air Freight Company
Site-ATN,Building-DIMI,Zone-MAIN,Aisle-I,Bay-39,Level-2,01,RACK,Available,Test-Air-Freight-Company-Test-Branch,Test Air Freight Company
Site-ATN,Building-DIMI,Zone-MAIN,Aisle-I,Bay-39,Level-3,01,RACK,Available,Test-Air-Freight-Company-Test-Branch,Test Air Freight Company
Site-ATN,Building-DIMI,Zone-MAIN,Aisle-I,Bay-39,Level-4,01,RACK,Available,Test-Air-Freight-Company-Test-Branch,Test Air Freight Company
Site-ATN,Building-DIMI,Zone-MAIN,Aisle-I,Bay-39,Level-5,01,RACK,Available,Test-Air-Freight-Company-Test-Branch,Test Air Freight Company
Site-ATN,Building-DIMI,Zone-MAIN,Aisle-I,Bay-40,Level-1,01,RACK,Available,Test-Air-Freight-Company-Test-Branch,Test Air Freight Company
Site-ATN,Building-DIMI,Zone-MAIN,Aisle-I,Bay-40,Level-2,01,RACK,Available,Test-Air-Freight-Company-Test-Branch,Test Air Freight Company
Site-ATN,Building-DIMI,Zone-MAIN,Aisle-I,Bay-40,Level-3,01,RACK,Available,Test-Air-Freight-Company-Test-Branch,Test Air Freight Company
Site-ATN,Building-DIMI,Zone-MAIN,Aisle-I,Bay-40,Level-4,01,RACK,Available,Test-Air-Freight-Company-Test-Branch,Test Air Freight Company
Site-ATN,Building-DIMI,Zone-MAIN,Aisle-I,Bay-40,Level-5,01,RACK,Available,Test-Air-Freight-Company-Test-Branch,Test Air Freight Company
Site-ATN,Building-DIMI,Zone-MAIN,Aisle-I,Bay-41,Level-1,01,RACK,Available,Test-Air-Freight-Company-Test-Branch,Test Air Freight Company
Site-ATN,Building-DIMI,Zone-MAIN,Aisle-I,Bay-41,Level-2,01,RACK,Available,Test-Air-Freight-Company-Test-Branch,Test Air Freight Company
Site-ATN,Building-DIMI,Zone-MAIN,Aisle-I,Bay-41,Level-3,01,RACK,Available,Test-Air-Freight-Company-Test-Branch,Test Air Freight Company
Site-ATN,Building-DIMI,Zone-MAIN,Aisle-I,Bay-41,Level-4,01,RACK,Available,Test-Air-Freight-Company-Test-Branch,Test Air Freight Company
Site-ATN,Building-DIMI,Zone-MAIN,Aisle-I,Bay-41,Level-5,01,RACK,Available,Test-Air-Freight-Company-Test-Branch,Test Air Freight Company
Site-ATN,Building-DIMI,Zone-MAIN,Aisle-I,Bay-42,Level-1,01,RACK,Available,Test-Air-Freight-Company-Test-Branch,Test Air Freight Company
Site-ATN,Building-DIMI,Zone-MAIN,Aisle-I,Bay-42,Level-2,01,RACK,Available,Test-Air-Freight-Company-Test-Branch,Test Air Freight Company
Site-ATN,Building-DIMI,Zone-MAIN,Aisle-I,Bay-42,Level-3,01,RACK,Available,Test-Air-Freight-Company-Test-Branch,Test Air Freight Company
Site-ATN,Building-DIMI,Zone-MAIN,Aisle-I,Bay-42,Level-4,01,RACK,Available,Test-Air-Freight-Company-Test-Branch,Test Air Freight Company
Site-ATN,Building-DIMI,Zone-MAIN,Aisle-I,Bay-42,Level-5,01,RACK,Available,Test-Air-Freight-Company-Test-Branch,Test Air Freight Company
Site-ATN,Building-DIMI,Zone-MAIN,Aisle-I,Bay-43,Level-1,01,RACK,Available,Test-Air-Freight-Company-Test-Branch,Test Air Freight Company
Site-ATN,Building-DIMI,Zone-MAIN,Aisle-I,Bay-43,Level-2,01,RACK,Available,Test-Air-Freight-Company-Test-Branch,Test Air Freight Company
Site-ATN,Building-DIMI,Zone-MAIN,Aisle-I,Bay-43,Level-3,01,RACK,Available,Test-Air-Freight-Company-Test-Branch,Test Air Freight Company
Site-ATN,Building-DIMI,Zone-MAIN,Aisle-I,Bay-43,Level-4,01,RACK,Available,Test-Air-Freight-Company-Test-Branch,Test Air Freight Company
Site-ATN,Building-DIMI,Zone-MAIN,Aisle-I,Bay-43,Level-5,01,RACK,Available,Test-Air-Freight-Company-Test-Branch,Test Air Freight Company
Site-ATN,Building-DIMI,Zone-MAIN,Aisle-I,Bay-44,Level-1,01,RACK,Available,Test-Air-Freight-Company-Test-Branch,Test Air Freight Company
Site-ATN,Building-DIMI,Zone-MAIN,Aisle-I,Bay-44,Level-2,01,RACK,Available,Test-Air-Freight-Company-Test-Branch,Test Air Freight Company
Site-ATN,Building-DIMI,Zone-MAIN,Aisle-I,Bay-44,Level-3,01,RACK,Available,Test-Air-Freight-Company-Test-Branch,Test Air Freight Company
Site-ATN,Building-DIMI,Zone-MAIN,Aisle-I,Bay-44,Level-4,01,RACK,Available,Test-Air-Freight-Company-Test-Branch,Test Air Freight Company
Site-ATN,Building-DIMI,Zone-MAIN,Aisle-I,Bay-44,Level-5,01,RACK,Available,Test-Air-Freight-Company-Test-Branch,Test Air Freight Company
Site-ATN,Building-DIMI,Zone-MAIN,Aisle-I,Bay-45,Level-1,01,RACK,Available,Test-Air-Freight-Company-Test-Branch,Test Air Freight Company
Site-ATN,Building-DIMI,Zone-MAIN,Aisle-I,Bay-45,Level-2,01,RACK,Available,Test-Air-Freight-Company-Test-Branch,Test Air Freight Company
Site-ATN,Building-DIMI,Zone-MAIN,Aisle-I,Bay-45,Level-3,01,RACK,Available,Test-Air-Freight-Company-Test-Branch,Test Air Freight Company
Site-ATN,Building-DIMI,Zone-MAIN,Aisle-I,Bay-45,Level-4,01,RACK,Available,Test-Air-Freight-Company-Test-Branch,Test Air Freight Company
Site-ATN,Building-DIMI,Zone-MAIN,Aisle-I,Bay-45,Level-5,01,RACK,Available,Test-Air-Freight-Company-Test-Branch,Test Air Freight Company
Site-ATN,Building-DIMI,Zone-MAIN,Aisle-I,Bay-46,Level-1,01,RACK,Available,Test-Air-Freight-Company-Test-Branch,Test Air Freight Company
Site-ATN,Building-DIMI,Zone-MAIN,Aisle-I,Bay-46,Level-2,01,RACK,Available,Test-Air-Freight-Company-Test-Branch,Test Air Freight Company
Site-ATN,Building-DIMI,Zone-MAIN,Aisle-I,Bay-46,Level-3,01,RACK,Available,Test-Air-Freight-Company-Test-Branch,Test Air Freight Company
Site-ATN,Building-DIMI,Zone-MAIN,Aisle-I,Bay-46,Level-4,01,RACK,Available,Test-Air-Freight-Company-Test-Branch,Test Air Freight Company
Site-ATN,Building-DIMI,Zone-MAIN,Aisle-I,Bay-46,Level-5,01,RACK,Available,Test-Air-Freight-Company-Test-Branch,Test Air Freight Company
Site-ATN,Building-DIMI,Zone-MAIN,Aisle-I,Bay-47,Level-1,01,RACK,Available,Test-Air-Freight-Company-Test-Branch,Test Air Freight Company
Site-ATN,Building-DIMI,Zone-MAIN,Aisle-I,Bay-47,Level-2,01,RACK,Available,Test-Air-Freight-Company-Test-Branch,Test Air Freight Company
Site-ATN,Building-DIMI,Zone-MAIN,Aisle-I,Bay-47,Level-3,01,RACK,Available,Test-Air-Freight-Company-Test-Branch,Test Air Freight Company
Site-ATN,Building-DIMI,Zone-MAIN,Aisle-I,Bay-47,Level-4,01,RACK,Available,Test-Air-Freight-Company-Test-Branch,Test Air Freight Company
Site-ATN,Building-DIMI,Zone-MAIN,Aisle-I,Bay-47,Level-5,01,RACK,Available,Test-Air-Freight-Company-Test-Branch,Test Air Freight Company
Site-ATN,Building-DIMI,Zone-MAIN,Aisle-I,Bay-48,Level-1,01,RACK,Available,Test-Air-Freight-Company-Test-Branch,Test Air Freight Company
Site-ATN,Building-DIMI,Zone-MAIN,Aisle-I,Bay-48,Level-2,01,RACK,Available,Test-Air-Freight-Company-Test-Branch,Test Air Freight Company
Site-ATN,Building-DIMI,Zone-MAIN,Aisle-I,Bay-48,Level-3,01,RACK,Available,Test-Air-Freight-Company-Test-Branch,Test Air Freight Company
Site-ATN,Building-DIMI,Zone-MAIN,Aisle-I,Bay-48,Level-4,01,RACK,Available,Test-Air-Freight-Company-Test-Branch,Test Air Freight Company
Site-ATN,Building-DIMI,Zone-MAIN,Aisle-I,Bay-48,Level-5,01,RACK,Available,Test-Air-Freight-Company-Test-Branch,Test Air Freight Company
Site-ATN,Building-DIMI,Zone-MAIN,Aisle-I,Bay-49,Level-1,01,RACK,Available,Test-Air-Freight-Company-Test-Branch,Test Air Freight Company
Site-ATN,Building-DIMI,Zone-MAIN,Aisle-I,Bay-49,Level-2,01,RACK,Available,Test-Air-Freight-Company-Test-Branch,Test Air Freight Company
Site-ATN,Building-DIMI,Zone-MAIN,Aisle-I,Bay-49,Level-3,01,RACK,Available,Test-Air-Freight-Company-Test-Branch,Test Air Freight Company
Site-ATN,Building-DIMI,Zone-MAIN,Aisle-I,Bay-49,Level-4,01,RACK,Available,Test-Air-Freight-Company-Test-Branch,Test Air Freight Company
Site-ATN,Building-DIMI,Zone-MAIN,Aisle-I,Bay-49,Level-5,01,RACK,Available,Test-Air-Freight-Company-Test-Branch,Test Air Freight Company
Site-ATN,Building-DIMI,Zone-MAIN,Aisle-I,Bay-50,Level-1,01,RACK,Available,Test-Air-Freight-Company-Test-Branch,Test Air Freight Company
Site-ATN,Building-DIMI,Zone-MAIN,Aisle-I,Bay-50,Level-2,01,RACK,Available,Test-Air-Freight-Company-Test-Branch,Test Air Freight Company
Site-ATN,Building-DIMI,Zone-MAIN,Aisle-I,Bay-50,Level-3,01,RACK,Available,Test-Air-Freight-Company-Test-Branch,Test Air Freight Company
Site-ATN,Building-DIMI,Zone-MAIN,Aisle-I,Bay-50,Level-4,01,RACK,Available,Test-Air-Freight-Company-Test-Branch,Test Air Freight Company
Site-ATN,Building-DIMI,Zone-MAIN,Aisle-I,Bay-50,Level-5,01,RACK,Available,Test-Air-Freight-Company-Test-Branch,Test Air Freight Company
Site-ATN,Building-DIMI,Zone-MAIN,Aisle-I,Bay-51,Level-1,01,RACK,Available,Test-Air-Freight-Company-Test-Branch,Test Air Freight Company
Site-ATN,Building-DIMI,Zone-MAIN,Aisle-I,Bay-51,Level-2,01,RACK,Available,Test-Air-Freight-Company-Test-Branch,Test Air Freight Company
Site-ATN,Building-DIMI,Zone-MAIN,Aisle-I,Bay-51,Level-3,01,RACK,Available,Test-Air-Freight-Company-Test-Branch,Test Air Freight Company
Site-ATN,Building-DIMI,Zone-MAIN,Aisle-I,Bay-51,Level-4,01,RACK,Available,Test-Air-Freight-Company-Test-Branch,Test Air Freight Company
Site-ATN,Building-DIMI,Zone-MAIN,Aisle-I,Bay-51,Level-5,01,RACK,Available,Test-Air-Freight-Company-Test-Branch,Test Air Freight Company
Site-ATN,Building-DIMI,Zone-MAIN,Aisle-I,Bay-52,Level-1,01,RACK,Available,Test-Air-Freight-Company-Test-Branch,Test Air Freight Company
Site-ATN,Building-DIMI,Zone-MAIN,Aisle-I,Bay-52,Level-2,01,RACK,Available,Test-Air-Freight-Company-Test-Branch,Test Air Freight Company
Site-ATN,Building-DIMI,Zone-MAIN,Aisle-I,Bay-52,Level-3,01,RACK,Available,Test-Air-Freight-Company-Test-Branch,Test Air Freight Company
Site-ATN,Building-DIMI,Zone-MAIN,Aisle-I,Bay-52,Level-4,01,RACK,Available,Test-Air-Freight-Company-Test-Branch,Test Air Freight Company
Site-ATN,Building-DIMI,Zone-MAIN,Aisle-I,Bay-52,Level-5,01,RACK,Available,Test-Air-Freight-Company-Test-Branch,Test Air Freight Company
Site-ATN,Building-DIMI,Zone-MAIN,Aisle-I,Bay-53,Level-1,01,RACK,Available,Test-Air-Freight-Company-Test-Branch,Test Air Freight Company
Site-ATN,Building-DIMI,Zone-MAIN,Aisle-I,Bay-53,Level-2,01,RACK,Available,Test-Air-Freight-Company-Test-Branch,Test Air Freight Company
Site-ATN,Building-DIMI,Zone-MAIN,Aisle-I,Bay-53,Level-3,01,RACK,Available,Test-Air-Freight-Company-Test-Branch,Test Air Freight Company
Site-ATN,Building-DIMI,Zone-MAIN,Aisle-I,Bay-53,Level-4,01,RACK,Available,Test-Air-Freight-Company-Test-Branch,Test Air Freight Company
Site-ATN,Building-DIMI,Zone-MAIN,Aisle-I,Bay-53,Level-5,01,RACK,Available,Test-Air-Freight-Company-Test-Branch,Test Air Freight Company
Site-ATN,Building-DIMI,Zone-MAIN,Aisle-I,Bay-54,Level-1,01,RACK,Available,Test-Air-Freight-Company-Test-Branch,Test Air Freight Company
Site-ATN,Building-DIMI,Zone-MAIN,Aisle-I,Bay-54,Level-2,01,RACK,Available,Test-Air-Freight-Company-Test-Branch,Test Air Freight Company
Site-ATN,Building-DIMI,Zone-MAIN,Aisle-I,Bay-54,Level-3,01,RACK,Available,Test-Air-Freight-Company-Test-Branch,Test Air Freight Company
Site-ATN,Building-DIMI,Zone-MAIN,Aisle-I,Bay-54,Level-4,01,RACK,Available,Test-Air-Freight-Company-Test-Branch,Test Air Freight Company
Site-ATN,Building-DIMI,Zone-MAIN,Aisle-I,Bay-54,Level-5,01,RACK,Available,Test-Air-Freight-Company-Test-Branch,Test Air Freight Company
Site-ATN,Building-DIMI,Zone-MAIN,Aisle-I,Bay-55,Level-1,01,RACK,Available,Test-Air-Freight-Company-Test-Branch,Test Air Freight Company
Site-ATN,Building-DIMI,Zone-MAIN,Aisle-I,Bay-55,Level-2,01,RACK,Available,Test-Air-Freight-Company-Test-Branch,Test Air Freight Company
Site-ATN,Building-DIMI,Zone-MAIN,Aisle-I,Bay-55,Level-3,01,RACK,Available,Test-Air-Freight-Company-Test-Branch,Test Air Freight Company
Site-ATN,Building-DIMI,Zone-MAIN,Aisle-I,Bay-55,Level-4,01,RACK,Available,Test-Air-Freight-Company-Test-Branch,Test Air Freight Company
Site-ATN,Building-DIMI,Zone-MAIN,Aisle-I,Bay-55,Level-5,01,RACK,Available,Test-Air-Freight-Company-Test-Branch,Test Air Freight Company
Site-ATN,Building-DIMI,Zone-MAIN,Aisle-I,Bay-56,Level-1,01,RACK,Available,Test-Air-Freight-Company-Test-Branch,Test Air Freight Company
Site-ATN,Building-DIMI,Zone-MAIN,Aisle-I,Bay-56,Level-2,01,RACK,Available,Test-Air-Freight-Company-Test-Branch,Test Air Freight Company
Site-ATN,Building-DIMI,Zone-MAIN,Aisle-I,Bay-56,Level-3,01,RACK,Available,Test-Air-Freight-Company-Test-Branch,Test Air Freight Company
Site-ATN,Building-DIMI,Zone-MAIN,Aisle-I,Bay-56,Level-4,01,RACK,Available,Test-Air-Freight-Company-Test-Branch,Test Air Freight Company
Site-ATN,Building-DIMI,Zone-MAIN,Aisle-I,Bay-56,Level-5,01,RACK,Available,Test-Air-Freight-Company-Test-Branch,Test Air Freight Company
Site-ATN,Building-DIMI,Zone-MAIN,Aisle-I,Bay-57,Level-1,01,RACK,Available,Test-Air-Freight-Company-Test-Branch,Test Air Freight Company
Site-ATN,Building-DIMI,Zone-MAIN,Aisle-I,Bay-57,Level-2,01,RACK,Available,Test-Air-Freight-Company-Test-Branch,Test Air Freight Company
Site-ATN,Building-DIMI,Zone-MAIN,Aisle-I,Bay-57,Level-3,01,RACK,Available,Test-Air-Freight-Company-Test-Branch,Test Air Freight Company
Site-ATN,Building-DIMI,Zone-MAIN,Aisle-I,Bay-57,Level-4,01,RACK,Available,Test-Air-Freight-Company-Test-Branch,Test Air Freight Company
Site-ATN,Building-DIMI,Zone-MAIN,Aisle-I,Bay-57,Level-5,01,RACK,Available,Test-Air-Freight-Company-Test-Branch,Test Air Freight Company
Site-ATN,Building-DIMI,Zone-MAIN,Aisle-I,Bay-58,Level-1,01,RACK,Available,Test-Air-Freight-Company-Test-Branch,Test Air Freight Company
Site-ATN,Building-DIMI,Zone-MAIN,Aisle-I,Bay-58,Level-2,01,RACK,Available,Test-Air-Freight-Company-Test-Branch,Test Air Freight Company
Site-ATN,Building-DIMI,Zone-MAIN,Aisle-I,Bay-58,Level-3,01,RACK,Available,Test-Air-Freight-Company-Test-Branch,Test Air Freight Company
Site-ATN,Building-DIMI,Zone-MAIN,Aisle-I,Bay-58,Level-4,01,RACK,Available,Test-Air-Freight-Company-Test-Branch,Test Air Freight Company
Site-ATN,Building-DIMI,Zone-MAIN,Aisle-I,Bay-58,Level-5,01,RACK,Available,Test-Air-Freight-Company-Test-Branch,Test Air Freight Company
Site-ATN,Building-DIMI,Zone-MAIN,Aisle-I,Bay-59,Level-1,01,RACK,Available,Test-Air-Freight-Company-Test-Branch,Test Air Freight Company
Site-ATN,Building-DIMI,Zone-MAIN,Aisle-I,Bay-59,Level-2,01,RACK,Available,Test-Air-Freight-Company-Test-Branch,Test Air Freight Company
Site-ATN,Building-DIMI,Zone-MAIN,Aisle-I,Bay-59,Level-3,01,RACK,Available,Test-Air-Freight-Company-Test-Branch,Test Air Freight Company
Site-ATN,Building-DIMI,Zone-MAIN,Aisle-I,Bay-59,Level-4,01,RACK,Available,Test-Air-Freight-Company-Test-Branch,Test Air Freight Company
Site-ATN,Building-DIMI,Zone-MAIN,Aisle-I,Bay-59,Level-5,01,RACK,Available,Test-Air-Freight-Company-Test-Branch,Test Air Freight Company
Site-ATN,Building-DIMI,Zone-MAIN,Aisle-I,Bay-60,Level-1,01,RACK,Available,Test-Air-Freight-Company-Test-Branch,Test Air Freight Company
Site-ATN,Building-DIMI,Zone-MAIN,Aisle-I,Bay-60,Level-2,01,RACK,Available,Test-Air-Freight-Company-Test-Branch,Test Air Freight Company
Site-ATN,Building-DIMI,Zone-MAIN,Aisle-I,Bay-60,Level-3,01,RACK,Available,Test-Air-Freight-Company-Test-Branch,Test Air Freight Company
Site-ATN,Building-DIMI,Zone-MAIN,Aisle-I,Bay-60,Level-4,01,RACK,Available,Test-Air-Freight-Company-Test-Branch,Test Air Freight Company
Site-ATN,Building-DIMI,Zone-MAIN,Aisle-I,Bay-60,Level-5,01,RACK,Available,Test-Air-Freight-Company-Test-Branch,Test Air Freight Company
Site-ATN,Building-DIMI,Zone-MAIN,Aisle-I,Bay-61,Level-1,01,RACK,Available,Test-Air-Freight-Company-Test-Branch,Test Air Freight Company
Site-ATN,Building-DIMI,Zone-MAIN,Aisle-I,Bay-61,Level-2,01,RACK,Available,Test-Air-Freight-Company-Test-Branch,Test Air Freight Company
Site-ATN,Building-DIMI,Zone-MAIN,Aisle-I,Bay-61,Level-3,01,RACK,Available,Test-Air-Freight-Company-Test-Branch,Test Air Freight Company
Site-ATN,Building-DIMI,Zone-MAIN,Aisle-I,Bay-61,Level-4,01,RACK,Available,Test-Air-Freight-Company-Test-Branch,Test Air Freight Company
Site-ATN,Building-DIMI,Zone-MAIN,Aisle-I,Bay-61,Level-5,01,RACK,Available,Test-Air-Freight-Company-Test-Branch,Test Air Freight Company
Site-ATN,Building-DIMI,Zone-MAIN,Aisle-I,Bay-62,Level-1,01,RACK,Available,Test-Air-Freight-Company-Test-Branch,Test Air Freight Company
Site-ATN,Building-DIMI,Zone-MAIN,Aisle-I,Bay-62,Level-2,01,RACK,Available,Test-Air-Freight-Company-Test-Branch,Test Air Freight Company
Site-ATN,Building-DIMI,Zone-MAIN,Aisle-I,Bay-62,Level-3,01,RACK,Available,Test-Air-Freight-Company-Test-Branch,Test Air Freight Company
Site-ATN,Building-DIMI,Zone-MAIN,Aisle-I,Bay-62,Level-4,01,RACK,Available,Test-Air-Freight-Company-Test-Branch,Test Air Freight Company
Site-ATN,Building-DIMI,Zone-MAIN,Aisle-I,Bay-62,Level-5,01,RACK,Available,Test-Air-Freight-Company-Test-Branch,Test Air Freight Company
Site-ATN,Building-DIMI,Zone-MAIN,Aisle-I,Bay-63,Level-1,01,RACK,Available,Test-Air-Freight-Company-Test-Branch,Test Air Freight Company
Site-ATN,Building-DIMI,Zone-MAIN,Aisle-I,Bay-63,Level-2,01,RACK,Available,Test-Air-Freight-Company-Test-Branch,Test Air Freight Company
Site-ATN,Building-DIMI,Zone-MAIN,Aisle-I,Bay-63,Level-3,01,RACK,Available,Test-Air-Freight-Company-Test-Branch,Test Air Freight Company
Site-ATN,Building-DIMI,Zone-MAIN,Aisle-I,Bay-63,Level-4,01,RACK,Available,Test-Air-Freight-Company-Test-Branch,Test Air Freight Company
Site-ATN,Building-DIMI,Zone-MAIN,Aisle-I,Bay-63,Level-5,01,RACK,Available,Test-Air-Freight-Company-Test-Branch,Test Air Freight Company
Site-ATN,Building-DIMI,Zone-MAIN,Aisle-I,Bay-64,Level-1,01,RACK,Available,Test-Air-Freight-Company-Test-Branch,Test Air Freight Company
Site-ATN,Building-DIMI,Zone-MAIN,Aisle-I,Bay-64,Level-2,01,RACK,Available,Test-Air-Freight-Company-Test-Branch,Test Air Freight Company
Site-ATN,Building-DIMI,Zone-MAIN,Aisle-I,Bay-64,Level-3,01,RACK,Available,Test-Air-Freight-Company-Test-Branch,Test Air Freight Company
Site-ATN,Building-DIMI,Zone-MAIN,Aisle-I,Bay-64,Level-4,01,RACK,Available,Test-Air-Freight-Company-Test-Branch,Test Air Freight Company
Site-ATN,Building-DIMI,Zone-MAIN,Aisle-I,Bay-64,Level-5,01,RACK,Available,Test-Air-Freight-Company-Test-Branch,Test Air Freight Company
Site-ATN,Building-DIMI,Zone-MAIN,Aisle-J,Bay-01,Level-1,01,RACK,Available,Test-Air-Freight-Company-Test-Branch,Test Air Freight Company
Site-ATN,Building-DIMI,Zone-MAIN,Aisle-J,Bay-01,Level-2,01,RACK,Available,Test-Air-Freight-Company-Test-Branch,Test Air Freight Company
Site-ATN,Building-DIMI,Zone-MAIN,Aisle-J,Bay-01,Level-3,01,RACK,Available,Test-Air-Freight-Company-Test-Branch,Test Air Freight Company
Site-ATN,Building-DIMI,Zone-MAIN,Aisle-J,Bay-01,Level-4,01,RACK,Available,Test-Air-Freight-Company-Test-Branch,Test Air Freight Company
Site-ATN,Building-DIMI,Zone-MAIN,Aisle-J,Bay-01,Level-5,01,RACK,Available,Test-Air-Freight-Company-Test-Branch,Test Air Freight Company
Site-ATN,Building-DIMI,Zone-MAIN,Aisle-J,Bay-02,Level-1,01,RACK,Available,Test-Air-Freight-Company-Test-Branch,Test Air Freight Company
Site-ATN,Building-DIMI,Zone-MAIN,Aisle-J,Bay-02,Level-2,01,RACK,Available,Test-Air-Freight-Company-Test-Branch,Test Air Freight Company
Site-ATN,Building-DIMI,Zone-MAIN,Aisle-J,Bay-02,Level-3,01,RACK,Available,Test-Air-Freight-Company-Test-Branch,Test Air Freight Company
Site-ATN,Building-DIMI,Zone-MAIN,Aisle-J,Bay-02,Level-4,01,RACK,Available,Test-Air-Freight-Company-Test-Branch,Test Air Freight Company
Site-ATN,Building-DIMI,Zone-MAIN,Aisle-J,Bay-02,Level-5,01,RACK,Available,Test-Air-Freight-Company-Test-Branch,Test Air Freight Company
Site-ATN,Building-DIMI,Zone-MAIN,Aisle-J,Bay-03,Level-1,01,RACK,Available,Test-Air-Freight-Company-Test-Branch,Test Air Freight Company
Site-ATN,Building-DIMI,Zone-MAIN,Aisle-J,Bay-03,Level-2,01,RACK,Available,Test-Air-Freight-Company-Test-Branch,Test Air Freight Company
Site-ATN,Building-DIMI,Zone-MAIN,Aisle-J,Bay-03,Level-3,01,RACK,Available,Test-Air-Freight-Company-Test-Branch,Test Air Freight Company
Site-ATN,Building-DIMI,Zone-MAIN,Aisle-J,Bay-03,Level-4,01,RACK,Available,Test-Air-Freight-Company-Test-Branch,Test Air Freight Company
Site-ATN,Building-DIMI,Zone-MAIN,Aisle-J,Bay-03,Level-5,01,RACK,Available,Test-Air-Freight-Company-Test-Branch,Test Air Freight Company
Site-ATN,Building-DIMI,Zone-MAIN,Aisle-J,Bay-04,Level-1,01,RACK,Available,Test-Air-Freight-Company-Test-Branch,Test Air Freight Company
Site-ATN,Building-DIMI,Zone-MAIN,Aisle-J,Bay-04,Level-2,01,RACK,Available,Test-Air-Freight-Company-Test-Branch,Test Air Freight Company
Site-ATN,Building-DIMI,Zone-MAIN,Aisle-J,Bay-04,Level-3,01,RACK,Available,Test-Air-Freight-Company-Test-Branch,Test Air Freight Company
Site-ATN,Building-DIMI,Zone-MAIN,Aisle-J,Bay-04,Level-4,01,RACK,Available,Test-Air-Freight-Company-Test-Branch,Test Air Freight Company
Site-ATN,Building-DIMI,Zone-MAIN,Aisle-J,Bay-04,Level-5,01,RACK,Available,Test-Air-Freight-Company-Test-Branch,Test Air Freight Company
Site-ATN,Building-DIMI,Zone-MAIN,Aisle-J,Bay-05,Level-1,01,RACK,Available,Test-Air-Freight-Company-Test-Branch,Test Air Freight Company
Site-ATN,Building-DIMI,Zone-MAIN,Aisle-J,Bay-05,Level-2,01,RACK,Available,Test-Air-Freight-Company-Test-Branch,Test Air Freight Company
Site-ATN,Building-DIMI,Zone-MAIN,Aisle-J,Bay-05,Level-3,01,RACK,Available,Test-Air-Freight-Company-Test-Branch,Test Air Freight Company
Site-ATN,Building-DIMI,Zone-MAIN,Aisle-J,Bay-05,Level-4,01,RACK,Available,Test-Air-Freight-Company-Test-Branch,Test Air Freight Company
Site-ATN,Building-DIMI,Zone-MAIN,Aisle-J,Bay-05,Level-5,01,RACK,Available,Test-Air-Freight-Company-Test-Branch,Test Air Freight Company
Site-ATN,Building-DIMI,Zone-MAIN,Aisle-J,Bay-06,Level-1,01,RACK,Available,Test-Air-Freight-Company-Test-Branch,Test Air Freight Company
Site-ATN,Building-DIMI,Zone-MAIN,Aisle-J,Bay-06,Level-2,01,RACK,Available,Test-Air-Freight-Company-Test-Branch,Test Air Freight Company
Site-ATN,Building-DIMI,Zone-MAIN,Aisle-J,Bay-06,Level-3,01,RACK,Available,Test-Air-Freight-Company-Test-Branch,Test Air Freight Company
Site-ATN,Building-DIMI,Zone-MAIN,Aisle-J,Bay-06,Level-4,01,RACK,Available,Test-Air-Freight-Company-Test-Branch,Test Air Freight Company
Site-ATN,Building-DIMI,Zone-MAIN,Aisle-J,Bay-06,Level-5,01,RACK,Available,Test-Air-Freight-Company-Test-Branch,Test Air Freight Company
Site-ATN,Building-DIMI,Zone-MAIN,Aisle-J,Bay-07,Level-1,01,RACK,Available,Test-Air-Freight-Company-Test-Branch,Test Air Freight Company
Site-ATN,Building-DIMI,Zone-MAIN,Aisle-J,Bay-07,Level-2,01,RACK,Available,Test-Air-Freight-Company-Test-Branch,Test Air Freight Company
Site-ATN,Building-DIMI,Zone-MAIN,Aisle-J,Bay-07,Level-3,01,RACK,Available,Test-Air-Freight-Company-Test-Branch,Test Air Freight Company
Site-ATN,Building-DIMI,Zone-MAIN,Aisle-J,Bay-07,Level-4,01,RACK,Available,Test-Air-Freight-Company-Test-Branch,Test Air Freight Company
Site-ATN,Building-DIMI,Zone-MAIN,Aisle-J,Bay-07,Level-5,01,RACK,Available,Test-Air-Freight-Company-Test-Branch,Test Air Freight Company
Site-ATN,Building-DIMI,Zone-MAIN,Aisle-J,Bay-08,Level-1,01,RACK,Available,Test-Air-Freight-Company-Test-Branch,Test Air Freight Company
Site-ATN,Building-DIMI,Zone-MAIN,Aisle-J,Bay-08,Level-2,01,RACK,Available,Test-Air-Freight-Company-Test-Branch,Test Air Freight Company
Site-ATN,Building-DIMI,Zone-MAIN,Aisle-J,Bay-08,Level-3,01,RACK,Available,Test-Air-Freight-Company-Test-Branch,Test Air Freight Company
Site-ATN,Building-DIMI,Zone-MAIN,Aisle-J,Bay-08,Level-4,01,RACK,Available,Test-Air-Freight-Company-Test-Branch,Test Air Freight Company
Site-ATN,Building-DIMI,Zone-MAIN,Aisle-J,Bay-08,Level-5,01,RACK,Available,Test-Air-Freight-Company-Test-Branch,Test Air Freight Company
Site-ATN,Building-DIMI,Zone-MAIN,Aisle-J,Bay-09,Level-1,01,RACK,Available,Test-Air-Freight-Company-Test-Branch,Test Air Freight Company
Site-ATN,Building-DIMI,Zone-MAIN,Aisle-J,Bay-09,Level-2,01,RACK,Available,Test-Air-Freight-Company-Test-Branch,Test Air Freight Company
Site-ATN,Building-DIMI,Zone-MAIN,Aisle-J,Bay-09,Level-3,01,RACK,Available,Test-Air-Freight-Company-Test-Branch,Test Air Freight Company
Site-ATN,Building-DIMI,Zone-MAIN,Aisle-J,Bay-09,Level-4,01,RACK,Available,Test-Air-Freight-Company-Test-Branch,Test Air Freight Company
Site-ATN,Building-DIMI,Zone-MAIN,Aisle-J,Bay-09,Level-5,01,RACK,Available,Test-Air-Freight-Company-Test-Branch,Test Air Freight Company
Site-ATN,Building-DIMI,Zone-MAIN,Aisle-J,Bay-10,Level-1,01,RACK,Available,Test-Air-Freight-Company-Test-Branch,Test Air Freight Company
Site-ATN,Building-DIMI,Zone-MAIN,Aisle-J,Bay-10,Level-2,01,RACK,Available,Test-Air-Freight-Company-Test-Branch,Test Air Freight Company
Site-ATN,Building-DIMI,Zone-MAIN,Aisle-J,Bay-10,Level-3,01,RACK,Available,Test-Air-Freight-Company-Test-Branch,Test Air Freight Company
Site-ATN,Building-DIMI,Zone-MAIN,Aisle-J,Bay-10,Level-4,01,RACK,Available,Test-Air-Freight-Company-Test-Branch,Test Air Freight Company
Site-ATN,Building-DIMI,Zone-MAIN,Aisle-J,Bay-10,Level-5,01,RACK,Available,Test-Air-Freight-Company-Test-Branch,Test Air Freight Company
Site-ATN,Building-DIMI,Zone-MAIN,Aisle-J,Bay-11,Level-1,01,RACK,Available,Test-Air-Freight-Company-Test-Branch,Test Air Freight Company
Site-ATN,Building-DIMI,Zone-MAIN,Aisle-J,Bay-11,Level-2,01,RACK,Available,Test-Air-Freight-Company-Test-Branch,Test Air Freight Company
Site-ATN,Building-DIMI,Zone-MAIN,Aisle-J,Bay-11,Level-3,01,RACK,Available,Test-Air-Freight-Company-Test-Branch,Test Air Freight Company
Site-ATN,Building-DIMI,Zone-MAIN,Aisle-J,Bay-11,Level-4,01,RACK,Available,Test-Air-Freight-Company-Test-Branch,Test Air Freight Company
Site-ATN,Building-DIMI,Zone-MAIN,Aisle-J,Bay-11,Level-5,01,RACK,Available,Test-Air-Freight-Company-Test-Branch,Test Air Freight Company
Site-ATN,Building-DIMI,Zone-MAIN,Aisle-J,Bay-12,Level-1,01,RACK,Available,Test-Air-Freight-Company-Test-Branch,Test Air Freight Company
Site-ATN,Building-DIMI,Zone-MAIN,Aisle-J,Bay-12,Level-2,01,RACK,Available,Test-Air-Freight-Company-Test-Branch,Test Air Freight Company
Site-ATN,Building-DIMI,Zone-MAIN,Aisle-J,Bay-12,Level-3,01,RACK,Available,Test-Air-Freight-Company-Test-Branch,Test Air Freight Company
Site-ATN,Building-DIMI,Zone-MAIN,Aisle-J,Bay-12,Level-4,01,RACK,Available,Test-Air-Freight-Company-Test-Branch,Test Air Freight Company
Site-ATN,Building-DIMI,Zone-MAIN,Aisle-J,Bay-12,Level-5,01,RACK,Available,Test-Air-Freight-Company-Test-Branch,Test Air Freight Company
Site-ATN,Building-DIMI,Zone-MAIN,Aisle-J,Bay-13,Level-1,01,RACK,Available,Test-Air-Freight-Company-Test-Branch,Test Air Freight Company
Site-ATN,Building-DIMI,Zone-MAIN,Aisle-J,Bay-13,Level-2,01,RACK,Available,Test-Air-Freight-Company-Test-Branch,Test Air Freight Company
Site-ATN,Building-DIMI,Zone-MAIN,Aisle-J,Bay-13,Level-3,01,RACK,Available,Test-Air-Freight-Company-Test-Branch,Test Air Freight Company
Site-ATN,Building-DIMI,Zone-MAIN,Aisle-J,Bay-13,Level-4,01,RACK,Available,Test-Air-Freight-Company-Test-Branch,Test Air Freight Company
Site-ATN,Building-DIMI,Zone-MAIN,Aisle-J,Bay-13,Level-5,01,RACK,Available,Test-Air-Freight-Company-Test-Branch,Test Air Freight Company
Site-ATN,Building-DIMI,Zone-MAIN,Aisle-J,Bay-14,Level-1,01,RACK,Available,Test-Air-Freight-Company-Test-Branch,Test Air Freight Company
Site-ATN,Building-DIMI,Zone-MAIN,Aisle-J,Bay-14,Level-2,01,RACK,Available,Test-Air-Freight-Company-Test-Branch,Test Air Freight Company
Site-ATN,Building-DIMI,Zone-MAIN,Aisle-J,Bay-14,Level-3,01,RACK,Available,Test-Air-Freight-Company-Test-Branch,Test Air Freight Company
Site-ATN,Building-DIMI,Zone-MAIN,Aisle-J,Bay-14,Level-4,01,RACK,Available,Test-Air-Freight-Company-Test-Branch,Test Air Freight Company
Site-ATN,Building-DIMI,Zone-MAIN,Aisle-J,Bay-14,Level-5,01,RACK,Available,Test-Air-Freight-Company-Test-Branch,Test Air Freight Company
Site-ATN,Building-DIMI,Zone-MAIN,Aisle-J,Bay-15,Level-1,01,RACK,Available,Test-Air-Freight-Company-Test-Branch,Test Air Freight Company
Site-ATN,Building-DIMI,Zone-MAIN,Aisle-J,Bay-15,Level-2,01,RACK,Available,Test-Air-Freight-Company-Test-Branch,Test Air Freight Company
Site-ATN,Building-DIMI,Zone-MAIN,Aisle-J,Bay-15,Level-3,01,RACK,Available,Test-Air-Freight-Company-Test-Branch,Test Air Freight Company
Site-ATN,Building-DIMI,Zone-MAIN,Aisle-J,Bay-15,Level-4,01,RACK,Available,Test-Air-Freight-Company-Test-Branch,Test Air Freight Company
Site-ATN,Building-DIMI,Zone-MAIN,Aisle-J,Bay-15,Level-5,01,RACK,Available,Test-Air-Freight-Company-Test-Branch,Test Air Freight Company
Site-ATN,Building-DIMI,Zone-MAIN,Aisle-J,Bay-16,Level-1,01,RACK,Available,Test-Air-Freight-Company-Test-Branch,Test Air Freight Company
Site-ATN,Building-DIMI,Zone-MAIN,Aisle-J,Bay-16,Level-2,01,RACK,Available,Test-Air-Freight-Company-Test-Branch,Test Air Freight Company
Site-ATN,Building-DIMI,Zone-MAIN,Aisle-J,Bay-16,Level-3,01,RACK,Available,Test-Air-Freight-Company-Test-Branch,Test Air Freight Company
Site-ATN,Building-DIMI,Zone-MAIN,Aisle-J,Bay-16,Level-4,01,RACK,Available,Test-Air-Freight-Company-Test-Branch,Test Air Freight Company
Site-ATN,Building-DIMI,Zone-MAIN,Aisle-J,Bay-16,Level-5,01,RACK,Available,Test-Air-Freight-Company-Test-Branch,Test Air Freight Company
Site-ATN,Building-DIMI,Zone-MAIN,Aisle-J,Bay-17,Level-1,01,RACK,Available,Test-Air-Freight-Company-Test-Branch,Test Air Freight Company
Site-ATN,Building-DIMI,Zone-MAIN,Aisle-J,Bay-17,Level-2,01,RACK,Available,Test-Air-Freight-Company-Test-Branch,Test Air Freight Company
Site-ATN,Building-DIMI,Zone-MAIN,Aisle-J,Bay-17,Level-3,01,RACK,Available,Test-Air-Freight-Company-Test-Branch,Test Air Freight Company
Site-ATN,Building-DIMI,Zone-MAIN,Aisle-J,Bay-17,Level-4,01,RACK,Available,Test-Air-Freight-Company-Test-Branch,Test Air Freight Company
Site-ATN,Building-DIMI,Zone-MAIN,Aisle-J,Bay-17,Level-5,01,RACK,Available,Test-Air-Freight-Company-Test-Branch,Test Air Freight Company
Site-ATN,Building-DIMI,Zone-MAIN,Aisle-J,Bay-18,Level-1,01,RACK,Available,Test-Air-Freight-Company-Test-Branch,Test Air Freight Company
Site-ATN,Building-DIMI,Zone-MAIN,Aisle-J,Bay-18,Level-2,01,RACK,Available,Test-Air-Freight-Company-Test-Branch,Test Air Freight Company
Site-ATN,Building-DIMI,Zone-MAIN,Aisle-J,Bay-18,Level-3,01,RACK,Available,Test-Air-Freight-Company-Test-Branch,Test Air Freight Company
Site-ATN,Building-DIMI,Zone-MAIN,Aisle-J,Bay-18,Level-4,01,RACK,Available,Test-Air-Freight-Company-Test-Branch,Test Air Freight Company
Site-ATN,Building-DIMI,Zone-MAIN,Aisle-J,Bay-18,Level-5,01,RACK,Available,Test-Air-Freight-Company-Test-Branch,Test Air Freight Company
Site-ATN,Building-DIMI,Zone-MAIN,Aisle-J,Bay-19,Level-1,01,RACK,Available,Test-Air-Freight-Company-Test-Branch,Test Air Freight Company
Site-ATN,Building-DIMI,Zone-MAIN,Aisle-J,Bay-19,Level-2,01,RACK,Available,Test-Air-Freight-Company-Test-Branch,Test Air Freight Company
Site-ATN,Building-DIMI,Zone-MAIN,Aisle-J,Bay-19,Level-3,01,RACK,Available,Test-Air-Freight-Company-Test-Branch,Test Air Freight Company
Site-ATN,Building-DIMI,Zone-MAIN,Aisle-J,Bay-19,Level-4,01,RACK,Available,Test-Air-Freight-Company-Test-Branch,Test Air Freight Company
Site-ATN,Building-DIMI,Zone-MAIN,Aisle-J,Bay-19,Level-5,01,RACK,Available,Test-Air-Freight-Company-Test-Branch,Test Air Freight Company
Site-ATN,Building-DIMI,Zone-MAIN,Aisle-J,Bay-20,Level-1,01,RACK,Available,Test-Air-Freight-Company-Test-Branch,Test Air Freight Company
Site-ATN,Building-DIMI,Zone-MAIN,Aisle-J,Bay-20,Level-2,01,RACK,Available,Test-Air-Freight-Company-Test-Branch,Test Air Freight Company
Site-ATN,Building-DIMI,Zone-MAIN,Aisle-J,Bay-20,Level-3,01,RACK,Available,Test-Air-Freight-Company-Test-Branch,Test Air Freight Company
Site-ATN,Building-DIMI,Zone-MAIN,Aisle-J,Bay-20,Level-4,01,RACK,Available,Test-Air-Freight-Company-Test-Branch,Test Air Freight Company
Site-ATN,Building-DIMI,Zone-MAIN,Aisle-J,Bay-20,Level-5,01,RACK,Available,Test-Air-Freight-Company-Test-Branch,Test Air Freight Company
Site-ATN,Building-DIMI,Zone-MAIN,Aisle-J,Bay-21,Level-1,01,RACK,Available,Test-Air-Freight-Company-Test-Branch,Test Air Freight Company
Site-ATN,Building-DIMI,Zone-MAIN,Aisle-J,Bay-21,Level-2,01,RACK,Available,Test-Air-Freight-Company-Test-Branch,Test Air Freight Company
Site-ATN,Building-DIMI,Zone-MAIN,Aisle-J,Bay-21,Level-3,01,RACK,Available,Test-Air-Freight-Company-Test-Branch,Test Air Freight Company
Site-ATN,Building-DIMI,Zone-MAIN,Aisle-J,Bay-21,Level-4,01,RACK,Available,Test-Air-Freight-Company-Test-Branch,Test Air Freight Company
Site-ATN,Building-DIMI,Zone-MAIN,Aisle-J,Bay-21,Level-5,01,RACK,Available,Test-Air-Freight-Company-Test-Branch,Test Air Freight Company
Site-ATN,Building-DIMI,Zone-MAIN,Aisle-J,Bay-22,Level-1,01,RACK,Available,Test-Air-Freight-Company-Test-Branch,Test Air Freight Company
Site-ATN,Building-DIMI,Zone-MAIN,Aisle-J,Bay-22,Level-2,01,RACK,Available,Test-Air-Freight-Company-Test-Branch,Test Air Freight Company
Site-ATN,Building-DIMI,Zone-MAIN,Aisle-J,Bay-22,Level-3,01,RACK,Available,Test-Air-Freight-Company-Test-Branch,Test Air Freight Company
Site-ATN,Building-DIMI,Zone-MAIN,Aisle-J,Bay-22,Level-4,01,RACK,Available,Test-Air-Freight-Company-Test-Branch,Test Air Freight Company
Site-ATN,Building-DIMI,Zone-MAIN,Aisle-J,Bay-22,Level-5,01,RACK,Available,Test-Air-Freight-Company-Test-Branch,Test Air Freight Company
Site-ATN,Building-DIMI,Zone-MAIN,Aisle-J,Bay-23,Level-1,01,RACK,Available,Test-Air-Freight-Company-Test-Branch,Test Air Freight Company
Site-ATN,Building-DIMI,Zone-MAIN,Aisle-J,Bay-23,Level-2,01,RACK,Available,Test-Air-Freight-Company-Test-Branch,Test Air Freight Company
Site-ATN,Building-DIMI,Zone-MAIN,Aisle-J,Bay-23,Level-3,01,RACK,Available,Test-Air-Freight-Company-Test-Branch,Test Air Freight Company
Site-ATN,Building-DIMI,Zone-MAIN,Aisle-J,Bay-23,Level-4,01,RACK,Available,Test-Air-Freight-Company-Test-Branch,Test Air Freight Company
Site-ATN,Building-DIMI,Zone-MAIN,Aisle-J,Bay-23,Level-5,01,RACK,Available,Test-Air-Freight-Company-Test-Branch,Test Air Freight Company
Site-ATN,Building-DIMI,Zone-MAIN,Aisle-J,Bay-24,Level-1,01,RACK,Available,Test-Air-Freight-Company-Test-Branch,Test Air Freight Company
Site-ATN,Building-DIMI,Zone-MAIN,Aisle-J,Bay-24,Level-2,01,RACK,Available,Test-Air-Freight-Company-Test-Branch,Test Air Freight Company
Site-ATN,Building-DIMI,Zone-MAIN,Aisle-J,Bay-24,Level-3,01,RACK,Available,Test-Air-Freight-Company-Test-Branch,Test Air Freight Company
Site-ATN,Building-DIMI,Zone-MAIN,Aisle-J,Bay-24,Level-4,01,RACK,Available,Test-Air-Freight-Company-Test-Branch,Test Air Freight Company
Site-ATN,Building-DIMI,Zone-MAIN,Aisle-J,Bay-24,Level-5,01,RACK,Available,Test-Air-Freight-Company-Test-Branch,Test Air Freight Company
Site-ATN,Building-DIMI,Zone-MAIN,Aisle-J,Bay-25,Level-1,01,RACK,Available,Test-Air-Freight-Company-Test-Branch,Test Air Freight Company
Site-ATN,Building-DIMI,Zone-MAIN,Aisle-J,Bay-25,Level-2,01,RACK,Available,Test-Air-Freight-Company-Test-Branch,Test Air Freight Company
Site-ATN,Building-DIMI,Zone-MAIN,Aisle-J,Bay-25,Level-3,01,RACK,Available,Test-Air-Freight-Company-Test-Branch,Test Air Freight Company
Site-ATN,Building-DIMI,Zone-MAIN,Aisle-J,Bay-25,Level-4,01,RACK,Available,Test-Air-Freight-Company-Test-Branch,Test Air Freight Company
Site-ATN,Building-DIMI,Zone-MAIN,Aisle-J,Bay-25,Level-5,01,RACK,Available,Test-Air-Freight-Company-Test-Branch,Test Air Freight Company
Site-ATN,Building-DIMI,Zone-MAIN,Aisle-J,Bay-26,Level-1,01,RACK,Available,Test-Air-Freight-Company-Test-Branch,Test Air Freight Company
Site-ATN,Building-DIMI,Zone-MAIN,Aisle-J,Bay-26,Level-2,01,RACK,Available,Test-Air-Freight-Company-Test-Branch,Test Air Freight Company
Site-ATN,Building-DIMI,Zone-MAIN,Aisle-J,Bay-26,Level-3,01,RACK,Available,Test-Air-Freight-Company-Test-Branch,Test Air Freight Company
Site-ATN,Building-DIMI,Zone-MAIN,Aisle-J,Bay-26,Level-4,01,RACK,Available,Test-Air-Freight-Company-Test-Branch,Test Air Freight Company
Site-ATN,Building-DIMI,Zone-MAIN,Aisle-J,Bay-26,Level-5,01,RACK,Available,Test-Air-Freight-Company-Test-Branch,Test Air Freight Company
Site-ATN,Building-DIMI,Zone-MAIN,Aisle-J,Bay-27,Level-1,01,RACK,Available,Test-Air-Freight-Company-Test-Branch,Test Air Freight Company
Site-ATN,Building-DIMI,Zone-MAIN,Aisle-J,Bay-27,Level-2,01,RACK,Available,Test-Air-Freight-Company-Test-Branch,Test Air Freight Company
Site-ATN,Building-DIMI,Zone-MAIN,Aisle-J,Bay-27,Level-3,01,RACK,Available,Test-Air-Freight-Company-Test-Branch,Test Air Freight Company
Site-ATN,Building-DIMI,Zone-MAIN,Aisle-J,Bay-27,Level-4,01,RACK,Available,Test-Air-Freight-Company-Test-Branch,Test Air Freight Company
Site-ATN,Building-DIMI,Zone-MAIN,Aisle-J,Bay-27,Level-5,01,RACK,Available,Test-Air-Freight-Company-Test-Branch,Test Air Freight Company
Site-ATN,Building-DIMI,Zone-MAIN,Aisle-J,Bay-28,Level-1,01,RACK,Available,Test-Air-Freight-Company-Test-Branch,Test Air Freight Company
Site-ATN,Building-DIMI,Zone-MAIN,Aisle-J,Bay-28,Level-2,01,RACK,Available,Test-Air-Freight-Company-Test-Branch,Test Air Freight Company
Site-ATN,Building-DIMI,Zone-MAIN,Aisle-J,Bay-28,Level-3,01,RACK,Available,Test-Air-Freight-Company-Test-Branch,Test Air Freight Company
Site-ATN,Building-DIMI,Zone-MAIN,Aisle-J,Bay-28,Level-4,01,RACK,Available,Test-Air-Freight-Company-Test-Branch,Test Air Freight Company
Site-ATN,Building-DIMI,Zone-MAIN,Aisle-J,Bay-28,Level-5,01,RACK,Available,Test-Air-Freight-Company-Test-Branch,Test Air Freight Company
Site-ATN,Building-DIMI,Zone-MAIN,Aisle-J,Bay-29,Level-1,01,RACK,Available,Test-Air-Freight-Company-Test-Branch,Test Air Freight Company
Site-ATN,Building-DIMI,Zone-MAIN,Aisle-J,Bay-29,Level-2,01,RACK,Available,Test-Air-Freight-Company-Test-Branch,Test Air Freight Company
Site-ATN,Building-DIMI,Zone-MAIN,Aisle-J,Bay-29,Level-3,01,RACK,Available,Test-Air-Freight-Company-Test-Branch,Test Air Freight Company
Site-ATN,Building-DIMI,Zone-MAIN,Aisle-J,Bay-29,Level-4,01,RACK,Available,Test-Air-Freight-Company-Test-Branch,Test Air Freight Company
Site-ATN,Building-DIMI,Zone-MAIN,Aisle-J,Bay-29,Level-5,01,RACK,Available,Test-Air-Freight-Company-Test-Branch,Test Air Freight Company
Site-ATN,Building-DIMI,Zone-MAIN,Aisle-J,Bay-30,Level-1,01,RACK,Available,Test-Air-Freight-Company-Test-Branch,Test Air Freight Company
Site-ATN,Building-DIMI,Zone-MAIN,Aisle-J,Bay-30,Level-2,01,RACK,Available,Test-Air-Freight-Company-Test-Branch,Test Air Freight Company
Site-ATN,Building-DIMI,Zone-MAIN,Aisle-J,Bay-30,Level-3,01,RACK,Available,Test-Air-Freight-Company-Test-Branch,Test Air Freight Company
Site-ATN,Building-DIMI,Zone-MAIN,Aisle-J,Bay-30,Level-4,01,RACK,Available,Test-Air-Freight-Company-Test-Branch,Test Air Freight Company
Site-ATN,Building-DIMI,Zone-MAIN,Aisle-J,Bay-30,Level-5,01,RACK,Available,Test-Air-Freight-Company-Test-Branch,Test Air Freight Company
Site-ATN,Building-DIMI,Zone-MAIN,Aisle-J,Bay-31,Level-1,01,RACK,Available,Test-Air-Freight-Company-Test-Branch,Test Air Freight Company
Site-ATN,Building-DIMI,Zone-MAIN,Aisle-J,Bay-31,Level-2,01,RACK,Available,Test-Air-Freight-Company-Test-Branch,Test Air Freight Company
Site-ATN,Building-DIMI,Zone-MAIN,Aisle-J,Bay-31,Level-3,01,RACK,Available,Test-Air-Freight-Company-Test-Branch,Test Air Freight Company
Site-ATN,Building-DIMI,Zone-MAIN,Aisle-J,Bay-31,Level-4,01,RACK,Available,Test-Air-Freight-Company-Test-Branch,Test Air Freight Company
Site-ATN,Building-DIMI,Zone-MAIN,Aisle-J,Bay-31,Level-5,01,RACK,Available,Test-Air-Freight-Company-Test-Branch,Test Air Freight Company
Site-ATN,Building-DIMI,Zone-MAIN,Aisle-J,Bay-32,Level-1,01,RACK,Available,Test-Air-Freight-Company-Test-Branch,Test Air Freight Company
Site-ATN,Building-DIMI,Zone-MAIN,Aisle-J,Bay-32,Level-2,01,RACK,Available,Test-Air-Freight-Company-Test-Branch,Test Air Freight Company
Site-ATN,Building-DIMI,Zone-MAIN,Aisle-J,Bay-32,Level-3,01,RACK,Available,Test-Air-Freight-Company-Test-Branch,Test Air Freight Company
Site-ATN,Building-DIMI,Zone-MAIN,Aisle-J,Bay-32,Level-4,01,RACK,Available,Test-Air-Freight-Company-Test-Branch,Test Air Freight Company
Site-ATN,Building-DIMI,Zone-MAIN,Aisle-J,Bay-32,Level-5,01,RACK,Available,Test-Air-Freight-Company-Test-Branch,Test Air Freight Company
Site-ATN,Building-DIMI,Zone-MAIN,Aisle-J,Bay-33,Level-1,01,RACK,Available,Test-Air-Freight-Company-Test-Branch,Test Air Freight Company
Site-ATN,Building-DIMI,Zone-MAIN,Aisle-J,Bay-33,Level-2,01,RACK,Available,Test-Air-Freight-Company-Test-Branch,Test Air Freight Company
Site-ATN,Building-DIMI,Zone-MAIN,Aisle-J,Bay-33,Level-3,01,RACK,Available,Test-Air-Freight-Company-Test-Branch,Test Air Freight Company
Site-ATN,Building-DIMI,Zone-MAIN,Aisle-J,Bay-33,Level-4,01,RACK,Available,Test-Air-Freight-Company-Test-Branch,Test Air Freight Company
Site-ATN,Building-DIMI,Zone-MAIN,Aisle-J,Bay-33,Level-5,01,RACK,Available,Test-Air-Freight-Company-Test-Branch,Test Air Freight Company
Site-ATN,Building-DIMI,Zone-MAIN,Aisle-J,Bay-34,Level-1,01,RACK,Available,Test-Air-Freight-Company-Test-Branch,Test Air Freight Company
Site-ATN,Building-DIMI,Zone-MAIN,Aisle-J,Bay-34,Level-2,01,RACK,Available,Test-Air-Freight-Company-Test-Branch,Test Air Freight Company
Site-ATN,Building-DIMI,Zone-MAIN,Aisle-J,Bay-34,Level-3,01,RACK,Available,Test-Air-Freight-Company-Test-Branch,Test Air Freight Company
Site-ATN,Building-DIMI,Zone-MAIN,Aisle-J,Bay-34,Level-4,01,RACK,Available,Test-Air-Freight-Company-Test-Branch,Test Air Freight Company
Site-ATN,Building-DIMI,Zone-MAIN,Aisle-J,Bay-34,Level-5,01,RACK,Available,Test-Air-Freight-Company-Test-Branch,Test Air Freight Company
Site-ATN,Building-DIMI,Zone-MAIN,Aisle-J,Bay-35,Level-1,01,RACK,Available,Test-Air-Freight-Company-Test-Branch,Test Air Freight Company
Site-ATN,Building-DIMI,Zone-MAIN,Aisle-J,Bay-35,Level-2,01,RACK,Available,Test-Air-Freight-Company-Test-Branch,Test Air Freight Company
Site-ATN,Building-DIMI,Zone-MAIN,Aisle-J,Bay-35,Level-3,01,RACK,Available,Test-Air-Freight-Company-Test-Branch,Test Air Freight Company
Site-ATN,Building-DIMI,Zone-MAIN,Aisle-J,Bay-35,Level-4,01,RACK,Available,Test-Air-Freight-Company-Test-Branch,Test Air Freight Company
Site-ATN,Building-DIMI,Zone-MAIN,Aisle-J,Bay-35,Level-5,01,RACK,Available,Test-Air-Freight-Company-Test-Branch,Test Air Freight Company
Site-ATN,Building-DIMI,Zone-MAIN,Aisle-J,Bay-36,Level-1,01,RACK,Available,Test-Air-Freight-Company-Test-Branch,Test Air Freight Company
Site-ATN,Building-DIMI,Zone-MAIN,Aisle-J,Bay-36,Level-2,01,RACK,Available,Test-Air-Freight-Company-Test-Branch,Test Air Freight Company
Site-ATN,Building-DIMI,Zone-MAIN,Aisle-J,Bay-36,Level-3,01,RACK,Available,Test-Air-Freight-Company-Test-Branch,Test Air Freight Company
Site-ATN,Building-DIMI,Zone-MAIN,Aisle-J,Bay-36,Level-4,01,RACK,Available,Test-Air-Freight-Company-Test-Branch,Test Air Freight Company
Site-ATN,Building-DIMI,Zone-MAIN,Aisle-J,Bay-36,Level-5,01,RACK,Available,Test-Air-Freight-Company-Test-Branch,Test Air Freight Company
Site-ATN,Building-DIMI,Zone-MAIN,Aisle-J,Bay-37,Level-1,01,RACK,Available,Test-Air-Freight-Company-Test-Branch,Test Air Freight Company
Site-ATN,Building-DIMI,Zone-MAIN,Aisle-J,Bay-37,Level-2,01,RACK,Available,Test-Air-Freight-Company-Test-Branch,Test Air Freight Company
Site-ATN,Building-DIMI,Zone-MAIN,Aisle-J,Bay-37,Level-3,01,RACK,Available,Test-Air-Freight-Company-Test-Branch,Test Air Freight Company
Site-ATN,Building-DIMI,Zone-MAIN,Aisle-J,Bay-37,Level-4,01,RACK,Available,Test-Air-Freight-Company-Test-Branch,Test Air Freight Company
Site-ATN,Building-DIMI,Zone-MAIN,Aisle-J,Bay-37,Level-5,01,RACK,Available,Test-Air-Freight-Company-Test-Branch,Test Air Freight Company
Site-ATN,Building-DIMI,Zone-MAIN,Aisle-J,Bay-38,Level-1,01,RACK,Available,Test-Air-Freight-Company-Test-Branch,Test Air Freight Company
Site-ATN,Building-DIMI,Zone-MAIN,Aisle-J,Bay-38,Level-2,01,RACK,Available,Test-Air-Freight-Company-Test-Branch,Test Air Freight Company
Site-ATN,Building-DIMI,Zone-MAIN,Aisle-J,Bay-38,Level-3,01,RACK,Available,Test-Air-Freight-Company-Test-Branch,Test Air Freight Company
Site-ATN,Building-DIMI,Zone-MAIN,Aisle-J,Bay-38,Level-4,01,RACK,Available,Test-Air-Freight-Company-Test-Branch,Test Air Freight Company
Site-ATN,Building-DIMI,Zone-MAIN,Aisle-J,Bay-38,Level-5,01,RACK,Available,Test-Air-Freight-Company-Test-Branch,Test Air Freight Company
Site-ATN,Building-DIMI,Zone-MAIN,Aisle-J,Bay-39,Level-1,01,RACK,Available,Test-Air-Freight-Company-Test-Branch,Test Air Freight Company
Site-ATN,Building-DIMI,Zone-MAIN,Aisle-J,Bay-39,Level-2,01,RACK,Available,Test-Air-Freight-Company-Test-Branch,Test Air Freight Company
Site-ATN,Building-DIMI,Zone-MAIN,Aisle-J,Bay-39,Level-3,01,RACK,Available,Test-Air-Freight-Company-Test-Branch,Test Air Freight Company
Site-ATN,Building-DIMI,Zone-MAIN,Aisle-J,Bay-39,Level-4,01,RACK,Available,Test-Air-Freight-Company-Test-Branch,Test Air Freight Company
Site-ATN,Building-DIMI,Zone-MAIN,Aisle-J,Bay-39,Level-5,01,RACK,Available,Test-Air-Freight-Company-Test-Branch,Test Air Freight Company
Site-ATN,Building-DIMI,Zone-MAIN,Aisle-J,Bay-40,Level-1,01,RACK,Available,Test-Air-Freight-Company-Test-Branch,Test Air Freight Company
Site-ATN,Building-DIMI,Zone-MAIN,Aisle-J,Bay-40,Level-2,01,RACK,Available,Test-Air-Freight-Company-Test-Branch,Test Air Freight Company
Site-ATN,Building-DIMI,Zone-MAIN,Aisle-J,Bay-40,Level-3,01,RACK,Available,Test-Air-Freight-Company-Test-Branch,Test Air Freight Company
Site-ATN,Building-DIMI,Zone-MAIN,Aisle-J,Bay-40,Level-4,01,RACK,Available,Test-Air-Freight-Company-Test-Branch,Test Air Freight Company
Site-ATN,Building-DIMI,Zone-MAIN,Aisle-J,Bay-40,Level-5,01,RACK,Available,Test-Air-Freight-Company-Test-Branch,Test Air Freight Company
Site-ATN,Building-DIMI,Zone-MAIN,Aisle-J,Bay-41,Level-1,01,RACK,Available,Test-Air-Freight-Company-Test-Branch,Test Air Freight Company
Site-ATN,Building-DIMI,Zone-MAIN,Aisle-J,Bay-41,Level-2,01,RACK,Available,Test-Air-Freight-Company-Test-Branch,Test Air Freight Company
Site-ATN,Building-DIMI,Zone-MAIN,Aisle-J,Bay-41,Level-3,01,RACK,Available,Test-Air-Freight-Company-Test-Branch,Test Air Freight Company
Site-ATN,Building-DIMI,Zone-MAIN,Aisle-J,Bay-41,Level-4,01,RACK,Available,Test-Air-Freight-Company-Test-Branch,Test Air Freight Company
Site-ATN,Building-DIMI,Zone-MAIN,Aisle-J,Bay-41,Level-5,01,RACK,Available,Test-Air-Freight-Company-Test-Branch,Test Air Freight Company
Site-ATN,Building-DIMI,Zone-MAIN,Aisle-J,Bay-42,Level-1,01,RACK,Available,Test-Air-Freight-Company-Test-Branch,Test Air Freight Company
Site-ATN,Building-DIMI,Zone-MAIN,Aisle-J,Bay-42,Level-2,01,RACK,Available,Test-Air-Freight-Company-Test-Branch,Test Air Freight Company
Site-ATN,Building-DIMI,Zone-MAIN,Aisle-J,Bay-42,Level-3,01,RACK,Available,Test-Air-Freight-Company-Test-Branch,Test Air Freight Company
Site-ATN,Building-DIMI,Zone-MAIN,Aisle-J,Bay-42,Level-4,01,RACK,Available,Test-Air-Freight-Company-Test-Branch,Test Air Freight Company
Site-ATN,Building-DIMI,Zone-MAIN,Aisle-J,Bay-42,Level-5,01,RACK,Available,Test-Air-Freight-Company-Test-Branch,Test Air Freight Company
Site-ATN,Building-DIMI,Zone-MAIN,Aisle-J,Bay-43,Level-1,01,RACK,Available,Test-Air-Freight-Company-Test-Branch,Test Air Freight Company
Site-ATN,Building-DIMI,Zone-MAIN,Aisle-J,Bay-43,Level-2,01,RACK,Available,Test-Air-Freight-Company-Test-Branch,Test Air Freight Company
Site-ATN,Building-DIMI,Zone-MAIN,Aisle-J,Bay-43,Level-3,01,RACK,Available,Test-Air-Freight-Company-Test-Branch,Test Air Freight Company
Site-ATN,Building-DIMI,Zone-MAIN,Aisle-J,Bay-43,Level-4,01,RACK,Available,Test-Air-Freight-Company-Test-Branch,Test Air Freight Company
Site-ATN,Building-DIMI,Zone-MAIN,Aisle-J,Bay-43,Level-5,01,RACK,Available,Test-Air-Freight-Company-Test-Branch,Test Air Freight Company
Site-ATN,Building-DIMI,Zone-MAIN,Aisle-J,Bay-44,Level-1,01,RACK,Available,Test-Air-Freight-Company-Test-Branch,Test Air Freight Company
Site-ATN,Building-DIMI,Zone-MAIN,Aisle-J,Bay-44,Level-2,01,RACK,Available,Test-Air-Freight-Company-Test-Branch,Test Air Freight Company
Site-ATN,Building-DIMI,Zone-MAIN,Aisle-J,Bay-44,Level-3,01,RACK,Available,Test-Air-Freight-Company-Test-Branch,Test Air Freight Company
Site-ATN,Building-DIMI,Zone-MAIN,Aisle-J,Bay-44,Level-4,01,RACK,Available,Test-Air-Freight-Company-Test-Branch,Test Air Freight Company
Site-ATN,Building-DIMI,Zone-MAIN,Aisle-J,Bay-44,Level-5,01,RACK,Available,Test-Air-Freight-Company-Test-Branch,Test Air Freight Company
Site-ATN,Building-DIMI,Zone-MAIN,Aisle-J,Bay-45,Level-1,01,RACK,Available,Test-Air-Freight-Company-Test-Branch,Test Air Freight Company
Site-ATN,Building-DIMI,Zone-MAIN,Aisle-J,Bay-45,Level-2,01,RACK,Available,Test-Air-Freight-Company-Test-Branch,Test Air Freight Company
Site-ATN,Building-DIMI,Zone-MAIN,Aisle-J,Bay-45,Level-3,01,RACK,Available,Test-Air-Freight-Company-Test-Branch,Test Air Freight Company
Site-ATN,Building-DIMI,Zone-MAIN,Aisle-J,Bay-45,Level-4,01,RACK,Available,Test-Air-Freight-Company-Test-Branch,Test Air Freight Company
Site-ATN,Building-DIMI,Zone-MAIN,Aisle-J,Bay-45,Level-5,01,RACK,Available,Test-Air-Freight-Company-Test-Branch,Test Air Freight Company
Site-ATN,Building-DIMI,Zone-MAIN,Aisle-J,Bay-46,Level-1,01,RACK,Available,Test-Air-Freight-Company-Test-Branch,Test Air Freight Company
Site-ATN,Building-DIMI,Zone-MAIN,Aisle-J,Bay-46,Level-2,01,RACK,Available,Test-Air-Freight-Company-Test-Branch,Test Air Freight Company
Site-ATN,Building-DIMI,Zone-MAIN,Aisle-J,Bay-46,Level-3,01,RACK,Available,Test-Air-Freight-Company-Test-Branch,Test Air Freight Company
Site-ATN,Building-DIMI,Zone-MAIN,Aisle-J,Bay-46,Level-4,01,RACK,Available,Test-Air-Freight-Company-Test-Branch,Test Air Freight Company
Site-ATN,Building-DIMI,Zone-MAIN,Aisle-J,Bay-46,Level-5,01,RACK,Available,Test-Air-Freight-Company-Test-Branch,Test Air Freight Company
Site-ATN,Building-DIMI,Zone-MAIN,Aisle-J,Bay-47,Level-1,01,RACK,Available,Test-Air-Freight-Company-Test-Branch,Test Air Freight Company
Site-ATN,Building-DIMI,Zone-MAIN,Aisle-J,Bay-47,Level-2,01,RACK,Available,Test-Air-Freight-Company-Test-Branch,Test Air Freight Company
Site-ATN,Building-DIMI,Zone-MAIN,Aisle-J,Bay-47,Level-3,01,RACK,Available,Test-Air-Freight-Company-Test-Branch,Test Air Freight Company
Site-ATN,Building-DIMI,Zone-MAIN,Aisle-J,Bay-47,Level-4,01,RACK,Available,Test-Air-Freight-Company-Test-Branch,Test Air Freight Company
Site-ATN,Building-DIMI,Zone-MAIN,Aisle-J,Bay-47,Level-5,01,RACK,Available,Test-Air-Freight-Company-Test-Branch,Test Air Freight Company
Site-ATN,Building-DIMI,Zone-MAIN,Aisle-J,Bay-48,Level-1,01,RACK,Available,Test-Air-Freight-Company-Test-Branch,Test Air Freight Company
Site-ATN,Building-DIMI,Zone-MAIN,Aisle-J,Bay-48,Level-2,01,RACK,Available,Test-Air-Freight-Company-Test-Branch,Test Air Freight Company
Site-ATN,Building-DIMI,Zone-MAIN,Aisle-J,Bay-48,Level-3,01,RACK,Available,Test-Air-Freight-Company-Test-Branch,Test Air Freight Company
Site-ATN,Building-DIMI,Zone-MAIN,Aisle-J,Bay-48,Level-4,01,RACK,Available,Test-Air-Freight-Company-Test-Branch,Test Air Freight Company
Site-ATN,Building-DIMI,Zone-MAIN,Aisle-J,Bay-48,Level-5,01,RACK,Available,Test-Air-Freight-Company-Test-Branch,Test Air Freight Company
Site-ATN,Building-DIMI,Zone-MAIN,Aisle-J,Bay-49,Level-1,01,RACK,Available,Test-Air-Freight-Company-Test-Branch,Test Air Freight Company
Site-ATN,Building-DIMI,Zone-MAIN,Aisle-J,Bay-49,Level-2,01,RACK,Available,Test-Air-Freight-Company-Test-Branch,Test Air Freight Company
Site-ATN,Building-DIMI,Zone-MAIN,Aisle-J,Bay-49,Level-3,01,RACK,Available,Test-Air-Freight-Company-Test-Branch,Test Air Freight Company
Site-ATN,Building-DIMI,Zone-MAIN,Aisle-J,Bay-49,Level-4,01,RACK,Available,Test-Air-Freight-Company-Test-Branch,Test Air Freight Company
Site-ATN,Building-DIMI,Zone-MAIN,Aisle-J,Bay-49,Level-5,01,RACK,Available,Test-Air-Freight-Company-Test-Branch,Test Air Freight Company
Site-ATN,Building-DIMI,Zone-MAIN,Aisle-J,Bay-50,Level-1,01,RACK,Available,Test-Air-Freight-Company-Test-Branch,Test Air Freight Company
Site-ATN,Building-DIMI,Zone-MAIN,Aisle-J,Bay-50,Level-2,01,RACK,Available,Test-Air-Freight-Company-Test-Branch,Test Air Freight Company
Site-ATN,Building-DIMI,Zone-MAIN,Aisle-J,Bay-50,Level-3,01,RACK,Available,Test-Air-Freight-Company-Test-Branch,Test Air Freight Company
Site-ATN,Building-DIMI,Zone-MAIN,Aisle-J,Bay-50,Level-4,01,RACK,Available,Test-Air-Freight-Company-Test-Branch,Test Air Freight Company
Site-ATN,Building-DIMI,Zone-MAIN,Aisle-J,Bay-50,Level-5,01,RACK,Available,Test-Air-Freight-Company-Test-Branch,Test Air Freight Company
Site-ATN,Building-DIMI,Zone-MAIN,Aisle-J,Bay-51,Level-1,01,RACK,Available,Test-Air-Freight-Company-Test-Branch,Test Air Freight Company
Site-ATN,Building-DIMI,Zone-MAIN,Aisle-J,Bay-51,Level-2,01,RACK,Available,Test-Air-Freight-Company-Test-Branch,Test Air Freight Company
Site-ATN,Building-DIMI,Zone-MAIN,Aisle-J,Bay-51,Level-3,01,RACK,Available,Test-Air-Freight-Company-Test-Branch,Test Air Freight Company
Site-ATN,Building-DIMI,Zone-MAIN,Aisle-J,Bay-51,Level-4,01,RACK,Available,Test-Air-Freight-Company-Test-Branch,Test Air Freight Company
Site-ATN,Building-DIMI,Zone-MAIN,Aisle-J,Bay-51,Level-5,01,RACK,Available,Test-Air-Freight-Company-Test-Branch,Test Air Freight Company
Site-ATN,Building-DIMI,Zone-MAIN,Aisle-J,Bay-52,Level-1,01,RACK,Available,Test-Air-Freight-Company-Test-Branch,Test Air Freight Company
Site-ATN,Building-DIMI,Zone-MAIN,Aisle-J,Bay-52,Level-2,01,RACK,Available,Test-Air-Freight-Company-Test-Branch,Test Air Freight Company
Site-ATN,Building-DIMI,Zone-MAIN,Aisle-J,Bay-52,Level-3,01,RACK,Available,Test-Air-Freight-Company-Test-Branch,Test Air Freight Company
Site-ATN,Building-DIMI,Zone-MAIN,Aisle-J,Bay-52,Level-4,01,RACK,Available,Test-Air-Freight-Company-Test-Branch,Test Air Freight Company
Site-ATN,Building-DIMI,Zone-MAIN,Aisle-J,Bay-52,Level-5,01,RACK,Available,Test-Air-Freight-Company-Test-Branch,Test Air Freight Company
Site-ATN,Building-DIMI,Zone-MAIN,Aisle-J,Bay-53,Level-1,01,RACK,Available,Test-Air-Freight-Company-Test-Branch,Test Air Freight Company
Site-ATN,Building-DIMI,Zone-MAIN,Aisle-J,Bay-53,Level-2,01,RACK,Available,Test-Air-Freight-Company-Test-Branch,Test Air Freight Company
Site-ATN,Building-DIMI,Zone-MAIN,Aisle-J,Bay-53,Level-3,01,RACK,Available,Test-Air-Freight-Company-Test-Branch,Test Air Freight Company
Site-ATN,Building-DIMI,Zone-MAIN,Aisle-J,Bay-53,Level-4,01,RACK,Available,Test-Air-Freight-Company-Test-Branch,Test Air Freight Company
Site-ATN,Building-DIMI,Zone-MAIN,Aisle-J,Bay-53,Level-5,01,RACK,Available,Test-Air-Freight-Company-Test-Branch,Test Air Freight Company
Site-ATN,Building-DIMI,Zone-MAIN,Aisle-J,Bay-54,Level-1,01,RACK,Available,Test-Air-Freight-Company-Test-Branch,Test Air Freight Company
Site-ATN,Building-DIMI,Zone-MAIN,Aisle-J,Bay-54,Level-2,01,RACK,Available,Test-Air-Freight-Company-Test-Branch,Test Air Freight Company
Site-ATN,Building-DIMI,Zone-MAIN,Aisle-J,Bay-54,Level-3,01,RACK,Available,Test-Air-Freight-Company-Test-Branch,Test Air Freight Company
Site-ATN,Building-DIMI,Zone-MAIN,Aisle-J,Bay-54,Level-4,01,RACK,Available,Test-Air-Freight-Company-Test-Branch,Test Air Freight Company
Site-ATN,Building-DIMI,Zone-MAIN,Aisle-J,Bay-54,Level-5,01,RACK,Available,Test-Air-Freight-Company-Test-Branch,Test Air Freight Company
Site-ATN,Building-DIMI,Zone-MAIN,Aisle-J,Bay-55,Level-1,01,RACK,Available,Test-Air-Freight-Company-Test-Branch,Test Air Freight Company
Site-ATN,Building-DIMI,Zone-MAIN,Aisle-J,Bay-55,Level-2,01,RACK,Available,Test-Air-Freight-Company-Test-Branch,Test Air Freight Company
Site-ATN,Building-DIMI,Zone-MAIN,Aisle-J,Bay-55,Level-3,01,RACK,Available,Test-Air-Freight-Company-Test-Branch,Test Air Freight Company
Site-ATN,Building-DIMI,Zone-MAIN,Aisle-J,Bay-55,Level-4,01,RACK,Available,Test-Air-Freight-Company-Test-Branch,Test Air Freight Company
Site-ATN,Building-DIMI,Zone-MAIN,Aisle-J,Bay-55,Level-5,01,RACK,Available,Test-Air-Freight-Company-Test-Branch,Test Air Freight Company
Site-ATN,Building-DIMI,Zone-MAIN,Aisle-J,Bay-56,Level-1,01,RACK,Available,Test-Air-Freight-Company-Test-Branch,Test Air Freight Company
Site-ATN,Building-DIMI,Zone-MAIN,Aisle-J,Bay-56,Level-2,01,RACK,Available,Test-Air-Freight-Company-Test-Branch,Test Air Freight Company
Site-ATN,Building-DIMI,Zone-MAIN,Aisle-J,Bay-56,Level-3,01,RACK,Available,Test-Air-Freight-Company-Test-Branch,Test Air Freight Company
Site-ATN,Building-DIMI,Zone-MAIN,Aisle-J,Bay-56,Level-4,01,RACK,Available,Test-Air-Freight-Company-Test-Branch,Test Air Freight Company
Site-ATN,Building-DIMI,Zone-MAIN,Aisle-J,Bay-56,Level-5,01,RACK,Available,Test-Air-Freight-Company-Test-Branch,Test Air Freight Company
Site-ATN,Building-DIMI,Zone-MAIN,Aisle-J,Bay-57,Level-1,01,RACK,Available,Test-Air-Freight-Company-Test-Branch,Test Air Freight Company
Site-ATN,Building-DIMI,Zone-MAIN,Aisle-J,Bay-57,Level-2,01,RACK,Available,Test-Air-Freight-Company-Test-Branch,Test Air Freight Company
Site-ATN,Building-DIMI,Zone-MAIN,Aisle-J,Bay-57,Level-3,01,RACK,Available,Test-Air-Freight-Company-Test-Branch,Test Air Freight Company
Site-ATN,Building-DIMI,Zone-MAIN,Aisle-J,Bay-57,Level-4,01,RACK,Available,Test-Air-Freight-Company-Test-Branch,Test Air Freight Company
Site-ATN,Building-DIMI,Zone-MAIN,Aisle-J,Bay-57,Level-5,01,RACK,Available,Test-Air-Freight-Company-Test-Branch,Test Air Freight Company
Site-ATN,Building-DIMI,Zone-MAIN,Aisle-J,Bay-58,Level-1,01,RACK,Available,Test-Air-Freight-Company-Test-Branch,Test Air Freight Company
Site-ATN,Building-DIMI,Zone-MAIN,Aisle-J,Bay-58,Level-2,01,RACK,Available,Test-Air-Freight-Company-Test-Branch,Test Air Freight Company
Site-ATN,Building-DIMI,Zone-MAIN,Aisle-J,Bay-58,Level-3,01,RACK,Available,Test-Air-Freight-Company-Test-Branch,Test Air Freight Company
Site-ATN,Building-DIMI,Zone-MAIN,Aisle-J,Bay-58,Level-4,01,RACK,Available,Test-Air-Freight-Company-Test-Branch,Test Air Freight Company
Site-ATN,Building-DIMI,Zone-MAIN,Aisle-J,Bay-58,Level-5,01,RACK,Available,Test-Air-Freight-Company-Test-Branch,Test Air Freight Company
Site-ATN,Building-DIMI,Zone-MAIN,Aisle-J,Bay-59,Level-1,01,RACK,Available,Test-Air-Freight-Company-Test-Branch,Test Air Freight Company
Site-ATN,Building-DIMI,Zone-MAIN,Aisle-J,Bay-59,Level-2,01,RACK,Available,Test-Air-Freight-Company-Test-Branch,Test Air Freight Company
Site-ATN,Building-DIMI,Zone-MAIN,Aisle-J,Bay-59,Level-3,01,RACK,Available,Test-Air-Freight-Company-Test-Branch,Test Air Freight Company
Site-ATN,Building-DIMI,Zone-MAIN,Aisle-J,Bay-59,Level-4,01,RACK,Available,Test-Air-Freight-Company-Test-Branch,Test Air Freight Company
Site-ATN,Building-DIMI,Zone-MAIN,Aisle-J,Bay-59,Level-5,01,RACK,Available,Test-Air-Freight-Company-Test-Branch,Test Air Freight Company
Site-ATN,Building-DIMI,Zone-MAIN,Aisle-J,Bay-60,Level-1,01,RACK,Available,Test-Air-Freight-Company-Test-Branch,Test Air Freight Company
Site-ATN,Building-DIMI,Zone-MAIN,Aisle-J,Bay-60,Level-2,01,RACK,Available,Test-Air-Freight-Company-Test-Branch,Test Air Freight Company
Site-ATN,Building-DIMI,Zone-MAIN,Aisle-J,Bay-60,Level-3,01,RACK,Available,Test-Air-Freight-Company-Test-Branch,Test Air Freight Company
Site-ATN,Building-DIMI,Zone-MAIN,Aisle-J,Bay-60,Level-4,01,RACK,Available,Test-Air-Freight-Company-Test-Branch,Test Air Freight Company
Site-ATN,Building-DIMI,Zone-MAIN,Aisle-J,Bay-60,Level-5,01,RACK,Available,Test-Air-Freight-Company-Test-Branch,Test Air Freight Company
Site-ATN,Building-DIMI,Zone-MAIN,Aisle-J,Bay-61,Level-1,01,RACK,Available,Test-Air-Freight-Company-Test-Branch,Test Air Freight Company
Site-ATN,Building-DIMI,Zone-MAIN,Aisle-J,Bay-61,Level-2,01,RACK,Available,Test-Air-Freight-Company-Test-Branch,Test Air Freight Company
Site-ATN,Building-DIMI,Zone-MAIN,Aisle-J,Bay-61,Level-3,01,RACK,Available,Test-Air-Freight-Company-Test-Branch,Test Air Freight Company
Site-ATN,Building-DIMI,Zone-MAIN,Aisle-J,Bay-61,Level-4,01,RACK,Available,Test-Air-Freight-Company-Test-Branch,Test Air Freight Company
Site-ATN,Building-DIMI,Zone-MAIN,Aisle-J,Bay-61,Level-5,01,RACK,Available,Test-Air-Freight-Company-Test-Branch,Test Air Freight Company
Site-ATN,Building-DIMI,Zone-MAIN,Aisle-J,Bay-62,Level-1,01,RACK,Available,Test-Air-Freight-Company-Test-Branch,Test Air Freight Company
Site-ATN,Building-DIMI,Zone-MAIN,Aisle-J,Bay-62,Level-2,01,RACK,Available,Test-Air-Freight-Company-Test-Branch,Test Air Freight Company
Site-ATN,Building-DIMI,Zone-MAIN,Aisle-J,Bay-62,Level-3,01,RACK,Available,Test-Air-Freight-Company-Test-Branch,Test Air Freight Company
Site-ATN,Building-DIMI,Zone-MAIN,Aisle-J,Bay-62,Level-4,01,RACK,Available,Test-Air-Freight-Company-Test-Branch,Test Air Freight Company
Site-ATN,Building-DIMI,Zone-MAIN,Aisle-J,Bay-62,Level-5,01,RACK,Available,Test-Air-Freight-Company-Test-Branch,Test Air Freight Company
Site-ATN,Building-DIMI,Zone-MAIN,Aisle-J,Bay-63,Level-1,01,RACK,Available,Test-Air-Freight-Company-Test-Branch,Test Air Freight Company
Site-ATN,Building-DIMI,Zone-MAIN,Aisle-J,Bay-63,Level-2,01,RACK,Available,Test-Air-Freight-Company-Test-Branch,Test Air Freight Company
Site-ATN,Building-DIMI,Zone-MAIN,Aisle-J,Bay-63,Level-3,01,RACK,Available,Test-Air-Freight-Company-Test-Branch,Test Air Freight Company
Site-ATN,Building-DIMI,Zone-MAIN,Aisle-J,Bay-63,Level-4,01,RACK,Available,Test-Air-Freight-Company-Test-Branch,Test Air Freight Company
Site-ATN,Building-DIMI,Zone-MAIN,Aisle-J,Bay-63,Level-5,01,RACK,Available,Test-Air-Freight-Company-Test-Branch,Test Air Freight Company
Site-ATN,Building-DIMI,Zone-MAIN,Aisle-J,Bay-64,Level-1,01,RACK,Available,Test-Air-Freight-Company-Test-Branch,Test Air Freight Company
Site-ATN,Building-DIMI,Zone-MAIN,Aisle-J,Bay-64,Level-2,01,RACK,Available,Test-Air-Freight-Company-Test-Branch,Test Air Freight Company
Site-ATN,Building-DIMI,Zone-MAIN,Aisle-J,Bay-64,Level-3,01,RACK,Available,Test-Air-Freight-Company-Test-Branch,Test Air Freight Company
Site-ATN,Building-DIMI,Zone-MAIN,Aisle-J,Bay-64,Level-4,01,RACK,Available,Test-Air-Freight-Company-Test-Branch,Test Air Freight Company
Site-ATN,Building-DIMI,Zone-MAIN,Aisle-J,Bay-64,Level-5,01,RACK,Available,Test-Air-Freight-Company-Test-Branch,Test Air Freight Company
Site-ATN,Building-DIMI,Zone-MAIN,Aisle-K,Bay-01,Level-1,01,RACK,Available,Test-Air-Freight-Company-Test-Branch,Test Air Freight Company
Site-ATN,Building-DIMI,Zone-MAIN,Aisle-K,Bay-01,Level-2,01,RACK,Available,Test-Air-Freight-Company-Test-Branch,Test Air Freight Company
Site-ATN,Building-DIMI,Zone-MAIN,Aisle-K,Bay-01,Level-3,01,RACK,Available,Test-Air-Freight-Company-Test-Branch,Test Air Freight Company
Site-ATN,Building-DIMI,Zone-MAIN,Aisle-K,Bay-01,Level-4,01,RACK,Available,Test-Air-Freight-Company-Test-Branch,Test Air Freight Company
Site-ATN,Building-DIMI,Zone-MAIN,Aisle-K,Bay-01,Level-5,01,RACK,Available,Test-Air-Freight-Company-Test-Branch,Test Air Freight Company
Site-ATN,Building-DIMI,Zone-MAIN,Aisle-K,Bay-02,Level-1,01,RACK,Available,Test-Air-Freight-Company-Test-Branch,Test Air Freight Company
Site-ATN,Building-DIMI,Zone-MAIN,Aisle-K,Bay-02,Level-2,01,RACK,Available,Test-Air-Freight-Company-Test-Branch,Test Air Freight Company
Site-ATN,Building-DIMI,Zone-MAIN,Aisle-K,Bay-02,Level-3,01,RACK,Available,Test-Air-Freight-Company-Test-Branch,Test Air Freight Company
Site-ATN,Building-DIMI,Zone-MAIN,Aisle-K,Bay-02,Level-4,01,RACK,Available,Test-Air-Freight-Company-Test-Branch,Test Air Freight Company
Site-ATN,Building-DIMI,Zone-MAIN,Aisle-K,Bay-02,Level-5,01,RACK,Available,Test-Air-Freight-Company-Test-Branch,Test Air Freight Company
Site-ATN,Building-DIMI,Zone-MAIN,Aisle-K,Bay-03,Level-1,01,RACK,Available,Test-Air-Freight-Company-Test-Branch,Test Air Freight Company
Site-ATN,Building-DIMI,Zone-MAIN,Aisle-K,Bay-03,Level-2,01,RACK,Available,Test-Air-Freight-Company-Test-Branch,Test Air Freight Company
Site-ATN,Building-DIMI,Zone-MAIN,Aisle-K,Bay-03,Level-3,01,RACK,Available,Test-Air-Freight-Company-Test-Branch,Test Air Freight Company
Site-ATN,Building-DIMI,Zone-MAIN,Aisle-K,Bay-03,Level-4,01,RACK,Available,Test-Air-Freight-Company-Test-Branch,Test Air Freight Company
Site-ATN,Building-DIMI,Zone-MAIN,Aisle-K,Bay-03,Level-5,01,RACK,Available,Test-Air-Freight-Company-Test-Branch,Test Air Freight Company
Site-ATN,Building-DIMI,Zone-MAIN,Aisle-K,Bay-04,Level-1,01,RACK,Available,Test-Air-Freight-Company-Test-Branch,Test Air Freight Company
Site-ATN,Building-DIMI,Zone-MAIN,Aisle-K,Bay-04,Level-2,01,RACK,Available,Test-Air-Freight-Company-Test-Branch,Test Air Freight Company
Site-ATN,Building-DIMI,Zone-MAIN,Aisle-K,Bay-04,Level-3,01,RACK,Available,Test-Air-Freight-Company-Test-Branch,Test Air Freight Company
Site-ATN,Building-DIMI,Zone-MAIN,Aisle-K,Bay-04,Level-4,01,RACK,Available,Test-Air-Freight-Company-Test-Branch,Test Air Freight Company
Site-ATN,Building-DIMI,Zone-MAIN,Aisle-K,Bay-04,Level-5,01,RACK,Available,Test-Air-Freight-Company-Test-Branch,Test Air Freight Company
Site-ATN,Building-DIMI,Zone-MAIN,Aisle-K,Bay-05,Level-1,01,RACK,Available,Test-Air-Freight-Company-Test-Branch,Test Air Freight Company
Site-ATN,Building-DIMI,Zone-MAIN,Aisle-K,Bay-05,Level-2,01,RACK,Available,Test-Air-Freight-Company-Test-Branch,Test Air Freight Company
Site-ATN,Building-DIMI,Zone-MAIN,Aisle-K,Bay-05,Level-3,01,RACK,Available,Test-Air-Freight-Company-Test-Branch,Test Air Freight Company
Site-ATN,Building-DIMI,Zone-MAIN,Aisle-K,Bay-05,Level-4,01,RACK,Available,Test-Air-Freight-Company-Test-Branch,Test Air Freight Company
Site-ATN,Building-DIMI,Zone-MAIN,Aisle-K,Bay-05,Level-5,01,RACK,Available,Test-Air-Freight-Company-Test-Branch,Test Air Freight Company
Site-ATN,Building-DIMI,Zone-MAIN,Aisle-K,Bay-06,Level-1,01,RACK,Available,Test-Air-Freight-Company-Test-Branch,Test Air Freight Company
Site-ATN,Building-DIMI,Zone-MAIN,Aisle-K,Bay-06,Level-2,01,RACK,Available,Test-Air-Freight-Company-Test-Branch,Test Air Freight Company
Site-ATN,Building-DIMI,Zone-MAIN,Aisle-K,Bay-06,Level-3,01,RACK,Available,Test-Air-Freight-Company-Test-Branch,Test Air Freight Company
Site-ATN,Building-DIMI,Zone-MAIN,Aisle-K,Bay-06,Level-4,01,RACK,Available,Test-Air-Freight-Company-Test-Branch,Test Air Freight Company
Site-ATN,Building-DIMI,Zone-MAIN,Aisle-K,Bay-06,Level-5,01,RACK,Available,Test-Air-Freight-Company-Test-Branch,Test Air Freight Company
Site-ATN,Building-DIMI,Zone-MAIN,Aisle-K,Bay-07,Level-1,01,RACK,Available,Test-Air-Freight-Company-Test-Branch,Test Air Freight Company
Site-ATN,Building-DIMI,Zone-MAIN,Aisle-K,Bay-07,Level-2,01,RACK,Available,Test-Air-Freight-Company-Test-Branch,Test Air Freight Company
Site-ATN,Building-DIMI,Zone-MAIN,Aisle-K,Bay-07,Level-3,01,RACK,Available,Test-Air-Freight-Company-Test-Branch,Test Air Freight Company
Site-ATN,Building-DIMI,Zone-MAIN,Aisle-K,Bay-07,Level-4,01,RACK,Available,Test-Air-Freight-Company-Test-Branch,Test Air Freight Company
Site-ATN,Building-DIMI,Zone-MAIN,Aisle-K,Bay-07,Level-5,01,RACK,Available,Test-Air-Freight-Company-Test-Branch,Test Air Freight Company
Site-ATN,Building-DIMI,Zone-MAIN,Aisle-K,Bay-08,Level-1,01,RACK,Available,Test-Air-Freight-Company-Test-Branch,Test Air Freight Company
Site-ATN,Building-DIMI,Zone-MAIN,Aisle-K,Bay-08,Level-2,01,RACK,Available,Test-Air-Freight-Company-Test-Branch,Test Air Freight Company
Site-ATN,Building-DIMI,Zone-MAIN,Aisle-K,Bay-08,Level-3,01,RACK,Available,Test-Air-Freight-Company-Test-Branch,Test Air Freight Company
Site-ATN,Building-DIMI,Zone-MAIN,Aisle-K,Bay-08,Level-4,01,RACK,Available,Test-Air-Freight-Company-Test-Branch,Test Air Freight Company
Site-ATN,Building-DIMI,Zone-MAIN,Aisle-K,Bay-08,Level-5,01,RACK,Available,Test-Air-Freight-Company-Test-Branch,Test Air Freight Company
Site-ATN,Building-DIMI,Zone-MAIN,Aisle-K,Bay-09,Level-1,01,RACK,Available,Test-Air-Freight-Company-Test-Branch,Test Air Freight Company
Site-ATN,Building-DIMI,Zone-MAIN,Aisle-K,Bay-09,Level-2,01,RACK,Available,Test-Air-Freight-Company-Test-Branch,Test Air Freight Company
Site-ATN,Building-DIMI,Zone-MAIN,Aisle-K,Bay-09,Level-3,01,RACK,Available,Test-Air-Freight-Company-Test-Branch,Test Air Freight Company
Site-ATN,Building-DIMI,Zone-MAIN,Aisle-K,Bay-09,Level-4,01,RACK,Available,Test-Air-Freight-Company-Test-Branch,Test Air Freight Company
Site-ATN,Building-DIMI,Zone-MAIN,Aisle-K,Bay-09,Level-5,01,RACK,Available,Test-Air-Freight-Company-Test-Branch,Test Air Freight Company
Site-ATN,Building-DIMI,Zone-MAIN,Aisle-K,Bay-10,Level-1,01,RACK,Available,Test-Air-Freight-Company-Test-Branch,Test Air Freight Company
Site-ATN,Building-DIMI,Zone-MAIN,Aisle-K,Bay-10,Level-2,01,RACK,Available,Test-Air-Freight-Company-Test-Branch,Test Air Freight Company
Site-ATN,Building-DIMI,Zone-MAIN,Aisle-K,Bay-10,Level-3,01,RACK,Available,Test-Air-Freight-Company-Test-Branch,Test Air Freight Company
Site-ATN,Building-DIMI,Zone-MAIN,Aisle-K,Bay-10,Level-4,01,RACK,Available,Test-Air-Freight-Company-Test-Branch,Test Air Freight Company
Site-ATN,Building-DIMI,Zone-MAIN,Aisle-K,Bay-10,Level-5,01,RACK,Available,Test-Air-Freight-Company-Test-Branch,Test Air Freight Company
Site-ATN,Building-DIMI,Zone-MAIN,Aisle-K,Bay-11,Level-1,01,RACK,Available,Test-Air-Freight-Company-Test-Branch,Test Air Freight Company
Site-ATN,Building-DIMI,Zone-MAIN,Aisle-K,Bay-11,Level-2,01,RACK,Available,Test-Air-Freight-Company-Test-Branch,Test Air Freight Company
Site-ATN,Building-DIMI,Zone-MAIN,Aisle-K,Bay-11,Level-3,01,RACK,Available,Test-Air-Freight-Company-Test-Branch,Test Air Freight Company
Site-ATN,Building-DIMI,Zone-MAIN,Aisle-K,Bay-11,Level-4,01,RACK,Available,Test-Air-Freight-Company-Test-Branch,Test Air Freight Company
Site-ATN,Building-DIMI,Zone-MAIN,Aisle-K,Bay-11,Level-5,01,RACK,Available,Test-Air-Freight-Company-Test-Branch,Test Air Freight Company
Site-ATN,Building-DIMI,Zone-MAIN,Aisle-K,Bay-12,Level-1,01,RACK,Available,Test-Air-Freight-Company-Test-Branch,Test Air Freight Company
Site-ATN,Building-DIMI,Zone-MAIN,Aisle-K,Bay-12,Level-2,01,RACK,Available,Test-Air-Freight-Company-Test-Branch,Test Air Freight Company
Site-ATN,Building-DIMI,Zone-MAIN,Aisle-K,Bay-12,Level-3,01,RACK,Available,Test-Air-Freight-Company-Test-Branch,Test Air Freight Company
Site-ATN,Building-DIMI,Zone-MAIN,Aisle-K,Bay-12,Level-4,01,RACK,Available,Test-Air-Freight-Company-Test-Branch,Test Air Freight Company
Site-ATN,Building-DIMI,Zone-MAIN,Aisle-K,Bay-12,Level-5,01,RACK,Available,Test-Air-Freight-Company-Test-Branch,Test Air Freight Company
Site-ATN,Building-DIMI,Zone-MAIN,Aisle-K,Bay-13,Level-1,01,RACK,Available,Test-Air-Freight-Company-Test-Branch,Test Air Freight Company
Site-ATN,Building-DIMI,Zone-MAIN,Aisle-K,Bay-13,Level-2,01,RACK,Available,Test-Air-Freight-Company-Test-Branch,Test Air Freight Company
Site-ATN,Building-DIMI,Zone-MAIN,Aisle-K,Bay-13,Level-3,01,RACK,Available,Test-Air-Freight-Company-Test-Branch,Test Air Freight Company
Site-ATN,Building-DIMI,Zone-MAIN,Aisle-K,Bay-13,Level-4,01,RACK,Available,Test-Air-Freight-Company-Test-Branch,Test Air Freight Company
Site-ATN,Building-DIMI,Zone-MAIN,Aisle-K,Bay-13,Level-5,01,RACK,Available,Test-Air-Freight-Company-Test-Branch,Test Air Freight Company
Site-ATN,Building-DIMI,Zone-MAIN,Aisle-K,Bay-14,Level-1,01,RACK,Available,Test-Air-Freight-Company-Test-Branch,Test Air Freight Company
Site-ATN,Building-DIMI,Zone-MAIN,Aisle-K,Bay-14,Level-2,01,RACK,Available,Test-Air-Freight-Company-Test-Branch,Test Air Freight Company
Site-ATN,Building-DIMI,Zone-MAIN,Aisle-K,Bay-14,Level-3,01,RACK,Available,Test-Air-Freight-Company-Test-Branch,Test Air Freight Company
Site-ATN,Building-DIMI,Zone-MAIN,Aisle-K,Bay-14,Level-4,01,RACK,Available,Test-Air-Freight-Company-Test-Branch,Test Air Freight Company
Site-ATN,Building-DIMI,Zone-MAIN,Aisle-K,Bay-14,Level-5,01,RACK,Available,Test-Air-Freight-Company-Test-Branch,Test Air Freight Company
Site-ATN,Building-DIMI,Zone-MAIN,Aisle-K,Bay-15,Level-1,01,RACK,Available,Test-Air-Freight-Company-Test-Branch,Test Air Freight Company
Site-ATN,Building-DIMI,Zone-MAIN,Aisle-K,Bay-15,Level-2,01,RACK,Available,Test-Air-Freight-Company-Test-Branch,Test Air Freight Company
Site-ATN,Building-DIMI,Zone-MAIN,Aisle-K,Bay-15,Level-3,01,RACK,Available,Test-Air-Freight-Company-Test-Branch,Test Air Freight Company
Site-ATN,Building-DIMI,Zone-MAIN,Aisle-K,Bay-15,Level-4,01,RACK,Available,Test-Air-Freight-Company-Test-Branch,Test Air Freight Company
Site-ATN,Building-DIMI,Zone-MAIN,Aisle-K,Bay-15,Level-5,01,RACK,Available,Test-Air-Freight-Company-Test-Branch,Test Air Freight Company
Site-ATN,Building-DIMI,Zone-MAIN,Aisle-K,Bay-16,Level-1,01,RACK,Available,Test-Air-Freight-Company-Test-Branch,Test Air Freight Company
Site-ATN,Building-DIMI,Zone-MAIN,Aisle-K,Bay-16,Level-2,01,RACK,Available,Test-Air-Freight-Company-Test-Branch,Test Air Freight Company
Site-ATN,Building-DIMI,Zone-MAIN,Aisle-K,Bay-16,Level-3,01,RACK,Available,Test-Air-Freight-Company-Test-Branch,Test Air Freight Company
Site-ATN,Building-DIMI,Zone-MAIN,Aisle-K,Bay-16,Level-4,01,RACK,Available,Test-Air-Freight-Company-Test-Branch,Test Air Freight Company
Site-ATN,Building-DIMI,Zone-MAIN,Aisle-K,Bay-16,Level-5,01,RACK,Available,Test-Air-Freight-Company-Test-Branch,Test Air Freight Company
Site-ATN,Building-DIMI,Zone-MAIN,Aisle-K,Bay-17,Level-1,01,RACK,Available,Test-Air-Freight-Company-Test-Branch,Test Air Freight Company
Site-ATN,Building-DIMI,Zone-MAIN,Aisle-K,Bay-17,Level-2,01,RACK,Available,Test-Air-Freight-Company-Test-Branch,Test Air Freight Company
Site-ATN,Building-DIMI,Zone-MAIN,Aisle-K,Bay-17,Level-3,01,RACK,Available,Test-Air-Freight-Company-Test-Branch,Test Air Freight Company
Site-ATN,Building-DIMI,Zone-MAIN,Aisle-K,Bay-17,Level-4,01,RACK,Available,Test-Air-Freight-Company-Test-Branch,Test Air Freight Company
Site-ATN,Building-DIMI,Zone-MAIN,Aisle-K,Bay-17,Level-5,01,RACK,Available,Test-Air-Freight-Company-Test-Branch,Test Air Freight Company
Site-ATN,Building-DIMI,Zone-MAIN,Aisle-K,Bay-18,Level-1,01,RACK,Available,Test-Air-Freight-Company-Test-Branch,Test Air Freight Company
Site-ATN,Building-DIMI,Zone-MAIN,Aisle-K,Bay-18,Level-2,01,RACK,Available,Test-Air-Freight-Company-Test-Branch,Test Air Freight Company
Site-ATN,Building-DIMI,Zone-MAIN,Aisle-K,Bay-18,Level-3,01,RACK,Available,Test-Air-Freight-Company-Test-Branch,Test Air Freight Company
Site-ATN,Building-DIMI,Zone-MAIN,Aisle-K,Bay-18,Level-4,01,RACK,Available,Test-Air-Freight-Company-Test-Branch,Test Air Freight Company
Site-ATN,Building-DIMI,Zone-MAIN,Aisle-K,Bay-18,Level-5,01,RACK,Available,Test-Air-Freight-Company-Test-Branch,Test Air Freight Company
Site-ATN,Building-DIMI,Zone-MAIN,Aisle-K,Bay-19,Level-1,01,RACK,Available,Test-Air-Freight-Company-Test-Branch,Test Air Freight Company
Site-ATN,Building-DIMI,Zone-MAIN,Aisle-K,Bay-19,Level-2,01,RACK,Available,Test-Air-Freight-Company-Test-Branch,Test Air Freight Company
Site-ATN,Building-DIMI,Zone-MAIN,Aisle-K,Bay-19,Level-3,01,RACK,Available,Test-Air-Freight-Company-Test-Branch,Test Air Freight Company
Site-ATN,Building-DIMI,Zone-MAIN,Aisle-K,Bay-19,Level-4,01,RACK,Available,Test-Air-Freight-Company-Test-Branch,Test Air Freight Company
Site-ATN,Building-DIMI,Zone-MAIN,Aisle-K,Bay-19,Level-5,01,RACK,Available,Test-Air-Freight-Company-Test-Branch,Test Air Freight Company
Site-ATN,Building-DIMI,Zone-MAIN,Aisle-K,Bay-20,Level-1,01,RACK,Available,Test-Air-Freight-Company-Test-Branch,Test Air Freight Company
Site-ATN,Building-DIMI,Zone-MAIN,Aisle-K,Bay-20,Level-2,01,RACK,Available,Test-Air-Freight-Company-Test-Branch,Test Air Freight Company
Site-ATN,Building-DIMI,Zone-MAIN,Aisle-K,Bay-20,Level-3,01,RACK,Available,Test-Air-Freight-Company-Test-Branch,Test Air Freight Company
Site-ATN,Building-DIMI,Zone-MAIN,Aisle-K,Bay-20,Level-4,01,RACK,Available,Test-Air-Freight-Company-Test-Branch,Test Air Freight Company
Site-ATN,Building-DIMI,Zone-MAIN,Aisle-K,Bay-20,Level-5,01,RACK,Available,Test-Air-Freight-Company-Test-Branch,Test Air Freight Company
Site-ATN,Building-DIMI,Zone-MAIN,Aisle-K,Bay-21,Level-1,01,RACK,Available,Test-Air-Freight-Company-Test-Branch,Test Air Freight Company
Site-ATN,Building-DIMI,Zone-MAIN,Aisle-K,Bay-21,Level-2,01,RACK,Available,Test-Air-Freight-Company-Test-Branch,Test Air Freight Company
Site-ATN,Building-DIMI,Zone-MAIN,Aisle-K,Bay-21,Level-3,01,RACK,Available,Test-Air-Freight-Company-Test-Branch,Test Air Freight Company
Site-ATN,Building-DIMI,Zone-MAIN,Aisle-K,Bay-21,Level-4,01,RACK,Available,Test-Air-Freight-Company-Test-Branch,Test Air Freight Company
Site-ATN,Building-DIMI,Zone-MAIN,Aisle-K,Bay-21,Level-5,01,RACK,Available,Test-Air-Freight-Company-Test-Branch,Test Air Freight Company
Site-ATN,Building-DIMI,Zone-MAIN,Aisle-K,Bay-22,Level-1,01,RACK,Available,Test-Air-Freight-Company-Test-Branch,Test Air Freight Company
Site-ATN,Building-DIMI,Zone-MAIN,Aisle-K,Bay-22,Level-2,01,RACK,Available,Test-Air-Freight-Company-Test-Branch,Test Air Freight Company
Site-ATN,Building-DIMI,Zone-MAIN,Aisle-K,Bay-22,Level-3,01,RACK,Available,Test-Air-Freight-Company-Test-Branch,Test Air Freight Company
Site-ATN,Building-DIMI,Zone-MAIN,Aisle-K,Bay-22,Level-4,01,RACK,Available,Test-Air-Freight-Company-Test-Branch,Test Air Freight Company
Site-ATN,Building-DIMI,Zone-MAIN,Aisle-K,Bay-22,Level-5,01,RACK,Available,Test-Air-Freight-Company-Test-Branch,Test Air Freight Company
Site-ATN,Building-DIMI,Zone-MAIN,Aisle-K,Bay-23,Level-1,01,RACK,Available,Test-Air-Freight-Company-Test-Branch,Test Air Freight Company
Site-ATN,Building-DIMI,Zone-MAIN,Aisle-K,Bay-23,Level-2,01,RACK,Available,Test-Air-Freight-Company-Test-Branch,Test Air Freight Company
Site-ATN,Building-DIMI,Zone-MAIN,Aisle-K,Bay-23,Level-3,01,RACK,Available,Test-Air-Freight-Company-Test-Branch,Test Air Freight Company
Site-ATN,Building-DIMI,Zone-MAIN,Aisle-K,Bay-23,Level-4,01,RACK,Available,Test-Air-Freight-Company-Test-Branch,Test Air Freight Company
Site-ATN,Building-DIMI,Zone-MAIN,Aisle-K,Bay-23,Level-5,01,RACK,Available,Test-Air-Freight-Company-Test-Branch,Test Air Freight Company
Site-ATN,Building-DIMI,Zone-MAIN,Aisle-K,Bay-24,Level-1,01,RACK,Available,Test-Air-Freight-Company-Test-Branch,Test Air Freight Company
Site-ATN,Building-DIMI,Zone-MAIN,Aisle-K,Bay-24,Level-2,01,RACK,Available,Test-Air-Freight-Company-Test-Branch,Test Air Freight Company
Site-ATN,Building-DIMI,Zone-MAIN,Aisle-K,Bay-24,Level-3,01,RACK,Available,Test-Air-Freight-Company-Test-Branch,Test Air Freight Company
Site-ATN,Building-DIMI,Zone-MAIN,Aisle-K,Bay-24,Level-4,01,RACK,Available,Test-Air-Freight-Company-Test-Branch,Test Air Freight Company
Site-ATN,Building-DIMI,Zone-MAIN,Aisle-K,Bay-24,Level-5,01,RACK,Available,Test-Air-Freight-Company-Test-Branch,Test Air Freight Company
Site-ATN,Building-DIMI,Zone-MAIN,Aisle-K,Bay-25,Level-1,01,RACK,Available,Test-Air-Freight-Company-Test-Branch,Test Air Freight Company
Site-ATN,Building-DIMI,Zone-MAIN,Aisle-K,Bay-25,Level-2,01,RACK,Available,Test-Air-Freight-Company-Test-Branch,Test Air Freight Company
Site-ATN,Building-DIMI,Zone-MAIN,Aisle-K,Bay-25,Level-3,01,RACK,Available,Test-Air-Freight-Company-Test-Branch,Test Air Freight Company
Site-ATN,Building-DIMI,Zone-MAIN,Aisle-K,Bay-25,Level-4,01,RACK,Available,Test-Air-Freight-Company-Test-Branch,Test Air Freight Company
Site-ATN,Building-DIMI,Zone-MAIN,Aisle-K,Bay-25,Level-5,01,RACK,Available,Test-Air-Freight-Company-Test-Branch,Test Air Freight Company
Site-ATN,Building-DIMI,Zone-MAIN,Aisle-K,Bay-26,Level-1,01,RACK,Available,Test-Air-Freight-Company-Test-Branch,Test Air Freight Company
Site-ATN,Building-DIMI,Zone-MAIN,Aisle-K,Bay-26,Level-2,01,RACK,Available,Test-Air-Freight-Company-Test-Branch,Test Air Freight Company
Site-ATN,Building-DIMI,Zone-MAIN,Aisle-K,Bay-26,Level-3,01,RACK,Available,Test-Air-Freight-Company-Test-Branch,Test Air Freight Company
Site-ATN,Building-DIMI,Zone-MAIN,Aisle-K,Bay-26,Level-4,01,RACK,Available,Test-Air-Freight-Company-Test-Branch,Test Air Freight Company
Site-ATN,Building-DIMI,Zone-MAIN,Aisle-K,Bay-26,Level-5,01,RACK,Available,Test-Air-Freight-Company-Test-Branch,Test Air Freight Company
Site-ATN,Building-DIMI,Zone-MAIN,Aisle-K,Bay-27,Level-1,01,RACK,Available,Test-Air-Freight-Company-Test-Branch,Test Air Freight Company
Site-ATN,Building-DIMI,Zone-MAIN,Aisle-K,Bay-27,Level-2,01,RACK,Available,Test-Air-Freight-Company-Test-Branch,Test Air Freight Company
Site-ATN,Building-DIMI,Zone-MAIN,Aisle-K,Bay-27,Level-3,01,RACK,Available,Test-Air-Freight-Company-Test-Branch,Test Air Freight Company
Site-ATN,Building-DIMI,Zone-MAIN,Aisle-K,Bay-27,Level-4,01,RACK,Available,Test-Air-Freight-Company-Test-Branch,Test Air Freight Company
Site-ATN,Building-DIMI,Zone-MAIN,Aisle-K,Bay-27,Level-5,01,RACK,Available,Test-Air-Freight-Company-Test-Branch,Test Air Freight Company
Site-ATN,Building-DIMI,Zone-MAIN,Aisle-K,Bay-28,Level-1,01,RACK,Available,Test-Air-Freight-Company-Test-Branch,Test Air Freight Company
Site-ATN,Building-DIMI,Zone-MAIN,Aisle-K,Bay-28,Level-2,01,RACK,Available,Test-Air-Freight-Company-Test-Branch,Test Air Freight Company
Site-ATN,Building-DIMI,Zone-MAIN,Aisle-K,Bay-28,Level-3,01,RACK,Available,Test-Air-Freight-Company-Test-Branch,Test Air Freight Company
Site-ATN,Building-DIMI,Zone-MAIN,Aisle-K,Bay-28,Level-4,01,RACK,Available,Test-Air-Freight-Company-Test-Branch,Test Air Freight Company
Site-ATN,Building-DIMI,Zone-MAIN,Aisle-K,Bay-28,Level-5,01,RACK,Available,Test-Air-Freight-Company-Test-Branch,Test Air Freight Company
Site-ATN,Building-DIMI,Zone-MAIN,Aisle-K,Bay-29,Level-1,01,RACK,Available,Test-Air-Freight-Company-Test-Branch,Test Air Freight Company
Site-ATN,Building-DIMI,Zone-MAIN,Aisle-K,Bay-29,Level-2,01,RACK,Available,Test-Air-Freight-Company-Test-Branch,Test Air Freight Company
Site-ATN,Building-DIMI,Zone-MAIN,Aisle-K,Bay-29,Level-3,01,RACK,Available,Test-Air-Freight-Company-Test-Branch,Test Air Freight Company
Site-ATN,Building-DIMI,Zone-MAIN,Aisle-K,Bay-29,Level-4,01,RACK,Available,Test-Air-Freight-Company-Test-Branch,Test Air Freight Company
Site-ATN,Building-DIMI,Zone-MAIN,Aisle-K,Bay-29,Level-5,01,RACK,Available,Test-Air-Freight-Company-Test-Branch,Test Air Freight Company
Site-ATN,Building-DIMI,Zone-MAIN,Aisle-K,Bay-30,Level-1,01,RACK,Available,Test-Air-Freight-Company-Test-Branch,Test Air Freight Company
Site-ATN,Building-DIMI,Zone-MAIN,Aisle-K,Bay-30,Level-2,01,RACK,Available,Test-Air-Freight-Company-Test-Branch,Test Air Freight Company
Site-ATN,Building-DIMI,Zone-MAIN,Aisle-K,Bay-30,Level-3,01,RACK,Available,Test-Air-Freight-Company-Test-Branch,Test Air Freight Company
Site-ATN,Building-DIMI,Zone-MAIN,Aisle-K,Bay-30,Level-4,01,RACK,Available,Test-Air-Freight-Company-Test-Branch,Test Air Freight Company
Site-ATN,Building-DIMI,Zone-MAIN,Aisle-K,Bay-30,Level-5,01,RACK,Available,Test-Air-Freight-Company-Test-Branch,Test Air Freight Company
Site-ATN,Building-DIMI,Zone-MAIN,Aisle-K,Bay-31,Level-1,01,RACK,Available,Test-Air-Freight-Company-Test-Branch,Test Air Freight Company
Site-ATN,Building-DIMI,Zone-MAIN,Aisle-K,Bay-31,Level-2,01,RACK,Available,Test-Air-Freight-Company-Test-Branch,Test Air Freight Company
Site-ATN,Building-DIMI,Zone-MAIN,Aisle-K,Bay-31,Level-3,01,RACK,Available,Test-Air-Freight-Company-Test-Branch,Test Air Freight Company
Site-ATN,Building-DIMI,Zone-MAIN,Aisle-K,Bay-31,Level-4,01,RACK,Available,Test-Air-Freight-Company-Test-Branch,Test Air Freight Company
Site-ATN,Building-DIMI,Zone-MAIN,Aisle-K,Bay-31,Level-5,01,RACK,Available,Test-Air-Freight-Company-Test-Branch,Test Air Freight Company
Site-ATN,Building-DIMI,Zone-MAIN,Aisle-K,Bay-32,Level-1,01,RACK,Available,Test-Air-Freight-Company-Test-Branch,Test Air Freight Company
Site-ATN,Building-DIMI,Zone-MAIN,Aisle-K,Bay-32,Level-2,01,RACK,Available,Test-Air-Freight-Company-Test-Branch,Test Air Freight Company
Site-ATN,Building-DIMI,Zone-MAIN,Aisle-K,Bay-32,Level-3,01,RACK,Available,Test-Air-Freight-Company-Test-Branch,Test Air Freight Company
Site-ATN,Building-DIMI,Zone-MAIN,Aisle-K,Bay-32,Level-4,01,RACK,Available,Test-Air-Freight-Company-Test-Branch,Test Air Freight Company
Site-ATN,Building-DIMI,Zone-MAIN,Aisle-K,Bay-32,Level-5,01,RACK,Available,Test-Air-Freight-Company-Test-Branch,Test Air Freight Company
Site-ATN,Building-DIMI,Zone-MAIN,Aisle-K,Bay-33,Level-1,01,RACK,Available,Test-Air-Freight-Company-Test-Branch,Test Air Freight Company
Site-ATN,Building-DIMI,Zone-MAIN,Aisle-K,Bay-33,Level-2,01,RACK,Available,Test-Air-Freight-Company-Test-Branch,Test Air Freight Company
Site-ATN,Building-DIMI,Zone-MAIN,Aisle-K,Bay-33,Level-3,01,RACK,Available,Test-Air-Freight-Company-Test-Branch,Test Air Freight Company
Site-ATN,Building-DIMI,Zone-MAIN,Aisle-K,Bay-33,Level-4,01,RACK,Available,Test-Air-Freight-Company-Test-Branch,Test Air Freight Company
Site-ATN,Building-DIMI,Zone-MAIN,Aisle-K,Bay-33,Level-5,01,RACK,Available,Test-Air-Freight-Company-Test-Branch,Test Air Freight Company
Site-ATN,Building-DIMI,Zone-MAIN,Aisle-K,Bay-34,Level-1,01,RACK,Available,Test-Air-Freight-Company-Test-Branch,Test Air Freight Company
Site-ATN,Building-DIMI,Zone-MAIN,Aisle-K,Bay-34,Level-2,01,RACK,Available,Test-Air-Freight-Company-Test-Branch,Test Air Freight Company
Site-ATN,Building-DIMI,Zone-MAIN,Aisle-K,Bay-34,Level-3,01,RACK,Available,Test-Air-Freight-Company-Test-Branch,Test Air Freight Company
Site-ATN,Building-DIMI,Zone-MAIN,Aisle-K,Bay-34,Level-4,01,RACK,Available,Test-Air-Freight-Company-Test-Branch,Test Air Freight Company
Site-ATN,Building-DIMI,Zone-MAIN,Aisle-K,Bay-34,Level-5,01,RACK,Available,Test-Air-Freight-Company-Test-Branch,Test Air Freight Company
Site-ATN,Building-DIMI,Zone-MAIN,Aisle-K,Bay-35,Level-1,01,RACK,Available,Test-Air-Freight-Company-Test-Branch,Test Air Freight Company
Site-ATN,Building-DIMI,Zone-MAIN,Aisle-K,Bay-35,Level-2,01,RACK,Available,Test-Air-Freight-Company-Test-Branch,Test Air Freight Company
Site-ATN,Building-DIMI,Zone-MAIN,Aisle-K,Bay-35,Level-3,01,RACK,Available,Test-Air-Freight-Company-Test-Branch,Test Air Freight Company
Site-ATN,Building-DIMI,Zone-MAIN,Aisle-K,Bay-35,Level-4,01,RACK,Available,Test-Air-Freight-Company-Test-Branch,Test Air Freight Company
Site-ATN,Building-DIMI,Zone-MAIN,Aisle-K,Bay-35,Level-5,01,RACK,Available,Test-Air-Freight-Company-Test-Branch,Test Air Freight Company
Site-ATN,Building-DIMI,Zone-MAIN,Aisle-K,Bay-36,Level-1,01,RACK,Available,Test-Air-Freight-Company-Test-Branch,Test Air Freight Company
Site-ATN,Building-DIMI,Zone-MAIN,Aisle-K,Bay-36,Level-2,01,RACK,Available,Test-Air-Freight-Company-Test-Branch,Test Air Freight Company
Site-ATN,Building-DIMI,Zone-MAIN,Aisle-K,Bay-36,Level-3,01,RACK,Available,Test-Air-Freight-Company-Test-Branch,Test Air Freight Company
Site-ATN,Building-DIMI,Zone-MAIN,Aisle-K,Bay-36,Level-4,01,RACK,Available,Test-Air-Freight-Company-Test-Branch,Test Air Freight Company
Site-ATN,Building-DIMI,Zone-MAIN,Aisle-K,Bay-36,Level-5,01,RACK,Available,Test-Air-Freight-Company-Test-Branch,Test Air Freight Company
Site-ATN,Building-DIMI,Zone-MAIN,Aisle-K,Bay-37,Level-1,01,RACK,Available,Test-Air-Freight-Company-Test-Branch,Test Air Freight Company
Site-ATN,Building-DIMI,Zone-MAIN,Aisle-K,Bay-37,Level-2,01,RACK,Available,Test-Air-Freight-Company-Test-Branch,Test Air Freight Company
Site-ATN,Building-DIMI,Zone-MAIN,Aisle-K,Bay-37,Level-3,01,RACK,Available,Test-Air-Freight-Company-Test-Branch,Test Air Freight Company
Site-ATN,Building-DIMI,Zone-MAIN,Aisle-K,Bay-37,Level-4,01,RACK,Available,Test-Air-Freight-Company-Test-Branch,Test Air Freight Company
Site-ATN,Building-DIMI,Zone-MAIN,Aisle-K,Bay-37,Level-5,01,RACK,Available,Test-Air-Freight-Company-Test-Branch,Test Air Freight Company
Site-ATN,Building-DIMI,Zone-MAIN,Aisle-K,Bay-38,Level-1,01,RACK,Available,Test-Air-Freight-Company-Test-Branch,Test Air Freight Company
Site-ATN,Building-DIMI,Zone-MAIN,Aisle-K,Bay-38,Level-2,01,RACK,Available,Test-Air-Freight-Company-Test-Branch,Test Air Freight Company
Site-ATN,Building-DIMI,Zone-MAIN,Aisle-K,Bay-38,Level-3,01,RACK,Available,Test-Air-Freight-Company-Test-Branch,Test Air Freight Company
Site-ATN,Building-DIMI,Zone-MAIN,Aisle-K,Bay-38,Level-4,01,RACK,Available,Test-Air-Freight-Company-Test-Branch,Test Air Freight Company
Site-ATN,Building-DIMI,Zone-MAIN,Aisle-K,Bay-38,Level-5,01,RACK,Available,Test-Air-Freight-Company-Test-Branch,Test Air Freight Company
Site-ATN,Building-DIMI,Zone-MAIN,Aisle-K,Bay-39,Level-1,01,RACK,Available,Test-Air-Freight-Company-Test-Branch,Test Air Freight Company
Site-ATN,Building-DIMI,Zone-MAIN,Aisle-K,Bay-39,Level-2,01,RACK,Available,Test-Air-Freight-Company-Test-Branch,Test Air Freight Company
Site-ATN,Building-DIMI,Zone-MAIN,Aisle-K,Bay-39,Level-3,01,RACK,Available,Test-Air-Freight-Company-Test-Branch,Test Air Freight Company
Site-ATN,Building-DIMI,Zone-MAIN,Aisle-K,Bay-39,Level-4,01,RACK,Available,Test-Air-Freight-Company-Test-Branch,Test Air Freight Company
Site-ATN,Building-DIMI,Zone-MAIN,Aisle-K,Bay-39,Level-5,01,RACK,Available,Test-Air-Freight-Company-Test-Branch,Test Air Freight Company
Site-ATN,Building-DIMI,Zone-MAIN,Aisle-K,Bay-40,Level-1,01,RACK,Available,Test-Air-Freight-Company-Test-Branch,Test Air Freight Company
Site-ATN,Building-DIMI,Zone-MAIN,Aisle-K,Bay-40,Level-2,01,RACK,Available,Test-Air-Freight-Company-Test-Branch,Test Air Freight Company
Site-ATN,Building-DIMI,Zone-MAIN,Aisle-K,Bay-40,Level-3,01,RACK,Available,Test-Air-Freight-Company-Test-Branch,Test Air Freight Company
Site-ATN,Building-DIMI,Zone-MAIN,Aisle-K,Bay-40,Level-4,01,RACK,Available,Test-Air-Freight-Company-Test-Branch,Test Air Freight Company
Site-ATN,Building-DIMI,Zone-MAIN,Aisle-K,Bay-40,Level-5,01,RACK,Available,Test-Air-Freight-Company-Test-Branch,Test Air Freight Company
Site-ATN,Building-DIMI,Zone-MAIN,Aisle-K,Bay-41,Level-1,01,RACK,Available,Test-Air-Freight-Company-Test-Branch,Test Air Freight Company
Site-ATN,Building-DIMI,Zone-MAIN,Aisle-K,Bay-41,Level-2,01,RACK,Available,Test-Air-Freight-Company-Test-Branch,Test Air Freight Company
Site-ATN,Building-DIMI,Zone-MAIN,Aisle-K,Bay-41,Level-3,01,RACK,Available,Test-Air-Freight-Company-Test-Branch,Test Air Freight Company
Site-ATN,Building-DIMI,Zone-MAIN,Aisle-K,Bay-41,Level-4,01,RACK,Available,Test-Air-Freight-Company-Test-Branch,Test Air Freight Company
Site-ATN,Building-DIMI,Zone-MAIN,Aisle-K,Bay-41,Level-5,01,RACK,Available,Test-Air-Freight-Company-Test-Branch,Test Air Freight Company
Site-ATN,Building-DIMI,Zone-MAIN,Aisle-K,Bay-42,Level-1,01,RACK,Available,Test-Air-Freight-Company-Test-Branch,Test Air Freight Company
Site-ATN,Building-DIMI,Zone-MAIN,Aisle-K,Bay-42,Level-2,01,RACK,Available,Test-Air-Freight-Company-Test-Branch,Test Air Freight Company
Site-ATN,Building-DIMI,Zone-MAIN,Aisle-K,Bay-42,Level-3,01,RACK,Available,Test-Air-Freight-Company-Test-Branch,Test Air Freight Company
Site-ATN,Building-DIMI,Zone-MAIN,Aisle-K,Bay-42,Level-4,01,RACK,Available,Test-Air-Freight-Company-Test-Branch,Test Air Freight Company
Site-ATN,Building-DIMI,Zone-MAIN,Aisle-K,Bay-42,Level-5,01,RACK,Available,Test-Air-Freight-Company-Test-Branch,Test Air Freight Company
Site-ATN,Building-DIMI,Zone-MAIN,Aisle-K,Bay-43,Level-1,01,RACK,Available,Test-Air-Freight-Company-Test-Branch,Test Air Freight Company
Site-ATN,Building-DIMI,Zone-MAIN,Aisle-K,Bay-43,Level-2,01,RACK,Available,Test-Air-Freight-Company-Test-Branch,Test Air Freight Company
Site-ATN,Building-DIMI,Zone-MAIN,Aisle-K,Bay-43,Level-3,01,RACK,Available,Test-Air-Freight-Company-Test-Branch,Test Air Freight Company
Site-ATN,Building-DIMI,Zone-MAIN,Aisle-K,Bay-43,Level-4,01,RACK,Available,Test-Air-Freight-Company-Test-Branch,Test Air Freight Company
Site-ATN,Building-DIMI,Zone-MAIN,Aisle-K,Bay-43,Level-5,01,RACK,Available,Test-Air-Freight-Company-Test-Branch,Test Air Freight Company
Site-ATN,Building-DIMI,Zone-MAIN,Aisle-K,Bay-44,Level-1,01,RACK,Available,Test-Air-Freight-Company-Test-Branch,Test Air Freight Company
Site-ATN,Building-DIMI,Zone-MAIN,Aisle-K,Bay-44,Level-2,01,RACK,Available,Test-Air-Freight-Company-Test-Branch,Test Air Freight Company
Site-ATN,Building-DIMI,Zone-MAIN,Aisle-K,Bay-44,Level-3,01,RACK,Available,Test-Air-Freight-Company-Test-Branch,Test Air Freight Company
Site-ATN,Building-DIMI,Zone-MAIN,Aisle-K,Bay-44,Level-4,01,RACK,Available,Test-Air-Freight-Company-Test-Branch,Test Air Freight Company
Site-ATN,Building-DIMI,Zone-MAIN,Aisle-K,Bay-44,Level-5,01,RACK,Available,Test-Air-Freight-Company-Test-Branch,Test Air Freight Company
Site-ATN,Building-DIMI,Zone-MAIN,Aisle-K,Bay-45,Level-1,01,RACK,Available,Test-Air-Freight-Company-Test-Branch,Test Air Freight Company
Site-ATN,Building-DIMI,Zone-MAIN,Aisle-K,Bay-45,Level-2,01,RACK,Available,Test-Air-Freight-Company-Test-Branch,Test Air Freight Company
Site-ATN,Building-DIMI,Zone-MAIN,Aisle-K,Bay-45,Level-3,01,RACK,Available,Test-Air-Freight-Company-Test-Branch,Test Air Freight Company
Site-ATN,Building-DIMI,Zone-MAIN,Aisle-K,Bay-45,Level-4,01,RACK,Available,Test-Air-Freight-Company-Test-Branch,Test Air Freight Company
Site-ATN,Building-DIMI,Zone-MAIN,Aisle-K,Bay-45,Level-5,01,RACK,Available,Test-Air-Freight-Company-Test-Branch,Test Air Freight Company
Site-ATN,Building-DIMI,Zone-MAIN,Aisle-K,Bay-46,Level-1,01,RACK,Available,Test-Air-Freight-Company-Test-Branch,Test Air Freight Company
Site-ATN,Building-DIMI,Zone-MAIN,Aisle-K,Bay-46,Level-2,01,RACK,Available,Test-Air-Freight-Company-Test-Branch,Test Air Freight Company
Site-ATN,Building-DIMI,Zone-MAIN,Aisle-K,Bay-46,Level-3,01,RACK,Available,Test-Air-Freight-Company-Test-Branch,Test Air Freight Company
Site-ATN,Building-DIMI,Zone-MAIN,Aisle-K,Bay-46,Level-4,01,RACK,Available,Test-Air-Freight-Company-Test-Branch,Test Air Freight Company
Site-ATN,Building-DIMI,Zone-MAIN,Aisle-K,Bay-46,Level-5,01,RACK,Available,Test-Air-Freight-Company-Test-Branch,Test Air Freight Company
Site-ATN,Building-DIMI,Zone-MAIN,Aisle-K,Bay-47,Level-1,01,RACK,Available,Test-Air-Freight-Company-Test-Branch,Test Air Freight Company
Site-ATN,Building-DIMI,Zone-MAIN,Aisle-K,Bay-47,Level-2,01,RACK,Available,Test-Air-Freight-Company-Test-Branch,Test Air Freight Company
Site-ATN,Building-DIMI,Zone-MAIN,Aisle-K,Bay-47,Level-3,01,RACK,Available,Test-Air-Freight-Company-Test-Branch,Test Air Freight Company
Site-ATN,Building-DIMI,Zone-MAIN,Aisle-K,Bay-47,Level-4,01,RACK,Available,Test-Air-Freight-Company-Test-Branch,Test Air Freight Company
Site-ATN,Building-DIMI,Zone-MAIN,Aisle-K,Bay-47,Level-5,01,RACK,Available,Test-Air-Freight-Company-Test-Branch,Test Air Freight Company
Site-ATN,Building-DIMI,Zone-MAIN,Aisle-K,Bay-48,Level-1,01,RACK,Available,Test-Air-Freight-Company-Test-Branch,Test Air Freight Company
Site-ATN,Building-DIMI,Zone-MAIN,Aisle-K,Bay-48,Level-2,01,RACK,Available,Test-Air-Freight-Company-Test-Branch,Test Air Freight Company
Site-ATN,Building-DIMI,Zone-MAIN,Aisle-K,Bay-48,Level-3,01,RACK,Available,Test-Air-Freight-Company-Test-Branch,Test Air Freight Company
Site-ATN,Building-DIMI,Zone-MAIN,Aisle-K,Bay-48,Level-4,01,RACK,Available,Test-Air-Freight-Company-Test-Branch,Test Air Freight Company
Site-ATN,Building-DIMI,Zone-MAIN,Aisle-K,Bay-48,Level-5,01,RACK,Available,Test-Air-Freight-Company-Test-Branch,Test Air Freight Company
Site-ATN,Building-DIMI,Zone-MAIN,Aisle-K,Bay-49,Level-1,01,RACK,Available,Test-Air-Freight-Company-Test-Branch,Test Air Freight Company
Site-ATN,Building-DIMI,Zone-MAIN,Aisle-K,Bay-49,Level-2,01,RACK,Available,Test-Air-Freight-Company-Test-Branch,Test Air Freight Company
Site-ATN,Building-DIMI,Zone-MAIN,Aisle-K,Bay-49,Level-3,01,RACK,Available,Test-Air-Freight-Company-Test-Branch,Test Air Freight Company
Site-ATN,Building-DIMI,Zone-MAIN,Aisle-K,Bay-49,Level-4,01,RACK,Available,Test-Air-Freight-Company-Test-Branch,Test Air Freight Company
Site-ATN,Building-DIMI,Zone-MAIN,Aisle-K,Bay-49,Level-5,01,RACK,Available,Test-Air-Freight-Company-Test-Branch,Test Air Freight Company
Site-ATN,Building-DIMI,Zone-MAIN,Aisle-K,Bay-50,Level-1,01,RACK,Available,Test-Air-Freight-Company-Test-Branch,Test Air Freight Company
Site-ATN,Building-DIMI,Zone-MAIN,Aisle-K,Bay-50,Level-2,01,RACK,Available,Test-Air-Freight-Company-Test-Branch,Test Air Freight Company
Site-ATN,Building-DIMI,Zone-MAIN,Aisle-K,Bay-50,Level-3,01,RACK,Available,Test-Air-Freight-Company-Test-Branch,Test Air Freight Company
Site-ATN,Building-DIMI,Zone-MAIN,Aisle-K,Bay-50,Level-4,01,RACK,Available,Test-Air-Freight-Company-Test-Branch,Test Air Freight Company
Site-ATN,Building-DIMI,Zone-MAIN,Aisle-K,Bay-50,Level-5,01,RACK,Available,Test-Air-Freight-Company-Test-Branch,Test Air Freight Company
Site-ATN,Building-DIMI,Zone-MAIN,Aisle-K,Bay-51,Level-1,01,RACK,Available,Test-Air-Freight-Company-Test-Branch,Test Air Freight Company
Site-ATN,Building-DIMI,Zone-MAIN,Aisle-K,Bay-51,Level-2,01,RACK,Available,Test-Air-Freight-Company-Test-Branch,Test Air Freight Company
Site-ATN,Building-DIMI,Zone-MAIN,Aisle-K,Bay-51,Level-3,01,RACK,Available,Test-Air-Freight-Company-Test-Branch,Test Air Freight Company
Site-ATN,Building-DIMI,Zone-MAIN,Aisle-K,Bay-51,Level-4,01,RACK,Available,Test-Air-Freight-Company-Test-Branch,Test Air Freight Company
Site-ATN,Building-DIMI,Zone-MAIN,Aisle-K,Bay-51,Level-5,01,RACK,Available,Test-Air-Freight-Company-Test-Branch,Test Air Freight Company
Site-ATN,Building-DIMI,Zone-MAIN,Aisle-K,Bay-52,Level-1,01,RACK,Available,Test-Air-Freight-Company-Test-Branch,Test Air Freight Company
Site-ATN,Building-DIMI,Zone-MAIN,Aisle-K,Bay-52,Level-2,01,RACK,Available,Test-Air-Freight-Company-Test-Branch,Test Air Freight Company
Site-ATN,Building-DIMI,Zone-MAIN,Aisle-K,Bay-52,Level-3,01,RACK,Available,Test-Air-Freight-Company-Test-Branch,Test Air Freight Company
Site-ATN,Building-DIMI,Zone-MAIN,Aisle-K,Bay-52,Level-4,01,RACK,Available,Test-Air-Freight-Company-Test-Branch,Test Air Freight Company
Site-ATN,Building-DIMI,Zone-MAIN,Aisle-K,Bay-52,Level-5,01,RACK,Available,Test-Air-Freight-Company-Test-Branch,Test Air Freight Company
Site-ATN,Building-DIMI,Zone-MAIN,Aisle-K,Bay-53,Level-1,01,RACK,Available,Test-Air-Freight-Company-Test-Branch,Test Air Freight Company
Site-ATN,Building-DIMI,Zone-MAIN,Aisle-K,Bay-53,Level-2,01,RACK,Available,Test-Air-Freight-Company-Test-Branch,Test Air Freight Company
Site-ATN,Building-DIMI,Zone-MAIN,Aisle-K,Bay-53,Level-3,01,RACK,Available,Test-Air-Freight-Company-Test-Branch,Test Air Freight Company
Site-ATN,Building-DIMI,Zone-MAIN,Aisle-K,Bay-53,Level-4,01,RACK,Available,Test-Air-Freight-Company-Test-Branch,Test Air Freight Company
Site-ATN,Building-DIMI,Zone-MAIN,Aisle-K,Bay-53,Level-5,01,RACK,Available,Test-Air-Freight-Company-Test-Branch,Test Air Freight Company
Site-ATN,Building-DIMI,Zone-MAIN,Aisle-K,Bay-54,Level-1,01,RACK,Available,Test-Air-Freight-Company-Test-Branch,Test Air Freight Company
Site-ATN,Building-DIMI,Zone-MAIN,Aisle-K,Bay-54,Level-2,01,RACK,Available,Test-Air-Freight-Company-Test-Branch,Test Air Freight Company
Site-ATN,Building-DIMI,Zone-MAIN,Aisle-K,Bay-54,Level-3,01,RACK,Available,Test-Air-Freight-Company-Test-Branch,Test Air Freight Company
Site-ATN,Building-DIMI,Zone-MAIN,Aisle-K,Bay-54,Level-4,01,RACK,Available,Test-Air-Freight-Company-Test-Branch,Test Air Freight Company
Site-ATN,Building-DIMI,Zone-MAIN,Aisle-K,Bay-54,Level-5,01,RACK,Available,Test-Air-Freight-Company-Test-Branch,Test Air Freight Company
Site-ATN,Building-DIMI,Zone-MAIN,Aisle-K,Bay-55,Level-1,01,RACK,Available,Test-Air-Freight-Company-Test-Branch,Test Air Freight Company
Site-ATN,Building-DIMI,Zone-MAIN,Aisle-K,Bay-55,Level-2,01,RACK,Available,Test-Air-Freight-Company-Test-Branch,Test Air Freight Company
Site-ATN,Building-DIMI,Zone-MAIN,Aisle-K,Bay-55,Level-3,01,RACK,Available,Test-Air-Freight-Company-Test-Branch,Test Air Freight Company
Site-ATN,Building-DIMI,Zone-MAIN,Aisle-K,Bay-55,Level-4,01,RACK,Available,Test-Air-Freight-Company-Test-Branch,Test Air Freight Company
Site-ATN,Building-DIMI,Zone-MAIN,Aisle-K,Bay-55,Level-5,01,RACK,Available,Test-Air-Freight-Company-Test-Branch,Test Air Freight Company
Site-ATN,Building-DIMI,Zone-MAIN,Aisle-K,Bay-56,Level-1,01,RACK,Available,Test-Air-Freight-Company-Test-Branch,Test Air Freight Company
Site-ATN,Building-DIMI,Zone-MAIN,Aisle-K,Bay-56,Level-2,01,RACK,Available,Test-Air-Freight-Company-Test-Branch,Test Air Freight Company
Site-ATN,Building-DIMI,Zone-MAIN,Aisle-K,Bay-56,Level-3,01,RACK,Available,Test-Air-Freight-Company-Test-Branch,Test Air Freight Company
Site-ATN,Building-DIMI,Zone-MAIN,Aisle-K,Bay-56,Level-4,01,RACK,Available,Test-Air-Freight-Company-Test-Branch,Test Air Freight Company
Site-ATN,Building-DIMI,Zone-MAIN,Aisle-K,Bay-56,Level-5,01,RACK,Available,Test-Air-Freight-Company-Test-Branch,Test Air Freight Company
Site-ATN,Building-DIMI,Zone-MAIN,Aisle-K,Bay-57,Level-1,01,RACK,Available,Test-Air-Freight-Company-Test-Branch,Test Air Freight Company
Site-ATN,Building-DIMI,Zone-MAIN,Aisle-K,Bay-57,Level-2,01,RACK,Available,Test-Air-Freight-Company-Test-Branch,Test Air Freight Company
Site-ATN,Building-DIMI,Zone-MAIN,Aisle-K,Bay-57,Level-3,01,RACK,Available,Test-Air-Freight-Company-Test-Branch,Test Air Freight Company
Site-ATN,Building-DIMI,Zone-MAIN,Aisle-K,Bay-57,Level-4,01,RACK,Available,Test-Air-Freight-Company-Test-Branch,Test Air Freight Company
Site-ATN,Building-DIMI,Zone-MAIN,Aisle-K,Bay-57,Level-5,01,RACK,Available,Test-Air-Freight-Company-Test-Branch,Test Air Freight Company
Site-ATN,Building-DIMI,Zone-MAIN,Aisle-K,Bay-58,Level-1,01,RACK,Available,Test-Air-Freight-Company-Test-Branch,Test Air Freight Company
Site-ATN,Building-DIMI,Zone-MAIN,Aisle-K,Bay-58,Level-2,01,RACK,Available,Test-Air-Freight-Company-Test-Branch,Test Air Freight Company
Site-ATN,Building-DIMI,Zone-MAIN,Aisle-K,Bay-58,Level-3,01,RACK,Available,Test-Air-Freight-Company-Test-Branch,Test Air Freight Company
Site-ATN,Building-DIMI,Zone-MAIN,Aisle-K,Bay-58,Level-4,01,RACK,Available,Test-Air-Freight-Company-Test-Branch,Test Air Freight Company
Site-ATN,Building-DIMI,Zone-MAIN,Aisle-K,Bay-58,Level-5,01,RACK,Available,Test-Air-Freight-Company-Test-Branch,Test Air Freight Company
Site-ATN,Building-DIMI,Zone-MAIN,Aisle-K,Bay-59,Level-1,01,RACK,Available,Test-Air-Freight-Company-Test-Branch,Test Air Freight Company
Site-ATN,Building-DIMI,Zone-MAIN,Aisle-K,Bay-59,Level-2,01,RACK,Available,Test-Air-Freight-Company-Test-Branch,Test Air Freight Company
Site-ATN,Building-DIMI,Zone-MAIN,Aisle-K,Bay-59,Level-3,01,RACK,Available,Test-Air-Freight-Company-Test-Branch,Test Air Freight Company
Site-ATN,Building-DIMI,Zone-MAIN,Aisle-K,Bay-59,Level-4,01,RACK,Available,Test-Air-Freight-Company-Test-Branch,Test Air Freight Company
Site-ATN,Building-DIMI,Zone-MAIN,Aisle-K,Bay-59,Level-5,01,RACK,Available,Test-Air-Freight-Company-Test-Branch,Test Air Freight Company
Site-ATN,Building-DIMI,Zone-MAIN,Aisle-K,Bay-60,Level-1,01,RACK,Available,Test-Air-Freight-Company-Test-Branch,Test Air Freight Company
Site-ATN,Building-DIMI,Zone-MAIN,Aisle-K,Bay-60,Level-2,01,RACK,Available,Test-Air-Freight-Company-Test-Branch,Test Air Freight Company
Site-ATN,Building-DIMI,Zone-MAIN,Aisle-K,Bay-60,Level-3,01,RACK,Available,Test-Air-Freight-Company-Test-Branch,Test Air Freight Company
Site-ATN,Building-DIMI,Zone-MAIN,Aisle-K,Bay-60,Level-4,01,RACK,Available,Test-Air-Freight-Company-Test-Branch,Test Air Freight Company
Site-ATN,Building-DIMI,Zone-MAIN,Aisle-K,Bay-60,Level-5,01,RACK,Available,Test-Air-Freight-Company-Test-Branch,Test Air Freight Company
Site-ATN,Building-DIMI,Zone-MAIN,Aisle-K,Bay-61,Level-1,01,RACK,Available,Test-Air-Freight-Company-Test-Branch,Test Air Freight Company
Site-ATN,Building-DIMI,Zone-MAIN,Aisle-K,Bay-61,Level-2,01,RACK,Available,Test-Air-Freight-Company-Test-Branch,Test Air Freight Company
Site-ATN,Building-DIMI,Zone-MAIN,Aisle-K,Bay-61,Level-3,01,RACK,Available,Test-Air-Freight-Company-Test-Branch,Test Air Freight Company
Site-ATN,Building-DIMI,Zone-MAIN,Aisle-K,Bay-61,Level-4,01,RACK,Available,Test-Air-Freight-Company-Test-Branch,Test Air Freight Company
Site-ATN,Building-DIMI,Zone-MAIN,Aisle-K,Bay-61,Level-5,01,RACK,Available,Test-Air-Freight-Company-Test-Branch,Test Air Freight Company
Site-ATN,Building-DIMI,Zone-MAIN,Aisle-K,Bay-62,Level-1,01,RACK,Available,Test-Air-Freight-Company-Test-Branch,Test Air Freight Company
Site-ATN,Building-DIMI,Zone-MAIN,Aisle-K,Bay-62,Level-2,01,RACK,Available,Test-Air-Freight-Company-Test-Branch,Test Air Freight Company
Site-ATN,Building-DIMI,Zone-MAIN,Aisle-K,Bay-62,Level-3,01,RACK,Available,Test-Air-Freight-Company-Test-Branch,Test Air Freight Company
Site-ATN,Building-DIMI,Zone-MAIN,Aisle-K,Bay-62,Level-4,01,RACK,Available,Test-Air-Freight-Company-Test-Branch,Test Air Freight Company
Site-ATN,Building-DIMI,Zone-MAIN,Aisle-K,Bay-62,Level-5,01,RACK,Available,Test-Air-Freight-Company-Test-Branch,Test Air Freight Company
Site-ATN,Building-DIMI,Zone-MAIN,Aisle-K,Bay-63,Level-1,01,RACK,Available,Test-Air-Freight-Company-Test-Branch,Test Air Freight Company
Site-ATN,Building-DIMI,Zone-MAIN,Aisle-K,Bay-63,Level-2,01,RACK,Available,Test-Air-Freight-Company-Test-Branch,Test Air Freight Company
Site-ATN,Building-DIMI,Zone-MAIN,Aisle-K,Bay-63,Level-3,01,RACK,Available,Test-Air-Freight-Company-Test-Branch,Test Air Freight Company
Site-ATN,Building-DIMI,Zone-MAIN,Aisle-K,Bay-63,Level-4,01,RACK,Available,Test-Air-Freight-Company-Test-Branch,Test Air Freight Company
Site-ATN,Building-DIMI,Zone-MAIN,Aisle-K,Bay-63,Level-5,01,RACK,Available,Test-Air-Freight-Company-Test-Branch,Test Air Freight Company
Site-ATN,Building-DIMI,Zone-MAIN,Aisle-K,Bay-64,Level-1,01,RACK,Available,Test-Air-Freight-Company-Test-Branch,Test Air Freight Company
Site-ATN,Building-DIMI,Zone-MAIN,Aisle-K,Bay-64,Level-2,01,RACK,Available,Test-Air-Freight-Company-Test-Branch,Test Air Freight Company
Site-ATN,Building-DIMI,Zone-MAIN,Aisle-K,Bay-64,Level-3,01,RACK,Available,Test-Air-Freight-Company-Test-Branch,Test Air Freight Company
Site-ATN,Building-DIMI,Zone-MAIN,Aisle-K,Bay-64,Level-4,01,RACK,Available,Test-Air-Freight-Company-Test-Branch,Test Air Freight Company
Site-ATN,Building-DIMI,Zone-MAIN,Aisle-K,Bay-64,Level-5,01,RACK,Available,Test-Air-Freight-Company-Test-Branch,Test Air Freight Company
Site-ATN,Building-DIMI,Zone-MAIN,Aisle-L,Bay-01,Level-1,01,RACK,Available,Test-Air-Freight-Company-Test-Branch,Test Air Freight Company
Site-ATN,Building-DIMI,Zone-MAIN,Aisle-L,Bay-01,Level-2,01,RACK,Available,Test-Air-Freight-Company-Test-Branch,Test Air Freight Company
Site-ATN,Building-DIMI,Zone-MAIN,Aisle-L,Bay-01,Level-3,01,RACK,Available,Test-Air-Freight-Company-Test-Branch,Test Air Freight Company
Site-ATN,Building-DIMI,Zone-MAIN,Aisle-L,Bay-01,Level-4,01,RACK,Available,Test-Air-Freight-Company-Test-Branch,Test Air Freight Company
Site-ATN,Building-DIMI,Zone-MAIN,Aisle-L,Bay-01,Level-5,01,RACK,Available,Test-Air-Freight-Company-Test-Branch,Test Air Freight Company
Site-ATN,Building-DIMI,Zone-MAIN,Aisle-L,Bay-02,Level-1,01,RACK,Available,Test-Air-Freight-Company-Test-Branch,Test Air Freight Company
Site-ATN,Building-DIMI,Zone-MAIN,Aisle-L,Bay-02,Level-2,01,RACK,Available,Test-Air-Freight-Company-Test-Branch,Test Air Freight Company
Site-ATN,Building-DIMI,Zone-MAIN,Aisle-L,Bay-02,Level-3,01,RACK,Available,Test-Air-Freight-Company-Test-Branch,Test Air Freight Company
Site-ATN,Building-DIMI,Zone-MAIN,Aisle-L,Bay-02,Level-4,01,RACK,Available,Test-Air-Freight-Company-Test-Branch,Test Air Freight Company
Site-ATN,Building-DIMI,Zone-MAIN,Aisle-L,Bay-02,Level-5,01,RACK,Available,Test-Air-Freight-Company-Test-Branch,Test Air Freight Company
Site-ATN,Building-DIMI,Zone-MAIN,Aisle-L,Bay-03,Level-1,01,RACK,Available,Test-Air-Freight-Company-Test-Branch,Test Air Freight Company
Site-ATN,Building-DIMI,Zone-MAIN,Aisle-L,Bay-03,Level-2,01,RACK,Available,Test-Air-Freight-Company-Test-Branch,Test Air Freight Company
Site-ATN,Building-DIMI,Zone-MAIN,Aisle-L,Bay-03,Level-3,01,RACK,Available,Test-Air-Freight-Company-Test-Branch,Test Air Freight Company
Site-ATN,Building-DIMI,Zone-MAIN,Aisle-L,Bay-03,Level-4,01,RACK,Available,Test-Air-Freight-Company-Test-Branch,Test Air Freight Company
Site-ATN,Building-DIMI,Zone-MAIN,Aisle-L,Bay-03,Level-5,01,RACK,Available,Test-Air-Freight-Company-Test-Branch,Test Air Freight Company
Site-ATN,Building-DIMI,Zone-MAIN,Aisle-L,Bay-04,Level-1,01,RACK,Available,Test-Air-Freight-Company-Test-Branch,Test Air Freight Company
Site-ATN,Building-DIMI,Zone-MAIN,Aisle-L,Bay-04,Level-2,01,RACK,Available,Test-Air-Freight-Company-Test-Branch,Test Air Freight Company
Site-ATN,Building-DIMI,Zone-MAIN,Aisle-L,Bay-04,Level-3,01,RACK,Available,Test-Air-Freight-Company-Test-Branch,Test Air Freight Company
Site-ATN,Building-DIMI,Zone-MAIN,Aisle-L,Bay-04,Level-4,01,RACK,Available,Test-Air-Freight-Company-Test-Branch,Test Air Freight Company
Site-ATN,Building-DIMI,Zone-MAIN,Aisle-L,Bay-04,Level-5,01,RACK,Available,Test-Air-Freight-Company-Test-Branch,Test Air Freight Company
Site-ATN,Building-DIMI,Zone-MAIN,Aisle-L,Bay-05,Level-1,01,RACK,Available,Test-Air-Freight-Company-Test-Branch,Test Air Freight Company
Site-ATN,Building-DIMI,Zone-MAIN,Aisle-L,Bay-05,Level-2,01,RACK,Available,Test-Air-Freight-Company-Test-Branch,Test Air Freight Company
Site-ATN,Building-DIMI,Zone-MAIN,Aisle-L,Bay-05,Level-3,01,RACK,Available,Test-Air-Freight-Company-Test-Branch,Test Air Freight Company
Site-ATN,Building-DIMI,Zone-MAIN,Aisle-L,Bay-05,Level-4,01,RACK,Available,Test-Air-Freight-Company-Test-Branch,Test Air Freight Company
Site-ATN,Building-DIMI,Zone-MAIN,Aisle-L,Bay-05,Level-5,01,RACK,Available,Test-Air-Freight-Company-Test-Branch,Test Air Freight Company
Site-ATN,Building-DIMI,Zone-MAIN,Aisle-L,Bay-06,Level-1,01,RACK,Available,Test-Air-Freight-Company-Test-Branch,Test Air Freight Company
Site-ATN,Building-DIMI,Zone-MAIN,Aisle-L,Bay-06,Level-2,01,RACK,Available,Test-Air-Freight-Company-Test-Branch,Test Air Freight Company
Site-ATN,Building-DIMI,Zone-MAIN,Aisle-L,Bay-06,Level-3,01,RACK,Available,Test-Air-Freight-Company-Test-Branch,Test Air Freight Company
Site-ATN,Building-DIMI,Zone-MAIN,Aisle-L,Bay-06,Level-4,01,RACK,Available,Test-Air-Freight-Company-Test-Branch,Test Air Freight Company
Site-ATN,Building-DIMI,Zone-MAIN,Aisle-L,Bay-06,Level-5,01,RACK,Available,Test-Air-Freight-Company-Test-Branch,Test Air Freight Company
Site-ATN,Building-DIMI,Zone-MAIN,Aisle-L,Bay-07,Level-1,01,RACK,Available,Test-Air-Freight-Company-Test-Branch,Test Air Freight Company
Site-ATN,Building-DIMI,Zone-MAIN,Aisle-L,Bay-07,Level-2,01,RACK,Available,Test-Air-Freight-Company-Test-Branch,Test Air Freight Company
Site-ATN,Building-DIMI,Zone-MAIN,Aisle-L,Bay-07,Level-3,01,RACK,Available,Test-Air-Freight-Company-Test-Branch,Test Air Freight Company
Site-ATN,Building-DIMI,Zone-MAIN,Aisle-L,Bay-07,Level-4,01,RACK,Available,Test-Air-Freight-Company-Test-Branch,Test Air Freight Company
Site-ATN,Building-DIMI,Zone-MAIN,Aisle-L,Bay-07,Level-5,01,RACK,Available,Test-Air-Freight-Company-Test-Branch,Test Air Freight Company
Site-ATN,Building-DIMI,Zone-MAIN,Aisle-L,Bay-08,Level-1,01,RACK,Available,Test-Air-Freight-Company-Test-Branch,Test Air Freight Company
Site-ATN,Building-DIMI,Zone-MAIN,Aisle-L,Bay-08,Level-2,01,RACK,Available,Test-Air-Freight-Company-Test-Branch,Test Air Freight Company
Site-ATN,Building-DIMI,Zone-MAIN,Aisle-L,Bay-08,Level-3,01,RACK,Available,Test-Air-Freight-Company-Test-Branch,Test Air Freight Company
Site-ATN,Building-DIMI,Zone-MAIN,Aisle-L,Bay-08,Level-4,01,RACK,Available,Test-Air-Freight-Company-Test-Branch,Test Air Freight Company
Site-ATN,Building-DIMI,Zone-MAIN,Aisle-L,Bay-08,Level-5,01,RACK,Available,Test-Air-Freight-Company-Test-Branch,Test Air Freight Company
Site-ATN,Building-DIMI,Zone-MAIN,Aisle-L,Bay-09,Level-1,01,RACK,Available,Test-Air-Freight-Company-Test-Branch,Test Air Freight Company
Site-ATN,Building-DIMI,Zone-MAIN,Aisle-L,Bay-09,Level-2,01,RACK,Available,Test-Air-Freight-Company-Test-Branch,Test Air Freight Company
Site-ATN,Building-DIMI,Zone-MAIN,Aisle-L,Bay-09,Level-3,01,RACK,Available,Test-Air-Freight-Company-Test-Branch,Test Air Freight Company
Site-ATN,Building-DIMI,Zone-MAIN,Aisle-L,Bay-09,Level-4,01,RACK,Available,Test-Air-Freight-Company-Test-Branch,Test Air Freight Company
Site-ATN,Building-DIMI,Zone-MAIN,Aisle-L,Bay-09,Level-5,01,RACK,Available,Test-Air-Freight-Company-Test-Branch,Test Air Freight Company
Site-ATN,Building-DIMI,Zone-MAIN,Aisle-L,Bay-10,Level-1,01,RACK,Available,Test-Air-Freight-Company-Test-Branch,Test Air Freight Company
Site-ATN,Building-DIMI,Zone-MAIN,Aisle-L,Bay-10,Level-2,01,RACK,Available,Test-Air-Freight-Company-Test-Branch,Test Air Freight Company
Site-ATN,Building-DIMI,Zone-MAIN,Aisle-L,Bay-10,Level-3,01,RACK,Available,Test-Air-Freight-Company-Test-Branch,Test Air Freight Company
Site-ATN,Building-DIMI,Zone-MAIN,Aisle-L,Bay-10,Level-4,01,RACK,Available,Test-Air-Freight-Company-Test-Branch,Test Air Freight Company
Site-ATN,Building-DIMI,Zone-MAIN,Aisle-L,Bay-10,Level-5,01,RACK,Available,Test-Air-Freight-Company-Test-Branch,Test Air Freight Company
Site-ATN,Building-DIMI,Zone-MAIN,Aisle-L,Bay-11,Level-1,01,RACK,Available,Test-Air-Freight-Company-Test-Branch,Test Air Freight Company
Site-ATN,Building-DIMI,Zone-MAIN,Aisle-L,Bay-11,Level-2,01,RACK,Available,Test-Air-Freight-Company-Test-Branch,Test Air Freight Company
Site-ATN,Building-DIMI,Zone-MAIN,Aisle-L,Bay-11,Level-3,01,RACK,Available,Test-Air-Freight-Company-Test-Branch,Test Air Freight Company
Site-ATN,Building-DIMI,Zone-MAIN,Aisle-L,Bay-11,Level-4,01,RACK,Available,Test-Air-Freight-Company-Test-Branch,Test Air Freight Company
Site-ATN,Building-DIMI,Zone-MAIN,Aisle-L,Bay-11,Level-5,01,RACK,Available,Test-Air-Freight-Company-Test-Branch,Test Air Freight Company
Site-ATN,Building-DIMI,Zone-MAIN,Aisle-L,Bay-12,Level-1,01,RACK,Available,Test-Air-Freight-Company-Test-Branch,Test Air Freight Company
Site-ATN,Building-DIMI,Zone-MAIN,Aisle-L,Bay-12,Level-2,01,RACK,Available,Test-Air-Freight-Company-Test-Branch,Test Air Freight Company
Site-ATN,Building-DIMI,Zone-MAIN,Aisle-L,Bay-12,Level-3,01,RACK,Available,Test-Air-Freight-Company-Test-Branch,Test Air Freight Company
Site-ATN,Building-DIMI,Zone-MAIN,Aisle-L,Bay-12,Level-4,01,RACK,Available,Test-Air-Freight-Company-Test-Branch,Test Air Freight Company
Site-ATN,Building-DIMI,Zone-MAIN,Aisle-L,Bay-12,Level-5,01,RACK,Available,Test-Air-Freight-Company-Test-Branch,Test Air Freight Company
Site-ATN,Building-DIMI,Zone-MAIN,Aisle-L,Bay-13,Level-1,01,RACK,Available,Test-Air-Freight-Company-Test-Branch,Test Air Freight Company
Site-ATN,Building-DIMI,Zone-MAIN,Aisle-L,Bay-13,Level-2,01,RACK,Available,Test-Air-Freight-Company-Test-Branch,Test Air Freight Company
Site-ATN,Building-DIMI,Zone-MAIN,Aisle-L,Bay-13,Level-3,01,RACK,Available,Test-Air-Freight-Company-Test-Branch,Test Air Freight Company
Site-ATN,Building-DIMI,Zone-MAIN,Aisle-L,Bay-13,Level-4,01,RACK,Available,Test-Air-Freight-Company-Test-Branch,Test Air Freight Company
Site-ATN,Building-DIMI,Zone-MAIN,Aisle-L,Bay-13,Level-5,01,RACK,Available,Test-Air-Freight-Company-Test-Branch,Test Air Freight Company
Site-ATN,Building-DIMI,Zone-MAIN,Aisle-L,Bay-14,Level-1,01,RACK,Available,Test-Air-Freight-Company-Test-Branch,Test Air Freight Company
Site-ATN,Building-DIMI,Zone-MAIN,Aisle-L,Bay-14,Level-2,01,RACK,Available,Test-Air-Freight-Company-Test-Branch,Test Air Freight Company
Site-ATN,Building-DIMI,Zone-MAIN,Aisle-L,Bay-14,Level-3,01,RACK,Available,Test-Air-Freight-Company-Test-Branch,Test Air Freight Company
Site-ATN,Building-DIMI,Zone-MAIN,Aisle-L,Bay-14,Level-4,01,RACK,Available,Test-Air-Freight-Company-Test-Branch,Test Air Freight Company
Site-ATN,Building-DIMI,Zone-MAIN,Aisle-L,Bay-14,Level-5,01,RACK,Available,Test-Air-Freight-Company-Test-Branch,Test Air Freight Company
Site-ATN,Building-DIMI,Zone-MAIN,Aisle-L,Bay-15,Level-1,01,RACK,Available,Test-Air-Freight-Company-Test-Branch,Test Air Freight Company
Site-ATN,Building-DIMI,Zone-MAIN,Aisle-L,Bay-15,Level-2,01,RACK,Available,Test-Air-Freight-Company-Test-Branch,Test Air Freight Company
Site-ATN,Building-DIMI,Zone-MAIN,Aisle-L,Bay-15,Level-3,01,RACK,Available,Test-Air-Freight-Company-Test-Branch,Test Air Freight Company
Site-ATN,Building-DIMI,Zone-MAIN,Aisle-L,Bay-15,Level-4,01,RACK,Available,Test-Air-Freight-Company-Test-Branch,Test Air Freight Company
Site-ATN,Building-DIMI,Zone-MAIN,Aisle-L,Bay-15,Level-5,01,RACK,Available,Test-Air-Freight-Company-Test-Branch,Test Air Freight Company
Site-ATN,Building-DIMI,Zone-MAIN,Aisle-L,Bay-16,Level-1,01,RACK,Available,Test-Air-Freight-Company-Test-Branch,Test Air Freight Company
Site-ATN,Building-DIMI,Zone-MAIN,Aisle-L,Bay-16,Level-2,01,RACK,Available,Test-Air-Freight-Company-Test-Branch,Test Air Freight Company
Site-ATN,Building-DIMI,Zone-MAIN,Aisle-L,Bay-16,Level-3,01,RACK,Available,Test-Air-Freight-Company-Test-Branch,Test Air Freight Company
Site-ATN,Building-DIMI,Zone-MAIN,Aisle-L,Bay-16,Level-4,01,RACK,Available,Test-Air-Freight-Company-Test-Branch,Test Air Freight Company
Site-ATN,Building-DIMI,Zone-MAIN,Aisle-L,Bay-16,Level-5,01,RACK,Available,Test-Air-Freight-Company-Test-Branch,Test Air Freight Company
Site-ATN,Building-DIMI,Zone-MAIN,Aisle-L,Bay-17,Level-1,01,RACK,Available,Test-Air-Freight-Company-Test-Branch,Test Air Freight Company
Site-ATN,Building-DIMI,Zone-MAIN,Aisle-L,Bay-17,Level-2,01,RACK,Available,Test-Air-Freight-Company-Test-Branch,Test Air Freight Company
Site-ATN,Building-DIMI,Zone-MAIN,Aisle-L,Bay-17,Level-3,01,RACK,Available,Test-Air-Freight-Company-Test-Branch,Test Air Freight Company
Site-ATN,Building-DIMI,Zone-MAIN,Aisle-L,Bay-17,Level-4,01,RACK,Available,Test-Air-Freight-Company-Test-Branch,Test Air Freight Company
Site-ATN,Building-DIMI,Zone-MAIN,Aisle-L,Bay-17,Level-5,01,RACK,Available,Test-Air-Freight-Company-Test-Branch,Test Air Freight Company
Site-ATN,Building-DIMI,Zone-MAIN,Aisle-L,Bay-18,Level-1,01,RACK,Available,Test-Air-Freight-Company-Test-Branch,Test Air Freight Company
Site-ATN,Building-DIMI,Zone-MAIN,Aisle-L,Bay-18,Level-2,01,RACK,Available,Test-Air-Freight-Company-Test-Branch,Test Air Freight Company
Site-ATN,Building-DIMI,Zone-MAIN,Aisle-L,Bay-18,Level-3,01,RACK,Available,Test-Air-Freight-Company-Test-Branch,Test Air Freight Company
Site-ATN,Building-DIMI,Zone-MAIN,Aisle-L,Bay-18,Level-4,01,RACK,Available,Test-Air-Freight-Company-Test-Branch,Test Air Freight Company
Site-ATN,Building-DIMI,Zone-MAIN,Aisle-L,Bay-18,Level-5,01,RACK,Available,Test-Air-Freight-Company-Test-Branch,Test Air Freight Company
Site-ATN,Building-DIMI,Zone-MAIN,Aisle-L,Bay-19,Level-1,01,RACK,Available,Test-Air-Freight-Company-Test-Branch,Test Air Freight Company
Site-ATN,Building-DIMI,Zone-MAIN,Aisle-L,Bay-19,Level-2,01,RACK,Available,Test-Air-Freight-Company-Test-Branch,Test Air Freight Company
Site-ATN,Building-DIMI,Zone-MAIN,Aisle-L,Bay-19,Level-3,01,RACK,Available,Test-Air-Freight-Company-Test-Branch,Test Air Freight Company
Site-ATN,Building-DIMI,Zone-MAIN,Aisle-L,Bay-19,Level-4,01,RACK,Available,Test-Air-Freight-Company-Test-Branch,Test Air Freight Company
Site-ATN,Building-DIMI,Zone-MAIN,Aisle-L,Bay-19,Level-5,01,RACK,Available,Test-Air-Freight-Company-Test-Branch,Test Air Freight Company
Site-ATN,Building-DIMI,Zone-MAIN,Aisle-L,Bay-20,Level-1,01,RACK,Available,Test-Air-Freight-Company-Test-Branch,Test Air Freight Company
Site-ATN,Building-DIMI,Zone-MAIN,Aisle-L,Bay-20,Level-2,01,RACK,Available,Test-Air-Freight-Company-Test-Branch,Test Air Freight Company
Site-ATN,Building-DIMI,Zone-MAIN,Aisle-L,Bay-20,Level-3,01,RACK,Available,Test-Air-Freight-Company-Test-Branch,Test Air Freight Company
Site-ATN,Building-DIMI,Zone-MAIN,Aisle-L,Bay-20,Level-4,01,RACK,Available,Test-Air-Freight-Company-Test-Branch,Test Air Freight Company
Site-ATN,Building-DIMI,Zone-MAIN,Aisle-L,Bay-20,Level-5,01,RACK,Available,Test-Air-Freight-Company-Test-Branch,Test Air Freight Company
Site-ATN,Building-DIMI,Zone-MAIN,Aisle-L,Bay-21,Level-1,01,RACK,Available,Test-Air-Freight-Company-Test-Branch,Test Air Freight Company
Site-ATN,Building-DIMI,Zone-MAIN,Aisle-L,Bay-21,Level-2,01,RACK,Available,Test-Air-Freight-Company-Test-Branch,Test Air Freight Company
Site-ATN,Building-DIMI,Zone-MAIN,Aisle-L,Bay-21,Level-3,01,RACK,Available,Test-Air-Freight-Company-Test-Branch,Test Air Freight Company
Site-ATN,Building-DIMI,Zone-MAIN,Aisle-L,Bay-21,Level-4,01,RACK,Available,Test-Air-Freight-Company-Test-Branch,Test Air Freight Company
Site-ATN,Building-DIMI,Zone-MAIN,Aisle-L,Bay-21,Level-5,01,RACK,Available,Test-Air-Freight-Company-Test-Branch,Test Air Freight Company
Site-ATN,Building-DIMI,Zone-MAIN,Aisle-L,Bay-22,Level-1,01,RACK,Available,Test-Air-Freight-Company-Test-Branch,Test Air Freight Company
Site-ATN,Building-DIMI,Zone-MAIN,Aisle-L,Bay-22,Level-2,01,RACK,Available,Test-Air-Freight-Company-Test-Branch,Test Air Freight Company
Site-ATN,Building-DIMI,Zone-MAIN,Aisle-L,Bay-22,Level-3,01,RACK,Available,Test-Air-Freight-Company-Test-Branch,Test Air Freight Company
Site-ATN,Building-DIMI,Zone-MAIN,Aisle-L,Bay-22,Level-4,01,RACK,Available,Test-Air-Freight-Company-Test-Branch,Test Air Freight Company
Site-ATN,Building-DIMI,Zone-MAIN,Aisle-L,Bay-22,Level-5,01,RACK,Available,Test-Air-Freight-Company-Test-Branch,Test Air Freight Company
Site-ATN,Building-DIMI,Zone-MAIN,Aisle-L,Bay-23,Level-1,01,RACK,Available,Test-Air-Freight-Company-Test-Branch,Test Air Freight Company
Site-ATN,Building-DIMI,Zone-MAIN,Aisle-L,Bay-23,Level-2,01,RACK,Available,Test-Air-Freight-Company-Test-Branch,Test Air Freight Company
Site-ATN,Building-DIMI,Zone-MAIN,Aisle-L,Bay-23,Level-3,01,RACK,Available,Test-Air-Freight-Company-Test-Branch,Test Air Freight Company
Site-ATN,Building-DIMI,Zone-MAIN,Aisle-L,Bay-23,Level-4,01,RACK,Available,Test-Air-Freight-Company-Test-Branch,Test Air Freight Company
Site-ATN,Building-DIMI,Zone-MAIN,Aisle-L,Bay-23,Level-5,01,RACK,Available,Test-Air-Freight-Company-Test-Branch,Test Air Freight Company
Site-ATN,Building-DIMI,Zone-MAIN,Aisle-L,Bay-24,Level-1,01,RACK,Available,Test-Air-Freight-Company-Test-Branch,Test Air Freight Company
Site-ATN,Building-DIMI,Zone-MAIN,Aisle-L,Bay-24,Level-2,01,RACK,Available,Test-Air-Freight-Company-Test-Branch,Test Air Freight Company
Site-ATN,Building-DIMI,Zone-MAIN,Aisle-L,Bay-24,Level-3,01,RACK,Available,Test-Air-Freight-Company-Test-Branch,Test Air Freight Company
Site-ATN,Building-DIMI,Zone-MAIN,Aisle-L,Bay-24,Level-4,01,RACK,Available,Test-Air-Freight-Company-Test-Branch,Test Air Freight Company
Site-ATN,Building-DIMI,Zone-MAIN,Aisle-L,Bay-24,Level-5,01,RACK,Available,Test-Air-Freight-Company-Test-Branch,Test Air Freight Company
Site-ATN,Building-DIMI,Zone-MAIN,Aisle-L,Bay-25,Level-1,01,RACK,Available,Test-Air-Freight-Company-Test-Branch,Test Air Freight Company
Site-ATN,Building-DIMI,Zone-MAIN,Aisle-L,Bay-25,Level-2,01,RACK,Available,Test-Air-Freight-Company-Test-Branch,Test Air Freight Company
Site-ATN,Building-DIMI,Zone-MAIN,Aisle-L,Bay-25,Level-3,01,RACK,Available,Test-Air-Freight-Company-Test-Branch,Test Air Freight Company
Site-ATN,Building-DIMI,Zone-MAIN,Aisle-L,Bay-25,Level-4,01,RACK,Available,Test-Air-Freight-Company-Test-Branch,Test Air Freight Company
Site-ATN,Building-DIMI,Zone-MAIN,Aisle-L,Bay-25,Level-5,01,RACK,Available,Test-Air-Freight-Company-Test-Branch,Test Air Freight Company
Site-ATN,Building-DIMI,Zone-MAIN,Aisle-L,Bay-26,Level-1,01,RACK,Available,Test-Air-Freight-Company-Test-Branch,Test Air Freight Company
Site-ATN,Building-DIMI,Zone-MAIN,Aisle-L,Bay-26,Level-2,01,RACK,Available,Test-Air-Freight-Company-Test-Branch,Test Air Freight Company
Site-ATN,Building-DIMI,Zone-MAIN,Aisle-L,Bay-26,Level-3,01,RACK,Available,Test-Air-Freight-Company-Test-Branch,Test Air Freight Company
Site-ATN,Building-DIMI,Zone-MAIN,Aisle-L,Bay-26,Level-4,01,RACK,Available,Test-Air-Freight-Company-Test-Branch,Test Air Freight Company
Site-ATN,Building-DIMI,Zone-MAIN,Aisle-L,Bay-26,Level-5,01,RACK,Available,Test-Air-Freight-Company-Test-Branch,Test Air Freight Company
Site-ATN,Building-DIMI,Zone-MAIN,Aisle-L,Bay-27,Level-1,01,RACK,Available,Test-Air-Freight-Company-Test-Branch,Test Air Freight Company
Site-ATN,Building-DIMI,Zone-MAIN,Aisle-L,Bay-27,Level-2,01,RACK,Available,Test-Air-Freight-Company-Test-Branch,Test Air Freight Company
Site-ATN,Building-DIMI,Zone-MAIN,Aisle-L,Bay-27,Level-3,01,RACK,Available,Test-Air-Freight-Company-Test-Branch,Test Air Freight Company
Site-ATN,Building-DIMI,Zone-MAIN,Aisle-L,Bay-27,Level-4,01,RACK,Available,Test-Air-Freight-Company-Test-Branch,Test Air Freight Company
Site-ATN,Building-DIMI,Zone-MAIN,Aisle-L,Bay-27,Level-5,01,RACK,Available,Test-Air-Freight-Company-Test-Branch,Test Air Freight Company
Site-ATN,Building-DIMI,Zone-MAIN,Aisle-L,Bay-28,Level-1,01,RACK,Available,Test-Air-Freight-Company-Test-Branch,Test Air Freight Company
Site-ATN,Building-DIMI,Zone-MAIN,Aisle-L,Bay-28,Level-2,01,RACK,Available,Test-Air-Freight-Company-Test-Branch,Test Air Freight Company
Site-ATN,Building-DIMI,Zone-MAIN,Aisle-L,Bay-28,Level-3,01,RACK,Available,Test-Air-Freight-Company-Test-Branch,Test Air Freight Company
Site-ATN,Building-DIMI,Zone-MAIN,Aisle-L,Bay-28,Level-4,01,RACK,Available,Test-Air-Freight-Company-Test-Branch,Test Air Freight Company
Site-ATN,Building-DIMI,Zone-MAIN,Aisle-L,Bay-28,Level-5,01,RACK,Available,Test-Air-Freight-Company-Test-Branch,Test Air Freight Company
Site-ATN,Building-DIMI,Zone-MAIN,Aisle-L,Bay-29,Level-1,01,RACK,Available,Test-Air-Freight-Company-Test-Branch,Test Air Freight Company
Site-ATN,Building-DIMI,Zone-MAIN,Aisle-L,Bay-29,Level-2,01,RACK,Available,Test-Air-Freight-Company-Test-Branch,Test Air Freight Company
Site-ATN,Building-DIMI,Zone-MAIN,Aisle-L,Bay-29,Level-3,01,RACK,Available,Test-Air-Freight-Company-Test-Branch,Test Air Freight Company
Site-ATN,Building-DIMI,Zone-MAIN,Aisle-L,Bay-29,Level-4,01,RACK,Available,Test-Air-Freight-Company-Test-Branch,Test Air Freight Company
Site-ATN,Building-DIMI,Zone-MAIN,Aisle-L,Bay-29,Level-5,01,RACK,Available,Test-Air-Freight-Company-Test-Branch,Test Air Freight Company
Site-ATN,Building-DIMI,Zone-MAIN,Aisle-L,Bay-30,Level-1,01,RACK,Available,Test-Air-Freight-Company-Test-Branch,Test Air Freight Company
Site-ATN,Building-DIMI,Zone-MAIN,Aisle-L,Bay-30,Level-2,01,RACK,Available,Test-Air-Freight-Company-Test-Branch,Test Air Freight Company
Site-ATN,Building-DIMI,Zone-MAIN,Aisle-L,Bay-30,Level-3,01,RACK,Available,Test-Air-Freight-Company-Test-Branch,Test Air Freight Company
Site-ATN,Building-DIMI,Zone-MAIN,Aisle-L,Bay-30,Level-4,01,RACK,Available,Test-Air-Freight-Company-Test-Branch,Test Air Freight Company
Site-ATN,Building-DIMI,Zone-MAIN,Aisle-L,Bay-30,Level-5,01,RACK,Available,Test-Air-Freight-Company-Test-Branch,Test Air Freight Company
Site-ATN,Building-DIMI,Zone-MAIN,Aisle-L,Bay-31,Level-1,01,RACK,Available,Test-Air-Freight-Company-Test-Branch,Test Air Freight Company
Site-ATN,Building-DIMI,Zone-MAIN,Aisle-L,Bay-31,Level-2,01,RACK,Available,Test-Air-Freight-Company-Test-Branch,Test Air Freight Company
Site-ATN,Building-DIMI,Zone-MAIN,Aisle-L,Bay-31,Level-3,01,RACK,Available,Test-Air-Freight-Company-Test-Branch,Test Air Freight Company
Site-ATN,Building-DIMI,Zone-MAIN,Aisle-L,Bay-31,Level-4,01,RACK,Available,Test-Air-Freight-Company-Test-Branch,Test Air Freight Company
Site-ATN,Building-DIMI,Zone-MAIN,Aisle-L,Bay-31,Level-5,01,RACK,Available,Test-Air-Freight-Company-Test-Branch,Test Air Freight Company
Site-ATN,Building-DIMI,Zone-MAIN,Aisle-L,Bay-32,Level-1,01,RACK,Available,Test-Air-Freight-Company-Test-Branch,Test Air Freight Company
Site-ATN,Building-DIMI,Zone-MAIN,Aisle-L,Bay-32,Level-2,01,RACK,Available,Test-Air-Freight-Company-Test-Branch,Test Air Freight Company
Site-ATN,Building-DIMI,Zone-MAIN,Aisle-L,Bay-32,Level-3,01,RACK,Available,Test-Air-Freight-Company-Test-Branch,Test Air Freight Company
Site-ATN,Building-DIMI,Zone-MAIN,Aisle-L,Bay-32,Level-4,01,RACK,Available,Test-Air-Freight-Company-Test-Branch,Test Air Freight Company
Site-ATN,Building-DIMI,Zone-MAIN,Aisle-L,Bay-32,Level-5,01,RACK,Available,Test-Air-Freight-Company-Test-Branch,Test Air Freight Company
Site-ATN,Building-DIMI,Zone-MAIN,Aisle-L,Bay-33,Level-1,01,RACK,Available,Test-Air-Freight-Company-Test-Branch,Test Air Freight Company
Site-ATN,Building-DIMI,Zone-MAIN,Aisle-L,Bay-33,Level-2,01,RACK,Available,Test-Air-Freight-Company-Test-Branch,Test Air Freight Company
Site-ATN,Building-DIMI,Zone-MAIN,Aisle-L,Bay-33,Level-3,01,RACK,Available,Test-Air-Freight-Company-Test-Branch,Test Air Freight Company
Site-ATN,Building-DIMI,Zone-MAIN,Aisle-L,Bay-33,Level-4,01,RACK,Available,Test-Air-Freight-Company-Test-Branch,Test Air Freight Company
Site-ATN,Building-DIMI,Zone-MAIN,Aisle-L,Bay-33,Level-5,01,RACK,Available,Test-Air-Freight-Company-Test-Branch,Test Air Freight Company
Site-ATN,Building-DIMI,Zone-MAIN,Aisle-L,Bay-34,Level-1,01,RACK,Available,Test-Air-Freight-Company-Test-Branch,Test Air Freight Company
Site-ATN,Building-DIMI,Zone-MAIN,Aisle-L,Bay-34,Level-2,01,RACK,Available,Test-Air-Freight-Company-Test-Branch,Test Air Freight Company
Site-ATN,Building-DIMI,Zone-MAIN,Aisle-L,Bay-34,Level-3,01,RACK,Available,Test-Air-Freight-Company-Test-Branch,Test Air Freight Company
Site-ATN,Building-DIMI,Zone-MAIN,Aisle-L,Bay-34,Level-4,01,RACK,Available,Test-Air-Freight-Company-Test-Branch,Test Air Freight Company
Site-ATN,Building-DIMI,Zone-MAIN,Aisle-L,Bay-34,Level-5,01,RACK,Available,Test-Air-Freight-Company-Test-Branch,Test Air Freight Company
Site-ATN,Building-DIMI,Zone-MAIN,Aisle-L,Bay-35,Level-1,01,RACK,Available,Test-Air-Freight-Company-Test-Branch,Test Air Freight Company
Site-ATN,Building-DIMI,Zone-MAIN,Aisle-L,Bay-35,Level-2,01,RACK,Available,Test-Air-Freight-Company-Test-Branch,Test Air Freight Company
Site-ATN,Building-DIMI,Zone-MAIN,Aisle-L,Bay-35,Level-3,01,RACK,Available,Test-Air-Freight-Company-Test-Branch,Test Air Freight Company
Site-ATN,Building-DIMI,Zone-MAIN,Aisle-L,Bay-35,Level-4,01,RACK,Available,Test-Air-Freight-Company-Test-Branch,Test Air Freight Company
Site-ATN,Building-DIMI,Zone-MAIN,Aisle-L,Bay-35,Level-5,01,RACK,Available,Test-Air-Freight-Company-Test-Branch,Test Air Freight Company
Site-ATN,Building-DIMI,Zone-MAIN,Aisle-L,Bay-36,Level-1,01,RACK,Available,Test-Air-Freight-Company-Test-Branch,Test Air Freight Company
Site-ATN,Building-DIMI,Zone-MAIN,Aisle-L,Bay-36,Level-2,01,RACK,Available,Test-Air-Freight-Company-Test-Branch,Test Air Freight Company
Site-ATN,Building-DIMI,Zone-MAIN,Aisle-L,Bay-36,Level-3,01,RACK,Available,Test-Air-Freight-Company-Test-Branch,Test Air Freight Company
Site-ATN,Building-DIMI,Zone-MAIN,Aisle-L,Bay-36,Level-4,01,RACK,Available,Test-Air-Freight-Company-Test-Branch,Test Air Freight Company
Site-ATN,Building-DIMI,Zone-MAIN,Aisle-L,Bay-36,Level-5,01,RACK,Available,Test-Air-Freight-Company-Test-Branch,Test Air Freight Company
Site-ATN,Building-DIMI,Zone-MAIN,Aisle-L,Bay-37,Level-1,01,RACK,Available,Test-Air-Freight-Company-Test-Branch,Test Air Freight Company
Site-ATN,Building-DIMI,Zone-MAIN,Aisle-L,Bay-37,Level-2,01,RACK,Available,Test-Air-Freight-Company-Test-Branch,Test Air Freight Company
Site-ATN,Building-DIMI,Zone-MAIN,Aisle-L,Bay-37,Level-3,01,RACK,Available,Test-Air-Freight-Company-Test-Branch,Test Air Freight Company
Site-ATN,Building-DIMI,Zone-MAIN,Aisle-L,Bay-37,Level-4,01,RACK,Available,Test-Air-Freight-Company-Test-Branch,Test Air Freight Company
Site-ATN,Building-DIMI,Zone-MAIN,Aisle-L,Bay-37,Level-5,01,RACK,Available,Test-Air-Freight-Company-Test-Branch,Test Air Freight Company
Site-ATN,Building-DIMI,Zone-MAIN,Aisle-L,Bay-38,Level-1,01,RACK,Available,Test-Air-Freight-Company-Test-Branch,Test Air Freight Company
Site-ATN,Building-DIMI,Zone-MAIN,Aisle-L,Bay-38,Level-2,01,RACK,Available,Test-Air-Freight-Company-Test-Branch,Test Air Freight Company
Site-ATN,Building-DIMI,Zone-MAIN,Aisle-L,Bay-38,Level-3,01,RACK,Available,Test-Air-Freight-Company-Test-Branch,Test Air Freight Company
Site-ATN,Building-DIMI,Zone-MAIN,Aisle-L,Bay-38,Level-4,01,RACK,Available,Test-Air-Freight-Company-Test-Branch,Test Air Freight Company
Site-ATN,Building-DIMI,Zone-MAIN,Aisle-L,Bay-38,Level-5,01,RACK,Available,Test-Air-Freight-Company-Test-Branch,Test Air Freight Company
Site-ATN,Building-DIMI,Zone-MAIN,Aisle-L,Bay-39,Level-1,01,RACK,Available,Test-Air-Freight-Company-Test-Branch,Test Air Freight Company
Site-ATN,Building-DIMI,Zone-MAIN,Aisle-L,Bay-39,Level-2,01,RACK,Available,Test-Air-Freight-Company-Test-Branch,Test Air Freight Company
Site-ATN,Building-DIMI,Zone-MAIN,Aisle-L,Bay-39,Level-3,01,RACK,Available,Test-Air-Freight-Company-Test-Branch,Test Air Freight Company
Site-ATN,Building-DIMI,Zone-MAIN,Aisle-L,Bay-39,Level-4,01,RACK,Available,Test-Air-Freight-Company-Test-Branch,Test Air Freight Company
Site-ATN,Building-DIMI,Zone-MAIN,Aisle-L,Bay-39,Level-5,01,RACK,Available,Test-Air-Freight-Company-Test-Branch,Test Air Freight Company
Site-ATN,Building-DIMI,Zone-MAIN,Aisle-L,Bay-40,Level-1,01,RACK,Available,Test-Air-Freight-Company-Test-Branch,Test Air Freight Company
Site-ATN,Building-DIMI,Zone-MAIN,Aisle-L,Bay-40,Level-2,01,RACK,Available,Test-Air-Freight-Company-Test-Branch,Test Air Freight Company
Site-ATN,Building-DIMI,Zone-MAIN,Aisle-L,Bay-40,Level-3,01,RACK,Available,Test-Air-Freight-Company-Test-Branch,Test Air Freight Company
Site-ATN,Building-DIMI,Zone-MAIN,Aisle-L,Bay-40,Level-4,01,RACK,Available,Test-Air-Freight-Company-Test-Branch,Test Air Freight Company
Site-ATN,Building-DIMI,Zone-MAIN,Aisle-L,Bay-40,Level-5,01,RACK,Available,Test-Air-Freight-Company-Test-Branch,Test Air Freight Company
Site-ATN,Building-DIMI,Zone-MAIN,Aisle-L,Bay-41,Level-1,01,RACK,Available,Test-Air-Freight-Company-Test-Branch,Test Air Freight Company
Site-ATN,Building-DIMI,Zone-MAIN,Aisle-L,Bay-41,Level-2,01,RACK,Available,Test-Air-Freight-Company-Test-Branch,Test Air Freight Company
Site-ATN,Building-DIMI,Zone-MAIN,Aisle-L,Bay-41,Level-3,01,RACK,Available,Test-Air-Freight-Company-Test-Branch,Test Air Freight Company
Site-ATN,Building-DIMI,Zone-MAIN,Aisle-L,Bay-41,Level-4,01,RACK,Available,Test-Air-Freight-Company-Test-Branch,Test Air Freight Company
Site-ATN,Building-DIMI,Zone-MAIN,Aisle-L,Bay-41,Level-5,01,RACK,Available,Test-Air-Freight-Company-Test-Branch,Test Air Freight Company
Site-ATN,Building-DIMI,Zone-MAIN,Aisle-L,Bay-42,Level-1,01,RACK,Available,Test-Air-Freight-Company-Test-Branch,Test Air Freight Company
Site-ATN,Building-DIMI,Zone-MAIN,Aisle-L,Bay-42,Level-2,01,RACK,Available,Test-Air-Freight-Company-Test-Branch,Test Air Freight Company
Site-ATN,Building-DIMI,Zone-MAIN,Aisle-L,Bay-42,Level-3,01,RACK,Available,Test-Air-Freight-Company-Test-Branch,Test Air Freight Company
Site-ATN,Building-DIMI,Zone-MAIN,Aisle-L,Bay-42,Level-4,01,RACK,Available,Test-Air-Freight-Company-Test-Branch,Test Air Freight Company
Site-ATN,Building-DIMI,Zone-MAIN,Aisle-L,Bay-42,Level-5,01,RACK,Available,Test-Air-Freight-Company-Test-Branch,Test Air Freight Company
Site-ATN,Building-DIMI,Zone-MAIN,Aisle-L,Bay-43,Level-1,01,RACK,Available,Test-Air-Freight-Company-Test-Branch,Test Air Freight Company
Site-ATN,Building-DIMI,Zone-MAIN,Aisle-L,Bay-43,Level-2,01,RACK,Available,Test-Air-Freight-Company-Test-Branch,Test Air Freight Company
Site-ATN,Building-DIMI,Zone-MAIN,Aisle-L,Bay-43,Level-3,01,RACK,Available,Test-Air-Freight-Company-Test-Branch,Test Air Freight Company
Site-ATN,Building-DIMI,Zone-MAIN,Aisle-L,Bay-43,Level-4,01,RACK,Available,Test-Air-Freight-Company-Test-Branch,Test Air Freight Company
Site-ATN,Building-DIMI,Zone-MAIN,Aisle-L,Bay-43,Level-5,01,RACK,Available,Test-Air-Freight-Company-Test-Branch,Test Air Freight Company
Site-ATN,Building-DIMI,Zone-MAIN,Aisle-L,Bay-44,Level-1,01,RACK,Available,Test-Air-Freight-Company-Test-Branch,Test Air Freight Company
Site-ATN,Building-DIMI,Zone-MAIN,Aisle-L,Bay-44,Level-2,01,RACK,Available,Test-Air-Freight-Company-Test-Branch,Test Air Freight Company
Site-ATN,Building-DIMI,Zone-MAIN,Aisle-L,Bay-44,Level-3,01,RACK,Available,Test-Air-Freight-Company-Test-Branch,Test Air Freight Company
Site-ATN,Building-DIMI,Zone-MAIN,Aisle-L,Bay-44,Level-4,01,RACK,Available,Test-Air-Freight-Company-Test-Branch,Test Air Freight Company
Site-ATN,Building-DIMI,Zone-MAIN,Aisle-L,Bay-44,Level-5,01,RACK,Available,Test-Air-Freight-Company-Test-Branch,Test Air Freight Company
Site-ATN,Building-DIMI,Zone-MAIN,Aisle-L,Bay-45,Level-1,01,RACK,Available,Test-Air-Freight-Company-Test-Branch,Test Air Freight Company
Site-ATN,Building-DIMI,Zone-MAIN,Aisle-L,Bay-45,Level-2,01,RACK,Available,Test-Air-Freight-Company-Test-Branch,Test Air Freight Company
Site-ATN,Building-DIMI,Zone-MAIN,Aisle-L,Bay-45,Level-3,01,RACK,Available,Test-Air-Freight-Company-Test-Branch,Test Air Freight Company
Site-ATN,Building-DIMI,Zone-MAIN,Aisle-L,Bay-45,Level-4,01,RACK,Available,Test-Air-Freight-Company-Test-Branch,Test Air Freight Company
Site-ATN,Building-DIMI,Zone-MAIN,Aisle-L,Bay-45,Level-5,01,RACK,Available,Test-Air-Freight-Company-Test-Branch,Test Air Freight Company
Site-ATN,Building-DIMI,Zone-MAIN,Aisle-L,Bay-46,Level-1,01,RACK,Available,Test-Air-Freight-Company-Test-Branch,Test Air Freight Company
Site-ATN,Building-DIMI,Zone-MAIN,Aisle-L,Bay-46,Level-2,01,RACK,Available,Test-Air-Freight-Company-Test-Branch,Test Air Freight Company
Site-ATN,Building-DIMI,Zone-MAIN,Aisle-L,Bay-46,Level-3,01,RACK,Available,Test-Air-Freight-Company-Test-Branch,Test Air Freight Company
Site-ATN,Building-DIMI,Zone-MAIN,Aisle-L,Bay-46,Level-4,01,RACK,Available,Test-Air-Freight-Company-Test-Branch,Test Air Freight Company
Site-ATN,Building-DIMI,Zone-MAIN,Aisle-L,Bay-46,Level-5,01,RACK,Available,Test-Air-Freight-Company-Test-Branch,Test Air Freight Company
Site-ATN,Building-DIMI,Zone-MAIN,Aisle-L,Bay-47,Level-1,01,RACK,Available,Test-Air-Freight-Company-Test-Branch,Test Air Freight Company
Site-ATN,Building-DIMI,Zone-MAIN,Aisle-L,Bay-47,Level-2,01,RACK,Available,Test-Air-Freight-Company-Test-Branch,Test Air Freight Company
Site-ATN,Building-DIMI,Zone-MAIN,Aisle-L,Bay-47,Level-3,01,RACK,Available,Test-Air-Freight-Company-Test-Branch,Test Air Freight Company
Site-ATN,Building-DIMI,Zone-MAIN,Aisle-L,Bay-47,Level-4,01,RACK,Available,Test-Air-Freight-Company-Test-Branch,Test Air Freight Company
Site-ATN,Building-DIMI,Zone-MAIN,Aisle-L,Bay-47,Level-5,01,RACK,Available,Test-Air-Freight-Company-Test-Branch,Test Air Freight Company
Site-ATN,Building-DIMI,Zone-MAIN,Aisle-L,Bay-48,Level-1,01,RACK,Available,Test-Air-Freight-Company-Test-Branch,Test Air Freight Company
Site-ATN,Building-DIMI,Zone-MAIN,Aisle-L,Bay-48,Level-2,01,RACK,Available,Test-Air-Freight-Company-Test-Branch,Test Air Freight Company
Site-ATN,Building-DIMI,Zone-MAIN,Aisle-L,Bay-48,Level-3,01,RACK,Available,Test-Air-Freight-Company-Test-Branch,Test Air Freight Company
Site-ATN,Building-DIMI,Zone-MAIN,Aisle-L,Bay-48,Level-4,01,RACK,Available,Test-Air-Freight-Company-Test-Branch,Test Air Freight Company
Site-ATN,Building-DIMI,Zone-MAIN,Aisle-L,Bay-48,Level-5,01,RACK,Available,Test-Air-Freight-Company-Test-Branch,Test Air Freight Company
Site-ATN,Building-DIMI,Zone-MAIN,Aisle-L,Bay-49,Level-1,01,RACK,Available,Test-Air-Freight-Company-Test-Branch,Test Air Freight Company
Site-ATN,Building-DIMI,Zone-MAIN,Aisle-L,Bay-49,Level-2,01,RACK,Available,Test-Air-Freight-Company-Test-Branch,Test Air Freight Company
Site-ATN,Building-DIMI,Zone-MAIN,Aisle-L,Bay-49,Level-3,01,RACK,Available,Test-Air-Freight-Company-Test-Branch,Test Air Freight Company
Site-ATN,Building-DIMI,Zone-MAIN,Aisle-L,Bay-49,Level-4,01,RACK,Available,Test-Air-Freight-Company-Test-Branch,Test Air Freight Company
Site-ATN,Building-DIMI,Zone-MAIN,Aisle-L,Bay-49,Level-5,01,RACK,Available,Test-Air-Freight-Company-Test-Branch,Test Air Freight Company
Site-ATN,Building-DIMI,Zone-MAIN,Aisle-L,Bay-50,Level-1,01,RACK,Available,Test-Air-Freight-Company-Test-Branch,Test Air Freight Company
Site-ATN,Building-DIMI,Zone-MAIN,Aisle-L,Bay-50,Level-2,01,RACK,Available,Test-Air-Freight-Company-Test-Branch,Test Air Freight Company
Site-ATN,Building-DIMI,Zone-MAIN,Aisle-L,Bay-50,Level-3,01,RACK,Available,Test-Air-Freight-Company-Test-Branch,Test Air Freight Company
Site-ATN,Building-DIMI,Zone-MAIN,Aisle-L,Bay-50,Level-4,01,RACK,Available,Test-Air-Freight-Company-Test-Branch,Test Air Freight Company
Site-ATN,Building-DIMI,Zone-MAIN,Aisle-L,Bay-50,Level-5,01,RACK,Available,Test-Air-Freight-Company-Test-Branch,Test Air Freight Company
Site-ATN,Building-DIMI,Zone-MAIN,Aisle-L,Bay-51,Level-1,01,RACK,Available,Test-Air-Freight-Company-Test-Branch,Test Air Freight Company
Site-ATN,Building-DIMI,Zone-MAIN,Aisle-L,Bay-51,Level-2,01,RACK,Available,Test-Air-Freight-Company-Test-Branch,Test Air Freight Company
Site-ATN,Building-DIMI,Zone-MAIN,Aisle-L,Bay-51,Level-3,01,RACK,Available,Test-Air-Freight-Company-Test-Branch,Test Air Freight Company
Site-ATN,Building-DIMI,Zone-MAIN,Aisle-L,Bay-51,Level-4,01,RACK,Available,Test-Air-Freight-Company-Test-Branch,Test Air Freight Company
Site-ATN,Building-DIMI,Zone-MAIN,Aisle-L,Bay-51,Level-5,01,RACK,Available,Test-Air-Freight-Company-Test-Branch,Test Air Freight Company
Site-ATN,Building-DIMI,Zone-MAIN,Aisle-L,Bay-52,Level-1,01,RACK,Available,Test-Air-Freight-Company-Test-Branch,Test Air Freight Company
Site-ATN,Building-DIMI,Zone-MAIN,Aisle-L,Bay-52,Level-2,01,RACK,Available,Test-Air-Freight-Company-Test-Branch,Test Air Freight Company
Site-ATN,Building-DIMI,Zone-MAIN,Aisle-L,Bay-52,Level-3,01,RACK,Available,Test-Air-Freight-Company-Test-Branch,Test Air Freight Company
Site-ATN,Building-DIMI,Zone-MAIN,Aisle-L,Bay-52,Level-4,01,RACK,Available,Test-Air-Freight-Company-Test-Branch,Test Air Freight Company
Site-ATN,Building-DIMI,Zone-MAIN,Aisle-L,Bay-52,Level-5,01,RACK,Available,Test-Air-Freight-Company-Test-Branch,Test Air Freight Company
Site-ATN,Building-DIMI,Zone-MAIN,Aisle-L,Bay-53,Level-1,01,RACK,Available,Test-Air-Freight-Company-Test-Branch,Test Air Freight Company
Site-ATN,Building-DIMI,Zone-MAIN,Aisle-L,Bay-53,Level-2,01,RACK,Available,Test-Air-Freight-Company-Test-Branch,Test Air Freight Company
Site-ATN,Building-DIMI,Zone-MAIN,Aisle-L,Bay-53,Level-3,01,RACK,Available,Test-Air-Freight-Company-Test-Branch,Test Air Freight Company
Site-ATN,Building-DIMI,Zone-MAIN,Aisle-L,Bay-53,Level-4,01,RACK,Available,Test-Air-Freight-Company-Test-Branch,Test Air Freight Company
Site-ATN,Building-DIMI,Zone-MAIN,Aisle-L,Bay-53,Level-5,01,RACK,Available,Test-Air-Freight-Company-Test-Branch,Test Air Freight Company
Site-ATN,Building-DIMI,Zone-MAIN,Aisle-L,Bay-54,Level-1,01,RACK,Available,Test-Air-Freight-Company-Test-Branch,Test Air Freight Company
Site-ATN,Building-DIMI,Zone-MAIN,Aisle-L,Bay-54,Level-2,01,RACK,Available,Test-Air-Freight-Company-Test-Branch,Test Air Freight Company
Site-ATN,Building-DIMI,Zone-MAIN,Aisle-L,Bay-54,Level-3,01,RACK,Available,Test-Air-Freight-Company-Test-Branch,Test Air Freight Company
Site-ATN,Building-DIMI,Zone-MAIN,Aisle-L,Bay-54,Level-4,01,RACK,Available,Test-Air-Freight-Company-Test-Branch,Test Air Freight Company
Site-ATN,Building-DIMI,Zone-MAIN,Aisle-L,Bay-54,Level-5,01,RACK,Available,Test-Air-Freight-Company-Test-Branch,Test Air Freight Company
Site-ATN,Building-DIMI,Zone-MAIN,Aisle-L,Bay-55,Level-1,01,RACK,Available,Test-Air-Freight-Company-Test-Branch,Test Air Freight Company
Site-ATN,Building-DIMI,Zone-MAIN,Aisle-L,Bay-55,Level-2,01,RACK,Available,Test-Air-Freight-Company-Test-Branch,Test Air Freight Company
Site-ATN,Building-DIMI,Zone-MAIN,Aisle-L,Bay-55,Level-3,01,RACK,Available,Test-Air-Freight-Company-Test-Branch,Test Air Freight Company
Site-ATN,Building-DIMI,Zone-MAIN,Aisle-L,Bay-55,Level-4,01,RACK,Available,Test-Air-Freight-Company-Test-Branch,Test Air Freight Company
Site-ATN,Building-DIMI,Zone-MAIN,Aisle-L,Bay-55,Level-5,01,RACK,Available,Test-Air-Freight-Company-Test-Branch,Test Air Freight Company
Site-ATN,Building-DIMI,Zone-MAIN,Aisle-L,Bay-56,Level-1,01,RACK,Available,Test-Air-Freight-Company-Test-Branch,Test Air Freight Company
Site-ATN,Building-DIMI,Zone-MAIN,Aisle-L,Bay-56,Level-2,01,RACK,Available,Test-Air-Freight-Company-Test-Branch,Test Air Freight Company
Site-ATN,Building-DIMI,Zone-MAIN,Aisle-L,Bay-56,Level-3,01,RACK,Available,Test-Air-Freight-Company-Test-Branch,Test Air Freight Company
Site-ATN,Building-DIMI,Zone-MAIN,Aisle-L,Bay-56,Level-4,01,RACK,Available,Test-Air-Freight-Company-Test-Branch,Test Air Freight Company
Site-ATN,Building-DIMI,Zone-MAIN,Aisle-L,Bay-56,Level-5,01,RACK,Available,Test-Air-Freight-Company-Test-Branch,Test Air Freight Company
Site-ATN,Building-DIMI,Zone-MAIN,Aisle-L,Bay-57,Level-1,01,RACK,Available,Test-Air-Freight-Company-Test-Branch,Test Air Freight Company
Site-ATN,Building-DIMI,Zone-MAIN,Aisle-L,Bay-57,Level-2,01,RACK,Available,Test-Air-Freight-Company-Test-Branch,Test Air Freight Company
Site-ATN,Building-DIMI,Zone-MAIN,Aisle-L,Bay-57,Level-3,01,RACK,Available,Test-Air-Freight-Company-Test-Branch,Test Air Freight Company
Site-ATN,Building-DIMI,Zone-MAIN,Aisle-L,Bay-57,Level-4,01,RACK,Available,Test-Air-Freight-Company-Test-Branch,Test Air Freight Company
Site-ATN,Building-DIMI,Zone-MAIN,Aisle-L,Bay-57,Level-5,01,RACK,Available,Test-Air-Freight-Company-Test-Branch,Test Air Freight Company
Site-ATN,Building-DIMI,Zone-MAIN,Aisle-L,Bay-58,Level-1,01,RACK,Available,Test-Air-Freight-Company-Test-Branch,Test Air Freight Company
Site-ATN,Building-DIMI,Zone-MAIN,Aisle-L,Bay-58,Level-2,01,RACK,Available,Test-Air-Freight-Company-Test-Branch,Test Air Freight Company
Site-ATN,Building-DIMI,Zone-MAIN,Aisle-L,Bay-58,Level-3,01,RACK,Available,Test-Air-Freight-Company-Test-Branch,Test Air Freight Company
Site-ATN,Building-DIMI,Zone-MAIN,Aisle-L,Bay-58,Level-4,01,RACK,Available,Test-Air-Freight-Company-Test-Branch,Test Air Freight Company
Site-ATN,Building-DIMI,Zone-MAIN,Aisle-L,Bay-58,Level-5,01,RACK,Available,Test-Air-Freight-Company-Test-Branch,Test Air Freight Company
Site-ATN,Building-DIMI,Zone-MAIN,Aisle-L,Bay-59,Level-1,01,RACK,Available,Test-Air-Freight-Company-Test-Branch,Test Air Freight Company
Site-ATN,Building-DIMI,Zone-MAIN,Aisle-L,Bay-59,Level-2,01,RACK,Available,Test-Air-Freight-Company-Test-Branch,Test Air Freight Company
Site-ATN,Building-DIMI,Zone-MAIN,Aisle-L,Bay-59,Level-3,01,RACK,Available,Test-Air-Freight-Company-Test-Branch,Test Air Freight Company
Site-ATN,Building-DIMI,Zone-MAIN,Aisle-L,Bay-59,Level-4,01,RACK,Available,Test-Air-Freight-Company-Test-Branch,Test Air Freight Company
Site-ATN,Building-DIMI,Zone-MAIN,Aisle-L,Bay-59,Level-5,01,RACK,Available,Test-Air-Freight-Company-Test-Branch,Test Air Freight Company
Site-ATN,Building-DIMI,Zone-MAIN,Aisle-L,Bay-60,Level-1,01,RACK,Available,Test-Air-Freight-Company-Test-Branch,Test Air Freight Company
Site-ATN,Building-DIMI,Zone-MAIN,Aisle-L,Bay-60,Level-2,01,RACK,Available,Test-Air-Freight-Company-Test-Branch,Test Air Freight Company
Site-ATN,Building-DIMI,Zone-MAIN,Aisle-L,Bay-60,Level-3,01,RACK,Available,Test-Air-Freight-Company-Test-Branch,Test Air Freight Company
Site-ATN,Building-DIMI,Zone-MAIN,Aisle-L,Bay-60,Level-4,01,RACK,Available,Test-Air-Freight-Company-Test-Branch,Test Air Freight Company
Site-ATN,Building-DIMI,Zone-MAIN,Aisle-L,Bay-60,Level-5,01,RACK,Available,Test-Air-Freight-Company-Test-Branch,Test Air Freight Company
Site-ATN,Building-DIMI,Zone-MAIN,Aisle-L,Bay-61,Level-1,01,RACK,Available,Test-Air-Freight-Company-Test-Branch,Test Air Freight Company
Site-ATN,Building-DIMI,Zone-MAIN,Aisle-L,Bay-61,Level-2,01,RACK,Available,Test-Air-Freight-Company-Test-Branch,Test Air Freight Company
Site-ATN,Building-DIMI,Zone-MAIN,Aisle-L,Bay-61,Level-3,01,RACK,Available,Test-Air-Freight-Company-Test-Branch,Test Air Freight Company
Site-ATN,Building-DIMI,Zone-MAIN,Aisle-L,Bay-61,Level-4,01,RACK,Available,Test-Air-Freight-Company-Test-Branch,Test Air Freight Company
Site-ATN,Building-DIMI,Zone-MAIN,Aisle-L,Bay-61,Level-5,01,RACK,Available,Test-Air-Freight-Company-Test-Branch,Test Air Freight Company
Site-ATN,Building-DIMI,Zone-MAIN,Aisle-L,Bay-62,Level-1,01,RACK,Available,Test-Air-Freight-Company-Test-Branch,Test Air Freight Company
Site-ATN,Building-DIMI,Zone-MAIN,Aisle-L,Bay-62,Level-2,01,RACK,Available,Test-Air-Freight-Company-Test-Branch,Test Air Freight Company
Site-ATN,Building-DIMI,Zone-MAIN,Aisle-L,Bay-62,Level-3,01,RACK,Available,Test-Air-Freight-Company-Test-Branch,Test Air Freight Company
Site-ATN,Building-DIMI,Zone-MAIN,Aisle-L,Bay-62,Level-4,01,RACK,Available,Test-Air-Freight-Company-Test-Branch,Test Air Freight Company
Site-ATN,Building-DIMI,Zone-MAIN,Aisle-L,Bay-62,Level-5,01,RACK,Available,Test-Air-Freight-Company-Test-Branch,Test Air Freight Company
Site-ATN,Building-DIMI,Zone-MAIN,Aisle-L,Bay-63,Level-1,01,RACK,Available,Test-Air-Freight-Company-Test-Branch,Test Air Freight Company
Site-ATN,Building-DIMI,Zone-MAIN,Aisle-L,Bay-63,Level-2,01,RACK,Available,Test-Air-Freight-Company-Test-Branch,Test Air Freight Company
Site-ATN,Building-DIMI,Zone-MAIN,Aisle-L,Bay-63,Level-3,01,RACK,Available,Test-Air-Freight-Company-Test-Branch,Test Air Freight Company
Site-ATN,Building-DIMI,Zone-MAIN,Aisle-L,Bay-63,Level-4,01,RACK,Available,Test-Air-Freight-Company-Test-Branch,Test Air Freight Company
Site-ATN,Building-DIMI,Zone-MAIN,Aisle-L,Bay-63,Level-5,01,RACK,Available,Test-Air-Freight-Company-Test-Branch,Test Air Freight Company
Site-ATN,Building-DIMI,Zone-MAIN,Aisle-L,Bay-64,Level-1,01,RACK,Available,Test-Air-Freight-Company-Test-Branch,Test Air Freight Company
Site-ATN,Building-DIMI,Zone-MAIN,Aisle-L,Bay-64,Level-2,01,RACK,Available,Test-Air-Freight-Company-Test-Branch,Test Air Freight Company
Site-ATN,Building-DIMI,Zone-MAIN,Aisle-L,Bay-64,Level-3,01,RACK,Available,Test-Air-Freight-Company-Test-Branch,Test Air Freight Company
Site-ATN,Building-DIMI,Zone-MAIN,Aisle-L,Bay-64,Level-4,01,RACK,Available,Test-Air-Freight-Company-Test-Branch,Test Air Freight Company
Site-ATN,Building-DIMI,Zone-MAIN,Aisle-L,Bay-64,Level-5,01,RACK,Available,Test-Air-Freight-Company-Test-Branch,Test Air Freight Company
Site-ATN,Building-DIMI,Zone-MAIN,Aisle-M,Bay-01,Level-1,01,RACK,Available,Test-Air-Freight-Company-Test-Branch,Test Air Freight Company
Site-ATN,Building-DIMI,Zone-MAIN,Aisle-M,Bay-01,Level-2,01,RACK,Available,Test-Air-Freight-Company-Test-Branch,Test Air Freight Company
Site-ATN,Building-DIMI,Zone-MAIN,Aisle-M,Bay-01,Level-3,01,RACK,Available,Test-Air-Freight-Company-Test-Branch,Test Air Freight Company
Site-ATN,Building-DIMI,Zone-MAIN,Aisle-M,Bay-01,Level-4,01,RACK,Available,Test-Air-Freight-Company-Test-Branch,Test Air Freight Company
Site-ATN,Building-DIMI,Zone-MAIN,Aisle-M,Bay-02,Level-1,01,RACK,Available,Test-Air-Freight-Company-Test-Branch,Test Air Freight Company
Site-ATN,Building-DIMI,Zone-MAIN,Aisle-M,Bay-02,Level-2,01,RACK,Available,Test-Air-Freight-Company-Test-Branch,Test Air Freight Company
Site-ATN,Building-DIMI,Zone-MAIN,Aisle-M,Bay-02,Level-3,01,RACK,Available,Test-Air-Freight-Company-Test-Branch,Test Air Freight Company
Site-ATN,Building-DIMI,Zone-MAIN,Aisle-M,Bay-02,Level-4,01,RACK,Available,Test-Air-Freight-Company-Test-Branch,Test Air Freight Company
Site-ATN,Building-DIMI,Zone-MAIN,Aisle-M,Bay-03,Level-1,01,RACK,Available,Test-Air-Freight-Company-Test-Branch,Test Air Freight Company
Site-ATN,Building-DIMI,Zone-MAIN,Aisle-M,Bay-03,Level-2,01,RACK,Available,Test-Air-Freight-Company-Test-Branch,Test Air Freight Company
Site-ATN,Building-DIMI,Zone-MAIN,Aisle-M,Bay-03,Level-3,01,RACK,Available,Test-Air-Freight-Company-Test-Branch,Test Air Freight Company
Site-ATN,Building-DIMI,Zone-MAIN,Aisle-M,Bay-03,Level-4,01,RACK,Available,Test-Air-Freight-Company-Test-Branch,Test Air Freight Company
Site-ATN,Building-DIMI,Zone-MAIN,Aisle-M,Bay-04,Level-1,01,RACK,Available,Test-Air-Freight-Company-Test-Branch,Test Air Freight Company
Site-ATN,Building-DIMI,Zone-MAIN,Aisle-M,Bay-04,Level-2,01,RACK,Available,Test-Air-Freight-Company-Test-Branch,Test Air Freight Company
Site-ATN,Building-DIMI,Zone-MAIN,Aisle-M,Bay-04,Level-3,01,RACK,Available,Test-Air-Freight-Company-Test-Branch,Test Air Freight Company
Site-ATN,Building-DIMI,Zone-MAIN,Aisle-M,Bay-04,Level-4,01,RACK,Available,Test-Air-Freight-Company-Test-Branch,Test Air Freight Company
Site-ATN,Building-DIMI,Zone-MAIN,Aisle-M,Bay-05,Level-1,01,RACK,Available,Test-Air-Freight-Company-Test-Branch,Test Air Freight Company
Site-ATN,Building-DIMI,Zone-MAIN,Aisle-M,Bay-05,Level-2,01,RACK,Available,Test-Air-Freight-Company-Test-Branch,Test Air Freight Company
Site-ATN,Building-DIMI,Zone-MAIN,Aisle-M,Bay-05,Level-3,01,RACK,Available,Test-Air-Freight-Company-Test-Branch,Test Air Freight Company
Site-ATN,Building-DIMI,Zone-MAIN,Aisle-M,Bay-05,Level-4,01,RACK,Available,Test-Air-Freight-Company-Test-Branch,Test Air Freight Company
Site-ATN,Building-DIMI,Zone-MAIN,Aisle-M,Bay-06,Level-1,01,RACK,Available,Test-Air-Freight-Company-Test-Branch,Test Air Freight Company
Site-ATN,Building-DIMI,Zone-MAIN,Aisle-M,Bay-06,Level-2,01,RACK,Available,Test-Air-Freight-Company-Test-Branch,Test Air Freight Company
Site-ATN,Building-DIMI,Zone-MAIN,Aisle-M,Bay-06,Level-3,01,RACK,Available,Test-Air-Freight-Company-Test-Branch,Test Air Freight Company
Site-ATN,Building-DIMI,Zone-MAIN,Aisle-M,Bay-06,Level-4,01,RACK,Available,Test-Air-Freight-Company-Test-Branch,Test Air Freight Company
Site-ATN,Building-DIMI,Zone-MAIN,Aisle-M,Bay-07,Level-1,01,RACK,Available,Test-Air-Freight-Company-Test-Branch,Test Air Freight Company
Site-ATN,Building-DIMI,Zone-MAIN,Aisle-M,Bay-07,Level-2,01,RACK,Available,Test-Air-Freight-Company-Test-Branch,Test Air Freight Company
Site-ATN,Building-DIMI,Zone-MAIN,Aisle-M,Bay-07,Level-3,01,RACK,Available,Test-Air-Freight-Company-Test-Branch,Test Air Freight Company
Site-ATN,Building-DIMI,Zone-MAIN,Aisle-M,Bay-07,Level-4,01,RACK,Available,Test-Air-Freight-Company-Test-Branch,Test Air Freight Company
Site-ATN,Building-DIMI,Zone-MAIN,Aisle-M,Bay-08,Level-1,01,RACK,Available,Test-Air-Freight-Company-Test-Branch,Test Air Freight Company
Site-ATN,Building-DIMI,Zone-MAIN,Aisle-M,Bay-08,Level-2,01,RACK,Available,Test-Air-Freight-Company-Test-Branch,Test Air Freight Company
Site-ATN,Building-DIMI,Zone-MAIN,Aisle-M,Bay-08,Level-3,01,RACK,Available,Test-Air-Freight-Company-Test-Branch,Test Air Freight Company
Site-ATN,Building-DIMI,Zone-MAIN,Aisle-M,Bay-08,Level-4,01,RACK,Available,Test-Air-Freight-Company-Test-Branch,Test Air Freight Company
Site-ATN,Building-DIMI,Zone-MAIN,Aisle-M,Bay-09,Level-1,01,RACK,Available,Test-Air-Freight-Company-Test-Branch,Test Air Freight Company
Site-ATN,Building-DIMI,Zone-MAIN,Aisle-M,Bay-09,Level-2,01,RACK,Available,Test-Air-Freight-Company-Test-Branch,Test Air Freight Company
Site-ATN,Building-DIMI,Zone-MAIN,Aisle-M,Bay-09,Level-3,01,RACK,Available,Test-Air-Freight-Company-Test-Branch,Test Air Freight Company
Site-ATN,Building-DIMI,Zone-MAIN,Aisle-M,Bay-09,Level-4,01,RACK,Available,Test-Air-Freight-Company-Test-Branch,Test Air Freight Company
Site-ATN,Building-DIMI,Zone-MAIN,Aisle-M,Bay-10,Level-1,01,RACK,Available,Test-Air-Freight-Company-Test-Branch,Test Air Freight Company
Site-ATN,Building-DIMI,Zone-MAIN,Aisle-M,Bay-10,Level-2,01,RACK,Available,Test-Air-Freight-Company-Test-Branch,Test Air Freight Company
Site-ATN,Building-DIMI,Zone-MAIN,Aisle-M,Bay-10,Level-3,01,RACK,Available,Test-Air-Freight-Company-Test-Branch,Test Air Freight Company
Site-ATN,Building-DIMI,Zone-MAIN,Aisle-M,Bay-10,Level-4,01,RACK,Available,Test-Air-Freight-Company-Test-Branch,Test Air Freight Company
Site-ATN,Building-DIMI,Zone-MAIN,Aisle-M,Bay-11,Level-1,01,RACK,Available,Test-Air-Freight-Company-Test-Branch,Test Air Freight Company
Site-ATN,Building-DIMI,Zone-MAIN,Aisle-M,Bay-11,Level-2,01,RACK,Available,Test-Air-Freight-Company-Test-Branch,Test Air Freight Company
Site-ATN,Building-DIMI,Zone-MAIN,Aisle-M,Bay-11,Level-3,01,RACK,Available,Test-Air-Freight-Company-Test-Branch,Test Air Freight Company
Site-ATN,Building-DIMI,Zone-MAIN,Aisle-M,Bay-11,Level-4,01,RACK,Available,Test-Air-Freight-Company-Test-Branch,Test Air Freight Company
Site-ATN,Building-DIMI,Zone-MAIN,Aisle-M,Bay-12,Level-1,01,RACK,Available,Test-Air-Freight-Company-Test-Branch,Test Air Freight Company
Site-ATN,Building-DIMI,Zone-MAIN,Aisle-M,Bay-12,Level-2,01,RACK,Available,Test-Air-Freight-Company-Test-Branch,Test Air Freight Company
Site-ATN,Building-DIMI,Zone-MAIN,Aisle-M,Bay-12,Level-3,01,RACK,Available,Test-Air-Freight-Company-Test-Branch,Test Air Freight Company
Site-ATN,Building-DIMI,Zone-MAIN,Aisle-M,Bay-12,Level-4,01,RACK,Available,Test-Air-Freight-Company-Test-Branch,Test Air Freight Company
Site-ATN,Building-DIMI,Zone-MAIN,Aisle-M,Bay-13,Level-1,01,RACK,Available,Test-Air-Freight-Company-Test-Branch,Test Air Freight Company
Site-ATN,Building-DIMI,Zone-MAIN,Aisle-M,Bay-13,Level-2,01,RACK,Available,Test-Air-Freight-Company-Test-Branch,Test Air Freight Company
Site-ATN,Building-DIMI,Zone-MAIN,Aisle-M,Bay-13,Level-3,01,RACK,Available,Test-Air-Freight-Company-Test-Branch,Test Air Freight Company
Site-ATN,Building-DIMI,Zone-MAIN,Aisle-M,Bay-13,Level-4,01,RACK,Available,Test-Air-Freight-Company-Test-Branch,Test Air Freight Company
Site-ATN,Building-DIMI,Zone-MAIN,Aisle-M,Bay-14,Level-1,01,RACK,Available,Test-Air-Freight-Company-Test-Branch,Test Air Freight Company
Site-ATN,Building-DIMI,Zone-MAIN,Aisle-M,Bay-14,Level-2,01,RACK,Available,Test-Air-Freight-Company-Test-Branch,Test Air Freight Company
Site-ATN,Building-DIMI,Zone-MAIN,Aisle-M,Bay-14,Level-3,01,RACK,Available,Test-Air-Freight-Company-Test-Branch,Test Air Freight Company
Site-ATN,Building-DIMI,Zone-MAIN,Aisle-M,Bay-14,Level-4,01,RACK,Available,Test-Air-Freight-Company-Test-Branch,Test Air Freight Company
Site-ATN,Building-DIMI,Zone-MAIN,Aisle-M,Bay-15,Level-1,01,RACK,Available,Test-Air-Freight-Company-Test-Branch,Test Air Freight Company
Site-ATN,Building-DIMI,Zone-MAIN,Aisle-M,Bay-15,Level-2,01,RACK,Available,Test-Air-Freight-Company-Test-Branch,Test Air Freight Company
Site-ATN,Building-DIMI,Zone-MAIN,Aisle-M,Bay-15,Level-3,01,RACK,Available,Test-Air-Freight-Company-Test-Branch,Test Air Freight Company
Site-ATN,Building-DIMI,Zone-MAIN,Aisle-M,Bay-15,Level-4,01,RACK,Available,Test-Air-Freight-Company-Test-Branch,Test Air Freight Company
Site-ATN,Building-DIMI,Zone-MAIN,Aisle-M,Bay-16,Level-1,01,RACK,Available,Test-Air-Freight-Company-Test-Branch,Test Air Freight Company
Site-ATN,Building-DIMI,Zone-MAIN,Aisle-M,Bay-16,Level-2,01,RACK,Available,Test-Air-Freight-Company-Test-Branch,Test Air Freight Company
Site-ATN,Building-DIMI,Zone-MAIN,Aisle-M,Bay-16,Level-3,01,RACK,Available,Test-Air-Freight-Company-Test-Branch,Test Air Freight Company
Site-ATN,Building-DIMI,Zone-MAIN,Aisle-M,Bay-16,Level-4,01,RACK,Available,Test-Air-Freight-Company-Test-Branch,Test Air Freight Company
Site-ATN,Building-DIMI,Zone-MAIN,Aisle-M,Bay-17,Level-1,01,RACK,Available,Test-Air-Freight-Company-Test-Branch,Test Air Freight Company
Site-ATN,Building-DIMI,Zone-MAIN,Aisle-M,Bay-17,Level-2,01,RACK,Available,Test-Air-Freight-Company-Test-Branch,Test Air Freight Company
Site-ATN,Building-DIMI,Zone-MAIN,Aisle-M,Bay-17,Level-3,01,RACK,Available,Test-Air-Freight-Company-Test-Branch,Test Air Freight Company
Site-ATN,Building-DIMI,Zone-MAIN,Aisle-M,Bay-17,Level-4,01,RACK,Available,Test-Air-Freight-Company-Test-Branch,Test Air Freight Company
Site-ATN,Building-DIMI,Zone-MAIN,Aisle-M,Bay-18,Level-1,01,RACK,Available,Test-Air-Freight-Company-Test-Branch,Test Air Freight Company
Site-ATN,Building-DIMI,Zone-MAIN,Aisle-M,Bay-18,Level-2,01,RACK,Available,Test-Air-Freight-Company-Test-Branch,Test Air Freight Company
Site-ATN,Building-DIMI,Zone-MAIN,Aisle-M,Bay-18,Level-3,01,RACK,Available,Test-Air-Freight-Company-Test-Branch,Test Air Freight Company
Site-ATN,Building-DIMI,Zone-MAIN,Aisle-M,Bay-18,Level-4,01,RACK,Available,Test-Air-Freight-Company-Test-Branch,Test Air Freight Company
Site-ATN,Building-DIMI,Zone-MAIN,Aisle-M,Bay-19,Level-1,01,RACK,Available,Test-Air-Freight-Company-Test-Branch,Test Air Freight Company
Site-ATN,Building-DIMI,Zone-MAIN,Aisle-M,Bay-19,Level-2,01,RACK,Available,Test-Air-Freight-Company-Test-Branch,Test Air Freight Company
Site-ATN,Building-DIMI,Zone-MAIN,Aisle-M,Bay-19,Level-3,01,RACK,Available,Test-Air-Freight-Company-Test-Branch,Test Air Freight Company
Site-ATN,Building-DIMI,Zone-MAIN,Aisle-M,Bay-19,Level-4,01,RACK,Available,Test-Air-Freight-Company-Test-Branch,Test Air Freight Company
Site-ATN,Building-DIMI,Zone-MAIN,Aisle-M,Bay-20,Level-1,01,RACK,Available,Test-Air-Freight-Company-Test-Branch,Test Air Freight Company
Site-ATN,Building-DIMI,Zone-MAIN,Aisle-M,Bay-20,Level-2,01,RACK,Available,Test-Air-Freight-Company-Test-Branch,Test Air Freight Company
Site-ATN,Building-DIMI,Zone-MAIN,Aisle-M,Bay-20,Level-3,01,RACK,Available,Test-Air-Freight-Company-Test-Branch,Test Air Freight Company
Site-ATN,Building-DIMI,Zone-MAIN,Aisle-M,Bay-20,Level-4,01,RACK,Available,Test-Air-Freight-Company-Test-Branch,Test Air Freight Company
Site-ATN,Building-DIMI,Zone-MAIN,Aisle-M,Bay-21,Level-1,01,RACK,Available,Test-Air-Freight-Company-Test-Branch,Test Air Freight Company
Site-ATN,Building-DIMI,Zone-MAIN,Aisle-M,Bay-21,Level-2,01,RACK,Available,Test-Air-Freight-Company-Test-Branch,Test Air Freight Company
Site-ATN,Building-DIMI,Zone-MAIN,Aisle-M,Bay-21,Level-3,01,RACK,Available,Test-Air-Freight-Company-Test-Branch,Test Air Freight Company
Site-ATN,Building-DIMI,Zone-MAIN,Aisle-M,Bay-21,Level-4,01,RACK,Available,Test-Air-Freight-Company-Test-Branch,Test Air Freight Company
Site-ATN,Building-DIMI,Zone-MAIN,Aisle-M,Bay-22,Level-1,01,RACK,Available,Test-Air-Freight-Company-Test-Branch,Test Air Freight Company
Site-ATN,Building-DIMI,Zone-MAIN,Aisle-M,Bay-22,Level-2,01,RACK,Available,Test-Air-Freight-Company-Test-Branch,Test Air Freight Company
Site-ATN,Building-DIMI,Zone-MAIN,Aisle-M,Bay-22,Level-3,01,RACK,Available,Test-Air-Freight-Company-Test-Branch,Test Air Freight Company
Site-ATN,Building-DIMI,Zone-MAIN,Aisle-M,Bay-22,Level-4,01,RACK,Available,Test-Air-Freight-Company-Test-Branch,Test Air Freight Company
Site-ATN,Building-DIMI,Zone-MAIN,Aisle-M,Bay-23,Level-1,01,RACK,Available,Test-Air-Freight-Company-Test-Branch,Test Air Freight Company
Site-ATN,Building-DIMI,Zone-MAIN,Aisle-M,Bay-23,Level-2,01,RACK,Available,Test-Air-Freight-Company-Test-Branch,Test Air Freight Company
Site-ATN,Building-DIMI,Zone-MAIN,Aisle-M,Bay-23,Level-3,01,RACK,Available,Test-Air-Freight-Company-Test-Branch,Test Air Freight Company
Site-ATN,Building-DIMI,Zone-MAIN,Aisle-M,Bay-23,Level-4,01,RACK,Available,Test-Air-Freight-Company-Test-Branch,Test Air Freight Company
Site-ATN,Building-DIMI,Zone-MAIN,Aisle-M,Bay-24,Level-1,01,RACK,Available,Test-Air-Freight-Company-Test-Branch,Test Air Freight Company
Site-ATN,Building-DIMI,Zone-MAIN,Aisle-M,Bay-24,Level-2,01,RACK,Available,Test-Air-Freight-Company-Test-Branch,Test Air Freight Company
Site-ATN,Building-DIMI,Zone-MAIN,Aisle-M,Bay-24,Level-3,01,RACK,Available,Test-Air-Freight-Company-Test-Branch,Test Air Freight Company
Site-ATN,Building-DIMI,Zone-MAIN,Aisle-M,Bay-24,Level-4,01,RACK,Available,Test-Air-Freight-Company-Test-Branch,Test Air Freight Company
Site-ATN,Building-DIMI,Zone-MAIN,Aisle-M,Bay-25,Level-1,01,RACK,Available,Test-Air-Freight-Company-Test-Branch,Test Air Freight Company
Site-ATN,Building-DIMI,Zone-MAIN,Aisle-M,Bay-25,Level-2,01,RACK,Available,Test-Air-Freight-Company-Test-Branch,Test Air Freight Company
Site-ATN,Building-DIMI,Zone-MAIN,Aisle-M,Bay-25,Level-3,01,RACK,Available,Test-Air-Freight-Company-Test-Branch,Test Air Freight Company
Site-ATN,Building-DIMI,Zone-MAIN,Aisle-M,Bay-25,Level-4,01,RACK,Available,Test-Air-Freight-Company-Test-Branch,Test Air Freight Company
Site-ATN,Building-DIMI,Zone-MAIN,Aisle-M,Bay-26,Level-1,01,RACK,Available,Test-Air-Freight-Company-Test-Branch,Test Air Freight Company
Site-ATN,Building-DIMI,Zone-MAIN,Aisle-M,Bay-26,Level-2,01,RACK,Available,Test-Air-Freight-Company-Test-Branch,Test Air Freight Company
Site-ATN,Building-DIMI,Zone-MAIN,Aisle-M,Bay-26,Level-3,01,RACK,Available,Test-Air-Freight-Company-Test-Branch,Test Air Freight Company
Site-ATN,Building-DIMI,Zone-MAIN,Aisle-M,Bay-26,Level-4,01,RACK,Available,Test-Air-Freight-Company-Test-Branch,Test Air Freight Company
Site-ATN,Building-DIMI,Zone-MAIN,Aisle-M,Bay-27,Level-1,01,RACK,Available,Test-Air-Freight-Company-Test-Branch,Test Air Freight Company
Site-ATN,Building-DIMI,Zone-MAIN,Aisle-M,Bay-27,Level-2,01,RACK,Available,Test-Air-Freight-Company-Test-Branch,Test Air Freight Company
Site-ATN,Building-DIMI,Zone-MAIN,Aisle-M,Bay-27,Level-3,01,RACK,Available,Test-Air-Freight-Company-Test-Branch,Test Air Freight Company
Site-ATN,Building-DIMI,Zone-MAIN,Aisle-M,Bay-27,Level-4,01,RACK,Available,Test-Air-Freight-Company-Test-Branch,Test Air Freight Company
Site-ATN,Building-DIMI,Zone-MAIN,Aisle-M,Bay-28,Level-1,01,RACK,Available,Test-Air-Freight-Company-Test-Branch,Test Air Freight Company
Site-ATN,Building-DIMI,Zone-MAIN,Aisle-M,Bay-28,Level-2,01,RACK,Available,Test-Air-Freight-Company-Test-Branch,Test Air Freight Company
Site-ATN,Building-DIMI,Zone-MAIN,Aisle-M,Bay-28,Level-3,01,RACK,Available,Test-Air-Freight-Company-Test-Branch,Test Air Freight Company
Site-ATN,Building-DIMI,Zone-MAIN,Aisle-M,Bay-28,Level-4,01,RACK,Available,Test-Air-Freight-Company-Test-Branch,Test Air Freight Company
Site-ATN,Building-DIMI,Zone-MAIN,Aisle-M,Bay-29,Level-1,01,RACK,Available,Test-Air-Freight-Company-Test-Branch,Test Air Freight Company
Site-ATN,Building-DIMI,Zone-MAIN,Aisle-M,Bay-29,Level-2,01,RACK,Available,Test-Air-Freight-Company-Test-Branch,Test Air Freight Company
Site-ATN,Building-DIMI,Zone-MAIN,Aisle-M,Bay-29,Level-3,01,RACK,Available,Test-Air-Freight-Company-Test-Branch,Test Air Freight Company
Site-ATN,Building-DIMI,Zone-MAIN,Aisle-M,Bay-29,Level-4,01,RACK,Available,Test-Air-Freight-Company-Test-Branch,Test Air Freight Company
Site-ATN,Building-DIMI,Zone-MAIN,Aisle-M,Bay-30,Level-1,01,RACK,Available,Test-Air-Freight-Company-Test-Branch,Test Air Freight Company
Site-ATN,Building-DIMI,Zone-MAIN,Aisle-M,Bay-30,Level-2,01,RACK,Available,Test-Air-Freight-Company-Test-Branch,Test Air Freight Company
Site-ATN,Building-DIMI,Zone-MAIN,Aisle-M,Bay-30,Level-3,01,RACK,Available,Test-Air-Freight-Company-Test-Branch,Test Air Freight Company
Site-ATN,Building-DIMI,Zone-MAIN,Aisle-M,Bay-30,Level-4,01,RACK,Available,Test-Air-Freight-Company-Test-Branch,Test Air Freight Company
Site-ATN,Building-DIMI,Zone-MAIN,Aisle-M,Bay-31,Level-1,01,RACK,Available,Test-Air-Freight-Company-Test-Branch,Test Air Freight Company
Site-ATN,Building-DIMI,Zone-MAIN,Aisle-M,Bay-31,Level-2,01,RACK,Available,Test-Air-Freight-Company-Test-Branch,Test Air Freight Company
Site-ATN,Building-DIMI,Zone-MAIN,Aisle-M,Bay-31,Level-3,01,RACK,Available,Test-Air-Freight-Company-Test-Branch,Test Air Freight Company
Site-ATN,Building-DIMI,Zone-MAIN,Aisle-M,Bay-31,Level-4,01,RACK,Available,Test-Air-Freight-Company-Test-Branch,Test Air Freight Company
Site-ATN,Building-DIMI,Zone-MAIN,Aisle-M,Bay-32,Level-1,01,RACK,Available,Test-Air-Freight-Company-Test-Branch,Test Air Freight Company
Site-ATN,Building-DIMI,Zone-MAIN,Aisle-M,Bay-32,Level-2,01,RACK,Available,Test-Air-Freight-Company-Test-Branch,Test Air Freight Company
Site-ATN,Building-DIMI,Zone-MAIN,Aisle-M,Bay-32,Level-3,01,RACK,Available,Test-Air-Freight-Company-Test-Branch,Test Air Freight Company
Site-ATN,Building-DIMI,Zone-MAIN,Aisle-M,Bay-32,Level-4,01,RACK,Available,Test-Air-Freight-Company-Test-Branch,Test Air Freight Company
Site-ATN,Building-DIMI,Zone-MAIN,Aisle-M,Bay-33,Level-1,01,RACK,Available,Test-Air-Freight-Company-Test-Branch,Test Air Freight Company
Site-ATN,Building-DIMI,Zone-MAIN,Aisle-M,Bay-33,Level-2,01,RACK,Available,Test-Air-Freight-Company-Test-Branch,Test Air Freight Company
Site-ATN,Building-DIMI,Zone-MAIN,Aisle-M,Bay-33,Level-3,01,RACK,Available,Test-Air-Freight-Company-Test-Branch,Test Air Freight Company
Site-ATN,Building-DIMI,Zone-MAIN,Aisle-M,Bay-33,Level-4,01,RACK,Available,Test-Air-Freight-Company-Test-Branch,Test Air Freight Company
Site-ATN,Building-DIMI,Zone-MAIN,Aisle-M,Bay-34,Level-1,01,RACK,Available,Test-Air-Freight-Company-Test-Branch,Test Air Freight Company
Site-ATN,Building-DIMI,Zone-MAIN,Aisle-M,Bay-34,Level-2,01,RACK,Available,Test-Air-Freight-Company-Test-Branch,Test Air Freight Company
Site-ATN,Building-DIMI,Zone-MAIN,Aisle-M,Bay-34,Level-3,01,RACK,Available,Test-Air-Freight-Company-Test-Branch,Test Air Freight Company
Site-ATN,Building-DIMI,Zone-MAIN,Aisle-M,Bay-34,Level-4,01,RACK,Available,Test-Air-Freight-Company-Test-Branch,Test Air Freight Company
Site-ATN,Building-DIMI,Zone-MAIN,Aisle-M,Bay-35,Level-1,01,RACK,Available,Test-Air-Freight-Company-Test-Branch,Test Air Freight Company
Site-ATN,Building-DIMI,Zone-MAIN,Aisle-M,Bay-35,Level-2,01,RACK,Available,Test-Air-Freight-Company-Test-Branch,Test Air Freight Company
Site-ATN,Building-DIMI,Zone-MAIN,Aisle-M,Bay-35,Level-3,01,RACK,Available,Test-Air-Freight-Company-Test-Branch,Test Air Freight Company
Site-ATN,Building-DIMI,Zone-MAIN,Aisle-M,Bay-35,Level-4,01,RACK,Available,Test-Air-Freight-Company-Test-Branch,Test Air Freight Company
Site-ATN,Building-DIMI,Zone-MAIN,Aisle-M,Bay-36,Level-1,01,RACK,Available,Test-Air-Freight-Company-Test-Branch,Test Air Freight Company
Site-ATN,Building-DIMI,Zone-MAIN,Aisle-M,Bay-36,Level-2,01,RACK,Available,Test-Air-Freight-Company-Test-Branch,Test Air Freight Company
Site-ATN,Building-DIMI,Zone-MAIN,Aisle-M,Bay-36,Level-3,01,RACK,Available,Test-Air-Freight-Company-Test-Branch,Test Air Freight Company
Site-ATN,Building-DIMI,Zone-MAIN,Aisle-M,Bay-36,Level-4,01,RACK,Available,Test-Air-Freight-Company-Test-Branch,Test Air Freight Company
Site-ATN,Building-DIMI,Zone-MAIN,Aisle-M,Bay-37,Level-1,01,RACK,Available,Test-Air-Freight-Company-Test-Branch,Test Air Freight Company
Site-ATN,Building-DIMI,Zone-MAIN,Aisle-M,Bay-37,Level-2,01,RACK,Available,Test-Air-Freight-Company-Test-Branch,Test Air Freight Company
Site-ATN,Building-DIMI,Zone-MAIN,Aisle-M,Bay-37,Level-3,01,RACK,Available,Test-Air-Freight-Company-Test-Branch,Test Air Freight Company
Site-ATN,Building-DIMI,Zone-MAIN,Aisle-M,Bay-37,Level-4,01,RACK,Available,Test-Air-Freight-Company-Test-Branch,Test Air Freight Company
Site-ATN,Building-DIMI,Zone-MAIN,Aisle-M,Bay-38,Level-1,01,RACK,Available,Test-Air-Freight-Company-Test-Branch,Test Air Freight Company
Site-ATN,Building-DIMI,Zone-MAIN,Aisle-M,Bay-38,Level-2,01,RACK,Available,Test-Air-Freight-Company-Test-Branch,Test Air Freight Company
Site-ATN,Building-DIMI,Zone-MAIN,Aisle-M,Bay-38,Level-3,01,RACK,Available,Test-Air-Freight-Company-Test-Branch,Test Air Freight Company
Site-ATN,Building-DIMI,Zone-MAIN,Aisle-M,Bay-38,Level-4,01,RACK,Available,Test-Air-Freight-Company-Test-Branch,Test Air Freight Company
Site-ATN,Building-DIMI,Zone-MAIN,Aisle-M,Bay-39,Level-1,01,RACK,Available,Test-Air-Freight-Company-Test-Branch,Test Air Freight Company
Site-ATN,Building-DIMI,Zone-MAIN,Aisle-M,Bay-39,Level-2,01,RACK,Available,Test-Air-Freight-Company-Test-Branch,Test Air Freight Company
Site-ATN,Building-DIMI,Zone-MAIN,Aisle-M,Bay-39,Level-3,01,RACK,Available,Test-Air-Freight-Company-Test-Branch,Test Air Freight Company
Site-ATN,Building-DIMI,Zone-MAIN,Aisle-M,Bay-39,Level-4,01,RACK,Available,Test-Air-Freight-Company-Test-Branch,Test Air Freight Company
Site-ATN,Building-DIMI,Zone-MAIN,Aisle-M,Bay-40,Level-1,01,RACK,Available,Test-Air-Freight-Company-Test-Branch,Test Air Freight Company
Site-ATN,Building-DIMI,Zone-MAIN,Aisle-M,Bay-40,Level-2,01,RACK,Available,Test-Air-Freight-Company-Test-Branch,Test Air Freight Company
Site-ATN,Building-DIMI,Zone-MAIN,Aisle-M,Bay-40,Level-3,01,RACK,Available,Test-Air-Freight-Company-Test-Branch,Test Air Freight Company
Site-ATN,Building-DIMI,Zone-MAIN,Aisle-M,Bay-40,Level-4,01,RACK,Available,Test-Air-Freight-Company-Test-Branch,Test Air Freight Company
Site-ATN,Building-DIMI,Zone-MAIN,Aisle-M,Bay-41,Level-1,01,RACK,Available,Test-Air-Freight-Company-Test-Branch,Test Air Freight Company
Site-ATN,Building-DIMI,Zone-MAIN,Aisle-M,Bay-41,Level-2,01,RACK,Available,Test-Air-Freight-Company-Test-Branch,Test Air Freight Company
Site-ATN,Building-DIMI,Zone-MAIN,Aisle-M,Bay-41,Level-3,01,RACK,Available,Test-Air-Freight-Company-Test-Branch,Test Air Freight Company
Site-ATN,Building-DIMI,Zone-MAIN,Aisle-M,Bay-41,Level-4,01,RACK,Available,Test-Air-Freight-Company-Test-Branch,Test Air Freight Company
Site-ATN,Building-DIMI,Zone-MAIN,Aisle-M,Bay-42,Level-1,01,RACK,Available,Test-Air-Freight-Company-Test-Branch,Test Air Freight Company
Site-ATN,Building-DIMI,Zone-MAIN,Aisle-M,Bay-42,Level-2,01,RACK,Available,Test-Air-Freight-Company-Test-Branch,Test Air Freight Company
Site-ATN,Building-DIMI,Zone-MAIN,Aisle-M,Bay-42,Level-3,01,RACK,Available,Test-Air-Freight-Company-Test-Branch,Test Air Freight Company
Site-ATN,Building-DIMI,Zone-MAIN,Aisle-M,Bay-42,Level-4,01,RACK,Available,Test-Air-Freight-Company-Test-Branch,Test Air Freight Company
Site-ATN,Building-DIMI,Zone-MAIN,Aisle-M,Bay-43,Level-1,01,RACK,Available,Test-Air-Freight-Company-Test-Branch,Test Air Freight Company
Site-ATN,Building-DIMI,Zone-MAIN,Aisle-M,Bay-43,Level-2,01,RACK,Available,Test-Air-Freight-Company-Test-Branch,Test Air Freight Company
Site-ATN,Building-DIMI,Zone-MAIN,Aisle-M,Bay-43,Level-3,01,RACK,Available,Test-Air-Freight-Company-Test-Branch,Test Air Freight Company
Site-ATN,Building-DIMI,Zone-MAIN,Aisle-M,Bay-43,Level-4,01,RACK,Available,Test-Air-Freight-Company-Test-Branch,Test Air Freight Company
Site-ATN,Building-DIMI,Zone-MAIN,Aisle-M,Bay-44,Level-1,01,RACK,Available,Test-Air-Freight-Company-Test-Branch,Test Air Freight Company
Site-ATN,Building-DIMI,Zone-MAIN,Aisle-M,Bay-44,Level-2,01,RACK,Available,Test-Air-Freight-Company-Test-Branch,Test Air Freight Company
Site-ATN,Building-DIMI,Zone-MAIN,Aisle-M,Bay-44,Level-3,01,RACK,Available,Test-Air-Freight-Company-Test-Branch,Test Air Freight Company
Site-ATN,Building-DIMI,Zone-MAIN,Aisle-M,Bay-44,Level-4,01,RACK,Available,Test-Air-Freight-Company-Test-Branch,Test Air Freight Company
Site-ATN,Building-DIMI,Zone-MAIN,Aisle-M,Bay-45,Level-1,01,RACK,Available,Test-Air-Freight-Company-Test-Branch,Test Air Freight Company
Site-ATN,Building-DIMI,Zone-MAIN,Aisle-M,Bay-45,Level-2,01,RACK,Available,Test-Air-Freight-Company-Test-Branch,Test Air Freight Company
Site-ATN,Building-DIMI,Zone-MAIN,Aisle-M,Bay-45,Level-3,01,RACK,Available,Test-Air-Freight-Company-Test-Branch,Test Air Freight Company
Site-ATN,Building-DIMI,Zone-MAIN,Aisle-M,Bay-45,Level-4,01,RACK,Available,Test-Air-Freight-Company-Test-Branch,Test Air Freight Company
Site-ATN,Building-DIMI,Zone-MAIN,Aisle-M,Bay-46,Level-1,01,RACK,Available,Test-Air-Freight-Company-Test-Branch,Test Air Freight Company
Site-ATN,Building-DIMI,Zone-MAIN,Aisle-M,Bay-46,Level-2,01,RACK,Available,Test-Air-Freight-Company-Test-Branch,Test Air Freight Company
Site-ATN,Building-DIMI,Zone-MAIN,Aisle-M,Bay-46,Level-3,01,RACK,Available,Test-Air-Freight-Company-Test-Branch,Test Air Freight Company
Site-ATN,Building-DIMI,Zone-MAIN,Aisle-M,Bay-46,Level-4,01,RACK,Available,Test-Air-Freight-Company-Test-Branch,Test Air Freight Company
Site-ATN,Building-DIMI,Zone-MAIN,Aisle-M,Bay-47,Level-1,01,RACK,Available,Test-Air-Freight-Company-Test-Branch,Test Air Freight Company
Site-ATN,Building-DIMI,Zone-MAIN,Aisle-M,Bay-47,Level-2,01,RACK,Available,Test-Air-Freight-Company-Test-Branch,Test Air Freight Company
Site-ATN,Building-DIMI,Zone-MAIN,Aisle-M,Bay-47,Level-3,01,RACK,Available,Test-Air-Freight-Company-Test-Branch,Test Air Freight Company
Site-ATN,Building-DIMI,Zone-MAIN,Aisle-M,Bay-47,Level-4,01,RACK,Available,Test-Air-Freight-Company-Test-Branch,Test Air Freight Company
Site-ATN,Building-DIMI,Zone-MAIN,Aisle-M,Bay-48,Level-1,01,RACK,Available,Test-Air-Freight-Company-Test-Branch,Test Air Freight Company
Site-ATN,Building-DIMI,Zone-MAIN,Aisle-M,Bay-48,Level-2,01,RACK,Available,Test-Air-Freight-Company-Test-Branch,Test Air Freight Company
Site-ATN,Building-DIMI,Zone-MAIN,Aisle-M,Bay-48,Level-3,01,RACK,Available,Test-Air-Freight-Company-Test-Branch,Test Air Freight Company
Site-ATN,Building-DIMI,Zone-MAIN,Aisle-M,Bay-48,Level-4,01,RACK,Available,Test-Air-Freight-Company-Test-Branch,Test Air Freight Company
Site-ATN,Building-DIMI,Zone-MAIN,Aisle-M,Bay-49,Level-1,01,RACK,Available,Test-Air-Freight-Company-Test-Branch,Test Air Freight Company
Site-ATN,Building-DIMI,Zone-MAIN,Aisle-M,Bay-49,Level-2,01,RACK,Available,Test-Air-Freight-Company-Test-Branch,Test Air Freight Company
Site-ATN,Building-DIMI,Zone-MAIN,Aisle-M,Bay-49,Level-3,01,RACK,Available,Test-Air-Freight-Company-Test-Branch,Test Air Freight Company
Site-ATN,Building-DIMI,Zone-MAIN,Aisle-M,Bay-49,Level-4,01,RACK,Available,Test-Air-Freight-Company-Test-Branch,Test Air Freight Company
Site-ATN,Building-DIMI,Zone-MAIN,Aisle-M,Bay-50,Level-1,01,RACK,Available,Test-Air-Freight-Company-Test-Branch,Test Air Freight Company
Site-ATN,Building-DIMI,Zone-MAIN,Aisle-M,Bay-50,Level-2,01,RACK,Available,Test-Air-Freight-Company-Test-Branch,Test Air Freight Company
Site-ATN,Building-DIMI,Zone-MAIN,Aisle-M,Bay-50,Level-3,01,RACK,Available,Test-Air-Freight-Company-Test-Branch,Test Air Freight Company
Site-ATN,Building-DIMI,Zone-MAIN,Aisle-M,Bay-50,Level-4,01,RACK,Available,Test-Air-Freight-Company-Test-Branch,Test Air Freight Company
Site-ATN,Building-DIMI,Zone-MAIN,Aisle-M,Bay-51,Level-1,01,RACK,Available,Test-Air-Freight-Company-Test-Branch,Test Air Freight Company
Site-ATN,Building-DIMI,Zone-MAIN,Aisle-M,Bay-51,Level-2,01,RACK,Available,Test-Air-Freight-Company-Test-Branch,Test Air Freight Company
Site-ATN,Building-DIMI,Zone-MAIN,Aisle-M,Bay-51,Level-3,01,RACK,Available,Test-Air-Freight-Company-Test-Branch,Test Air Freight Company
Site-ATN,Building-DIMI,Zone-MAIN,Aisle-M,Bay-51,Level-4,01,RACK,Available,Test-Air-Freight-Company-Test-Branch,Test Air Freight Company
Site-ATN,Building-DIMI,Zone-MAIN,Aisle-M,Bay-52,Level-1,01,RACK,Available,Test-Air-Freight-Company-Test-Branch,Test Air Freight Company
Site-ATN,Building-DIMI,Zone-MAIN,Aisle-M,Bay-52,Level-2,01,RACK,Available,Test-Air-Freight-Company-Test-Branch,Test Air Freight Company
Site-ATN,Building-DIMI,Zone-MAIN,Aisle-M,Bay-52,Level-3,01,RACK,Available,Test-Air-Freight-Company-Test-Branch,Test Air Freight Company
Site-ATN,Building-DIMI,Zone-MAIN,Aisle-M,Bay-52,Level-4,01,RACK,Available,Test-Air-Freight-Company-Test-Branch,Test Air Freight Company
Site-ATN,Building-DIMI,Zone-MAIN,Aisle-M,Bay-53,Level-1,01,RACK,Available,Test-Air-Freight-Company-Test-Branch,Test Air Freight Company
Site-ATN,Building-DIMI,Zone-MAIN,Aisle-M,Bay-53,Level-2,01,RACK,Available,Test-Air-Freight-Company-Test-Branch,Test Air Freight Company
Site-ATN,Building-DIMI,Zone-MAIN,Aisle-M,Bay-53,Level-3,01,RACK,Available,Test-Air-Freight-Company-Test-Branch,Test Air Freight Company
Site-ATN,Building-DIMI,Zone-MAIN,Aisle-M,Bay-53,Level-4,01,RACK,Available,Test-Air-Freight-Company-Test-Branch,Test Air Freight Company
Site-ATN,Building-DIMI,Zone-MAIN,Aisle-M,Bay-54,Level-1,01,RACK,Available,Test-Air-Freight-Company-Test-Branch,Test Air Freight Company
Site-ATN,Building-DIMI,Zone-MAIN,Aisle-M,Bay-54,Level-2,01,RACK,Available,Test-Air-Freight-Company-Test-Branch,Test Air Freight Company
Site-ATN,Building-DIMI,Zone-MAIN,Aisle-M,Bay-54,Level-3,01,RACK,Available,Test-Air-Freight-Company-Test-Branch,Test Air Freight Company
Site-ATN,Building-DIMI,Zone-MAIN,Aisle-M,Bay-54,Level-4,01,RACK,Available,Test-Air-Freight-Company-Test-Branch,Test Air Freight Company
Site-ATN,Building-DIMI,Zone-MAIN,Aisle-M,Bay-55,Level-1,01,RACK,Available,Test-Air-Freight-Company-Test-Branch,Test Air Freight Company
Site-ATN,Building-DIMI,Zone-MAIN,Aisle-M,Bay-55,Level-2,01,RACK,Available,Test-Air-Freight-Company-Test-Branch,Test Air Freight Company
Site-ATN,Building-DIMI,Zone-MAIN,Aisle-M,Bay-55,Level-3,01,RACK,Available,Test-Air-Freight-Company-Test-Branch,Test Air Freight Company
Site-ATN,Building-DIMI,Zone-MAIN,Aisle-M,Bay-55,Level-4,01,RACK,Available,Test-Air-Freight-Company-Test-Branch,Test Air Freight Company
Site-ATN,Building-DIMI,Zone-MAIN,Aisle-M,Bay-56,Level-1,01,RACK,Available,Test-Air-Freight-Company-Test-Branch,Test Air Freight Company
Site-ATN,Building-DIMI,Zone-MAIN,Aisle-M,Bay-56,Level-2,01,RACK,Available,Test-Air-Freight-Company-Test-Branch,Test Air Freight Company
Site-ATN,Building-DIMI,Zone-MAIN,Aisle-M,Bay-56,Level-3,01,RACK,Available,Test-Air-Freight-Company-Test-Branch,Test Air Freight Company
Site-ATN,Building-DIMI,Zone-MAIN,Aisle-M,Bay-56,Level-4,01,RACK,Available,Test-Air-Freight-Company-Test-Branch,Test Air Freight Company
Site-ATN,Building-DIMI,Zone-MAIN,Aisle-M,Bay-57,Level-1,01,RACK,Available,Test-Air-Freight-Company-Test-Branch,Test Air Freight Company
Site-ATN,Building-DIMI,Zone-MAIN,Aisle-M,Bay-57,Level-2,01,RACK,Available,Test-Air-Freight-Company-Test-Branch,Test Air Freight Company
Site-ATN,Building-DIMI,Zone-MAIN,Aisle-M,Bay-57,Level-3,01,RACK,Available,Test-Air-Freight-Company-Test-Branch,Test Air Freight Company
Site-ATN,Building-DIMI,Zone-MAIN,Aisle-M,Bay-57,Level-4,01,RACK,Available,Test-Air-Freight-Company-Test-Branch,Test Air Freight Company
Site-ATN,Building-DIMI,Zone-MAIN,Aisle-M,Bay-58,Level-1,01,RACK,Available,Test-Air-Freight-Company-Test-Branch,Test Air Freight Company
Site-ATN,Building-DIMI,Zone-MAIN,Aisle-M,Bay-58,Level-2,01,RACK,Available,Test-Air-Freight-Company-Test-Branch,Test Air Freight Company
Site-ATN,Building-DIMI,Zone-MAIN,Aisle-M,Bay-58,Level-3,01,RACK,Available,Test-Air-Freight-Company-Test-Branch,Test Air Freight Company
Site-ATN,Building-DIMI,Zone-MAIN,Aisle-M,Bay-58,Level-4,01,RACK,Available,Test-Air-Freight-Company-Test-Branch,Test Air Freight Company
Site-ATN,Building-DIMI,Zone-MAIN,Aisle-M,Bay-59,Level-1,01,RACK,Available,Test-Air-Freight-Company-Test-Branch,Test Air Freight Company
Site-ATN,Building-DIMI,Zone-MAIN,Aisle-M,Bay-59,Level-2,01,RACK,Available,Test-Air-Freight-Company-Test-Branch,Test Air Freight Company
Site-ATN,Building-DIMI,Zone-MAIN,Aisle-M,Bay-59,Level-3,01,RACK,Available,Test-Air-Freight-Company-Test-Branch,Test Air Freight Company
Site-ATN,Building-DIMI,Zone-MAIN,Aisle-M,Bay-59,Level-4,01,RACK,Available,Test-Air-Freight-Company-Test-Branch,Test Air Freight Company
Site-ATN,Building-DIMI,Zone-MAIN,Aisle-M,Bay-60,Level-1,01,RACK,Available,Test-Air-Freight-Company-Test-Branch,Test Air Freight Company
Site-ATN,Building-DIMI,Zone-MAIN,Aisle-M,Bay-60,Level-2,01,RACK,Available,Test-Air-Freight-Company-Test-Branch,Test Air Freight Company
Site-ATN,Building-DIMI,Zone-MAIN,Aisle-M,Bay-60,Level-3,01,RACK,Available,Test-Air-Freight-Company-Test-Branch,Test Air Freight Company
Site-ATN,Building-DIMI,Zone-MAIN,Aisle-M,Bay-60,Level-4,01,RACK,Available,Test-Air-Freight-Company-Test-Branch,Test Air Freight Company
Site-ATN,Building-DIMI,Zone-MAIN,Aisle-M,Bay-61,Level-1,01,RACK,Available,Test-Air-Freight-Company-Test-Branch,Test Air Freight Company
Site-ATN,Building-DIMI,Zone-MAIN,Aisle-M,Bay-61,Level-2,01,RACK,Available,Test-Air-Freight-Company-Test-Branch,Test Air Freight Company
Site-ATN,Building-DIMI,Zone-MAIN,Aisle-M,Bay-61,Level-3,01,RACK,Available,Test-Air-Freight-Company-Test-Branch,Test Air Freight Company
Site-ATN,Building-DIMI,Zone-MAIN,Aisle-M,Bay-61,Level-4,01,RACK,Available,Test-Air-Freight-Company-Test-Branch,Test Air Freight Company
Site-ATN,Building-DIMI,Zone-MAIN,Aisle-M,Bay-62,Level-1,01,RACK,Available,Test-Air-Freight-Company-Test-Branch,Test Air Freight Company
Site-ATN,Building-DIMI,Zone-MAIN,Aisle-M,Bay-62,Level-2,01,RACK,Available,Test-Air-Freight-Company-Test-Branch,Test Air Freight Company
Site-ATN,Building-DIMI,Zone-MAIN,Aisle-M,Bay-62,Level-3,01,RACK,Available,Test-Air-Freight-Company-Test-Branch,Test Air Freight Company
Site-ATN,Building-DIMI,Zone-MAIN,Aisle-M,Bay-62,Level-4,01,RACK,Available,Test-Air-Freight-Company-Test-Branch,Test Air Freight Company
Site-ATN,Building-DIMI,Zone-MAIN,Aisle-M,Bay-63,Level-1,01,RACK,Available,Test-Air-Freight-Company-Test-Branch,Test Air Freight Company
Site-ATN,Building-DIMI,Zone-MAIN,Aisle-M,Bay-63,Level-2,01,RACK,Available,Test-Air-Freight-Company-Test-Branch,Test Air Freight Company
Site-ATN,Building-DIMI,Zone-MAIN,Aisle-M,Bay-63,Level-3,01,RACK,Available,Test-Air-Freight-Company-Test-Branch,Test Air Freight Company
Site-ATN,Building-DIMI,Zone-MAIN,Aisle-M,Bay-63,Level-4,01,RACK,Available,Test-Air-Freight-Company-Test-Branch,Test Air Freight Company
Site-ATN,Building-DIMI,Zone-MAIN,Aisle-M,Bay-64,Level-1,01,RACK,Available,Test-Air-Freight-Company-Test-Branch,Test Air Freight Company
Site-ATN,Building-DIMI,Zone-MAIN,Aisle-M,Bay-64,Level-2,01,RACK,Available,Test-Air-Freight-Company-Test-Branch,Test Air Freight Company
Site-ATN,Building-DIMI,Zone-MAIN,Aisle-M,Bay-64,Level-3,01,RACK,Available,Test-Air-Freight-Company-Test-Branch,Test Air Freight Company
Site-ATN,Building-DIMI,Zone-MAIN,Aisle-M,Bay-64,Level-4,01,RACK,Available,Test-Air-Freight-Company-Test-Branch,Test Air Freight Company
Site-ATN,Building-DIMI,Zone-MAIN,Aisle-M,Bay-65,Level-1,01,RACK,Available,Test-Air-Freight-Company-Test-Branch,Test Air Freight Company
Site-ATN,Building-DIMI,Zone-MAIN,Aisle-M,Bay-65,Level-2,01,RACK,Available,Test-Air-Freight-Company-Test-Branch,Test Air Freight Company
Site-ATN,Building-DIMI,Zone-MAIN,Aisle-M,Bay-65,Level-3,01,RACK,Available,Test-Air-Freight-Company-Test-Branch,Test Air Freight Company
Site-ATN,Building-DIMI,Zone-MAIN,Aisle-M,Bay-65,Level-4,01,RACK,Available,Test-Air-Freight-Company-Test-Branch,Test Air Freight Company
Site-ATN,Building-DIMI,Zone-MAIN,Aisle-M,Bay-66,Level-1,01,RACK,Available,Test-Air-Freight-Company-Test-Branch,Test Air Freight Company
Site-ATN,Building-DIMI,Zone-MAIN,Aisle-M,Bay-66,Level-2,01,RACK,Available,Test-Air-Freight-Company-Test-Branch,Test Air Freight Company
Site-ATN,Building-DIMI,Zone-MAIN,Aisle-M,Bay-66,Level-3,01,RACK,Available,Test-Air-Freight-Company-Test-Branch,Test Air Freight Company
Site-ATN,Building-DIMI,Zone-MAIN,Aisle-M,Bay-66,Level-4,01,RACK,Available,Test-Air-Freight-Company-Test-Branch,Test Air Freight Company
Site-ATN,Building-DIMI,Zone-MAIN,Aisle-M,Bay-67,Level-1,01,RACK,Available,Test-Air-Freight-Company-Test-Branch,Test Air Freight Company
Site-ATN,Building-DIMI,Zone-MAIN,Aisle-M,Bay-67,Level-2,01,RACK,Available,Test-Air-Freight-Company-Test-Branch,Test Air Freight Company
Site-ATN,Building-DIMI,Zone-MAIN,Aisle-M,Bay-67,Level-3,01,RACK,Available,Test-Air-Freight-Company-Test-Branch,Test Air Freight Company
Site-ATN,Building-DIMI,Zone-MAIN,Aisle-M,Bay-67,Level-4,01,RACK,Available,Test-Air-Freight-Company-Test-Branch,Test Air Freight Company
Site-ATN,Building-DIMI,Zone-MAIN,Aisle-M,Bay-68,Level-1,01,RACK,Available,Test-Air-Freight-Company-Test-Branch,Test Air Freight Company
Site-ATN,Building-DIMI,Zone-MAIN,Aisle-M,Bay-68,Level-2,01,RACK,Available,Test-Air-Freight-Company-Test-Branch,Test Air Freight Company
Site-ATN,Building-DIMI,Zone-MAIN,Aisle-M,Bay-68,Level-3,01,RACK,Available,Test-Air-Freight-Company-Test-Branch,Test Air Freight Company
Site-ATN,Building-DIMI,Zone-MAIN,Aisle-M,Bay-68,Level-4,01,RACK,Available,Test-Air-Freight-Company-Test-Branch,Test Air Freight Company
Site-ATN,Building-DIMI,Zone-MAIN,Aisle-M,Bay-69,Level-1,01,RACK,Available,Test-Air-Freight-Company-Test-Branch,Test Air Freight Company
Site-ATN,Building-DIMI,Zone-MAIN,Aisle-M,Bay-69,Level-2,01,RACK,Available,Test-Air-Freight-Company-Test-Branch,Test Air Freight Company
Site-ATN,Building-DIMI,Zone-MAIN,Aisle-M,Bay-69,Level-3,01,RACK,Available,Test-Air-Freight-Company-Test-Branch,Test Air Freight Company
Site-ATN,Building-DIMI,Zone-MAIN,Aisle-M,Bay-69,Level-4,01,RACK,Available,Test-Air-Freight-Company-Test-Branch,Test Air Freight Company
Site-ATN,Building-DIMI,Zone-MAIN,Aisle-M,Bay-70,Level-1,01,RACK,Available,Test-Air-Freight-Company-Test-Branch,Test Air Freight Company
Site-ATN,Building-DIMI,Zone-MAIN,Aisle-M,Bay-70,Level-2,01,RACK,Available,Test-Air-Freight-Company-Test-Branch,Test Air Freight Company
Site-ATN,Building-DIMI,Zone-MAIN,Aisle-M,Bay-70,Level-3,01,RACK,Available,Test-Air-Freight-Company-Test-Branch,Test Air Freight Company
Site-ATN,Building-DIMI,Zone-MAIN,Aisle-M,Bay-70,Level-4,01,RACK,Available,Test-Air-Freight-Company-Test-Branch,Test Air Freight Company
Site-ATN,Building-DIMI,Zone-MAIN,Aisle-M,Bay-71,Level-1,01,RACK,Available,Test-Air-Freight-Company-Test-Branch,Test Air Freight Company
Site-ATN,Building-DIMI,Zone-MAIN,Aisle-M,Bay-71,Level-2,01,RACK,Available,Test-Air-Freight-Company-Test-Branch,Test Air Freight Company
Site-ATN,Building-DIMI,Zone-MAIN,Aisle-M,Bay-71,Level-3,01,RACK,Available,Test-Air-Freight-Company-Test-Branch,Test Air Freight Company
Site-ATN,Building-DIMI,Zone-MAIN,Aisle-M,Bay-71,Level-4,01,RACK,Available,Test-Air-Freight-Company-Test-Branch,Test Air Freight Company
Site-ATN,Building-DIMI,Zone-MAIN,Aisle-M,Bay-72,Level-1,01,RACK,Available,Test-Air-Freight-Company-Test-Branch,Test Air Freight Company
Site-ATN,Building-DIMI,Zone-MAIN,Aisle-M,Bay-72,Level-2,01,RACK,Available,Test-Air-Freight-Company-Test-Branch,Test Air Freight Company
Site-ATN,Building-DIMI,Zone-MAIN,Aisle-M,Bay-72,Level-3,01,RACK,Available,Test-Air-Freight-Company-Test-Branch,Test Air Freight Company
Site-ATN,Building-DIMI,Zone-MAIN,Aisle-M,Bay-72,Level-4,01,RACK,Available,Test-Air-Freight-Company-Test-Branch,Test Air Freight Company
