"Code","Shipper Name","Exporter Category","Default Currency","Country","Default Incoterm","Primary Address","Pick Address","Primary Contact","Default UNLOCO"
"SUZFURSZV","SUZHOU FURUKAWA POWER OPTIC CABLE CO., LTD.","","","","","","","","CNSZH"
"TAIGRATPE","TAIWAN GRACE INTERNATIONAL CORP.","","","","","","","","TWTPE"
"ZHECOHSHG","ZHENJIANG COHWABRUSH CO., LTD","","","","","","","","CNSHG"
"DEVAKUK","DEVA HOLDING A.S.","","","","","","","","TRKUK"
"EASLOGBKK","EASTWIND LOGISTICS CO., LTD","","","","","","","","THBKK"
"CONELEMNL","CONTROLGEAR ELECTRIC CORPORATION","","","","","","","","PHMNL"
"NANTUONTG","NANTONG TUORUI INTERNATIONAL TRADE CO., LTD","","","","","","","","CNNTG"
"RZLIGHSZX","RZ LIGHTING CO., LTD.","","","","","","","","CNSNZ"
"SCHLAGDUI","SCHADE LAGERTECHNIK GMBH","","","","","","","","DEDUI"
"PREPROMDW","PRESTONE PRODUCTS LLC","","","","","","","","USCHI"
"BNGMEDSHK","BNG MEDICAL INSTRUMENT CO. LTD.","","","","","","","","CNSHK"
"KOLTECRMQ","KOLOWA TECHNOLOGY CO., LTD.","","","","","","","","TWTXG"
"JIAHENZUH","JIANGMEN HENGYUAN LABEL TECHNOLOGY CO.,LTD","","","","","","","","CNZUH"
"PINMUHDVO","PINK MUHLY","","","","","","","","PHDVO"
"NITBELBRU","NITTO BELGIUM","","","","","","","","BEBRU"
"GRASUCTYN","GRAND SUCCESS CO., LTD.","","","","","","","","TWTYN"
"POINTBCN","POINT SL","","","","","","","","ESBCN"
"BENHEALGB","BENEVOLENT HEALTHCARE FOUNDATION","","","","","","","","USLGB"
"EPIDRIFAA","EPIROC DRILLING TOOLS AB","","","","","","","","SEFAA"
"ROBBAHFRL","ROBEL BAHNBAUMASCHINEN GMBH INDUSTRIESTR","","","","","","","","DEFRL"
"GANMEDYTY","GANOR MEDICAL DEVICE CO.,LTD.","","","","","","","","CNYZH"
"ASPERIBSL","ASPERIQ AG","","","","","","","","CHBSL"
"SHEBAOSZX1","SHENZHEN BAOAN AREA SHAJING DONGFANG HARDWARE FACTORY","","","","","","","","CNSZX"
"TALWORILC","TALATRANS WORLDWIDE CORP","","","","","","","","USILC"
"BRUAIRBRU1","BRUSSELS AIRLINES","","","","","","","","BEBRU"
"SAHMHAM","SAHM GMBH & CO KG","","","","","","","","DEHAM"
"GRAINTHKG1","GRANTECH INTERNATIONAL ENGINEERING LIMITED","","","","","","","","HKHKG"
"DONHERDYA","DONGYANG HERBEAUTY CO. LTD.","","","","","","","","CNDYA"
"FUJEKSFZG","FUJIAN EKSAPOWER IMP. & EXP. CO. LTD.","","","","","","","","CNFZG"
"LEIGEOMEA","LEICA GEOSYSTEMS SAS","","","","","","","","FRMEA"
"ZHEYIPZHE","ZHEJIANG YIPU METAL MANUFACTURING CO LTD.","","","","","","","","CNZHE"
"DEUCHETPE","DEUCHEM CO LTD","","","","","","","","TWTPE"
"HRLTECBNE","HRL TECHNOOLGY GROUP PT LTD.","","","","","","","","AUBNE"
"ERIMAGAFE","ERIEZ MAGNETICS PTY. LTD","","","","","","","","AUVTP"
"SVIARE","SVI S.P.A.","","","","","","","","ITARE"
"ZHESOLSHA","ZHEJIANG SOLERAD ENVIRONMENT","","","","","","","","CNSHA"
"DEPOFSSFO","DEPARTMENT OF STATE ST/TO","","","","","","","","USSFO"
"MTSTRUMNL","MTS TRUCKING INCORPORATED","","","","","","","","PHMNL"
"SAZCORMNL","SAZA CORP.","","","","","","","","PHMNL"
"BIOEURMNL","BIOREGEN EURO INC.","","","","","","","","PHMNL"
"HANWELSZV","HANGZHOU WELLJOY HOUSEHOLD PRODUCTS CO.,LTD.","","","","","","","","CNSZH"
"SCHINDAFE","SCHENKER INDIA PRIVATE LIMITED","","","","","","","","INBOM"
"SHILONMNL","SHIJIAZHUANG LONGSHOW HOME TEXTILES CO., LTD.","","","","","","","","PHMNL"
"CIRDRUBOM","CIRON DRUGS & PHARMACEUTICALS PVT LTD.","","","","","","","","INBOM"
"FOSLIAFOS1","FOSHAN LIANJIANG FURNITURE CO., LTD.","","","","","","","","CNFOS"
"AIRDEFMAD","AIRBUS DEFENCE & SPACE","","","","","","","","ESMAD"
"SHEJPTSZX","SHENZHEN JPT OPTO-ELECTRONICS CO.., LTD","","","","","","","","CNSZX"
"NTGAIRNYC","NTG AIR & OCEAN, LLC","","","","","","","","USNYC"
"SKRPROMNL","SKRENE PROPERTIES INC.","","","","","","","","PHMNL"
"SPALECDUI","SPALECK GMBH","","","","","","","","DEDUI"
"GRAMACMNL","GRAND MACHINERY INC","","","","","","","","PHMNL"
"ABBFRABAB","ABB FRANCE1 AVENUE DES VICTIES DU","","","","","","","","FRBAB"
"FABRIMMNL","FABRIMETRICS","","","","","","","","PHMNL"
"ALISPEVCE","ALISPED S.P.A.","","","","","","","","ITVCE"
"CARMORATL","CAROLINA MORNING FIREWOOD","","","","","","","","USATL"
"GUAINTCNGUT","GUANGDONG INTEGRITY AND PROSPEROUS EXPORT SERVICE CO LTD","","","","","","","","CNGUT"
"BAOSINSGN","BAO-SIN CO LTD","","","","","","","","VNSGN"
"SHAAKEHKG","SHANE AKEROYD COLLECTION","","","","","","","","HKHKG"
"MATCONLDY","MATCON LIMITED","","","","","","","","GBLDY"
"INFQUAMNL1","INFINITE QUALITY DESIGNS CENTER INC.","","","","","","","","PHMNL"
"LABAMBDVO","LA BAMBA FASHION","","","","","","","","PHDVO"
"GUATAILNJ","GUANGZHOU TAIPENG HOME APPLIANCES FACTORY","","","","","","","","CNLNJ"
"EFAINDFDS","EFA INDUSTRIAL PARTS & EQUIPMENT","","","","","","","","FRFDS"
"TDSSEAAFE","TDS SEAEVER EXHIBITION SERVICE CO LTD","","","","","","","","CNSZX"
"CRACLOMNL","CRAFT CLOTHING","","","","","","","","PHMNL"
"TRUTACJNB","TRU-TAC ROLLERS (PTY) LTD","","","","","","","","ZAJNB"
"NUTCDOCGY","NUTRIMAX CDO PLANT","","","","","","","","PHCGY"
"PNEPOWSEK","PNEU POWDERS SYSTEMS SDN BHD","","","","","","","","MYSEK"
"SHAHUAAFE","SHANDONG HUALI ELECTRO MECHANICAL CO., LTD HE AND SONS CORP.","","","","","","","","CNSHA"
"ZHOSAQZGA","ZHONGSHAN SAQIANG IMPORT AND EXPORT TRADING CO.,LTD.","","","","","","","","CNZGA"
"XUZCONXUZ","XUZHOU CONSTRUCTION MACHINERY GROUP IMP. & EXP. CO., LTD.","","","","","","","","CNXZH"
"VIKSOLAMD","VIKRAM SOLUTIONS","","","","","","","","INAMD"
"MSCWARJFK","MSC WAREHOUSE","","","","","","","","USJFK"
"ZHOUNIAFE","ZHONGZHAN UNION INTERNATIONAL","","","","","","","","CNBJS"
"RUSTITQIW","RUSKIN TITUS GULF MANUFACTURING LLC","","","","","","","","AEQIW"
"HALCHISHA","HALMA CHINA GROUP","","","","","","","","CNSGH"
"MARCHRSYD","MARIA CHRISTINA GEMA ROXAS","","","","","","","","AUSYD"
"SHITIASHA","SHIJIAZHUANG TIANZEHENG TRADE CO. LTD","","","","","","","","CNSHA"
"VITMIXCLE","VITA-MIX CORPORATION","","","","","","","","USCLE"
"PRIFREJKT1","PT. PRIME FREIGHT INDONESIA","","","","","","","","IDJKT"
"VENREMQSL","VENUS REMEDIES LIMITED","","","","","","","","INQSL"
"NINGMFNGB","NINGBO GMF TELECOM TECHNOLOGY CO.,LTD","","","","","","","","CNNBO"
"MIWSOUSIN","MIWE SOUTH EAST ASIA PTE LTD","","","","","","","","SGSIN"
"PARINDDEL","PARVEEN INDUSTRIES PVT. LTD.","","","","","","","","INDEL"
"LEGREMHIP","LEGENCY REMEDIES (PVT) LTD","","","","","","","","INHIP"
"SHEASINSA","SHENZHEN ASIA STARTRANS IMPORT & EXPORTS CO LTD","","","","","","","","CNNSA"
"SHADAOSZV","SHANGHAI DAOQIN INTERNATIONAL TRADING CO., LTD.","","","","","","","","CNSZH"
"HARINTSHA","HARDROC INTERNAT","","","","","","","","CNSGH"
"PROLEDAFE","PRO LED","","","","","","","","ILTLV"
"GIVFLAMEA","GIVAUDAN FLAVOURS & FRAGRANCES MALAYSIA SDN BHD","","","","","","","","MYMEA"
"ZARATEMNL","ZARATE MANILA","","","","","","","","PHMNL"
"CURRAXHAM","CURRAX GMBH & CO. KG","","","","","","","","DEHAM"
"FLOSTRAFE","FLORINDA STROOBANT","","","","","","","","PHMNL"
"TRACHOPAS","TRADERS CHOICE GENERAL MERCHANDISE","","","","","","","","PHPAS"
"OPPMANHKG","OPPORTUNITY MANAGEMENT GROUP LTD","","","","","","","","HKHKG"
"BIOKINSAD","BIOBASE KINGS CO.,LTD","","","","","","","","CNSAD"
"IROBAKDTM","IRONSHINE BAKING SERVICES","","","","","","","","DEDTM"
"AIRTREPNY","AIRA TREX SOLUTIONS (I) PVT. LTD,","","","","","","","","INPNY"
"QEMINTIAH","QEMI INTERNATIONAL INC.","","","","","","","","USHOU"
"AUSPUMSZG","AUSTRIA PUMA DASSLER GMBH","","","","","","","","ATSZG"
"ASIAGRBKK","ASIATIC AGRO INDUSTRY CO., LTD.","","","","","","","","THBKK"
"TEREOSZHQ","TEREOS","","","","","","","","FRZHQ"
"ARRASISZX","ARRAY ASIA LTD.","","","","","","","","CNSNZ"
"IMPINDSHW","IMPROVE INDUSTRIAL (HONGKONG) CO., LIMITE","","","","","","","","HKSHW"
"EURAMASEL","EURAMA CORPORATION","","","","","","","","KRSEL"
"DONELEMNL","DONGSHENG ELECTRONICS PHILIPPINES CORPORATION","","","","","","","","PHMNL"
"CHIHUNLAX","CHILDREN'S HUNGER FUND","","","","","","","","USLAX"
"CARINDMNL1","CARBONMASTER INDUSTRIAL SALES INC.","","","","","","","","PHMNL"
"TIMLIGNSA","TIMES LIGHTING (SHENZHEN) CO. LTD.","","","","","","","","CNNSA"
"ZHOYUCSHK","ZHONGSHAN YUCHENG SOLAR TECHNOLOGY CO.,LTD.","","","","","","","","CNSHK"
"ENERECSFO","ENERGY RECOVERY, INC.","","","","","","","","USSFO"
"ECORECMAA","ECOSTER RECYCLING SYSTEMS","","","","","","","","INMAA"
"SHASUMSHA1","SHANGHAI SUMITOMO WAREHOUSING CO., LTD. (SWSH)","","","","","","","","CNSGH"
"GUAJEFCAN","GUANGDONG JE FURNITURE CO.,LTD.","","","","","","","","CNGGZ"
"LYNTRAMNL","LYNSYSTEM TRADING","","","","","","","","PHMNL"
"ULTFORALY","ULTRA FOR MEDICAL PRODUCTS CO. (ULTRAMED)","","","","","","","","EGALY"
"BAZCITBAZ","BAZHOU CITY MOONTOP FURNITURE CO.,LTD","","","","","","","","CNBAZ"
"SMITESRMI","SMI TESSUTI S.P.A","","","","","","","","ITRMI"
"ATLCOPORB","ATLAS COPCO ROCK DRILLS AB","","","","","","","","SEORB"
"LODTECSHZ","LODESTINE TECHNOLOGIES SHENZHEN LTD","","","","","","","","CHSHZ"
"BETFIBBKK","BETTERBELL FIBER (THAILAND) CO., LTD","","","","","","","","THBKK"
"COMTHABKK","COMPEQ THAILAND CO. LTD","","","","","","","","THBKK"
"FASMARJMN","FAST MARINE EQUIPMENT (HONG KONG) LIMITED","","","","","","","","CNJMN"
"FIERREGOA","FIERRE S.R.L.","","","","","","","","ITGOA"
"STYINDPNA","STYLAM INDUSTIRES LIMITED","","","","","","","","INPNA"
"CTTECHMNL","CT-TECHNOLOGIES INC.","","","","","","","","PHMNL"
"TAKSANAFE","TAKACHIHO SANGYO CO LTD","","","","","","","","JPNGO"
"MARGLOMNL","MARDAK GLOBAL EXPORT INC.","","","","","","","","PHMNL"
"COREXPMNL","CORDILLERA EXPLORATION CO., INC.","","","","","","","","PHMNL"
"WINPHIMNL","WINTOPIA PHILKO MANUFACTURING INC.","","","","","","","","PHMNL"
"GRILEOPMO","GRIPPI LEONARDO","","","","","","","","ITPMO"
"KOTELETYO","KOTO ELECTRIC CO., LTD.","","","","","","","","JPTYO"
"HSCOMHAN","HS COMPANY LIMITED","","","","","","","","VNHAN"
"SANMIGMAFE","SAN MIGUEL YAMAMURA PACKAGING CORPORATION","","","","","","","","PHMNL"
"GATRUBSIN","GATES RUBBER COMPANY (S) PTE LTD","","","","","","","","SGSIN"
"SENSOLMNL","SENJU SOLDER (PHILS.) INC.","","","","","","","","PHMNL"
"SUMMUREWR","SUMMURI LLC","","","","","","","","USEWR"
"ELBSYSYKN","ELBIT SYSTEMS LAND LTD.","","","","","","","","ILYKN"
"MACBUIGGE","MACHINE BUILDERS AND DESIGN","","","","","","","","USGGE"
"AQIQUIUBT","AQIA QUIMICA INOVATIVA LTDA","","","","","","","","BRUBT"
"SCECOMAUH","SCENT COMMUNITY PERFUMES","","","","","","","","AEAUH"
"LIOFARMNL","LIONHEART FARMS (PHILIPPINES) CORPORATION","","","","","","","","PHMNL"
"INJASOMZA","INJECTA S.R.L. A SOCIO UNICO","","","","","","","","ITMZA"
"SYAPERKUL","SYARIKAT PERNIAGAAN KEMAJUAN INT. SDN BHD","","","","","","","","MYKUL"
"ZIEABEDLE","ZIEHL- ABEGG SE HEINZ- SE","","","","","","","","DEDLE"
"VALINDSHA","VALMONT INDUSTIRES (CHINA) LTD.","","","","","","","","CNSGH"
"BALEMAGYY","BALEMASTER","","","","","","","","USGYY"
"KORFLOICN","KOREA FLOWMETER IND.CO.,LTD","","","","","","","","KRICN"
"ANTALALHR","ANTALA LTD","","","","","","","","GBLHR"
"EURTHABKK","EUREMO (THAILAND) LIMITED","","","","","","","","THBKK"
"JASGALMNL","JASON GALANG ATIENZA","","","","","","","","PHMNL"
"VERISTAFE","VERA LOGISTICS","","","","","","","","TRIST"
"SMTMALSZX","SMT MALLS ELECTRONICS TECHNOLOGY (HK) LIMITED","","","","","","","","CNSNZ"
"TOTINTSHA","TOTEK INTERNATIONAL CORPORATION LIMITED","","","","","","","","CNSHA"
"GEBMASFRA","GEBR.BELLMER GMBH MASCHINENFABRIK","","","","","","","","DEFRA"
"SINHUBSUU","SINOTRUCK HUBEI HUAWIN SPECIAL VEHICLE CO. LTD.","","","","","","","","CNSUU"
"PERRICACA","PERNOD RICARD MEXICO S.A. DE C.V.","","","","","","","","MXACA"
"CONOPTMNL1","CONTOUR OPTIK PHILIPPINE INC","","","","","","","","PHMNL"
"KCGPUBBKK","KCG CORPORATION PUBLIC COMPANY LIMITED","","","","","","","","THBKK"
"DEESOLYTO","DEEPCHILL SOLUTIONS INC.","","","","","","","","CATOR"
"SAMMQUMFM","SAMMQUATTRO MACAU COMPANY LTD.","","","","","","","","MOMFM"
"GABMARAFE","GABIN MARCEL INDIA PRIVATE LIMITED","","","","","","","","INDEL"
"ASDIOTTPE","ASDA IOT CO LTD.","","","","","","","","TWTPE"
"ATMMEDLZK","ATMOS MEDIZINTECHNIK GMBH & CO. KG","","","","","","","","DELZK"
"MANENGPNQ","MANIK ENGINEERS","","","","","","","","INPNQ"
"FUJJIUSZX","FUJIAN JIUPO BIOTECHNOLOGY CO. LTD.","","","","","","","","CNSNZ"
"BARGLOCVT","BARSAN GLOBAL LOGISTICS LTD","","","","","","","","GBCVT"
"DSHGLOPIS","DSH GLOBAL LOGISTICS","","","","","","","","ATPIS"
"SOUNDBCAN","SOUNDBOX INC","","","","","","","","CNGGZ"
"TIAMECSHA","TIANHE MECHANICAL EQUIPMENT MANUFACTURING CO., LTD.","","","","","","","","CNSHA"
"SCHENGPUW","SCHWEITZER ENGINEERING LABORATORIES","","","","","","","","USPUW"
"TSUELEBIN","TSUKIDEN ELECTRIC INDUSTRIES PHILIPPINES INC","","","","","","","","PHBIN"
"SHOAWEDVO","SHOCK AND AWE INDUSTRIAL CORP.","","","","","","","","PHDVO"
"XIALIBXIY","XI'AN LIBANG PHARMACEUTICAL CO., LTD.","","","","","","","","CNXIA"
"FOSBBTTAO","FOSHAN BBT IMPORT AND EXPORT","","","","","","","","CNQIN"
"PROCURLAX","PROJECT C.U.R.E.","","","","","","","","USLAX"
"VIBTECSEK","VIBRANTZ TECHNOLOGIES (M) SDN BHD","","","","","","","","MYSEK"
"SANTECITM","SANSEI TECHNOLOGIES INC.","","","","","","","","JPOSA"
"LOGIS7AFE","LOGISTICS24-7 GMBH","","","","","","","","DEFRA"
"MANROPMNL","MANILA ROPE ABACA","","","","","","","","PHMNL"
"RINNAINGO","RINNAI CORPORATION","","","","","","","","JPNGO"
"BAOZUNHPH","BAO ZUN VIET NAM CO., LTD","","","","","","","","VNHPH"
"KERKUNNUE","KERLING KUNSTSTOFFTECNHIK GMBH","","","","","","","","DENUE"
"KUAHAILPK","KUAN HAI SDN BHD,","","","","","","","","MYLPK"
"BASUSMMNL","BASSAB US MILITARY VMU 1","","","","","","","","PHMNL"
"QUAINTIEV","QUADRO INTERNATIONAL LLC","","","","","","","","UAIEV"
"PAKTECMKE","PAK TECH","","","","","","","","USMKE"
"MONVGLGOA","MONDIALE VGL S.P.A","","","","","","","","ITGOA"
"JEHTRADVO","JEHU TRADING CORP.","","","","","","","","PHDVO"
"HANHIKSHA","HANGZHOU HIKSTORAGE TECHNOLOGY CO., LTD.","","","","","","","","CNSHA"
"OTTBARNYC","OTTERBINE BAREBO","","","","","","","","USNYC"
"CSPANEBWH","CS PANEL SDN. BHD","","","","","","","","MYBWH"
"HENVICXIY","HENAN VIC MACHINERY CO., LTD.","","","","","","","","CNXIA"
"MICARTAFE","MICHELLE ART SERVICES","","","","","","","","HKHKG"
"GUATAVSHK","GUANGDONG TAVIC LIGHTING CO. LTD.","","","","","","","","CNSHK"
"ADVSUPAFE","ADVANCE SUPPORT JAPAN INC.","","","","","","","","JPTYO"
"JINBANAFE","JINGZHOU BANGTE MACHINERY CO., LTD","","","","","","","","CNJGZ"
"ZHOCHUCAN","ZHONGSHAN CHUZHILE BATH & KITCHEN PRODUCTS CO.,LTD","","","","","","","","CNGGZ"
"WINLOGMNL1","WINTEX LOGISTICS CORPORATION","","","","","","","","PHMNL"
"JEITECKUV","JEIO TECH CO., LTD.","","","","","","","","KRKUV"
"YANBONSAD","YANTAI BONWAY MANUFACTURER CO.,LTD","","","","","","","","CNSAD"
"MALNYCAFE","MALCA-AMIT USA, LLC - NEW YORK","","","","","","","","USNYC"
"ZHOUPENSA","ZHONGSHAN U PERFECT MANUFACTURING COMPANY","","","","","","","","CNNSA"
"DAEVIESGN","DAESANG VIET NAM CO., LTD - HAI DUONG BRANCH","","","","","","","","VNSGN"
"KYLECEB","A&B KYLE HOLDINGS INC.","","","","","","","","PHCEB"
"SOLINDBUN","SOLARFOAM INDUSTRIAL CORPORATION","","","","","","","","PHBUN"
"GPSGLOAFE","GPS GLOBAL","","","","","","","","NLALB"
"APABATBKK","APAISER BATHWARE (THAILAND) COMPANY LIMITED","","","","","","","","THBKK"
"WELCOMMNL","WELLSPRING COMMERCIAL OPC","","","","","","","","PHMNL"
"PERSTAIZM","PERGAMON STATUS DIS TICARET AS","","","","","","","","TRIZM"
"3PVERTHAM","3P VERTRIEBSGESELLSCHAFT MBH","","","","","","","","DEHAM"
"BUHCHABIO","BUHLER (CHANGZHOU) MACHINERY CO., LTD","","","","","","","","CNGGZ"
"ALLTECSDF","ALLTECH INC","","","","","","","","USLUI"
"KEMINTBLR","KEMPEGOWDA INTERNATIONAL AIRPORT","","","","","","","","INBLR"
"ANJDEKZHE","ANJI DEKA OFFICE SYSTEMS CO.,LTD.","","","","","","","","CNZHE"
"NATMACBNA","NATIONAL MACHINE PRODUCTS","","","","","","","","USBNA"
"NARMANBAN","NARDI MANUFACTURING (M) SDN BHD","","","","","","","","MYBAN"
"INTBURB6T","INTERSTUHI BUROMOBEL GMBH & CO. KG","","","","","","","","DEB6T"
"GUATIECAN","GUANGZHOU TIEGE TRADING CO.,LTD.","","","","","","","","CNGGZ"
"MTCTEXRMQ","MTC TEXTILE CO., LTD","","","","","","","","TWTXG"
"TAKMANSTM","TAKEUCHI MANUFACTURING CO.,LTD.","","","","","","","","JPSTM"
"NABSALJHB","NABILA SALIM","","","","","","","","MYJHB"
"FOSSHELSS","FOSHAN SHENGRUI BUILDING MATERIALS CO LTD","","","","","","","","CNLSS"
"AENTSEL","AENT","","","","","","","","KRSEL"
"KWILOGTAO1","KWISE LOGISTICS(SHANDONG)CO.LTD","","","","","","","","CNQIN"
"EPEQUISZV","EP EQUIPMENT CO.,LTD.","","","","","","","","CNSZH"
"TURBOPBUF","TURBOPRO INC.","","","","","","","","USBUF"
"KLOTHEDTM","KLOPPER-THERM GMBH","","","","","","","","DEDTM"
"BIOTESAFE","BIOTESTLAB LLC","","","","","","","","UAODS"
"SECDISNBR","SECURITON AG DISTRIBUTION HEKATRON TECH","","","","","","","","DENBR"
"SHEYOHAFE","SHENZHEN YOHOO INTERNATIONAL LOGISTICS CO., LTD.","","","","","","","","PHMNL"
"NSTAPPSIN","NST APPAREL (SG) PTE. LTD","","","","","","","","SGSIN"
"WORITAGOA","WORK ITALIA S.R.L.","","","","","","","","ITGOA"
"MARTOLTPZ","MARELLI TOLUCA MEXICO","","","","","","","","MXTPZ"
"COPCLIJSU","COPELAND CLIMATE TECHNOLOGIES (SUZHOU) CO., LTD","","","","","","","","CNJSU"
"SANLOMLCO","SANTA LOMA SPA","","","","","","","","CLLCO"
"OSYCONMNLAFE","OSYALI CONSTRUCTION AND TRADING INC.","","","","","","","","PHMNL"
"SURAIRCEB","SURGECO / AIR LIQUIDE","","","","","","","","PHCEB"
"SILMINMNL","SILANGAN MINDANAO MINING CO INC","","","","","","","","PHMNL"
"HYSYALSIN","HYSTER-YALE ASIA PACIFIC PTE. LTD","","","","","","","","SGSIN"
"FLLFERRMI","F.LLI FERRETTI E. & E. SRL","","","","","","","","ITRMI"
"HWAMAWRMQ","HWA MAW MACHINE INDUSTRIAL CO., LTD.","","","","","","","","TWTXG"
"GANKALLGB","GANDANG KALIKASAN USA INC.","","","","","","","","USLGB"
"TECSYSVPI","TECKNOTROVE SYSTEMS (INDIA) PVT LTD","","","","","","","","INVPI"
"WELBUIMNL","WELL-BUILT SPECIALTY CONTRACTORS INC","","","","","","","","PHMNL"
"SEPMINYVR","SEPRO MINERAL SYSTEMS CORP.","","","","","","","","CAVAN"
"RESASISIN","RESONAC ASIA PACIFIC PTE LTD","","","","","","","","SGSIN"
"DASARTAFE","DASAN ART","","","","","","","","KRSEL"
"SHSCIEKUV","SH SCIENTIFIC CO., LTD","","","","","","","","KRKUV"
"FANCHAMNL","FANG CHAN INC.","","","","","","","","PHMNL"
"KOUPACMNL","KOUFU PACKAGING CORPORATION","","","","","","","","PHMNL"
"DOWMINJFM","DOWNUNDER MINING","","","","","","","","AUFRE"
"ZHESTASIN","ZHEJIANG STAXX MATERIAL HANDLING EQUIPMENT CO. LTD","","","","","","","","SGSIN"
"PLASTRBKK","PLASTROCHEM CO., LTD.","","","","","","","","THBKK"
"WISCOMNUE","WISI COMMUNICATIONS GMBH & CO. KG,","","","","","","","","DENUE"
"YANTAIYNT","YAN TAI CARSEM REFRIGERATION ENGINEERING CO. LTD","","","","","","","","CNYAT"
"SHEHANSZX","SHENZHEN HAN YU TONG TRADE CO., LTD.","","","","","","","","CNSNZ"
"IFTECHMNL","IF TECH PLACE ONE BUILDNG","","","","","","","","PHMNL"
"DIACUSJFK","DIAMOND CUSTOMS MACHINES CORPORATION","","","","","","","","USJFK"
"TLDACENYC","TLD ACE C/O TLD EUROPE","","","","","","","","USNYC"
"JULBLUHST","JULIUS BLUM GMBH","","","","","","","","ATHST"
"CRAPAYSSI","CRANE PAYMENT INNOVATIONS","","","","","","","","USSSI"
"SPAINDMNL","SPARK INDUSTRIES","","","","","","","","PHMNL"
"WELALLSYR","WELCH ALLYN INC","","","","","","","","USSYR"
"MASTERLAX","MASTERLINE","","","","","","","","USLAX"
"JOUSANXMN","JOUCO (XIAMEN) SANITARY WARE CO.,LTD.","","","","","","","","CNXAM"
"STRFURMMX","STRING FURNITURE AB","","","","","","","","SEMMA"
"HEBLEJXGA","HEBEI LEJIANG FURNITURE CORP.,LTD","","","","","","","","CNXGA"
"SHIMEDMHB","SHILPA MEDICARE LIMITED","","","","","","","","INMHB"
"VITPLUDGG","VITAMIN PLUS LIMITED","","","","","","","","CNDGG"
"SUMSPEPUS","SUMMIT SPECIAL METAL CO. , LTD","","","","","","","","KRPUS"
"ALLFILMKC","ALLEN FILTERS450 SOUTH UNION AVENUE","","","","","","","","USMKC"
"GUAHAOCAN1","GUANGZHOU HAOQI TRADING CO. LTD","","","","","","","","CNGGZ"
"CSPWEITSN","CSPC WEISHENG PHARMACEUTICAL (SHIJIAZHUANG)CO.,LTD.","","","","","","","","CNTNJ"
"NIPSANPSG","NIPPON SANSO INGASCO, INC.","","","","","","","","PHPSG"
"ECOTROSEL","ECOTRON CO LTD","","","","","","","","KRSEL"
"LCTLEAMNL","LCTSI - LEAD CORE TECHNOLOGY SYSTEM INCORPORATED","","","","","","","","PHMNL"
"FSNHRENAH","FS NH REAL WIN I/E CO., LTD.","","","","","","","","CNNAH"
"GENNOLMIL","GENERAL NOLI SPEDIZIONI INTERNAZIONALI SPA MILANO","","","","","","","","ITMIL"
"JOHMATMMX","JOHAN MATSANDERS","","","","","","","","SEMMX"
"ZETENTUMB","ZETACARE ENTERPRISES","","","","","","","","INUMB"
"LIELOGSTU","LIEBHER LOGISTICS GMBH","","","","","","","","DESTU"
"VERDESSUH","VERSA DESIGNED SURFACE (SUZHOU)CO.,LTD.","","","","","","","","CNSUH"
"VFCENGMEA","VFC ENGINEERING SAS","","","","","","","","FRMEA"
"JIASENNKG","JIANGSU SENOLO MEDICAL TECHNOLOGY CO.,LTD","","","","","","","","CNNJI"
"LIEDISDCG","LIEBHERR DISTRIBUTION ET SERVICES","","","","","","","","FRDCG"
"MUTTHOMNL","MUTUC, THOR JOURDAN COLAGON","","","","","","","","PHMNL"
"COLRAICGS","COLAS RAIL IMMEUBLE DEFENSE PLAZA","","","","","","","","FRMEA"
"IFIHEASYD","IFIT HEALTH & FITNESS AUSTRALIA","","","","","","","","AUSYD"
"SEABOACEB","SEALS BOATYARD INC.","","","","","","","","PHCEB"
"AMBELEMNL","AMBAS ELECTRIC AND AUTOMATION","","","","","","","","PHMNL"
"COHOUSNGO","CO., LTD HOUSEN","","","","","","","","JPNGO"
"HANHUAHZO1","HANGZHOU HUADING NEW ENERGY CO LTD","","","","","","","","CNHZO"
"SUBARUTYO","SUBARU CORPORATION","","","","","","","","JPTYO"
"ZEIBROILG","ZEIGER BROS.,INC.","","","","","","","","USILG"
"MAYINDBTN","PT. MAYORA INDAH TBK","","","","","","","","IDBTN"
"MARFREKWN1","MARSHAL FREIGHT INTERNATIONAL LIMITED","","","","","","","","HKKWN"
"FELLAWMNL","FELICIANO LAW OFFICE","","","","","","","","PHMNL"
"DAVSANAFE","DAVAO SAN EI TRADING","","","","","","","","PHMNL"
"ZHOFANNSA","ZHONGSHAN FANTAS LIGHTING CO. LTD.","","","","","","","","CNNSA"
"CHITRAZGA","CHINA TRADERITE CO. LTD CO TCS","","","","","","","","CNZGA"
"GROFORCFJ","GROUPE FORDIA INC","","","","","","","","USCFJ"
"AELLMTAFE","AEL LIMITED INC","","","","","","","","PHMNL"
"KARCHEKTZ","KARCHER LTD","","","","","","","","HKKTZ"
"UNIAUTSHG","UNITED AUTOMOTIVE ELECTRONIC SYSTEM CO.,LTD","","","","","","","","CNSHG"
"ALBATRJBK","ALBATRANS INC.","","","","","","","","USJBK"
"SHABAISHA1","SHANGHAI BAISHI INTERNATIONAL TRADE CO., LTD.","","","","","","","","CNSGH"
"XIAHIGXMN","XIAMEN HIGREEN LIGHTING CO.,LTD","","","","","","","","CNXAM"
"MONTUDZRH","MONTRES TUDOR SA","","","","","","","","CHZRH"
"TESTECAFE","CANLAS, CYNDEE BAUTISTA","","","","","","","","PHMNL"
"KIZDESLAX","KIZIK DESIGN","","","","","","","","USLAX"
"HENSUNQDG","HENAN SUNJOY CO., LTD.","","","","","","","","CNQDG"
"XRAISTAFE","XRAY CENTER GUVENLIK SISTEMLERI A.S.","","","","","","","","TRAMB"
"VINAUSADL","VINARCHY AUSTRALIA LIMITED","","","","","","","","AUADL"
"SOLPANMNL","SOLARIS PANABO CORP.","","","","","","","","PHMNL"
"PRIMETLHR","PRIMETOOLS LTD","","","","","","","","GBLHR"
"SHEUPUSZX","SHENZHEN UPU-SKAFF TRADING CO.,LTD.","","","","","","","","CNSNZ"
"IFEAERLON","IFE AEROSPACE","","","","","","","","GBLON"
"AKRBRAGQQ","AKRON BRASS COMPANY","","","","","","","","USGQQ"
"XLINEIGOA","X-LINE IMAGING","","","","","","","","ITGOA"
"KWATAEMNL","KWANG TA ELECTRIC PHILS. CORP.","","","","","","","","PHMNL"
"ETONKWU","ET ON","","","","","","","","KRKWU"
"ASYASISIN","ASYS GROUP ASIA PTE LTD.","","","","","","","","SGSIN"
"WUXHYDSHG","WUXI HYDRO ENVIRONMENTAL TECHNOLOGY CO LTD","","","","","","","","CNSHG"
"COCCOLIAH","THE COCA COLA COMPANY","","","","","","","","USHOU"
"MARMARAFE","MARINE MAROC","","","","","","","","MACAS"
"HUSMOTYOK","HUSSAIN MOTORS CO. LTD.","","","","","","","","JPYOK"
"ESTLIV","E.S.T SRL","","","","","","","","ITLIV"
"PHAPHABDQ","PHARMLITE PHARMACEUTICALS LLP","","","","","","","","INBDQ"
"AQURONDFW","AQURON","","","","","","","","USDFW"
"BRULOGSIN","BRUHAT LOGISTICS PTE LIMITED","","","","","","","","SGSIN"
"ROHPROAFE","ROH PROJECTS","","","","","","","","IDJKT"
"KAYESJMN","KAYES COMPANY LIMITED LTD","","","","","","","","CNJMN"
"AIRCOUWVB","AIRFREIGHT COURIER TRANSPORT LOGISTICS","","","","","","","","NAWVB"
"FEDONELAX","FEDERAL ONE SUPPLIES LLC","","","","","","","","USLAX"
"BELLMEFKB","BELLMER GMBH","","","","","","","","DEKAE"
"KOZIOLMHG","KOZIOL","","","","","","","","DEMHG"
"ENGRAIMCI","ENGRAIN LLC","","","","","","","","USKCK"
"QINTIACNS","QINGDAO TIANRUI TECHNOLOGY GROUP CO., LTD","","","","","","","","AUCNS"
"EYTHKGAFE","EYTHOS HK LIMITED","","","","","","","","HKHKG"
"JCGMARMNL1","JCG MARKETING GROUP INC.","","","","","","","","PHMNL"
"XTRUSTADL","XTRUST","","","","","","","","AUADL"
"ARUGAMMFM","ARUZE GAMING GLOBAL","","","","","","","","MOMFM"
"KUENAGAFE","KUEHNE + NAGEL LTD","","","","","","","","GBCVT"
"MARINDFCO","MARINI INDUSTRIE S.P.A.","","","","","","","","ITFCO"
"CHAYINJSU","CHANGZHOU YINLEI ELECTRONIC CO., LTD","","","","","","","","CNJSU"
"ANTLUPRMI","ANTONIO LUPI DESIGN SPA","","","","","","","","ITRMI"
"HANHENSZX","HANGZHOU HENGXI ANG ELECTRONICA COMMERCE CO. LTD","","","","","","","","CNSNZ"
"ZHEHUANBG","ZHEJIANG HUANQUN PLASTIC CO., LTD.","","","","","","","","CNNBG"
"GLOWMIPSG","GLOWMING INC","","","","","","","","PHPSG"
"POLINDMNL1","POLYLINE INDUSTRIES INC.","","","","","","","","PHMNL"
"QUALMEDATL","QUALITY MED","","","","","","","","USATL"
"XINVIEHPH","XINWEI VIET NAM CO. LTD.","","","","","","","","VNHPH"
"CRISCEHHW","CRIME SCENE INVESTIGATION LOCARD HOUSE","","","","","","","","USHHW"
"ANPCOUHEB","ANPING COUNTY YIZE METAL PRODUCTS CO LTD","","","","","","","","CNHEB"
"SHIAOSNBG1","SHIJIAZHUANG AOSE IMP. & EXP. CO. LTD.","","","","","","","","CNNBG"
"PROASIAFE","PROXES ASIA PACIFIC PTE LTD.","","","","","","","","SGSIN"
"TRISMAAMS","TRILO SMART INDUSTRIES","","","","","","","","NLAMS"
"MMCENTVAG","MM SERVICE CENTER AB","","","","","","","","SEVAG"
"EASTINHKG","EASTING LIMITED","","","","","","","","HKHKG"
"NINLUCMLN","NINGBO LUCKYSTAR COMMODITIES CO., LTD","","","","","","","","CNMLN"
"SETICVSS","SETIC","","","","","","","","FRVSS"
"BIDSINMNL","BIDFOOD SINGAPORE PTE LTD.","","","","","","","","PHMNL"
"DAIINTBIN","DAINAN INTERNATIONAL, INC.","","","","","","","","PHBIN"
"MJDINDMNL","MJD INDUSTRIES INC.","","","","","","","","PHMNL"
"BPMEDIYVR","BP MEDIA, INC.","","","","","","","","CAVAN"
"EMPMODMNL","EMP MODELLERS NOVELTY SHOP","","","","","","","","PHMNL"
"EMPSHAAFE","EMPIRE SHARED SERVICES PHILIPPINES INC.","","","","","","","","PHMNL"
"GUACAIFOS","GUANGDONG CAIFENG PRINTING TECHNOLOGY CO.LTD","","","","","","","","CNFOS"
"ALFASIMFM","ALFASTREET ASIA LIMITED","","","","","","","","MOMFM"
"SHEXUDSZX","SHENZHEN XUDONGJINXIN TECHNOLOGY CO LTD","","","","","","","","CNSZX"
"ECOSYSSUN","ECONMETALL SYSTEMSSDN BHD.","","","","","","","","MYSUN"
"HALTECPIT","HALTEC","","","","","","","","USPIT"
"HONSHAHKG1","HONG KONG SHANGHAI MAITROX TECHNOLOGY SERVICES LIMITED","","","","","","","","HKHKG"
"ABAROBDVO","ABARQUEZ , ROBERT ABADINAS","","","","","","","","PHDVO"
"BPECOSMNL","BP ECOSYSTEM EQUIPMENT CORP.","","","","","","","","PHMNL"
"RETFARTAO","RETECH FARMING","","","","","","","","CNQIN"
"TECQUIMNL","TECH-QUIPPED CORPORATION","","","","","","","","PHMNL"
"OTRCOSAFE","OTRA COSA GLOBAL DE COMUNICACION SL","","","","","","","","ESMAD"
"QINFUTTAO","QINGDAO FUTURE MACHINERY TECHNOLOGY CO., LTD.","","","","","","","","CNTAO"
"ZITLABBCN","ZITRO LABORATORY S L U","","","","","","","","ESBCN"
"MENOCESYD","MENARD OCEANIA PTY LTD","","","","","","","","AUSYD"
"SMIIMEHKG","SMIDT-IMEX ASIA LIMITED","","","","","","","","HKHKG"
"ZHEWUYZHE","ZHEJIANG WUYI SHENGLU TOOLS CO.LTD","","","","","","","","CNZHE"
"FOOMACMNL","FOOD MACHINERY INDUSTRIAL CORPORATION","","","","","","","","PHMNL"
"SCIGLOBJS","SCITEK GLOBAL CO. LTD.","","","","","","","","CNBJS"
"TONHSITPE","TONG HSING ELECTRONICS IND. LTD.","","","","","","","","TWTPE"
"SHEWILCLE","THE SHERWIN WILLIAMS COMPANY","","","","","","","","USCLE"
"TILGALMNL","THE TILE GALLERY","","","","","","","","PHMNL"
"ZHAXIAFUJ","ZHANGZHOU XIANGZHOU LEATHER CO.,LTD","","","","","","","","CNFUJ"
"TSUMANITM","TSURUMI MANUFACTURING CO., LTC.","","","","","","","","JPOSA"
"ALLNATCEB","ALL NATURAL COCO PRODUCTS, INC.","","","","","","","","PHCEB"
"SUMSTRAFE","SUMMIT STRAPPING CORPORATION","","","","","","","","PHMNL"
"JAYJAMMNL","JAY & JAMES SCRAP TRADING","","","","","","","","PHMNL"
"HSYSECLGH","HSY SECURITY INDUSTRIAL CO., LIMITED","","","","","","","","CNLGH"
"SHAIUGSHA","SHANGHAI IUGIS CARBON INDUSTRY CO.,LTD","","","","","","","","CNSGH"
"QORGERNUE","QORVO GERMANY GMBH","","","","","","","","DENUE"
"JAPPULTYO","JAPAN PULP AND PAPER CO LTD","","","","","","","","JPTYO"
"ZARCONCEB","ZARIAH CONSUMER GOODS TRADING","","","","","","","","PHCEB"
"CQMRAZBNE","CQMS RAZER PTY LTD","","","","","","","","AUBNE"
"BABHAPSHK","BABY HAPPYLAND CO., LIMITED","","","","","","","","CNSHK"
"AANDFIANT","AANDFIT GMBH & CO. KG","","","","","","","","BEANT"
"ORBISKAMS","ORBISK B.V.","","","","","","","","NLAMS"
"PHINIPMNL","PHIL-NIPPON KYOEI CORPORATION","","","","","","","","PHMNL"
"DONGRECAN","DONGGUAN GREEN PACKING PRODUCTS CO., LTD","","","","","","","","CNGGZ"
"NEUINDFMO","NEUERO INDUSTRIETECHNIK FUER","","","","","","","","DEMSR"
"RAFINTPNH","RAF INT’L FORWARDING (CAMBODIA) INC.","","","","","","","","KHPNH"
"PLMCHEMNL","PLM CHEMICAL CORPORATION","","","","","","","","PHMNL"
"CHHSENPNH","CHHAYHENG SENG","","","","","","","","KHPNH"
"ALFFERAFE","ALFREDO FERNANDO RAZON GONZALEZ","","","","","","","","USHNL"
"TECRELBOM","TECHNO RELIEF OVERSEAS INDIA PRIVATE LIMITED","","","","","","","","INBOM"
"EPIROCVST","EPIROC ROCK DRILLS AB","","","","","","","","SEVST"
"CASDISLAX","CASINO DISCOUNT PRODUCTS","","","","","","","","USLAX"
"GENHEABLP","GENWORKS HEALTH PRIVATE LIMITED","","","","","","","","INBLP"
"GRELOTBDU","GREAT LOTUS MANUFACTURING VIETNAM COMPANY LIMITED","","","","","","","","VNBDU"
"MEDICABOS","MEDICA CORPORATION","","","","","","","","USBOS"
"BETFULDLC","BETTERENT FULL SHIPPING CO., LTD","","","","","","","","CNDAL"
"OTOOTOAFE","OTOKAR OTOMOTIV VE SAVUNMA SANAYI A.S.","","","","","","","","TRANK"
"SENINDHKG","SENKER INDUSTRIAL COMPANY","","","","","","","","HKHKG"
"INGTRAHGH","INGREDION TRADING (SHANGHAI) LIMITED","","","","","","","","CNHAZ"
"AIRDIVSRZ","AIR DIVISION MASTERLINE SRL","","","","","","","","BOSRZ"
"REDECAGOA","REDECAM GROUP SPA","","","","","","","","ITGOA"
"DIVFREMNL","DIVERSIFIED FREIGHT SYSTEM PHILIPPINES CORPORATION","","","","","","","","PHMNL"
"GRUALVAGP","GRUPO ALVIC FR MOBILIARIO SL","","","","","","","","ESAGP"
"SUNCOLZTW","SUNSHINE COLD CHAIN MANAGEMENT CO. LTD.","","","","","","","","HKZTW"
"AUMMEXMEX","AUMOVIO MEXICO S. DE R.L. DE C.V","","","","","","","","MXMEX"
"HEBNORSJW","HEBEI NORTH CHINA PHARMACEUTICAL HUAHENG PHARMACEUTICAL CO., LTD","","","","","","","","CNSJW"
"HEXDISMAFE","HEXAGON DISTRIBUTING CORP","","","","","","","","PHMNL"
"SAMLONMFM","SAM LONG INTERNATIONAL ENGINEERING TRADING CO., LTD.","","","","","","","","MOMFM"
"LOGPLUBOM","LOGISTICS PLUS PRIVATE LIMITED","","","","","","","","INBOM"
"UGRNETYVR","UGRID NETWORK INC","","","","","","","","CAVAN"
"EMBCENMNL","EMB CENTRAL","","","","","","","","PHMNL"
"LIVEASAFE","LIVING EASY COMPANY LIMITED","","","","","","","","THBKK"
"GUALEISHK","GUANGDONG LEIYON INTELLIGENCE TECHNOLOGY CORP.","","","","","","","","CNSHK"
"YANMEICAN","YANGJIANG MEIJIALE BEAUTY PRODUCTS INDUSTRY AND TRADE CO.LTD.","","","","","","","","CNGGZ"
"PROKUNRTM","PROFILAN KUNSTSTOFFWERK GMBH & CO. KG","","","","","","","","NLRTM"
"MIKTECHPH","MIKADO TECHNOLOGY AND TRADING JSC- MIKADO TILE FACTORY","","","","","","","","VNHPH"
"BATMEDBTG","BATANGAS MEDICAL CENTER","","","","","","","","PHBTG"
"SHIZHEAFE","SHINING 3D TECH CO., LTD.","","","","","","","","CNZHE"
"SUNTAKHKG1","SUN TAK INDUSTRIES GROUP LIMITED","","","","","","","","HKHKG"
"EIEINSAMD","EIE INSTRUMENTS PVT LTD","","","","","","","","INAMD"
"CQLOGIAFE","CQ LOGISTICS JSC","","","","","","","","VNHAN"
"HENXINCGO","HENAN XINGYANG MINING MACHINERY MANUFACTORY","","","","","","","","CNZGZ"
"DSVSOLBKK","DSV SOLUTIONS LTD","","","","","","","","THBKK"
"PANLITAFE","PAN -LITSERVICE JSC","","","","","","","","LTVIL"
"RIVRIJAMS","RIVM RIJKSINSTITUUT VOLKSGEZONDHEID EN MILLIEU","","","","","","","","NLAMS"
"DIVINTICD","DIVINE INTERNATIONAL TECHCRAFT","","","","","","","","INICD"
"ARTMEEMNL","ART MEETS CRAFT INC.","","","","","","","","PHMNL"
"HENTECQDG","HENGHUI TECHNOLOGY CORPORATION LIMITED","","","","","","","","CNQDG"
"HONKONMNL1","HONG KONG OPTICAL LENS PHILIPPINES","","","","","","","","PHMNL"
"OPTJSCAFE","OPTICOELECTRON GROUP JSC","","","","","","","","BGSOF"
"HOMPOTLPT","HOME POTTERY","","","","","","","","THLPT"
"SMPHARPET","SM PHARMACEUTICALS SDN. BHD.","","","","","","","","MYPET"
"PARIREDUB","PARDGROUP (IRELAND) LIMITED","","","","","","","","IEDUB"
"VALMELMNL","VALCO MELTON PHILIPPINES INC","","","","","","","","PHMNL"
"SHETOPSZX","SHENZHEN TOPRAY SOLAR CO.,LTD","","","","","","","","CNSNZ"
"MILSPEALB","MILLENIUM SPECIALTY COCO PRODUCTS INC.","","","","","","","","PHALB"
"AMABUKMNL","AMARI’S BUKO TART HAUS","","","","","","","","PHMNL"
"ARCHERMI","ARCHE SRL","","","","","","","","ITRMI"
"MERCONMNL3","MERCURY CONGRESSIONAL","","","","","","","","PHMNL"
"HANINTSHG","HANBING INTERNATIONAL TRADE (JIANGSU) CO., LTD.","","","","","","","","CNSHG"
"SAIGOBMNL","SAINT-GOBAIN PHILIPPINES CO LTD INC","","","","","","","","PHMNL"
"EXOTECSIN","EXORDIOR TECHNOLOGIES PTE. LTD.","","","","","","","","SGSIN"
"HONGANWEH","HONGAN GROUP CORPORATION LIMITED","","","","","","","","CNWEI"
"PALMACAFE","PALTRONICS MACCAU LIMITED","","","","","","","","MOMFM"
"PROETIMAD","PROETI SA","","","","","","","","ESMAD"
"HANAODHGH","HANGZHOU AODE TECHNOLOGY CO.,LTD.","","","","","","","","CNHAZ"
"SPACOMRKT","SPATIAL COMPOSITE SOLUTIONS FZ LLC","","","","","","","","AERKT"
"CIBLIFJAX","CIBES LIFT AB ( JIANGXING) COMPANY LIMITED","","","","","","","","CNJAX"
"ORIMACQDG","ORIEMAC MACHINERY & EQUIPMENT (SHANGHAI)","","","","","","","","CNQDG"
"CHLEADMNL","CH-LEAD INDUSTRIAL SUPPPLY","","","","","","","","PHMNL"
"PENTAIAMS","PENTAIR","","","","","","","","NLAMS"
"ADIBIRCCU","ADITYA BIRLA INSULATORS","","","","","","","","INCCU"
"APOOPTSIN","APOLLO OPTICAL PTE. LTD","","","","","","","","SGSIN"
"WILANDMDW","WILKENS ANDERSON CO.","","","","","","","","USCHI"
"JERLOGQDG","JERRY LOGISTICS","","","","","","","","CNQDG"
"FREMARSEK","FREIGHT MARK ASIA (M) SDN BHD","","","","","","","","MYSEK"
"PAUWEGXFW","PAUL WEGNER GMBH & CO KG","","","","","","","","DEXFW"
"SHEBRISGN","SHEEN BRIDGE CO,. LTD","","","","","","","","VNSGN"
"HIWTECAFE","HIWIN TECHNOLOGIES CORP.","","","","","","","","TWTPE"
"MUHHILDUS1","MÜHLINGHAUS & HILDESHEIM GMBH & CO. KG","","","","","","","","DEDUS"
"MAXGLOMNL1","MAXEON GLOBAL BUSINESS SUPPORT","","","","","","","","PHMNL"
"SHAMINWEF","SHANDONG MINIBUS NEW ENERGY TECHNOLOGY CO.,LTD","","","","","","","","CNWEF"
"PREWINMNL1","PREMIER WINE AND SPIRITS INC.","","","","","","","","PHMNL"
"SZHENGSZX","SZ HENGYI INDUSTRIAL CO.,LTD","","","","","","","","CNSNZ"
"OMESINLHR","OMEGA SINTO FOUNDRY MACHINERY LIMITED","","","","","","","","GBLHR"
"SUNOFKPUS","SUNOFKOREA","","","","","","","","KRPUS"
"JPPCARMNL","JPP CARGO LOGISTICS INC.","","","","","","","","PHMNL"
"SAMPIEGOA","SAMPIETRO SRL","","","","","","","","ITGOA"
"LEPEQULYS","LEPONT EQUIPMENT","","","","","","","","FRLIO"
"RCCCOMHKG","RCCL COMMERCIAL COMPANY","","","","","","","","HKHKG"
"DELCRUAFE","DELA CRUZ HOUSE OF PINA INC.","","","","","","","","PHMNL"
"SHEGNGSZX","SHENZHEN GNG CO.,LTD","","","","","","","","CNSNZ"
"LIGMINMIA","LIGONIER MINISTRIES INC","","","","","","","","USMIA"
"SHEWANSZP","SHENZHEN WANBO TECHNOLOGY CO., LTD.","","","","","","","","CNSZP"
"EMPTECMFM","EMPIRE TECHNOLIGICAL GROUP LTD.","","","","","","","","MOMFM"
"NINBRINGB1","NINGBO BRIGHT MAX CO., LTD","","","","","","","","CNNBO"
"YANWEPYNT","YANTAI WEPOWER ELECTRONICCO., LTD.","","","","","","","","CNYAT"
"HELSHAPVG","HELLA SHANGHAI ELECTRONICS CO. LTD","","","","","","","","CNPVG"
"HUAGUABKK","HUA GUANG WELDING ADVANCED MATERIALS THAILAND CO.LTD.","","","","","","","","THBKK"
"DONLONCAN","DONGGUAN LONGXIAO INDUSTRIAL CO.,LTD","","","","","","","","CNGGZ"
"DISBAKGRR","DISCOUNT BAKERY EQUIPMENT","","","","","","","","USGRR"
"VIKLENRJK","VIKTOR LENAC SHIPYARD RIJEKA","","","","","","","","HRRJK"
"BOEINSSBU","BOES INSPIRATION SDN BHD","","","","","","","","MYSBU"
"NXLOGIMNL2","NX LOGISTICS PHILIPPINES,INC","","","","","","","","PHMNL"
"NINAIRNBG","NINGBO AIRPRO FRAGRANCES COMMODITY CO. LTD.","","","","","","","","CNNBG"
"CAMENTCEB","CAMILUZ ENTERPRISE","","","","","","","","PHCEB"
"TELEKOCOK","TELEKONNECTORS LIMITED","","","","","","","","INCOK"
"ZHEYUENBG","ZHEJIANG YUEHE INDUSTRY CORPORATION LTD.","","","","","","","","CNNBG"
"TAICIMSHG","TAICANG CIMC REEFER LOGISTICS EQUIPMENT CO. LTD.","","","","","","","","CNSHG"
"NOWINTBON","NOWGO INTERNATIONAL CO.,LTD","","","","","","","","CNBON"
"KIWINTCPH","KIWI INTERNATIONAL A/S","","","","","","","","DKCPH"
"DELIMODUS","DELIMON GMBH","","","","","","","","DEDUS"
"ZIBFLYWEF","ZIBO FLYING WHALE TRADING CO.,LTD","","","","","","","","CNWEF"
"UBMEXHMNL","UBM EXHIBITIONS PHILIPPINES, INC.","","","","","","","","PHMNL"
"AREINTSIN","ARENA INTERNATIONAL PTE LTD","","","","","","","","SGSIN"
"SVSAMFHKG","S&V SAMFORD MEDICAL LIMITED","","","","","","","","HKHKG"
"HERVALRMQ","HERSHEY VALVE CO. LTD","","","","","","","","TWTXG"
"SPXCOOMKC","SPX COOLING TECH , LLC","","","","","","","","USMKC"
"GUAHOLFOS","GUANGDONG HOLDEN ELECTRICAL CO.LTD","","","","","","","","CNFOS"
"NESEXPSEL","NESURA EXPRESS CO., LTD","","","","","","","","KRSEL"
"HANBETSZX","HANGZHOU BETRUE TECHNOLOGY CO., LTD","","","","","","","","CNSZX"
"TRITRABUE","TRIGUS TRADING S.A","","","","","","","","ARBUE"
"SCOSTIDAC","SCO STITCH BD","","","","","","","","BDDAC"
"SUPERPMEL","SUPERPOP","","","","","","","","AUMEL"
"TOTBRAMNL","TOTAL BRAND ACTIVATION PHILIPPINES INC","","","","","","","","PHMNL"
"ANNMARQZT","ANNE MARIE BAIS","","","","","","","","PHQZT"
"DURMAKCOM","DURA MAKINA SANAYI VE TICARET LTD","","","","","","","","TRCOM"
"IROINDMNL","IROC INDUSTRIAL SALES AND SERVICES INC.","","","","","","","","PHMNL"
"SILGALAFE","SILVERLENS GALLERIES","","","","","","","","PHMNL"
"ZECOMXP","ZECO SPA","","","","","","","","ITMXP"
"OMNAIRMCI","OMNI AIRCRAFT MAINTENANCE","","","","","","","","USKCK"
"ENERGIMOD","ENERGIEKER","","","","","","","","ITMOD"
"GUACHACAN1","GUANGZHOU CHAO FAN TRADE CO. LTD.","","","","","","","","CNGGZ"
"FOSSHESUD","FOSHAN SHENGNENGLIANG FURNITURE CO., LTD.","","","","","","","","CNSUD"
"SUNHOMHKG","SUNVISION HOME APPLIANCES (H.K.)CO., LIMITED","","","","","","","","HKHKG"
"RAKIMPBLR","M/S. RAKSHA IMPEX","","","","","","","","INBLR"
"ALBVARJBK","ALBATRANS INC. C/O VARIOUS SUPPLIES","","","","","","","","USJBK"
"KUNVOSJSU","KUNSHAN VOSSLOH RAILWAY MATERIALS TRADING CO., LTD.","","","","","","","","CNJSU"
"MIYATSITM","MIYATSUGU CO., LTD","","","","","","","","JPOSA"
"GUAZHOBYU","GUANGZHOU ZHONGYONG PLASTIC PRODUCTS CO.,LTD","","","","","","","","CNBYU"
"FLUENEPIB","FLUENCE ENERGY GLOBAL PRODUCTION OPERATION, LLC","","","","","","","","USURE"
"ZHESEHSHG","ZHEJIANG SEHOME HOME TECHNOLOGY CO. LTD.","","","","","","","","CNSHG"
"FUJEPOSZP","FUJIAN EPOS ELECTRIC MACHINERY CO.,LTD","","","","","","","","CNSZP"
"PMFKUEMNL","PMFTC INC. C/O KUEHNE NAGEL","","","","","","","","PHMNL"
"EURWATSIN","EUROTEC WATER PTE LTD","","","","","","","","SGSIN"
"ZHAPANSHG","ZHANGJIAGANG PANTONE MACHINERY CO., LTD.","","","","","","","","CNSHG"
"NATBOOMNL1","NATIONAL BOOK DEVELOPMENT BOARD","","","","","","","","PHMNL"
"YANBENYTY","YANGZHOU BENEPACK CO.,LTD.","","","","","","","","CNYZH"
"CALIGOMXP","CALIGOLA S.R.L.","","","","","","","","ITMXP"
"MOSWANMNL","MOST WANTED RETAIL OPC","","","","","","","","PHMNL"
"SUMGLOMNL","SUMOSYS GLOBAL INC.","","","","","","","","PHMNL"
"KAGLOGSEK","KAGAYAKU LOGISTICS (M) SDN.BHD","","","","","","","","MYSEK"
"ACGCAPBKH","ACG CAPSULES (THAILAND) CO.,LTD.","","","","","","","","THBKH"
"SUCBEIBKK","SUCCESSMORE BEING PUBLIC COMPANY LIMITED","","","","","","","","THBKK"
"PHYSYSNDC","PHYWE SYSTEME GMBH - CO. KG.","","","","","","","","DENDC"
"REBGLOMNL","REBISCO GLOBAL FOOD VENTURES INCORPORATED","","","","","","","","PHMNL"
"EPIDISSIN","EPIROC SINGAPORE DISTRIBUTION PTE.LTD.","","","","","","","","SGSIN"
"YILUJIMNL","YI LU JIA SCRAP RECYCLING CORP.","","","","","","","","PHMNL"
"DELROVMAC","DELTA ROV INC","","","","","","","","PHMBC"
"COMINDTPE","COMEUP INDUSTRIES INC.","","","","","","","","TWTPE"
"WUYXIHQGY","WUYI XIHAO TRADE & INDUSTRY CO., LTD","","","","","","","","CNQGY"
"CHIHONJNX","CHINA JIANGXI HONGDA MEDICAL EQUIPMENT GROUP LTD.","","","","","","","","CNJNX"
"HARVARJVL","HARVARD CORPORATION","","","","","","","","USJVL"
"RESINTMNL","RESCON INTERNATIONAL","","","","","","","","PHMNL"
"KORTOUAFE","KOREA TOURISM ORGANIZATION MANILA OFFICE","","","","","","","","PHMNL"
"CEBMACCEB","CEBU MACTAN QUALITY MARINE AQUARIUM FISH","","","","","","","","PHCEB"
"SHASACSZX","SHANDONG SACRED SUN POWER SOURCES CO. LTD.","","","","","","","","CNSNZ"
"ANGMANSIN","ANGEL MANUFACTURING SINGAPORE PTE. LTD.","","","","","","","","SGSIN"
"HDWINDLAX","HD WINDOW FASHIONS INC.","","","","","","","","USLAX"
"MITFAMAFE","MITRA FAMOSA INTERNATIONAL PRIVATE LIMITED","","","","","","","","SGSIN"
"ANNPAUMNL","ANN PAULINE D. ALMAS","","","","","","","","PHMNL"
"STBINTSEL","STB INTERNATIONAL CO. , LTD.","","","","","","","","KRSEL"
"NONINMSP","NONIN","","","","","","","","USMES"
"HONPREZSN","HONGRITA PRECISION COMPONENT (ZHONGSHAN) LTD.","","","","","","","","CNZSN"
"GOSMARDLC","GOSEA MARINE (DALIAN )CO.,LTD","","","","","","","","CNDAL"
"HHGLOBSHA","HH GLOBAL ENTERPRISES MANAGEMENT CONSULTING (BEIJING) CO,. LTD. SHANGHAI BRANCH","","","","","","","","CNSHA"
"ZHETAINGB1","ZHEJIANG TAIFU PUMP CO., LTD","","","","","","","","CNNBO"
"PIOSHIMNL","PIO-SHIP SYSTEM INC.","","","","","","","","PHMNL"
"NUOCONGOA","NUOVOCORSO SPA CON UNICO AZIONISTA","","","","","","","","ITGOA"
"ANEMANLAX","ANEX MANUFACTURING","","","","","","","","USLAX"
"TENSPERMI","TENSPED SRL","","","","","","","","ITRMI"
"IFXFREDXB","IFX FREIGHT AND LOGISTICS LLC","","","","","","","","AEDXB"
"SHAHEXSHG","SHANGHAI HEXU MICROWAVE TECHNOLOGY CO., LTD.","","","","","","","","CNSHG"
"SHIMILHEB","SHIJIAZHUANG MILESTONE IMPORT AND EXPORT TRADING CO.,LTD.","","","","","","","","CNHEB"
"DAFINTAFE","DAFU INTELLIGENT TECHNOLOGY CO.,LTD","","","","","","","","CNJIA"
"ARTFAIMNL","ART FAIR PHILIPPINES","","","","","","","","PHMNL"
"LINXHWSAD","LINYI XHWOOD INTERNATIONAL TRADE CO.LTD","","","","","","","","CNSAD"
"OXUSGPG","OXUS CO., LTD.","","","","","","","","KRGPG"
"DORTEKYST","DORTEK AB","","","","","","","","SEYST"
"DONCHIGUT","DONGGUAN CHINA SEA INTL SUPPLY CHAIN CO.,LTD.","","","","","","","","CNGUT"
"THREETSGN","THREETEE HOLDING LTD","","","","","","","","VNSGN"
"IKAWORRAW","IKA WORKS (ASIA) SDN BHD","","","","","","","","MYRAW"
"CRISTAAFE","CRISTANINI SPA","","","","","","","","ITMIL"
"BRILEPNII","BRIDGIN- LEPONT EQUIPMENTS - ACILEMAT","","","","","","","","FRNII"
"CRMSYNTOL","CRM SYNERGIES, S.L","","","","","","","","ESTOL"
"HONELEMNL","HONKWANG ELECTRIC (PHILIPPINES) INC.","","","","","","","","PHMNL"
"CTMHIDISL","CTM HIDROLIK SAN.VE TIC. LTD. STI","","","","","","","","TRIST"
"ENTELMNL1","ENTEL","","","","","","","","PHMNL"
"NANVACNKG","NANJING VACUP TECHNOLOGY CO.,LTD.","","","","","","","","CNNJI"
"HANDINYHN","HANGZHOU DINGYUN IMPORT & EXPORT CO. ,LTD.","","","","","","","","CNYHN"
"CSECHIXMN","CSE. CHINA SUNG ENTERPRISE CO., LTD.","","","","","","","","CNXAM"
"KCCOTTMNL","KC COTTRELL CO LTD","","","","","","","","PHMNL"
"RITPREAFE","RITMA PRESTASI SDN BHD","","","","","","","","MYPKG"
"HANSUNSZV","HANGZHOU SUNNEN TECHNOLOGY CO,LTD","","","","","","","","CNSZH"
"EKAFLUBAB","EKATO FLUID GMBH","","","","","","","","DEBAB"
"LANWORIAH","LANCER WORLDWIDE","","","","","","","","USHOU"
"LUXINDCCU","LUX INDUSTRIES LTD.","","","","","","","","INCCU"
"HANYUETAO","HANGZHOU YUEZHI YUEDE BIOTECHNOLOGY CO., LTD","","","","","","","","CNQIN"
"BINACCGOA","BINACCHI & CO","","","","","","","","ITGOA"
"SATASIKWN","SATISLOH ASIA LIMITED","","","","","","","","HKKWN"
"VALINDSZX","VALMONT INDUSTRIES (GUANGDONG) LTD.","","","","","","","","CNSNZ"
"DAIWATAFE","DAIWATECH CO LTD","","","","","","","","JPTYO"
"COUFROMNL","COURIER FROM SINGAPORE","","","","","","","","PHMNL"
"APPLETATL","APPLETON GROUP","","","","","","","","USATL"
"SHACONMNL","SABLAYAN, SHANNEN DIZON","","","","","","","","PHMNL"
"ARPERJLO","ARPER SPA","","","","","","","","ITJLO"
"TECINTIAH","TECHTRANS INTERNATIONAL","","","","","","","","USHOU"
"UNITETMNL","UNITETRIS CORPORATION","","","","","","","","PHMNL"
"HANBAOHGH","HANGZHOU BAOHUI TECHNOLOGY CO.,LTD","","","","","","","","CNHAZ"
"OPTEDUSHK","OPTU-EDU (BEIJING) CO. LTD.","","","","","","","","CNSHK"
"YAZCHIJID","YAZAKI (CHINA) INVESTMENT CORPORATION","","","","","","","","CNJID"
"IBCKITMNL","IBCOM KITCHEN EQUIPMENT MANILA INC.","","","","","","","","PHMNL"
"KLTFRUMNL1","KLT FRUITS, INC","","","","","","","","PHMNL"
"LAMOYJHEL","LAMOR CORPORATION OYJ","","","","","","","","FIHEL"
"JIAHIGNKG","JIANGSU HIGH HOPE INTERNATIONAL GROUP","","","","","","","","CNNJI"
"ILCGOA","ILC SRL","","","","","","","","ITGOA"
"GOLWINMNL1","GOLDEN WINES, INC.","","","","","","","","PHMNL"
"VIRFARCEB","VIRGINIA FARMS INC.","","","","","","","","PHCEB"
"SOLGPPMNL","SOL-GP PHILIIPINES INC.","","","","","","","","PHMNL"
"SHRKRINSA","SHREE KRISHNA IMPEX","","","","","","","","INNSA"
"KONINTMNL","KONNET INTERNATIONAL (PHILIPPINES) INC.","","","","","","","","PHMNL"
"RICKOHAFE","RICHARD KOH FINE ART","","","","","","","","SGSIN"
"BATPAGGOA","BATTIONI PAGANI POMPE SPA","","","","","","","","ITGOA"
"KNKINTICN","KNK INTERNATIONAL CO., LTD.","","","","","","","","KRICN"
"MAELOGBKK","MAERSK LOGISTICS & SERVICES (THAILAND) CO.,LTD.","","","","","","","","THBKK"
"SUMSTRMNL","SUMMIT STRAPPING CORPORATION","","","","","","","","PHMNL"
"SUZOWNSZV","SUZHOU OWNACE COMMERCIAL EQUIPMENT CO.,LTD","","","","","","","","CNSZH"
"WORFOOPTY","WORLD FOOD PROGRAME","","","","","","","","PAPTY"
"HOSENTMNL1","HOSPITALITY ENTERPRISE RESOURCES CORPORATION (A FILINVEST SUBSIDIARY)","","","","","","","","PHMNL"
"BESBETJHB","BEST-BETECK FURNITURE SDN BHD","","","","","","","","MYJHB"
"SANLOMSCL","SANTA LOMA SPA","","","","","","","","CLSCL"
"WHEYCOREB","WHEYCO GMBH","","","","","","","","DERCI"
"AERCOMMDW","AERIS COMMUNICATION","","","","","","","","USCHI"
"THEHEAPHU","THERMOFIN HEAT EXCHANGER (PINGHU) CO.LTD.","","","","","","","","CNPHU"
"GESLOCYUL","GESTION & LOCATION AQUATECH INC.","","","","","","","","CAMTR"
"SHAKINSHA1","SHANGHAI KINTETSU LOGISTICS CO., LTD. (LOGISTICS PARK BRANCH)","","","","","","","","CNSHA"
"HANENTXMN","HANGMAO ENTERPRISE LIMITED","","","","","","","","CNXMN"
"AMPVALCJB","AMPO VALVES INDIA PRIVATE LIMITED","","","","","","","","INCJB"
"FATRICMNL","FATHER RICKY MONTANEZ","","","","","","","","PHMNL"
"NINLONHGH","NINGBO LONWE ENVIRONMENT TECHNOLOGY CO.,LTD.","","","","","","","","CNHAZ"
"SHEGADCEB","SHELL GADUS","","","","","","","","PHCEB"
"WORAIRTBM","WORLD AIR CARGO CO.LTD","","","","","","","","VNTBM"
"CGDEVEHKG","C.G. DEVELOPMENT LTD.,","","","","","","","","HKHKG"
"UPTPLADVO","UPTOWN PLAZA CORP.","","","","","","","","PHDVO"
"WAKLUCRK","WAKLU INC","","","","","","","","PHCRK"
"NEOASIBKK","NEOPERL ASIA PACIFIC CO., LTD.","","","","","","","","THBKK"
"TOPSCITPE","TOPCO SCIENTIFIC CO., LTD.","","","","","","","","TWTPE"
"ALSTRALIL","ALSTOM TRANSPORT S.A.","","","","","","","","FRLLE"
"SMACUBSHA","SMART CUBE MARKETING SDN BHD","","","","","","","","MYSHA"
"SINWINSIN1","SINGAPORE WIN SINCE PTE. LTD.","","","","","","","","SGSIN"
"PEBSTESGN","PEB STEEL BUILDINGS CO., LTD.","","","","","","","","VNSGN"
"INDCONBKK","INDUSTRIAL CONSUME PRODUCTS CO.,LTD.","","","","","","","","THBKK"
"HOLINTHKG","HOLTOP INTERNATIONAL CO., LIMITED","","","","","","","","HKHKG"
"BFGLASSIN","BF GLASS MOULD OVERSEAS PTE LTD","","","","","","","","SGSIN"
"KINPETDLC","KIND PET PRODUCTS (DALIAN) CO., LTD","","","","","","","","CNDAL"
"EXPQLDSYD","EXPAC (QLD) PTY LTD","","","","","","","","AUSYD"
"DFARTAAFE","DF ART AGENCY INC.","","","","","","","","PHMNL"
"FRAGUZAOI","FRATELLI GUZZINI SPA","","","","","","","","ITAOI"
"MACCHAFOS","MAC CHAIRS AND COMPONENTS CO. LTD,","","","","","","","","CNFOS"
"MSMSERAFE","MSM SERVICES, S.R.O.","","","","","","","","ATVIE"
"FUJHEASUH","FUJIFILM HEALTHCARE MANUFACTURING (SUZHOU) CO.LTD.","","","","","","","","CNSUH"
"ICADECSAL","ICAT, S.A. DE C.V.","","","","","","","","SVSAL"
"TOPMEDWUH","TOPWIN MEDICAL SUPPLY CO., LTD.","","","","","","","","CNNHN"
"SOUHKACAN","SOUNDBOX (HK) ACOUSTIC TECHNOLOGY CO.,LTD.","","","","","","","","CNGGZ"
"ARCTECMNL1","ARCHEN TECHNOLGIES INC.","","","","","","","","PHMNL"
"JEBINTHKG","JEB INTERNATIONAL LIMITED","","","","","","","","HKHKG"
"TCSJOHMKC","TCS JOHN HUXLEY AMERICA, INC.","","","","","","","","USMKC"
"XIADENXMN","XIAMEN DENGDING INTERNATIONAL TRADE CO., LTD.","","","","","","","","CNXMN"
"FAREASMNL1","FAR EAST INDUSTRIAL SUPPLY AND CO., INC","","","","","","","","PHMNL"
"SUNPROSTL","SUNNEN PRODUCTS COMPANY","","","","","","","","USSTL"
"WELCOMMNL1","WELLSPRING COMMERCIAL OPC","","","","","","","","PHMNL"
"ALPINTTSN","ALPINTER SA","","","","","","","","CNTNJ"
"IVFCPHAFE","IVF TECH APS","","","","","","","","DKCPH"
"GREAGRCEB","GREENVILLE AGRO CORPORATION","","","","","","","","PHCEB"
"GRAINGUGN","GRAINGER","","","","","","","","USUGN"
"KHAMTPE","KHAM INC.","","","","","","","","TWTPE"
"NECKIMIST","NECM KIMYA (BIORAD)","","","","","","","","TRIST"
"WUJEVESHG","WUJIANG EVERGREEN EX/IM CO., LTD.","","","","","","","","CNSHG"
"BEANLAMNL","BEANLAB, INC.","","","","","","","","PHMNL"
"NUMCHAATL","NUMOTION-CHARLOTTE","","","","","","","","USATL"
"SALMISNYC","SALESIAN MISSIONS","","","","","","","","USNYC"
"DELMIDDXB","DELTACHEM MIDDLE EAST LLC","","","","","","","","AEDXB"
"SWRLON","SWR LTD.","","","","","","","","GBLON"
"CIVARMPWM","CIVIL ARMS INC","","","","","","","","USPWM"
"BIOCARTYN","BIOCARE CORPORATION","","","","","","","","TWTYN"
"SHAHORSHG","SHANDONG HORNLION ENGINEERING MACHINERY","","","","","","","","CNSHG"
"DIVIRVMNL","DIVINA IRVIN","","","","","","","","PHMNL"
"GUAJIUCAN","GUANGZHOU JIUTAI BIO-TECHNOLOGY CO.,LTD","","","","","","","","CNGGZ"
"FLEXCOSYD","FLEXCO (AUST) PTY. LTD.","","","","","","","","AUSYD"
"PERASISHA","PERICOLI ASIA PACIFIC SDN BHD","","","","","","","","MYSHA"
"MINCHIHKG","MINIMAX CHINA FIRE PROTECTION SYSTEM CO.,LTD","","","","","","","","HKHKG"
"MONINTBKK","MONDELEZ INTERNATIONAL (THAILAND) CO.LTD","","","","","","","","THBKK"
"PACFURSRG","PT. PACIFIC FURNITURE","","","","","","","","IDSRG"
"NORFIEMNL1","NORTH FIELD TRUCKING SERVICES","","","","","","","","PHMNL"
"GEOMACMNL","GEOMACHINE CO.","","","","","","","","PHMNL"
"SHAYUGQDG","SHANDONG YUGONG INTELLIGENT EQUIPMENT","","","","","","","","CNQDG"
"QUZSANQZS","QUZHOU SANYUANHUINENG INTERNATIONAL TRADING CO. LTD.","","","","","","","","CNQZS"
"GUIBERMNL1","GUILL-BERN CORPORATION","","","","","","","","PHMNL"
"LUBELENUE","LUBERG-ELEKTRONIK GMBH & CO.","","","","","","","","DENUE"
"HEITRAAYU","HEIL TRAILER ASIA LIMITED","","","","","","","","THAYU"
"NEOTECBRJ","NEOTEC","","","","","","","","FRBRJ"
"RIXONAVEN","RIXONA B.V.","","","","","","","","NLVEN"
"POWROOJHB","POWER ROOT MANUFACTURING SDN BHD","","","","","","","","MYJHB"
"CERIOTPE","CERIO CORPORATION","","","","","","","","TWTPE"
"TCOMONNUE","TCO MONACO","","","","","","","","DENUE"
"QINYUBQDG","QINGDAO YUBELLES HOUSEHOLD PORDUCTS CO., LTD.","","","","","","","","CNQDG"
"KAIPACXMN","KAIZHENG PACKAGING TECHNOLOGY (GUANGDONG) CO.,LTD.","","","","","","","","CNXAM"
"JMTLEASIN","JMT LEATHER PTE. LTD","","","","","","","","SGSIN"
"MSIDEFAFE","MSI DEFENCE SYSTEMS LTD.","","","","","","","","GBLHR"
"OUTINDBLR","OUTSHINY INDIA PVT LIMITED","","","","","","","","INBLR"
"CONLOGMNL","CONTINENTLINE LOGISTICS","","","","","","","","PHMNL"
"HUNSHUCSX","HUNAN SHUANGLIN COMMUNICATION TECHNOLOGY INC.","","","","","","","","CNCSH"
"HANBSUMNL","HANBIN SU","","","","","","","","PHMNL"
"ZHOSHIZSN","ZHONGSHAN SHINING LIGHTING TECH CO., LTD","","","","","","","","CNZSN"
"DLADISSEA","DLA DIST SAN JOAQUI CA","","","","","","","","USSEA"
"ABSYAPISL","ABS YAPI ELEMANLARI SANAYI TICARET LTD. STI","","","","","","","","TRIST"
"EVECOLSEL","EVERCOS CO.,LTD","","","","","","","","KRSEL"
"PANPOWMNL","PANAY POWER","","","","","","","","PHMNL"
"GAREQUBOM","GARTECH EQUIPMENTS PVT LTD","","","","","","","","INBOM"
"INTLOGBAV","INTERNATIONAL LOGISTIC GATEWAY S.R.O.","","","","","","","","CZBAV"
"SUNLOGMNL","SUNBO LOGISTICS PHILIPPINE, INC","","","","","","","","PHMNL"
"BATMEMSEA","BATTELLE MEMORIAL INSTITUTE","","","","","","","","USSEA"
"LISTELSET","LISTEL SAS","","","","","","","","FRSET"
"HUSLEASKT","HUSSAIN LEATHER INDUSTRIES (PVT) LTD.","","","","","","","","PKSKT"
"HEFSKYHFE","HEFEI SKYFLY ENTERPRISE CO., LTD.","","","","","","","","CNHFI"
"TECWORNUE","TECTRON WORBIS GMBH","","","","","","","","DENUE"
"HENTAIRZH","HENAN TAIGUO BOILER PRODUCTS CO., LTD.","","","","","","","","CNRZH"
"NINSHICIX","NINGBO SHIBO TRAFFIC FACILITIES CO. ,LTD","","","","","","","","CNCIX"
"SHEBRIAFE","SHENZHEN BRILLIANT EXHIBITION SERVICE CO.,LTD","","","","","","","","CNSZX"
"DSMNUTSIN","DSM NUTRITIONAL PRODUCTS ASIA PACIFIC","","","","","","","","SGSIN"
"ZHOJIAZGA","ZHONGSHAN JIANTAO IMPORT AND EXPORT TRADING CO.,LTD","","","","","","","","CNZGA"
"TECAISHKG","TECNET AISA LIMITED","","","","","","","","HKHKG"
"KEDCEMLGK","KEDAH CEMENT SDN BHD","","","","","","","","MYLGK"
"REDWINMNL","REDANDWHITE WINE INC.","","","","","","","","PHMNL"
"PENTOBMNL","PENTALEAF TOBACCO CORP.","","","","","","","","PHMNL"
"ALBFRAFOS","ALBATRANS FRANCE SARL","","","","","","","","FRFOS"
"ASIBICRMQ","ASIA BICYCLE TRADING COMPANY","","","","","","","","TWTXG"
"HOCOMRSGN","HO-COM RUBBER TECHNOLOGY CO., LTD","","","","","","","","VNSGN"
"NORWENUE","NORWE GMBH","","","","","","","","DENUE"
"PRIMACMNL","PRINCENA'S MACHINE SHOP","","","","","","","","PHMNL"
"SUZWESSUZ","SUZHOU WESHAW EQUIPMENT TECHNOLOGY CO.,LTD.","","","","","","","","CNSUZ"
"WUHYOUSHG","WUHU YOUJU PLASTIC MOULD CO., LTD.","","","","","","","","CNSHG"
"CHECHERMQ","CHENG CHENG KUANG MACHINE CO LTD","","","","","","","","TWTXG"
"MEDDEVLAX","MEDICAL DEVICES INC.","","","","","","","","USLAX"
"VILVALMNL","VILLEGAS, VALENTE PALABRICA","","","","","","","","PHMNL"
"FREEXPMEA","FREIGHT EXPERT","","","","","","","","FRMEA"
"TIDPHIMNL","TIDESOLAR PHILIPPINES CORPORATION","","","","","","","","PHMNL"
"GOLPOWAFE","GOLDLINK POWER JIANGSU CO LTD","","","","","","","","CNCZX"
"FAIKNIMNL","FAIRLAND KNITCRAFT CO., INC.","","","","","","","","PHMNL"
"ELEGERNUE","ELEKTRISOLA DR GERD SCHILDBACH","","","","","","","","DENUE"
"CEBIWACEB","CEBU IWAKAMI","","","","","","","","PHCEB"
"OLYGLODVO","OLYMPUS GLOBAL LOGISTICS INC","","","","","","","","PHDVO"
"GUAMIGCAN","GUANGZHOU MIGE OFFICE FURNITURE CO.,LTD","","","","","","","","CNGGZ"
"MAGBESMNL","MAGAPIT BESS SITE","","","","","","","","PHMNL"
"EATYALYHM","EATON YALE CO.","","","","","","","","CAHAM"
"GENLIGSHK","GENERAL LIGHTING ELECTRONICS CO., LTD.","","","","","","","","CNSHK"
"KEMKITHKG","KEMPLION KITCHENWARE COMPANY LIMITED","","","","","","","","HKHKG"
"GUAHUACAN","GUANGZHOU HUALING REFRIGERATING EQUIPMENT CO.,LTD","","","","","","","","CNGGZ"
"ITLFRESGN","ITL FREIGHT MANAGEMENT JOINT STOCK COMPANY","","","","","","","","VNSGN"
"DSVAIRMNL1","DSV AIR & SEA INC.","","","","","","","","PHMNL"
"JIATRAPVG","JIANGSU TRAUHUI MEDICAL INSTRUMENT CO LTD","","","","","","","","CNPVG"
"CYRILTPE","CYRIL CORPORATION","","","","","","","","TWTPE"
"NGITECAAFE","NGINES TECHNOLOGY INC","","","","","","","","PHMNL"
"AENTSCN","AENT CO., LTD","","","","","","","","KRSCN"
"SOPFORAUH","SOPREMA FOR MANUFACTURING WATERPROOFING MATERIALS LLC","","","","","","","","AEAUH"
"PALHEAJAI","PALADDIN HEALTHCARE PVT. LTD.","","","","","","","","INJAI"
"NITPHABOM","NITIKA PHARMACEUTICAL SPECIALTIES","","","","","","","","INBOM"
"WERMASHA","WERMA (SHANGHAI) CO., LTD.","","","","","","","","CNSGH"
"RAPMPHAFE","RAPHE MPHIBR PVT LTD","","","","","","","","INBOM"
"ZHABAISHA","ZHANGJIAGANG BAISHENG PACKING LIMITED COMPANY","","","","","","","","CNSHA"
"EFLGLOBRU","EFL GLOBAL - BELGIUM","","","","","","","","BEBRU"
"SAVCORMNL","SAVENT CORP","","","","","","","","PHMNL"
"CLASHASZX","CLASQUIN SHANGHAI LTD SHENZHEN BRANCH","","","","","","","","CNSZX"
"DEPOFSSEA","DEPARTMENT OF STATES ST/TO","","","","","","","","USSEA"
"HIPPHOSIN","HIPA PHOTONICS PTE. LTD.","","","","","","","","SGSIN"
"YON178YKN","YONGKANG 1787 IMPORT& EXPORT CO., LTD","","","","","","","","CNYKN"
"FDCMISMNL","FDC MISAMIS POWER CORPORATION","","","","","","","","PHMNL"
"HANSGRHAM","HANSGROHE","","","","","","","","DEHAM"
"SLEMEDWIE","SLEE MEDICAL GMBH","","","","","","","","DEWIB"
"ENEPOWMNL","ENERGY POWER PLANT","","","","","","","","PHMNL"
"BRUENGBWN","BRUNEI ENGINEERING, LOGISTIC AND TRAINING SOLUTIONS (BELTS) SDN BHD","","","","","","","","BNBWN"
"KIDAROMDW","KIDS AROUND THE WORLD","","","","","","","","USCHI"
"SHADAHNTG","SHANGHAI DAHUA PHARMACEUTICAL CO LTD","","","","","","","","CNNTG"
"PERRESHKG","PERMANENT RESIDENT LTD.","","","","","","","","HKHKG"
"SHAPIZMNL","SHAKEY'S PIZZA ASIA VENTURES INC.","","","","","","","","PHMNL"
"ICECABIAH","ICE CABLE SYSTEM","","","","","","","","USHOU"
"SANMIGMNL4","SMGP BESS POWER INC.(FORMERLY: UNIVERSAL POWER SOLUTION, INC.)","","","","","","","","PHMNL"
"XIASHUAFE","XIAMEN SHUANGHE INTERNATIONAL FREIGHT FORWARDING CO.,LTD","","","","","","","","CNHAD"
"ISLCONMNL","SARTE, JOEY PERALTA","","","","","","","","PHMNL"
"BONVIEBDU","BONFIGLIOLI VIETNAM CO., LTD.","","","","","","","","VNBDU"
"KOEBAUFKB","KOENIG & BAUER METALPRINT GMBH","","","","","","","","DEKAE"
"TECALUAJM1","TECHNICAL ALUMINUM FOIL COMPANY LLC (SOLE PROPRIETORSHIP)","","","","","","","","AEAJM"
"SERICVMER","SERSIM IC VE DIS TICARET A.S. KAYSERI SERBEST","","","","","","","","TRMER"
"SHASIMSHA","SHANGHAI SIMCONIX ELECTRONIC CO.LTD.","","","","","","","","CNSGH"
"DONYUNHUZ","DONGGUAN YUNBAI COMMERCIAL AND TRADING CO.,LTD","","","","","","","","CNHUI"
"SHATHISHA","SHANGHAI THINKTANK PROCESS MANAGEMENT CO., LTD.","","","","","","","","CNSGH"
"LEMANAGH","LEMAN AB","","","","","","","","SEHEL"
"NEWINDMNL1","SALVADOR, LESTER MALICDEM","","","","","","","","PHMNL"
"AJSBUIMNL","CASTILLO,ABRAHAM NERO DIONIDO","","","","","","","","PHMNL"
"HAOCANTBH","HAO CANH PORCELAIN PRODUCTION AND TRADING COMPANY LIMITED","","","","","","","","VNTBH"
"MSDMOBIST","MSD MOBILYA TASARIM DEKORASYON","","","","","","","","TRISL"
"ZHELUBNBG","ZHEJIANG LUBA TRAFFIC TECHNOLOGY CO. LTD.","","","","","","","","CNNBG"
"EXALININY","EXAPROBE LINAS","","","","","","","","FRINY"
"ARNARTAFE","ARNDT ART AGENCY","","","","","","","","DEBER"
"YUEYIRNGB","YUEQING YIRUI ELECTRIC APPLIANCE CO. LTD.","","","","","","","","CNNBO"
"DONICTGUT","DONGGUAN ICT TECHNOLOGY CO., LTD.","","","","","","","","CNGUT"
"APLGLOMNL","APLL GLOBAL BUSINESS SERVICES (PHILIPPINES), INC.","","","","","","","","PHMNL"
"TRAINTAMS","TRANSPHARMA INTERNATIONAL B.V","","","","","","","","NLAMS"
"YANOPTSHA","YANGTZE OPTICAL FIBRE AND CABLE (SHANGHAI) COMPANY LTD.","","","","","","","","CNSHA"
"PHIFERATL","PHIFER INCORPORATED","","","","","","","","USATL"
"SHECHUSHK","SHENZHEN CHUNWANG NEW MATERIALS CO., LTD.","","","","","","","","CNSHK"
"BEZSAASPA","BEZARES SA, AVENIDA DE LAS RETAMAS","","","","","","","","ESMAD"
"RELEXBSL","RELEX AG","","","","","","","","CHBSL"
"VINBODALC","VINAELENA BODEGAS","","","","","","","","ESALC"
"NINASKPVG","NINGBO ASK AUTOMOTIVE SOUND AND COMMUNICATION CO.,LTD","","","","","","","","CNPVG"
"RAILOGSZX","RAINBOW LOGISTICS CO., LTD.","","","","","","","","CNSNZ"
"ANNNINAMS","ANNA + NINA B.V","","","","","","","","NLAMS"
"COMTESRMQ","COMETECH TESTING MACHINES CO.,LTD","","","","","","","","TWTXG"
"SONEPASIN","SONEPAR SINGAPORE PTE. LTD.","","","","","","","","SGSIN"
"GUALUCNSA","GUANGZHOU LUCKYSTAR ELECTRONIC TECHNOLOGY CO. LTD.","","","","","","","","CNNSA"
"SUNTELKUV","SUNIL TELECOM CO. LTD","","","","","","","","KRKUV"
"NUTRIBBCN","NUTRIBIOGENICS, S.L.","","","","","","","","ESBCN"
"NGOKATMNL","NGO KATHERINE CHING","","","","","","","","PHMNL"
"ROLMOLMNL","ROLANDO MOLON MANALO","","","","","","","","PHMNL"
"YONGONYKN","YONGKANG GONGWEIYONG TRADING CO. LTD.","","","","","","","","CNYKN"
"BIOCERNUE","BIOCER -GMBH","","","","","","","","DENUE"
"DEDONHAM","DEDON GMBH","","","","","","","","DEHAM"
"WINTROAFE","WINSTON TROYO DELA PAZ","","","","","","","","MYPKG"
"BERORGBOM","BERGWERFF ORGANIC (I) PVT LTD","","","","","","","","INBOM"
"HANTIAHGH1","HANGZHOU TIANRUI PRINTING AND DYEING CO.,LTD","","","","","","","","CNHAZ"
"EQUHEAKUL","EQUITAINE HEALTHCARE SDN BHD","","","","","","","","MYKUL"
"AESSTEBOM","AESTEIRON STEELS LLP","","","","","","","","INBOM"
"HAUVERNUE","HAUG VERTRIEBS GMBH & CO. KG","","","","","","","","DENUE"
"PALVINSGN","PALDO VINA CO LTD","","","","","","","","VNSGN"
"INSVIEHPH","INSTANTA VIETNAM CO.,LTD","","","","","","","","VNHPH"
"DRAPHICEB","DRAKA PHILIPPINES, INCORPORATED","","","","","","","","PHCEB"
"GUAWANXAO","GUANGZHOU WANJU LIGHTING TECHNOLOGY CO. LTD.","","","","","","","","CNXAO"
"JIASINCNZ","JIAXING SINOLAMP ELECTRONIC TECHNOLOGY CO.,LTD.","","","","","","","","CNCNZ"
"REASCMCAN","REALOGISTICS SCM (GUANGZHOU) CO.,LTD","","","","","","","","CNGGZ"
"PIRBICISL","PIRGE BICAK IML ITH IHR SAN TIC LTD STI","","","","","","","","TRIST"
"DSCABLHKG","D AND S CABLE INDUSTRIES (HK) LTD.","","","","","","","","HKHKG"
"ZHETRENBG","ZHEJIANG TREASURELAND AUTO ACCESSORIES CO. LTD.","","","","","","","","CNNBG"
"STACRUCEB1","STA. CRUZ SHELL GALLERY PHILIPPINES INC.","","","","","","","","PHCEB"
"CONVALRMI1","CONTI VALERIO - S.R.L.","","","","","","","","ITRMI"
"FOSSHUFOS1","FOSHAN SHUANGOU CERAMIC CO.,LTD","","","","","","","","CNFOS"
"TUUASISGN","TUUCI ASIA","","","","","","","","VNSGN"
"NEWBESSGN","NEW BEST WIRE VIETNAM INDUSTRIAL CO. LTD.","","","","","","","","VNSGN"
"GUABOTCAN","GUANGZHOU BOTH LIGHTING CO.,LIMITED","","","","","","","","CNCAN"
"ZHAWELNSA","ZHAOQING WELLCAMP BUILDING MATERIALS CO., LTD.","","","","","","","","CNNSA"
"TECASISIN","TECHNIC ASIA-PACIFIC PTE LTD","","","","","","","","SGSIN"
"DACTASISL","DACHI TASARIM DIS TICARET","","","","","","","","TRIST"
"SANMETMNL","SANTINE METAL INDUSTRIES INC.","","","","","","","","PHMNL"
"LTSMARMFM","LT SMART LIMITED","","","","","","","","MOMFM"
"ZHURITTAO","ZHUCHENG RITONG MACHINERY CO.,LIMITED.","","","","","","","","CNTAO"
"ARIPHIAFE","ARISTOCRAT( PHILIPPINES) PYT LTD","","","","","","","","PHMNL"
"INCOLDVCE","INCOLD SPA","","","","","","","","ITVCE"
"BSACVT","BSA COMPANY LTD","","","","","","","","GBCVT"
"RUNSHIBKK","RUN SHINE CO., LTD.","","","","","","","","THBKK"
"SHIAOSNBG","SHIJIAZHUANG AOSE IMP. AND EXP. CO. LTD.","","","","","","","","CNNBG"
"KRACURXLW","KRAFT CURING SYSTEMS GMBH","","","","","","","","DELEW"
"BACSOLBRS","BACHY SOLETANCHE","","","","","","","","GBBRS"
"FURCORMNL","FURNICHE CORP.","","","","","","","","PHMNL"
"TSUKOGMNL","TSUCHIYA KOGYO PHIL., INC.","","","","","","","","PHMNL"
"FOAMXP","FOA SRL","","","","","","","","ITMXP"
"GNPOWEMNL","GN POWER MARIVELES ENERGY CENTER","","","","","","","","PHMNL"
"BMLOGISYD","BM LOGISTICS PTY LTD","","","","","","","","AUSYD"
"HANTRISZV","HANGZHOU TRIFANZ MEDICAL DEVICE CO., LTD","","","","","","","","CNSZH"
"TUSTURAFE","TUSAS TURK HAVACILIK VE UZAY SANAYI A.S.","","","","","","","","TRANK"
"FOCFUSNGB","FOCUS & FUSION HEALTHCARE(HANGZHOU) CO.,LTD.","","","","","","","","CNNBO"
"HEWCOKOCT","HEWITECH GMBH & CO.KG","","","","","","","","DEOCT"
"VINCONKNA","VIÑA CONCHA Y TORO S.A.","","","","","","","","CLKNA"
"ESCSGNAFE","ESCHBACH TANDINH LIMITED","","","","","","","","VNSGN"
"FASLOGDVO","FAST LOGISTIC CORPORATION","","","","","","","","PHDVO"
"HUIBOMSHK","HUIZHOU BOMIE POWER SOURCE SCIENCE & TECHNOLOGY","","","","","","","","CNSHK"
"NBSHIPPUS","NB SHIPPING CO., LTD.","","","","","","","","KRPUS"
"STYLETMNL","STYLETEX CORPORATION","","","","","","","","PHMNL"
"TRECONHKG2","TREVI CONSTRUCTION CO., LTD","","","","","","","","HKHKG"
"NINZHEZHI","NINGBO ZHENHAI WIN-WIN ELECTRONIC APPLIANCES CO.,LTD.","","","","","","","","CNZHI"
"SHEJINSZX3","SHENZHEN JINZHIQUAN IMPORTS & EXPORTS CO., LTD.","","","","","","","","CNSNZ"
"ZMKTECAAH","ZMK TECHNOLOGIES GMBH","","","","","","","","DEAAH"
"GRAMILAFE","GRAFICHE MILANI SPA","","","","","","","","ITGOA"
"COOCELZAZ","COOPER CELLARS SL","","","","","","","","ESZAZ"
"SLMETASIN","SL METALS PTE LTD","","","","","","","","SGSIN"
"ASACOLRMQ","ASADA CO.,LTD.","","","","","","","","TWTXG"
"JIASBATZU","JIANGSU SBA VICTORY SPORTING GOODS CO., LTD","","","","","","","","CNTZU"
"ANKAVIMNL","ANKALAYA AVIATION SERVICES INC.","","","","","","","","PHMNL"
"UNIBELLCH","UNION BELT INDUSTRIES CO., LTD.","","","","","","","","THLCH"
"THA888LCH","THAIROMPOTHONG 888 FRUIT PRODUCT CO., LTD.","","","","","","","","THLCH"
"KOWEMOBTG","KOWA-EMORI PHILIPPINES INC.","","","","","","","","PHBTG"
"101HEAAFE","101 HEALTH RESEARCH","","","","","","","","PHMNL"
"IWALOGSIN","IWA LOGISTICS PTE LTD","","","","","","","","SGSIN"
"EVEASIHKG","EVE ASIA CO., LIMITED","","","","","","","","HKHKG"
"NEPFILAFE","NEP FILM TV & RADIO PRODUCTION SERVICES L.L.C","","","","","","","","AEDXB"
"PEAPRENDA","PEARL PRECISION PRODUCTS PVT LTD.","","","","","","","","INNDA"
"EVEINDMNL","EVERHOPE INDUSTRIAL EQUIPMENT","","","","","","","","PHMNL"
"AMLTECPEN","AMLEX TECHNOLOGY SDN BHD","","","","","","","","MYPEN"
"SUZDAYSHG","SUZHOU DAYER MERCHATRONIC HI-TECH CO. LTD.","","","","","","","","CNSHG"
"JUNZHOZHE","JUNHUA ZHONGYI FURNITURE CO.,LTD.","","","","","","","","CNZHE"
"QINBAITAOAFE","QINGDAO BAICHEN HUSBANDRY CO.,LTD.","","","","","","","","CNQIN"
"FOSYONNSA","FOSHAN YONGNUO TRADING CO., LTD.","","","","","","","","CNNSA"
"18DEGRBTG","18 DEGREES BEYOND CO.LTD","","","","","","","","PHBTG"
"CEBRICCEB","CEBU RICORDI , INC","","","","","","","","PHCEB"
"BIANCCGOA","BIANCHI & C. SRL","","","","","","","","ITGOA"
"SUNPHIMNL2","SUNPOWER PHILIPPINES MANUFACTURING LTD.","","","","","","","","PHMNL"
"PRODEEMAD","PRODUCCION DE EQUIPOS TECHNICOS E INDUSTRIALES S.A.","","","","","","","","ESMAD"
"PHIVALMNL1","PHINOX VALVES & FITTINGS OPC","","","","","","","","PHMNL"
"FTGTRAAFE","FTGV TRANSPORT LOGISTICS CARGO","","","","","","","","MXMEX"
"ROBCONGWA","ROBERTSHAW CONTROLS","","","","","","","","USGWA"
"LATDANAFE","L'ATELIER D'ANTOINE OPC","","","","","","","","PHMNL"
"CASPARPUS","CASPART","","","","","","","","KRPUS"
"LEADESMNL","LEA DESIGN INTERNATIONAL INC.","","","","","","","","PHMNL"
"INTFRESIN","INTERGATEWAY FREIGHT PTE LTD","","","","","","","","SGSIN"
"MODINDDLC","MODULAR INDUSTRIAL AUTOMATION CO.LTD.","","","","","","","","CNDAL"
"SANMANMSP","SANBORN MANUFACTURING","","","","","","","","USMES"
"BAZLICXGA","BAZHOU LICHANG FURNITURE CO., LTD.","","","","","","","","CNXGA"
"NIRCERSGN","NIRO CERAMIC (VIETNAM) COMPANY LIMITED","","","","","","","","VNSGN"
"SANSOUSIN","SANS SOUCI LIGHTING (SINGAPORE) PTE. LTD","","","","","","","","SGSIN"
"POMFOOTPE","POMEI FOOD STUFF CO., LTD","","","","","","","","TWTPE"
"DEFDISLAX1","DEF DIST DEPOT SAN JOAQUIN","","","","","","","","USLAX"
"SHNEMIAFE","SHNAGHAI EMIRAES EXHIBITION CO. LTD","","","","","","","","CNSHA"
"SENTELTPE","SENTELIC CORPORATION","","","","","","","","TWTPE"
"SECLINMNL1","SECUR LINKS NETWORK AND TECH INC.","","","","","","","","PHMNL"
"CHULUNNTC","CHU LUN MACHINERY INDUSTRIAL CORP.","","","","","","","","TWNTC"
"FILCREMNL","FILIPINO CREAZIONE EFLF INCORPORATED","","","","","","","","PHMNL"
"SANFRACDG","SANIFLO FRANCE","","","","","","","","FRCDG"
"DIAVIEBDU","DIAMOND VIETNAM CO., LTD","","","","","","","","VNBDU"
"SHANGTSHA","SHANGHAI G & T CO., LTD.","","","","","","","","CNSGH"
"WETLAX","WET","","","","","","","","USLAX"
"SHEXINSHK1","SHENZHEN XINZHITONG TRADING CO. LTD","","","","","","","","CNSHK"
"STEASIJHB","STERNMAID ASIA SDN BHD","","","","","","","","MYJHB"
"ZHONEWZSN","ZHONGSHAN NEWBEST IMPORT AND EXPORT COMPANY","","","","","","","","CNZSN"
"KSAINTHNJ","KSA INTERNATIONAL INC.","","","","","","","","JPHNJ"
"METALLLON","METALLISATION LIMITED","","","","","","","","GBLON"
"SANSHIMNL","SANDIGAN SHIP SERVICES, INC.","","","","","","","","PHMNL"
"FLUENEMNL1","FLUENCE ENERGY INC","","","","","","","","PHMNL"
"ALLANGHAM","ALLTEC ANGEWANDTE LASERLICHT TECHNOLOGIE GMBH","","","","","","","","DEHAM"
"SIMHSTMUC","SIMON H STEINER HOPFEN GMBH","","","","","","","","DEMUC"
"INFITETAO","INFITEK CO. LTD.","","","","","","","","CNTAO"
"GENHOMAFE","GENTEEL HOME FURNITURE AND OBJECTS INC.","","","","","","","","PHMNL"
"WESFILSIN","WESQUIP FILTRATION FAR EAST PTE.LTD","","","","","","","","SGSIN"
"NSWPCDFLA","NSWC PCD C/O SAIC","","","","","","","","USFLA"
"BASINDAFE","BASSO INDUSTRY CORP.","","","","","","","","TWTPE"
"MASBECAOI","MASSIMILIANO BECUTI AROL S.P.A","","","","","","","","ITAOI"
"KIRCARMNL","KIRUBAE CARTOON PACKAGING & METAL FABRICATION","","","","","","","","PHMNL"
"PATPREAFE","PATHFINDER PRESS","","","","","","","","GAGAX"
"SHAORIMNLAFE","SHANGHAI ORIENTAL TEXTILE CORPORATION","","","","","","","","PHMNL"
"GRUCACBCN","GRUPO CACAOLAT SL.","","","","","","","","ESBCN"
"SONPICDGG","SONY PICTURES ENTERTAINMENT","","","","","","","","CNDGG"
"DURTECFRA","DÜRR TECHNIK GMBH & CO. KG","","","","","","","","DEFRA"
"HEBSHEHES","HEBEI SHENGXIN METAL PRODUCTS CO.LTD.","","","","","","","","CNHES"
"MSMVIEAFE","MSM SERVICES, S.R.O.","","","","","","","","ATVIE"
"ZHEMINTZO","ZHEJIANG MINGOU TECHNOLOGY CO.,LTD.","","","","","","","","CNTZO"
"HELHKGAFE","HELU-TRANS (HK) PTE LTD","","","","","","","","HKHKG"
"MALHKGAFE","MALCA-AMIT FAR EAST LTD","","","","","","","","HKHKG"
"JOLFOOMNL2","JOLLIBEE FOODS CORPORATION","","","","","","","","PHMNL"
"DEC8SIBKK","DECOR 8 SIAM CO., LTD","","","","","","","","THBKK"
"NADFIGUBT","NADIR FIGUEIREDO S.A.","","","","","","","","BRUBT"
"SHUVIETNT","SHUBDAD (VIETNAM) INDUSTRIAL COMPANY LIMITED","","","","","","","","VNTNT"
"LABSARNVF","LABORATOIRE SARBEC","","","","","","","","FRNVF"
"ECDAUGMNL1","E.C. DAUGHSON INC.","","","","","","","","PHMNL"
"BIGDAMSRG1","PT. BIGGA DAMAI UTAMA","","","","","","","","IDSRG"
"NEOPEMDTM","NEOSID PEMETZRIEDER GMBH & CO. KG","","","","","","","","DEDTM"
"OMSSHIDVO","OMS SHIPPING SERVICES AND LOGISTICS INC.","","","","","","","","PHDVO"
"SOMTHABKK","SOMFY (THAILAND) COMPANY LIMITED.","","","","","","","","THBKK"
"XERCOLTAE","XERA CO.,LTD","","","","","","","","KRTAE"
"DONZHOSZX1","DONGGUAN ZHONGLI INSTRUMENT TECHNOLOGY CO. LTD","","","","","","","","CNSNZ"
"WESTINMNL","THE WESTIN MANILA","","","","","","","","PHMNL"
"GUCGUCFSL","GUCCI GUCCI S.P.A","","","","","","","","ITFSL"
"ORBCOMAFE","ORBIT COMMUNICATION SYSTEMS LTD.","","","","","","","","ILTLV"
"JIAHEMXGN","JIAXING HEMI OUTDOOR PRODUCT COME., LTD","","","","","","","","CNXGN"
"SERITSAFE","SERVO IT SOLUTIONS OPC","","","","","","","","PHMNL"
"SHANARSHA","SHANGHAI NARUOTAN PHARMA AND FOOD MACHINARY CO., LTD.","","","","","","","","CNSHA"
"CEPEXHAFE","CEP EXHIBITS","","","","","","","","USCHI"
"ASFLEXWEF","AS-FLEX CHAIN CO.,LTD","","","","","","","","CNWEF"
"DERTUMAFE","DEREK TUMALA","","","","","","","","PHMNL"
"RELROBLAX","RELAY ROBOTICS","","","","","","","","USLAX"
"QINLUOAFE","QINGDAO LUOBO MACHINERY CO., LTD","","","","","","","","CNQIN"
"HAIHUOCLI","HAI HUONG SEAFOOD JOUNT STOCKCOMPANY (HHFISH)","","","","","","","","VNCLI"
"ELETECSZX","ELEGENT TECHNOLOGY CO.,LTD LIMITED","","","","","","","","CNSNZ"
"HAIJINJGX","HAIZHILI (JINGSHAN) MACHINE TECHNOLOGY CO.,LTD.","","","","","","","","CNJGX"
"TITARMGES","TITAN ARMORED CARS AND SERVICES INC","","","","","","","","PHGES"
"PAYPLANZN","PAYTON PLANAR MAGNETICS LTD","","","","","","","","ILNZN"
"ARAAERAKL","ARANDEE AEROSPACE","","","","","","","","NZAKL"
"WFLEQUMNL","WFL EQUIPMENT INTEGRATION CORP","","","","","","","","PHMNL"
"XIACOMAFE","XIAMEN COMACCORD LOGISTICS CO.,LTD.","","","","","","","","CNXIA"
"TRPLASNUE","TR PLAST GMBH","","","","","","","","DENUE"
"ARTINFAFE","ARTIN FINE ARTS","","","","","","","","KRSEL"
"EVEINDMNL1","EVERBRIGHT INDUSTRY CORPORATION","","","","","","","","PHMNL"
"LAPEREMNL","LA PEREGRINA FILIPINA, INC.","","","","","","","","PHMNL"
"USARTCAFE","U.S.ART COMPANY, INC.","","","","","","","","USBOS"
"LODERTM","LODE B.V","","","","","","","","NLRTM"
"SUZRUISHA","SUZHOU RUIMIT ELECTRONIC TECHNOLOGY CO., LTD","","","","","","","","CNSHA"
"PANELESKP","PANASONIC ELECTRIC WORKS ELEK SAN VE TIC A.S.","","","","","","","","TRSKP"
"AXXMARSZX","AXXEL MARKETING (SHENZHEN) TRADING LTD","","","","","","","","CNSZX"
"MATSINLGB","MATSING INC.","","","","","","","","USLGB"
"FABRINBKK","FABRINET CO., LTD","","","","","","","","THBKK"
"ZHEINTSHG","ZHEJIANG INTERNATIONAL E-COMMERCE HOLDINGS CO. LTD.","","","","","","","","CNSHG"
"ASICOCCTN","ASIA COCONUT PROCESSING JOINT STOCK COMPANY","","","","","","","","VNCTN"
"ANHMINNKG","ANHUI MINGDE MEDICAL-CARE PRODUCTS CO; LTD.","","","","","","","","CNNJI"
"COOEDIXIY","COOPER EDISON (PINGDINGSHAN) ELECTRONIC TECHNOLOGIES CO., LTD","","","","","","","","CNXIA"
"ZHOHENNSA","ZHONGSHAN HENGEN LIGHTING CO., LIMITED","","","","","","","","CNNSA"
"JINHENYIU","JINAN HENSGRAND INSTRUMENT CO. LTD.","","","","","","","","CNYIU"
"BRANMEAFE","BRAND ME","","","","","","","","MYKUL"
"ALSRAIGOT","ALSTOM RAIL SWEDEN AB","","","","","","","","SEGOT"
"BONFINAFE","BONDS FINE ART LOGISTICS COMPANY LIMITED","","","","","","","","HKHKG"
"AIKDIAPPA","AIKANG DIAGNOSTIC CO, LTD","","","","","","","","CNPPA"
"COPFOOGQQ","COPERION FOOD EQUIPMENT LLC","","","","","","","","USGQQ"
"CASCUEMEX","CASA CUERVO, S.A. DE C.V","","","","","","","","MXMEX"
"TEPGSIN","TEPG PTE LTD.","","","","","","","","SGSIN"
"PHIARTAFE","PHILIPPINE ART EVENTS, INC.","","","","","","","","PHMNL"
"TECSYSCDG","TEC SYSTEM","","","","","","","","FRCDG"
"DAEHIMSEL","DAEHAN IM CO LTD","","","","","","","","KRSEL"
"REDINGMNL","REDACHEM INGREDIENTS PHILIPPINES INC","","","","","","","","PHMNL"
"PANMANMNL1","PANASONIC MANUFACTURING PHILIPPINES CORPORATION","","","","","","","","PHMNL"
"ICOPACPET","ICON PACKAGING SDN BHD","","","","","","","","MYPET"
"CHIFAWJIL","CHINA FAW GROUP IMPORT & EXPORT CO., LTD.","","","","","","","","CNJIL"
"UNIILOAFE","UNIVERSITY OF THE PHILIPPINES VISAYAS MIAGAO","","","","","","","","PHILO"
"IPOSOLMNL","IPOLYMER SOLUTIONS CORPORATION","","","","","","","","PHMNL"
"NAVPACLAX","NAVIS PACK & SHIP","","","","","","","","USLAX"
"REASCMWUH","REALOGISTICS SCM (WUHAN).,LTD.","","","","","","","","CNNHN"
"DAISCIAFE","DAIHAN SCIENTIFIC CO., LTD","","","","","","","","KRSEL"
"WAVDESMNL","WAVELINK DESIGN UNLIMITED, INCORPORATED","","","","","","","","PHMNL"
"COCHARGES","COCO HARVEST INC.","","","","","","","","PHGES"
"SHACOSNSA","SHANGHAI COSTELLA HARDWARE BUILDING MATERIALS CO. LTD.","","","","","","","","CNNSA"
"LUCINNMNL","LUCKY INNOVATIVE MANUFACTURING CORP.","","","","","","","","PHMNL"
"CENTRUPRGAFE","CENTRUMSPED S.R.O.","","","","","","","","CZPRG"
"HASKELLAX","THE HASKELL COMPANY","","","","","","","","USLAX"
"NINFRENGB1","NINGBO FREE TRADE ZONE TENSO MEDICAL INSTRUMENTS CO., LTD","","","","","","","","CNNBO"
"MAXGUATIH","MAXCARE (GUANGZHOU) COSMETICS CO., LTD","","","","","","","","CNTIH"
"YUECHAYUE","YUEQING CHAOXIANG IMPORT AND EXPORT CO.,LTD","","","","","","","","CNYUE"
"NEXWISPJA","NEXUS WISE SDN BHD","","","","","","","","MYPJA"
"COOLWISIN","COOLWISE PTE LTD","","","","","","","","SGSIN"
"TOPREFJKT","PT. TOPRE REFRIGERATOR INDONESIA","","","","","","","","IDJKT"
"AROSERVAP","AROMO SERVIEXPORT LTDA.","","","","","","","","CLVAP"
"DANALLMNL","DANNIEVHER ALLAYNE REYES ATIENZA","","","","","","","","PHMNL"
"JIAHUIJSU","JIANGSU HUILIAN ACCESS FLOOR CO., LTD.","","","","","","","","CNJSU"
"EZSHONHKG","EZSVS (HONGKONG) CO. LIMITED","","","","","","","","HKHKG"
"KIETOOMDW","KIE TOOLS LLC","","","","","","","","USCHI"
"OUTSHAAFE","OUTSHAPED","","","","","","","","USORD"
"OLDBUSBFS","THE OLD BUSHMILLS DISTILLERY CO LTD","","","","","","","","GBBEL"
"SOUJPOMNL","SOUTHERN J POWER ELECTRIC","","","","","","","","PHMNL"
"COSINDJKT","PT COSMAX INDONESIA","","","","","","","","IDJKT"
"VAPHEASHG","VAPO HEALTHCARE CO.,LTD.","","","","","","","","CNSHG"
"HYOGOOSEL","HYOSUNG GOODSPRINGS INC.","","","","","","","","KRSEL"
"JUXHURDEZAFE","JUXIN HURSBANDRY EQUIPTMENT CO., LTD","","","","","","","","CNDEZ"
"SANMIGSHA","SAN MIGUEL FOODS INC","","","","","","","","CNSHA"
"MROMARPUC","MRO MARKET SDN BHD","","","","","","","","MYPUC"
"OCAVILAFE","OCA VILLAMIEL","","","","","","","","PHMNL"
"YANPRETPE","YANSHENG PRECISION CO LTD.","","","","","","","","TWTPE"
"ELIINTTPE","ELIZ INTERNATIONAL FURNITURE CO., LTD","","","","","","","","TWTPE"
"ULTHEAGAN","ULTRAHUMAN HEALTHCAREPRIVATE LIMITED","","","","","","","","INGAN"
"ENSILISIN","ENSILIO","","","","","","","","SGSIN"
"ROTAIRCRO","ROTAIR S.P.A","","","","","","","","ITCRO"
"FEPPRIMNL1","FEP (PRINT TOWN), INC.","","","","","","","","PHMNL"
"POLETTMIL","POLETTO SRL","","","","","","","","ITMIL"
"NAYAXTLV","NAYAX LTD.","","","","","","","","ILTLV"
"TAIGEMAFE","TAIS GEMI INSA VE TEKNOLOJI A.S.","","","","","","","","TRIST"
"ZHEZORZHE","ZHEJIANG ZOREYA COSMETIC CO.,LTD.","","","","","","","","CNZHE"
"DECAUSSYD","DECO AUSTRALIA PTY LTD","","","","","","","","AUSYD"
"TRAASSOAK","TRANSCONTINENTAL ASSOCIATES","","","","","","","","USOAK"
"CABTWIMNL","CABLEFLEX TWINGGEAR CORP.","","","","","","","","PHMNL"
"FLEBALVFA","FLEXUS BALASYSTEM","","","","","","","","SEVFA"
"GUAYIYCAN","GUANGDONG YIYANG HOSE CO., LTD","","","","","","","","CNGGZ"
"MATCONFXT","MATCON LTD","","","","","","","","GBFXT"
"NINYINNGB8","NINGBO YINZHOUYUHAN IMPORT & EXPORT CO.,LTD.","","","","","","","","CNNBO"
"EDAMAMMNL","EDAMAMA","","","","","","","","PHMNL"
"TATBEAWNI","TAT BEARING PTE LTD.","","","","","","","","HKWNI"
"XUYIOUZSN","XU YI OU GE ELECTRONIC CO.,LTD","","","","","","","","CNZSN"
"DOLINTAFE","DOLPHIN INTERNATIONAL EXHIBITION LOGISTICS CO LTD","","","","","","","","TWTPE"
"FOSSOTFOS","FOSHAN SOTOP KITCHEN AND BATH CO. LTD.","","","","","","","","CNFOS"
"BUCPUMLAX","BUCKHORN PUMPS, INC.","","","","","","","","USLAX"
"VIEFUXHPH","VIETNAM FUXIN ALUMINUM CO. LTD.","","","","","","","","VNHPH"
"FOSGUMCAN","FOSHAN GUMAN IMPORT&EXPORT CO.,LTD","","","","","","","","CNCAN"
"MANEDGNYC","MANUFACTURERS EDGE, INC.","","","","","","","","USNYC"
"MEDMEDHKG","MEDCAPTAIN MEDICAL TECHNOLOGY (HONGKONG) LIMITED","","","","","","","","HKHKG"
"GUAGESCAN","GUANGZHOU GESU1 TRADING CO.,LTD.","","","","","","","","CNGGZ"
"VITLOGPRG","VIT LOGISTICS S.R.O","","","","","","","","CZPRG"
"CRABTRSOU","CRABTREE","","","","","","","","GBSOU"
"HONINTQDG","HONGTYRE INTERNATIONAL FZE","","","","","","","","CNQDG"
"PEOOFLAFE","PEOPLE OF LOGISTICS","","","","","","","","KRSEL"
"SHATANKHH","SHANG TANG AGRICULTURE CO., LTD","","","","","","","","TWKHH"
"UNICOMMNL1","UNIVERSAL COMMERCIAL CORPORATION","","","","","","","","PHMNL"
"SHAJIUSAD","SHANDONG JIUDENG INDUSTRIAL CO LTD","","","","","","","","CNSAD"
"MINOFEBIO","MINISTRY OF ENERGY AND ENERGY INDUSTRIES","","","","","","","","ESBIO"
"SHEFANSZX","SHENZHEN FANGCHENG TECH CO.TD","","","","","","","","CNSNZ"
"NUVHOMLGB","NUVE HOME","","","","","","","","USLGB"
"SANMIGMNL1","SAN MIGUEL FOODS INC.","","","","","","","","PHMNL"
"HONCYBHKG","HONGKONG CYBORWELL INTERNATIONAL LIMITED","","","","","","","","HKHKG"
"IFERNMDL","I-FERN CORPORATION","","","","","","","","PHMDL"
"AUTPARBKK","AUTO PARTS ASIA CO. LTD","","","","","","","","THBKK"
"AAAPHAMNL","AAA PHARMA INC","","","","","","","","PHMNL"
"MANTESMXP","MANIFATTURA TESSILE PIEROZZI","","","","","","","","ITMXP"
"3VSIGMGGE","3V SIGMA USA INC.","","","","","","","","USGGE"
"MASHEADEL","MASCOT HEALTH SERIES PVT LTD","","","","","","","","INDEL"
"PREJOHTPE","PREFCO-JOHNSONTECH AIR CONTROL INC.","","","","","","","","TWTPE"
"RJFINEAFE","R & J FINE ART","","","","","","","","KRSEL"
"ASTLOGAFE","AST LOGISTICS SDN BHD","","","","","","","","MYKUL"
"IRICOCRIZ","IRIE COCONUT PRODUCT MANUFACTURING INC.","","","","","","","","PHRIZ"
"PARHANJBK","PARKER HANNIFIN VERIFLO","","","","","","","","USJBK"
"NOVOMAGPK","NOVOMATIC AG","","","","","","","","ATGPK"
"PEGGASGE2","PEGORARO GAS TECHNOLOGIES SRL","","","","","","","","ITGE2"
"WESCITMNL","WESTSIDE CITY INC.","","","","","","","","PHMNL"
"HENPROMEZ","HENAN PROSPER & COLOMER MODA CO., LTD","","","","","","","","CNMEZ"
"MIUSINMNLAFE","MIURA SINGAPORE CO PTE. LTD. - PHILIPPINE BRANCH","","","","","","","","PHMNL"
"NISPHIMNL","NISSAN PHILIPPINES INC.","","","","","","","","PHMNL"
"SMASOLHAJ","SMA SOLAR TECHNOLOGY AG","","","","","","","","DEHAJ"
"KUULOGCPH","KUUBE LOGISTICS APS","","","","","","","","DKCPH"
"ALUPVECAN","ALUMSOLAR PV ENGINEERING CO., LTD.","","","","","","","","CNGGZ"
"SHELEFAFE","SHENZHEN LE FEET INNOVATION TECH CO","","","","","","","","HKHKG"
"PLEPLAMNL","PLEXCO PLASTIC PRODUCTS INC.","","","","","","","","PHMNL"
"FIAASISIN","FIAMM ASIA PACIFIC PTE LTD","","","","","","","","SGSIN"
"CHUJAPNGO","CHUBU CORPORATION JAPAN","","","","","","","","JPNGO"
"PURMANNTL","PURITEX MANUFACTURER (M) SDN BHD","","","","","","","","MYNTL"
"LAKOSSCK","LAKOS CORPORATION","","","","","","","","USSCK"
"VICBERIAH","VICTAULIC BERMAD TECHNOLOGIES","","","","","","","","USHOU"
"HINMOTTYO","HINO MOTORS LTD.","","","","","","","","JPTYO"
"REEMOLXFW","REEL MÖLLER GMBH","","","","","","","","DEXFW"
"REGGLOMEM","REGULUS GLOBAL INC.","","","","","","","","USMEM"
"COMINDAFE","COMPAK INDUSTRIAL MACHINERY TRADING","","","","","","","","PHMNL"
"WASTECAFE","WASSER TECH CO.,LTD.","","","","","","","","THBKK"
"PIOTRAKWN","PIONEER TRADE LTD","","","","","","","","HKKWN"
"SHABHCSHA","SHANGHAI BHC LOGISTICS TECHNOLOGY CO.,LTD.","","","","","","","","CNSGH"
"STAINTNUE","STABILO INTERNATIONAL GMBH","","","","","","","","DENUE"
"CENGLOFRA","CENTRAL GLOBAL CARGO GMBH","","","","","","","","DEFRA"
"SOFCORMNL","SOFITEC CORP.","","","","","","","","PHMNL"
"OCTCHEMNL","OCTOEIGHT CHEMICAL CORPORATION","","","","","","","","PHMNL"
"PROOPTMNL","PROVIEW OPTICS PHILS. INC","","","","","","","","PHMNL"
"GOOMANSFS","GOOD MANUFACTURING (PH) LEATHERS INC","","","","","","","","PHSFS"
"ROSCONMFM","ROSE CONTAINERLINE, INC","","","","","","","","MOMFM"
"JDMFURMNL","JDM FURNISHINGS","","","","","","","","PHMNL"
"CDGPACMNL","CDG PACIFIC CONSOLIDATION AND TRADING INC","","","","","","","","PHMNL"
"TAPAVOBGY","TA PAVONI ITALIA S.P.A.","","","","","","","","ITBGO"
"VERPHIAFE","VERSA GROUP PHIL. CORP.","","","","","","","","PHMNL"
"J4LDA","J4 S.R.O","","","","","","","","CZLDA"
"MISKOKHND","MISUZU KOKI CO., LTD.","","","","","","","","JPHND"
"DIVIRVBNE","DIVINA IRVIN","","","","","","","","AUBNE"
"TSYINDMNL","T'SYS INDUSTRIAL CONTROLS INC.","","","","","","","","PHMNL"
"TAEVINVLM","TAEYANG VINA CO., LTD","","","","","","","","VNVLM"
"ARTINSTAFE","ARTSPLUS INSTITUTE OF CONTEMPORARY ARTS","","","","","","","","JPTYO"
"DESCORMNL","DESCORP INC.","","","","","","","","PHMNL"
"ENAWINAFE","ENABLING WIN INDIA PRIVATE LIMITED","","","","","","","","INBOM"
"AIRSEATPE","AIR SEA WORLDWIDE TAIWAN LTD","","","","","","","","TWTPE"
"FOOCHIAFE","FOONG CHI MOULD INDUSTRIES SDN BHD","","","","","","","","MYPEN"
"ESCONNAFE","ES CONNECTION IDEA (PHILS.) CORP","","","","","","","","PHMNL"
"KORHYDPUS","KOREA HYDRAULIC CO., LTD.","","","","","","","","KRPUS"
"MALSHEPKG","MALAYSIAN SH ELECTRONICS SDN BHD","","","","","","","","MYPKG"
"WANREFSHA","WANXIANG REFRIGERATION (SHANGHAI) CO.LTD","","","","","","","","CNSGH"
"FOSVAIJIU","FOSHAN VAIRTECH VENTILATION CO.TD.","","","","","","","","CNJIU"
"GAPRINMNL","GA PRINTING INCORPORATED","","","","","","","","PHMNL"
"FOOBEVMNL","FOOD & BEVERAGE, INC.","","","","","","","","PHMNL"
"GSIINTHKG","GSIGHT INTERNATIONAL LIMITED","","","","","","","","HKHKG"
"GUAJINBYU","GUANGZHOU JINXIU BIOTECHNOLOGY CO.,LTD","","","","","","","","CNBYU"
"NINROFAFE","NINGBO ROFF INDUSTRY COMPANY","","","","","","","","CNNGB"
"MPSOLASFS","MP SOLAR FAB SUBIC INC.","","","","","","","","PHSFS"
"LOYINDSIN","LOYAL INDUSTRIAL PTE LTD.","","","","","","","","SGSIN"
"SINSHAAFE","SINOTRANS SHANGHAI WELL-TRANS INTERNATIONAL LOGISTICS CO. LTD","","","","","","","","CNSHA"
"GUABINZUH","GUANGDONG BINGBING HEALTH CARE PRODUCTS LTD.","","","","","","","","CNZUH"
"REPROLAFE","REPROLIFE INC.","","","","","","","","JPTYO"
"BNTSCAMMX","B.N.T SCANDINAVIA AB","","","","","","","","SEMMA"
"MACENVSHU","MACCAFERRI ENVIRONMENTAL SOLUTIONS PVT. LTD","","","","","","","","INSHU"
"NATGRECAN","NATURE GREEN CO, LTD.","","","","","","","","CNGGZ"
"SAIGOBHGH1","SAINT-GOBAIN JOINLEADER (HANGZHOU) NEW MATERIALS CO., LTD","","","","","","","","CNHGH"
"SHAGOOSHA1","SHANGHAI GOODHOPE CO.,LTD.","","","","","","","","CNSGH"
"ORYTECNDA","ORYGGI TECHNOLOGIES PRIVATE LIMITED","","","","","","","","INNDA"
"BNWBAKLBA","BNW COMPANY (BAKERY SERVICES ) LTD","","","","","","","","GBBRF"
"PROGOVAFE","PROVINCIAL GOVERNMENT OF QUIRINO","","","","","","","","PHMNL"
"NEWTONMNL","NEWTON","","","","","","","","PHMNL"
"SHETECSZX1","SHENZHEN TECHO MEDICAL TECHNOLOGY CO.,LTD.","","","","","","","","CNSNZ"
"SENCARPRG","SENT CARGO S.R.O","","","","","","","","CZPRG"
"REHINDTPP","PT REHAU INDONESIA","","","","","","","","IDTPP"
"JHHARDDVO","JH HARDWARE CO.","","","","","","","","PHDVO"
"ALSPOLHAM","ALSTOM POLSKA S.A.","","","","","","","","DEHAM"
"SUNTRANSA","SUNRISE TRADING INDUSTRIAL COMPANY","","","","","","","","CNNSA"
"EYTKORAFE","EYTHOS KOREA","","","","","","","","KRICN"
"GROPACMIL","GROUP PACK SRL","","","","","","","","ITMIL"
"BRULIFSZX","BRUGG LIFTING SUZHOU CO. LTD","","","","","","","","CNSZX"
"SHAJKHSAD","SHANDONG JK HOUSEHOLD INDUSTRY CO., LTD","","","","","","","","CNSAD"
"HUAJINAFE","HUANGYAN JINZHUO PLASTIC MOULD FACTORY","","","","","","","","CNSUH"
"TUNINDSZX","TUNGWILLE INDUSTRY DEVELOPMENT(SZ) CO.,LTD","","","","","","","","CNSNZ"
"JINZHOJHA","JINHUA ZHONGYI FURNITURE CO.LTD.","","","","","","","","CNJHA"
"LPPTRADVO1","LPP TRADING CORP.","","","","","","","","PHDVO"
"MACALPMNL","MAC ALPHA OMEGA IND SALES INC.","","","","","","","","PHMNL"
"JUSBAUMNL","JUSTINE BAUTISTA","","","","","","","","PHMNL"
"EJGALLSCK","E. & J. GALLO WINERY","","","","","","","","USSCK"
"TERTRAPUC","TERBERG TRACTORS MALAYSIA SDN BHD","","","","","","","","MYPUC"
"JIAGONCAN","JIANGMEN GONGLY CO.,LTD","","","","","","","","CNGGZ"
"ANGINDAGL","ANGELES INDUSTRIAL PARK","","","","","","","","PHAGL"
"SARTEXMUN","SARA TEXTILES LIMITED","","","","","","","","INMUN"
"COLMANAFE","COLT MANUFACTURING COMPANY LLC","","","","","","","","USLAS"
"FANPHIAFE","FANUC PHILIPPINES CORPORATION","","","","","","","","PHMNL"
"HUMSINAFE","HUMANS SINCE 1982","","","","","","","","SESTO"
"QINKINTAO","QINGDAO KINHO PLASTIC CO. , LTD.","","","","","","","","CNQIN"
"CASFAMYDA","CASELLA FAMILY BRANDS","","","","","","","","AUYDA"
"ZEVAMMAFE","ZEVETA AMMUNITION A.S.","","","","","","","","CZPRG"
"TECALUAJM","TECHNICAL ALUMINIUM FOIL COMPANY LLC","","","","","","","","AEAJM"
"FIRPGMMNL1","FIRST PGMC ENTERPRISES INC.","","","","","","","","PHMNL"
"GREENEHFE","GREEN ENERGY CO LTD","","","","","","","","CNHFI"
"PLUCARZLO","PLUS CARGO MEXICO G.R. COMPANY","","","","","","","","MXZLO"
"CENDISMNL","CENTURY DISTRIBUTION SYSTEMS, INC.","","","","","","","","PHMNL"
"VERFAMEIN","VERHOEVEN FAMILY OF COMPANIES BV","","","","","","","","NLEIN"
"DTPROJDFW","DT PROJECT AMERICA","","","","","","","","USDFW"
"INTONBBSL","INTERFOOD INC. ON BEHALF OF NESTRADE SA","","","","","","","","CHBSL"
"MASINTTPE","MASTER INTERNATIONAL LOGISTICS(TAIWAN)CO.,LTD","","","","","","","","TWTPE"
"AERCOMLAX","AERIS COMMUNICATIONS, INC.","","","","","","","","USLAX"
"GOLORCHKG","GOLDEN ORCHID LIMITED","","","","","","","","HKHKG"
"SHAPIZMNL1","SHAKEY'S PIZZA ASIA VENTURES INC","","","","","","","","PHMNL"
"IGNFRAMNL","IGNACIO, FRANCIS WONG","","","","","","","","PHMNL"
"LSPDATAKL","LSPORTS DATA LTD.","","","","","","","","ILAKL"
"HABCABNUE","HABIA CABLE GMBH","","","","","","","","DENUE"
"BARMACTPE","BARLOAD MACHINE CO., LTD","","","","","","","","TWTPE"
"WINEXPLGB","WINN EXPO SOLUTIONS","","","","","","","","USLGB"
"WEGEQUSFS","WEG EQUIPAMENTOS ELETRICOS S.A","","","","","","","","BRSFS"
"GRACRUMNL","GRAND CRU WINES AND SPIRITS INC.","","","","","","","","PHMNL"
"GARLOCSIN","GARLOCK SINGAPORE PTE LTD.","","","","","","","","SGSIN"
"BLOHARSIN","BLOOMING HARMONY PTE, LTD.","","","","","","","","SGSIN"
"PHIDISMNL","PHILIPPINE DISASTER RESILIENCE FOUNDATION","","","","","","","","PHMNL"
"XIASHAXMN","XIAMEN SHAREWINGS TRADING CO., LTD.","","","","","","","","CNXAM"
"HUBNETAFE","HUBNET CO ., LTD","","","","","","","","JPTYO"
"IVVITAARE","IVV ITALIA SRL","","","","","","","","ITARE"
"SIMBEDBKK","SIMMONS BEDDING MANUFACTURING (THAILAND) CO., LTD","","","","","","","","THBKK"
"AUDSAFVSS","AUDINNOV SAFETY FIRST","","","","","","","","FRVSS"
"AYSMEDNOP","AYSMED MEDIKAL TURIZM ITHALAT VE IHRACAT LIMITED SIRKETI","","","","","","","","TRSIC"
"LPCOSMSEL","L&P COSMETICS CO.,LTD.","","","","","","","","KRSEL"
"DAESUNINC","DAE SUNG G-3 CO. LTD.","","","","","","","","KRINC"
"ZHEKEPSHA","ZHENGZHOU KEPAI MECHANICAL EQUIPMENT CO., LTD.","","","","","","","","CNSHA"
"FILGENMNL2","FILTERTECH GENERAL TRADING","","","","","","","","PHMNL"
"SHAEASQDG","SHANDONG EASENT BIOTECHNOLOGY GROUP CO., LTD","","","","","","","","CNQDG"
"TANINTNTC","TANGAGE INTERNATIONAL INC.","","","","","","","","TWNTC"
"GUARUISAD","GUANXIAN RUICHANG TRADING CO.,LTD","","","","","","","","CNSAD"
"QIMAROLEY","QIMAROX","","","","","","","","NLLEY"
"HONCOMHKG","HONGKONG COMFORT ELECTRONICS LIMITED","","","","","","","","HKHKG"
"NOBSUPBOS","NOBLE SUPPLY AND LOGISTICS","","","","","","","","USBOS"
"CHALOGAFE","CHATTA LOGISTICS CO.,LTD.","","","","","","","","THBKK"
"UDORGOA","UDOR SPA","","","","","","","","ITGOA"
"ALBGDLMNL","ALBORI G AND D LABORATORY TESTING","","","","","","","","PHMNL"
"BOTTERJLO","BOTTER","","","","","","","","ITJLO"
"OPSFURMNL","OPS FURNITURE MANUFACTURING CORP","","","","","","","","PHMNL"
"GSPLASHAS","G&SPLAST GMBH CO. KG","","","","","","","","DEHAS"
"TONCHAPEK","TONG CHANGTAI TRADING (QINGDAO) CO., LTD.","","","","","","","","CNPEK"
"TCSJOHLJU","TCS JOHN HUXLEY CDS D.O.O","","","","","","","","SILJU"
"SHABASSHG","SHANGHAI BA-SHI YUE XIN LOGISTICS DEVELOPMENT CO.,LTD","","","","","","","","CNSHG"
"GLOMARMNL1","GLOBAL MARITIME LOGISTICS SUPPORT INC","","","","","","","","PHMNL"
"OMIAUDBRI","OMICRON AUDIO SRLS","","","","","","","","ITBRI"
"SYNGENSFO","SYNGENTA LTD.,","","","","","","","","USSFO"
"FURELEYOK","FURUKAWA ELECTRIC CO.,LTD.","","","","","","","","JPYOK"
"CHRDIOMEA","CHRISTIAN DIOR","","","","","","","","FRMEA"
"SHAWOLSHA","SHANGHAI WOLFIX NEW MATERIALS CO. LTD","","","","","","","","CNSGH"
"KEEMEDFOS","KEEWELL MEDICAL TECHNOLOGY CO., LTD","","","","","","","","CNFOS"
"DEZHULTAO","DEZHOU HULI WATER TANK CO. LTD.","","","","","","","","CNQIN"
"SASGERHAM","SASOL GERMANY GMBH","","","","","","","","DEHAM"
"EDILABMAD","EDILAB, S.L.","","","","","","","","ESMAD"
"AMBASISIN","AMBAFLEX ASIA PACIFIC B.V. (SINGAPORE BRANCH)","","","","","","","","SGSIN"
"ZHEJINDNY","ZHENJIANG JINGWEI PLASTIC & RUBBER CO.,LTD","","","","","","","","CNDNY"
"OTIINDLIS","OTIIMA INDUSTRIES S.A","","","","","","","","PTLIS"
"EGGINTSHH","EGGWAY INTERNATIONAL ASIA PRIVATE LIMITED","","","","","","","","INSHH"
"NINJUNNGB","NINGBO JUNDA IMPORT & EXPORT CO. , LTD.","","","","","","","","CNNBO"
"SUZCICSHA","SUZHOU CICOR TECHNOLOGY CO. LTD.","","","","","","","","CNSHA"
"ATATASISL","ATAT TASIMACILIK COZUMLERI A.S.","","","","","","","","TRIST"
"RATHUNBUD","RATH HUNGARIA","","","","","","","","HUBUD"
"TBKMANMNL","TBK MANUFACTURING CORPORATION","","","","","","","","PHMNL"
"REMOTEAFE","REMOTES","","","","","","","","TWTPE"
"DONFIRTAO","DONGYING FIRST BIOCHEM INDUSTRIAL CO., LTD.","","","","","","","","CNQIN"
"DIEINTAFE","DIETL INTERNATIONAL SERVICES","","","","","","","","USNYC"
"FAGMEDPPA","FAGA MEDICAL","","","","","","","","BRPPA"
"TADMARMNL","TADCHEM MARKETING","","","","","","","","PHMNL"
"SHINWOICN","SHINWONTECH INC.","","","","","","","","KRICN"
"CONASOSPE","CONTI SRL A SOCIO UNICO","","","","","","","","ITSPE"
"STESOLBOD","STERIS SOLUTIONS PTE. LIMITED","","","","","","","","FRBOD"
"ZHOSTANSA","ZHONGSHAN STARTING IMPORT & EXPORT CORPORATION LIMITED","","","","","","","","CNNSA"
"AXETFLMNL","A-XET FLOORCOVERING PTE. LTD","","","","","","","","PHMNL"
"WOODLALHR","WOODLAND GROUP","","","","","","","","GBLHR"
"COLDESAMS","COLLECTION DESIGN B.V.","","","","","","","","NLAMS"
"BESSTAMNL","BESTFAB STAINLESS STEEL FABRICATION SERVICES","","","","","","","","PHMNL"
"FOSZHEGUT","FOSHAN ZHENGLIAN CERAMIC CO. LTD","","","","","","","","CNGUT"
"KNDSAFE","KNDS","","","","","","","","ITMIL"
"NANTICNKG","NANJIANG TICA CLIMATE SOLUTIONS CO.,LTD.","","","","","","","","CNNJI"
"ZHEHUASHA1","ZHEJIANG HUADING SOLAR ENERGY TECHNOLOGY CO LTD","","","","","","","","CNSGH"
"TANENTMNL1","TANTUCO ENTERPRISES","","","","","","","","PHMNL"
"AHTCOOCGS","AHT COOLING (CHANGSHU) CO. LTD .","","","","","","","","CNCGS"
"PATGLOCDO","PATREO GLOBAL MARKETING CO.","","","","","","","","PHCDO"
"ZHEFODQDG","ZHENGZHOU FODAMON MACHINERY EQUIPMENT CO. LTD.","","","","","","","","CNQDG"
"HOYTECSHK","HOYO TECHNOLOGY (HK) INDUSTRIAL CO., LIMITED","","","","","","","","CNSHK"
"MAEMINCWL","MAELGWYN MINERAL SERVICES LTD.","","","","","","","","GBCDF"
"SANTRAAFE","SANHAO TRADING","","","","","","","","PHMNL"
"DEMDELAFE","DEMET DELE CRUZ","","","","","","","","PHMNL"
"CECVERLAX","CECILLE VERBO-MALLARE","","","","","","","","USLAX"
"VESYNCSIN","VESYNC (SINGAPORE) PTE. LTD.","","","","","","","","SGSIN"
"TORSOLMNL","TORISHIMA SERVICE SOLUTIONS ASIA PTE. LTD. (PHILIPPINE BRANCH)","","","","","","","","PHMNL"
"WINCHEIAH","WINCHES INC","","","","","","","","USHOU"
"HATLAPMUC","HATLAPA GMBH","","","","","","","","DEMUC"
"LIFITAMXP","LIFTING ITALIA","","","","","","","","ITMXP"
"DSVSPAAFE","DSV SOLUTIONS SPAIN S.A.U.","","","","","","","","ESMAD"
"KANDESDEL","KANHA DESIGNS PVT LTD","","","","","","","","INDEL"
"ERISINSZX","E-RISING TRADING (HK)LIMITED","","","","","","","","CNSNZ"
"HILPROMAN","HILLSTONE PRODUCTS LTD","","","","","","","","GBMNC"
"VPSEQUBKK","V.P.S. EQUIPMENT CO.,LTD","","","","","","","","THBKK"
"ACEENGSEL","ACE ENGINEERING & CO . LTD","","","","","","","","KRSEL"
"BILEXC9SP","BILLION EXCEL OPTICAL MANUFACTORY COMPANY LIMITED","","","","","","","","HK9SP"
"POUVIESGN","POUYUEN VIETNAM COMPANY LIMITED","","","","","","","","VNSGN"
"AGPSPEMNL","AG P SPECIAL ECONOMIC ZONE","","","","","","","","PHMNL"
"SPAEXPTIW","SPACE EXPLORATION TECHNOLOGIES CORP (SPACEX)","","","","","","","","USTIW"
"JALOGQAFE","JALOG S.R.O.","","","","","","","","SKBRP"
"CRUHOSMEL","CRUSADER HOSE PTY LTD","","","","","","","","AUMEL"
"MCCDISLAX","MCCORMICK DISTILLING CO.","","","","","","","","USLAX"
"EYEPHICAV","EYEMERA PHILIPPINES CORPORATION","","","","","","","","PHCAV"
"IMCALLABN","IMCO ALLOYS PRIVATE LIMITED","","","","","","","","INABN"
"DESTIAHEL","DESTIA OY","","","","","","","","FIHEL"
"TRSPHISFS","TRS PHILS CORPORATION","","","","","","","","PHSFS"
"SEGLOGTYO","SEGA LOGISTICS SERVICE CO., LTD.","","","","","","","","JPTYO"
"PREMIOLAX","PREMIO INC.","","","","","","","","USLAX"
"MONKILSCY","MONKILOWATT","","","","","","","","FRSCY"
"EURJAYJKT","PT. EUROASIATIC JAYA","","","","","","","","IDJKT"
"YUCMUSAFE","YUCHENGCO MUSEUM","","","","","","","","PHMNL"
"SHEZHASZX","SHENZHEN ZHAOYANG","","","","","","","","CNSNZ"
"NATPOLAMS","NATIONAL POLIO LABORATORY (NPL), CENTRE FOR LNFECTIOUS DISEASE RESEARCH,","","","","","","","","NLAMS"
"OCETECAFE","OCEAN TECHNOLOGIES GROUP","","","","","","","","PHMNL"
"THAMECSAS","THAI MECTECH CO.,LTD","","","","","","","","THSAS"
"GRAMOUMEL","GRAND MOULINS DE PARIS","","","","","","","","FRMEL"
"TRANSWAFE","TRANSWORLD","","","","","","","","ILHFA"
"KELCOLHKG","KELLYMED GROUP CO.,LTD.","","","","","","","","HKHKG"
"ARTOFGMNL","ART OF GOLD ENTERPRISES, INC","","","","","","","","PHMNL"
"LISTUPJHB","LISTEN UP SDN BHD","","","","","","","","MYJHB"
"MANMULTOO","MANILA MULTIPURPOSE TERMINAL","","","","","","","","PHTOO"
"TIAINSLHW","TIANHUA INSTITUTE OF CHEMICAL MACHINERY & AUTOMATION CO.,LTD.","","","","","","","","CNLAZ"
"JRPETEJFK","JR PETER INC","","","","","","","","USJFK"
"KUESHAAFE","KUEHNE + NAGEL LTD","","","","","","","","CNSHA"
"MASSTAMBT","MASBATE STATE UNIVERSITY (DEBESMSU)","","","","","","","","PHMBT"
"SOCEXPKNA","SOCIEDAD EXPORTADORA Y COMERCIAL VIÑA MAIPO SPA","","","","","","","","CLKNA"
"ENDPHITAU","ENDRESS+HAUSER PHILIPPINES INC","","","","","","","","PHTAU"
"YAKCHIHKG","YAKIMA CHIEF HOPS","","","","","","","","HKHKG"
"PAYPLAMNL","PAYTON PLANAR MAGNETICS PHILIPPINES","","","","","","","","PHMNL"
"CJFOODSGN","CJ FOODS VIETNAM CO., LTD- HIEP PHUOC BRANCH","","","","","","","","VNSGN"
"SHACHUSHGAFE","SHANGHAI CHUNG HEE INTERNATIONAL CARGO TRANSPORT","","","","","","","","CNSHG"
"SHADACSTG","SHANTOU DACHUAN MACHINES CO., LTD.","","","","","","","","CNSTG"
"YIWKAIHYN","YIWU KAIGUANG BAG FACTORY","","","","","","","","CNHYN"
"ECOSHISGN","ECONO SHIPPING VINA CO., LTD","","","","","","","","VNSGN"
"VINPHUSGN","VINH PHU GENERAL JSC.","","","","","","","","VNSGN"
"NINLUCZHE","NINGBO LUCKYSTAR E-COMMERCE CO.LTD","","","","","","","","CNZHE"
"HOLHKTWON","HOLYLIGHT (H.K.) TRADING CO. LIMITED","","","","","","","","HKWON"
"CANSHEWNZ","CANGNAN SHENGFENG COTTON PRODUCTS CO.LTD","","","","","","","","CNWNZ"
"VMTBCL","VMT GMBH","","","","","","","","DEBCL"
"ABBRAPOSL","ABBOTT RAPID DX INTERNATIONAL LIMITED","","","","","","","","NOOSL"
"BERVIESGN","BERNECKER VIETNAM CO.,LTD","","","","","","","","VNSGN"
"ZHEHANRIA","ZHEJIANG HANYU MACHINERY CO., LTD.","","","","","","","","CNRIA"
"SHIMINSJW","SHIJIAZHUANG MINGSHENG IMPORT & EXPORT CO.,LTD.","","","","","","","","CNSJZ"
"SAUAERJED","SAUDI AEROSPACE ENGINEERING IND (SAUDI TECHNICA)","","","","","","","","SAJED"
"SIFASICHG","SIFA ASIA PTE LTD","","","","","","","","SGCHG"
"TREWINMEL","TREASURY WINE ESTATES VINTNERS LIMITED","","","","","","","","AUMEL"
"FUJISATYO","FUJISASH CO., LTD","","","","","","","","JPTYO"
"LEMPHIMNL","LEMOINE S.A. PHILIPPINES, INC.","","","","","","","","PHMNL"
"FIGBAIBJS","FIGURE BAI (BEIJING) SCIENCE AND TECHNOLOGY CO.,LTD.","","","","","","","","CNBJS"
"EXTNETLAX1","EXTREME NETWORKS INC.","","","","","","","","USLAX"
"LOGIBABTG","LOGIBA CORPORATION","","","","","","","","PHBTG"
"NINHUANBG","NINGBO HUATIAN IMPORT AND EXPORT CO LTD","","","","","","","","CNNBG"
"HYCLEAFRA","HYCLEANER GMBH & CO. KG","","","","","","","","DEFRA"
"LANRUIXGA","LANGFANG RUILONG INTELLIGENT HOME CO. LTD.","","","","","","","","CNXGA"
"POWMASFOA","POWER MASTER INTERNATIONAL , INC.","","","","","","","","USFOA"
"HILCONMNL","HILMARC'S CONSTRUCTION CORPORATION","","","","","","","","PHMNL"
"JORARMAFE","JORDAN ARMED FORCES","","","","","","","","JOAMM"
"JINJINTNA","JINAN JINBAO PLASTIC CO., LTD","","","","","","","","CNJNA"
"FWIHANMNL","FWI HANDICRAFTS","","","","","","","","PHMNL"
"SANANTGOA","SAN ANTONIO WINERY - ITALY","","","","","","","","ITGOA"
"PROSOLAFE","PROTECH SOLUTION","","","","","","","","CNSGH"
"SHEBESSZX1","SHENZHEN BESITA TECHNOLOGY CO.,LTD.","","","","","","","","CNSZX"
"KARCLESEK","KARCHER CLEANING SYSTEMS SDN BHD","","","","","","","","MYSEK"
"SUZSKYSHA","SUZHOU SKY INDUSTRIL CO., LTD","","","","","","","","CNSHA"
"ZHECHIAFE","ZHEJIANG CHINT ELECTRICS CO. LTD","","","","","","","","CNSHG"
"MENARDCDG","MENARD","","","","","","","","FRCDG"
"DMKDEUBRE","DMK DEUTSCHES MILCHKONTOR GMBH","","","","","","","","DEBRE"
"XIAHUAXMG","XIAMEN HUA LI LONG PLASTIC INDUSTRY & TRADE CO. LTD.","","","","","","","","CNXMG"
"SFSCIEKHH","SF SCIENTIFIC CO LTD","","","","","","","","TWKHH"
"NINQIANGB","NINGBO QIANYAO SUPPLY CHAIN CO.,LTD.","","","","","","","","CNNBO"
"KONBEAMNL","KONVY BEAUTY AND THE BEST DEAL","","","","","","","","PHMNL"
"ARMSOCHAN","THE ARMY SOCIALIST REPUBLIC OF VIETNAM","","","","","","","","VNHAN"
"HYVSOLSMF","HYVE SOLUTIONS CORPORATION","","","","","","","","USSAC"
"MGRSEALAX","MGR SEATING TECHNOLOGY, INC.","","","","","","","","USLAX"
"TCSLOGFRA","TCS LOGISTIC SOLUTIONS GMBH","","","","","","","","DEFRA"
"NINYINNGB7","NINGBO YINZHOU YUHAN IMPORT & EXPORT CO.,LTD.","","","","","","","","CNNBO"
"BERVINMEL","BERTON VINEYARDS PTY LTD.","","","","","","","","AUMEL"
"NINNEWNBG","NINGBO NEWFLY ELECTRICAL APPLIANCES CO., LTD.","","","","","","","","CNNBG"
"MASPANPTY","MASTERLINE GROUP - PANAMA","","","","","","","","PAPTY"
"SHI3DTAFE","SHINING 3D (HK) CO., LTD","","","","","","","","HKHKG"
"VALPHABMG","VALUEMED PHARMA S.R.L.","","","","","","","","SMBMG"
"JINENEAFE","JINKO ENERGY STORAGE TECHNOLOGY CO. LTD","","","","","","","","PHMNL"
"CONMACCTA","CONTRAIL MACHINERY SRL","","","","","","","","ROCTA"
"PRAMETSJQ","PRANCE METALWORK BUILDING MATERIAL CO. LTD.","","","","","","","","CNSJQ"
"BARSPZWAR","BART SP. Z.O.O","","","","","","","","PLWAR"
"HINMOTJKT","PT. HINO MOTORS MANFACTURING INDONESIA","","","","","","","","IDJKT"
"PRGPRAHAJ","PRG PRAEZISIONS- RUEHRER-GMBH","","","","","","","","DEHAJ"
"SHEZHIAFE","SHENZHEN ZHIXITONG INDUSTRIAL TRADING CO., LTD","","","","","","","","CNSNZ"
"SHAEVESHA1","SHANGHAI EVERGREEN CO., LTD.","","","","","","","","CNSGH"
"AIRFLISIN","AIRBUS FLIGHT HOURS SERVICES LIMITED","","","","","","","","SGSIN"
"ZHEYILJAX","ZHEJIANG YILI MACHINERY AND ELECTIRC CO.,LTD.","","","","","","","","CNJAX"
"KARPROBEL","KARDEX PRODUKTION DEUTSCHLAND GMBH","","","","","","","","DEBEL"
"BUEAIRWEF","BUECO AIR CONDITIONING CO.,LTD","","","","","","","","CNWEF"
"WIZLOGDXB","WIZ LOGTEC FREIGHT LLC","","","","","","","","AEDXB"
"FANINDHKG","FANDER INDUSTRIAL (HK) CO., LIMITED","","","","","","","","HKHKG"
"WALDIGLAX","WALKER DIGITAL TABLE SYSTEMS, LLC","","","","","","","","USLAX"
"ZHEBESNGB1","ZHEJIANG BEST CAPITAL SHOES CO.,LTD","","","","","","","","CNNBO"
"EUROTOAFE","EUROTORP","","","","","","","","FRCDG"
"ROHSCHMNL","ROHDE & SCHWARZ (PHILIPPINES) INC.","","","","","","","","PHMNL"
"DIACALMNL1","DIANE C. ALCANTARA","","","","","","","","PHMNL"
"KIMINTBWH","KIMM INTERNATIONAL SDB BHD","","","","","","","","MYBWH"
"JAPHANCHB","JAPAN HAND CARRY","","","","","","","","JPCHB"
"WUXREPYXS","WUXI REPS POWER TECHNOLGY CO.,LTD.","","","","","","","","CNYXS"
"IDEIZUSIN","IDEC IZUMI ASIA PTE LTD.","","","","","","","","SGSIN"
"YINUPHXGN","YINGCHENG U-PHTEN IMPORT & EXPORT CO.LTD","","","","","","","","CNXGN"
"PACTEXHKG1","PACIFIC TEXTILES LTD","","","","","","","","HKHKG"
"PREENGFBD","PREMNATH ENGINEERING WORKS","","","","","","","","INFBD"
"KEABENNTL","KEAN BENG LEE INDUSTRIES (M) SDN, BHD","","","","","","","","MYNTL"
"HANFUYSHG","HANGZHOU FUYANG YIXUAN TECHONOLOGY CO. LTD.","","","","","","","","CNSHG"
"COLGALAFE","COLUMNS GALLERY","","","","","","","","KRICN"
"ZHUSUNAFE","ZHUHAI SUN LENGEND F.R.P. CO. LTD.","","","","","","","","CNSZX"
"LIQUINSIN","LIQUINEX GROUP PTE. LTD","","","","","","","","SGSIN"
"STEFORMNL","STELLAR FORWARDING AND TRANSPORT INC.","","","","","","","","PHMNL"
"HANJIHZHE","HANGZHOU JIHANG BUSINESS SERVICE CO. , LTD.","","","","","","","","CNZHE"
"PSBEDIBOM","PS BEDI & CO. PVT. LTD.","","","","","","","","INBOM"
"SEPINDMNL","SEPTFOUR INDUSTRIAL SUPPLY","","","","","","","","PHMNL"
"SUZMINSZV","SUZHOU MINGSHUANG INTEGRATED HOUSING TECHNOLOGY CO.,LTD","","","","","","","","CNSZH"
"AMAFLYMMX","AMAPOLA FLYG AB","","","","","","","","SEMMA"
"GDMIDECAN","GD MIDEA AIR-CONDITIONING EQUIPMENT CO.,LTD.","","","","","","","","CNGGZ"
"WOOIMPSIN","WOODMAGIC IMPORT & EXPORT PTE. LTD","","","","","","","","SGSIN"
"ZHUMACSHA","ZHUCHENG MACGEE MACHINERY CO.，L TD","","","","","","","","CNSGH"
"ZHOEASZGA","ZHONGSHAN EAST TRADING CO. LTD.","","","","","","","","CNZGA"
"KLELIFKUS","KLEEMAN LIFTS (CHINA) CO.,LTD.","","","","","","","","CNKUS"
"LNWGAMMFM","LNW GAMING ASIA LIMITED","","","","","","","","MOMFM"
"GUAREDCAN1","GUANGZHOU RED PINE MEDICAL INSTRUMENT CO.,LTD.","","","","","","","","CNGGZ"
"CHABAOCZX","CHANGZHOU BAOJIE ELECTRIC MOTORS MANUFACTURING CO.,LTD.","","","","","","","","CNCZX"
"SPIPOWMNL","SPI POWER PLANT","","","","","","","","PHMNL"
"RAF3PLAFE","RAFALOG 3PL","","","","","","","","AUSYD"
"SAMPIESFE","SAMPIERANA SPA","","","","","","","","ITSFE"
"TIAXURTSN","TIANJIN XURUI HENGDA INTERNATIONAL TRADING CO., LTD.","","","","","","","","CNTNJ"
"NINTRUNGB","NINGBO TRUSTLINK CO.,LTD.","","","","","","","","CNNBO"
"GUASUKCOZ","GUANGDONG SUKE PATE SANITARY TECHNOLOGY CO., LTD.","","","","","","","","CNCOZ"
"FOSBRECAN","FOSHAN BRESPALIN CO.LTD","","","","","","","","CNGGZ"
"GREENMMNL","GREENMILE","","","","","","","","PHMNL"
"BROKKSFT","BROKK AB","","","","","","","","SESFT"
"JEDINTBOS","JEDWARDS INTERNATIONAL, INC.","","","","","","","","USBOS"
"BEMLBOAFE","BEML LIMITED","","","","","","","","INBOM"
"NAVSUPOLO","NAVAL SUPPLY DEPOT","","","","","","","","PHOLO"
"DELELETOY","DELTA ELECTRONIC JAPAN INC.","","","","","","","","JPTOY"
"KORFOUAFE","THE KOREA FOUNDATION","","","","","","","","KRICN"
"HANSALDVN","HANSALOY LLC","","","","","","","","USDVN"
"HUSIMSSHA1","HUSKY IMS (SHANGHAI) CO LTD","","","","","","","","CNSGH"
"RGBAFE","RGB LTD","","","","","","","","PHMNL"
"SUPPUMSYD","SUPERIOR PUMP TECHNOLOGIES","","","","","","","","AUSYD"
"BETWORLGB","BETTER WORLD BOOKS","","","","","","","","USLGB"
"CUSESSNYC","CUSTOM ESSENCE","","","","","","","","USNYC"
"SUNELEMNL2","SUNON ELECTRONICS PHILIPPINES CORP","","","","","","","","PHMNL"
"SECGLOCEB","SECORE GLOBAL INC.","","","","","","","","PHCEB"
"ECDXMEMNL","EC-DX MEDICAL TRADING CO.","","","","","","","","PHMNL"
"STAELEAFE","STA. ELENA GOLF & COUNTRY CLUB","","","","","","","","PHLGU"
"OCTACTAMS","OCTO ACTUATUORS GMBH","","","","","","","","DEAMS"
"AESOLAAFE","AE SOLAR CO., LTD","","","","","","","","CNSHG"
"HUNKAICSX","HUNAN KAIDA SCIENTIFIC INSTRUMENTS CO.,LTD","","","","","","","","CNCSH"
"APELINSHA","APEX LINK LOGISTICS (SHANGHAI) CO.,LTD.","","","","","","","","CNSGH"
"JUPLOGBKK","JUPITER LOGISTICS (THAILAND) CO. LTD.","","","","","","","","THBKK"
"PLTPLACHW","PLT - PLANTATION ROAD (STUDIO ELLA)","","","","","","","","HKCHW"
"INTNAVMNL1","INTERSHIP NAVIGATION TRAINING CENTER, INC.","","","","","","","","PHMNL"
"BEIRONTSN","BEIJING RONGRUI-CENTURY SCIENCE & TECHNOLOGY CO., LTD.","","","","","","","","CNTNJ"
"VICTEXICN","VICTORIA TEXTILE LTD","","","","","","","","KRICN"
"STEPHIMNL2","STEPAN PHILIPPINES QUATERNARIES, INC","","","","","","","","PHMNL"
"UNIMEXMNL1","UNIMEX","","","","","","","","PHMNL"
"SPOTECAFE","SPOLARPV TECHNOLOGY CO., LTD","","","","","","","","CNSGH"
"DELIND8GT","DELFINGEN INDUSTRY","","","","","","","","FR8GT"
"HOTLOBPER","HOTEL LOBBY RUM PTY. LTD.","","","","","","","","AUPER"
"SOLGOPMNL","SOL-GO PHILIPPINES, INC","","","","","","","","PHMNL"
"GLOHEASEA","GLOBAL HEALTH LAB","","","","","","","","USSEA"
"TESTECICD","TESCA TECHNOLOGIES PRIVATE LIMITED","","","","","","","","INICD"
"XIAUNIXMN","XIAMEN UNION CENTURY IMP. & EXP. CO., LTD","","","","","","","","CNXAM"
"GREAPPMNL1","GREAT APPLE SALES AND GENERAL MERCHANDISING INC","","","","","","","","PHMNL"
"STEINTHKG","STELLA INTERNATIONAL TRADING (MACAO COMMERCIAL OFF","","","","","","","","HKHKG"
"TLDASIHKG1","TLD ASIA LIMITED","","","","","","","","HKHKG"
"HOSENTMNL","HOSPITALTY ENTERPRISE RESOURCES CORPORATION","","","","","","","","PHMNL"
"EMAGIAGOA","EMAR GIANNOBI SRL","","","","","","","","ITGOA"
"HI5SOLDVO","HI5 SOLUTIONS OPC","","","","","","","","PHDVO"
"HANYIDHGH","HANGZHOU YIDEXIN TECHNOLOGY CO., LTD","","","","","","","","CNHAZ"
"KASMAKNOP","KASLER MAKINE A.S","","","","","","","","TRSIC"
"JBMUSIMNL1","JB MUSIC & SPORTS INC.","","","","","","","","PHMNL"
"NOREXPMNL","NORTHWING EXPORT CORPORATION","","","","","","","","PHMNL"
"TTNFOOHAN","TTN FOODSTUFF TECHNOLOGY MATERIALS CO., LTD.","","","","","","","","VNHAN"
"ZHOAILCAN","ZHONGSHAN AI LI PU ELECTRICAL APPLIANCE CO.,LTD","","","","","","","","CNGGZ"
"JINSAAQDG","JINAN SAAO MACHINERY CO., LTD.","","","","","","","","CNQDG"
"GLOBALMNL1","GLOBALINK","","","","","","","","PHMNL"
"YIYPLAKAP","YIYANG PLASTIC PRODUCTS CO LTD","","","","","","","","CNKAP"
"STUMVBAFE","STUDIO MV AND BUILDERS INC.","","","","","","","","PHMNL"
"VIAPHASJU","VIATRIS PHARMACEUTICALS LLC","","","","","","","","PRSJU"
"YANRUIGUT","YANGJIANG RUI HONG INDUSTRY & TRADE CO LTD","","","","","","","","CNGUT"
"WARABKCEB","WAREHOUSE A AND B KY LEE HOLDINGS INC","","","","","","","","PHCEB"
"JESSENAFE","J ESSENTIALZ MARKETING CORPORATION","","","","","","","","PHMNL"
"AGEUNISCL","AGENCIAS UNIVERSALES S.A.","","","","","","","","CLSCL"
"FLUENETPE","FLUENCE ENERGY TAIWAN LTD.","","","","","","","","TWTPE"
"SUNFOUHKG","SUNPRIDE FOUNDATION","","","","","","","","HKHKG"
"LOBRUMMNL","LOBBY RUM INC.","","","","","","","","PHMNL"
"CASBEETNA","CASSMAN BEER BREWING EQUIPMENT","","","","","","","","CNJNA"
"SUNPROTPE","SUNNY PRO CO. LTD.","","","","","","","","TWTPE"
"RHEAUTUTO","RHEON AUTOMATIC MACHINERY CO.,LTD.","","","","","","","","JPUTO"
"JIAHUASUY","JIANGSU HUAMAI NEW MATERIALS CO.,LTD.","","","","","","","","CNSUY"
"SAUROSVCE","SAURO ROSSI SRL","","","","","","","","ITVCE"
"WUXZITJSU","WUXI ZITANG PACKAGING AND PRINTING CO., LTD.","","","","","","","","CNJSU"
"NAVFLESEM","NAVSUP FLEET LOGISTICS CENTER SITE SINGAPORE","","","","","","","","SGSEM"
"PETLACSGN","PETER-LACKE VIETNAM CO.,LTD","","","","","","","","VNSGN"
"FIQTRAMNL","FIQ TRADING COMPANY INC.","","","","","","","","PHMNL"
"TRENDWMNL","TRENDWELL","","","","","","","","PHMNL"
"220TAPMNL","220 TAPS N' TILES, INC.","","","","","","","","PHMNL"
"GKDTECBOH","GKD TECHNOLOGIES","","","","","","","","GBBOH"
"POPINDCCX","POPCORN INDUSTRIA E COMERCIO DE CEREAIS LTDA","","","","","","","","BRCCX"
"JCMSYSITM","JCM SYSTEMS CO., LTD.","","","","","","","","JPOSA"
"NINLANNGB","NINGBO LANGLANG CHILDREN PRODUCTS CO.,LTD","","","","","","","","CNNBO"
"CANNUCCKR","CANADIAN NUCLEAR LABORATORIES","","","","","","","","CACKR"
"HANIMPSHK","HANSOK IMPORT & EXPORT CO. LTD.","","","","","","","","CNSHK"
"ONUPERCAN","ONUGE PERSONAL CARE (GUANGDONG) MANUFACTURER GROUP CO LTD","","","","","","","","CNGGZ"
"DONWENSZX","DONGGUAN WENJUN INDUSTRIAL CO., LTD.","","","","","","","","CNSNZ"
"XIAANTCZX","XIANGLI ANTISTATIC DECORATIVE MATERIAL CO., LTD.","","","","","","","","CNCZX"
"HYLOKASIN","HY-LOK ASIA VALVES & FITTINGS PTE LTD","","","","","","","","SGSIN"
"QINEJOSHG","QINGDAO EJOY FARMING MACHINERY CO. LTD.","","","","","","","","CNSHG"
"BEACLOMNL","THE BEAUTY CLOSET INC.","","","","","","","","PHMNL"
"NGOVYJSGN","NGO VY JOINT STOCK COMPANY","","","","","","","","VNSGN"
"FLOINTMNL1","FLOATECH INT'L. INC.","","","","","","","","PHMNL"
"AOLHOMSFS","AOLLY HOME INC","","","","","","","","PHSFS"
"BERFURCRW","BERNHARDT FURNITURE COMPANY","","","","","","","","USCRW"
"MACCONCEB","MANGIN, CARLO DEAN ARCILLA","","","","","","","","PHCEB"
"ZHERUNNGB","ZHEJIANG RUNTAI AUTOMATION TECHNOLOGY CO. LTD.","","","","","","","","CNNBO"
"GUAUNIGUT","GUANGDONG UNIS TECHNOLOGY CO.,LTD","","","","","","","","CNGUT"
"TORSYSJAX","TORK SYSTEMS INC.","","","","","","","","USJAX"
"INTRECZBO","INTCO RECYCLING RESOURCES CO., LTD.","","","","","","","","CNZBO"
"FOSBLE_CN","FOSHAN BLEUJAY BATHROOM INDUSTRIAL CO LIMITED","","","","","","","","CNGUT"
"PROSUPLGB","PROACTIVE SUPPLY CHAIN GROUP LAX LL","","","","","","","","USLGB"
"DUPSPESIN","DUPONT SPECIALTY MATERIALS SINGAPORE PTE. LTD","","","","","","","","SGSIN"
"YANTAISHK","YANG TAI WIRE & CABLE CO., LTD","","","","","","","","CNSHK"
"NOALOGOPO","NOATUM LOGISTICS PORTUGAL UNIPESSOAL LDA","","","","","","","","PTOPO"
"ISANCOTPE","I SAN CONSTRUCTION CO. LTD","","","","","","","","TWTPE"
"HOTSTOMNL","HOTEL STOTSENBERG","","","","","","","","PHMNL"
"TATLYLZFT","TATE & LYLE SOLUTIONS USA LLC","","","","","","","","USZFT"
"CARSTRSRG","CARLOS STREEGAN","","","","","","","","IDSRG"
"SHAZHOSZX","SHANXI ZHONGSHENG CONSTANT MAGNETIC MATERIALS","","","","","","","","CNSZX"
"YUEFEISHG","YUEQING FEILIN TRADING CO.,LTD","","","","","","","","CNSHG"
"MATINTCAR","MATTHEWS INTL COSTA RICA SRL","","","","","","","","CRCAR"
"DONWCHCAN","DONGGUAN W.C.H TEMPER GLASS CO.,LTD","","","","","","","","CNGGZ"
"IOIESTBWH","IOI ESTERCHEM (M) SDN BHD","","","","","","","","MYBWH"
"FOSBESFOS1","FOSHAN BESTGUARD FURNITURE CO.,LTD","","","","","","","","CNFOS"
"GUASHICAN1","GUANGZHOU SHIFEI BIO-TECH CO. LTD.","","","","","","","","CNGGZ"
"WUJXUWSZH","WUJIANG XUWEI ELECTRONIC TECHNOLOGY CO., LTD.","","","","","","","","CNSZH"
"PINJINAFE","PINGYUAN JINGKE HYDRAULIC CO. LTD.","","","","","","","","CNSHL"
"HEXNUTTUT","HEXAGON NUTRITION (INTERNATIONAL) PVT LTD.","","","","","","","","INTUT"
"TECNIWMXP","TECNIWELL SRL","","","","","","","","ITMXP"
"NINSONNGB","NINGBO SONGMILE PACKAGING CO. LTD.","","","","","","","","CNNBO"
"BORGENKWN","BORICH GENERAL ELECTRIC CO., LIMITED","","","","","","","","HKKWN"
"SUPINCMNL","SUPPLIER INCALSYS METROLOGY & LABORATORY SERVICE INC.","","","","","","","","PHMNL"
"JEBJESSIN","JEBSEN & JESSEN INGREDIENTS ( S) PTE LTD.","","","","","","","","SGSIN"
"GLMCALTIJ","GLM-CALLE PACIFICO","","","","","","","","MXTIJ"
"HENSIGXIY","HENAN SIGNI VALVE CO., LTD","","","","","","","","CNXIA"
"HITHIGKCO","HITACHI HIGH - TECH SCIENTIFIC SOLUTIONS CO.LIMITED","","","","","","","","HKKCO"
"ALLTRAGES1","ALL TRANSPORT NETWORK","","","","","","","","PHGES"
"MEGMASMNL","MEGA MASTELINK FABRICATOR AND ELECTRICAL CORP","","","","","","","","PHMNL"
"ALEINDTPE","ALEXANDAVE INDUSTRIES CO. LTD","","","","","","","","TWTPE"
"ANDRITCDG","ANDRITZ SAS","","","","","","","","FRCDG"
"ABAASIMNL","ABATEK (ASIA) PUBLIC COMPANY LIMITED (HEAD OFFICE)","","","","","","","","THBKK"
"DELTICFRA","DELTICOM AG","","","","","","","","DEFRA"
"SPRSCIXMN","SPROLINK SCIENCE & TECHNOLOGY CO., LTD","","","","","","","","CNXAM"
"MALPOWMNL","MALITA POWER INC","","","","","","","","PHMNL"
"SHEHONSZXAFE","SHENZHEN HONGQDA LOGSITICS CO.,LTD","","","","","","","","CNSNZ"
"TAIINDNSA","TAIYO INDIA PV LTD","","","","","","","","INNSA"
"UNIBAKLGB","UNITED BAKERY EQUIPMENT COMPANY INC","","","","","","","","USLGB"
"HANHIKHGH","HANGZHOU HIKROBOT INTELLIGENT CO., LTD.","","","","","","","","CNHAZ"
"DURDENHAM","DURR DENTAL SE","","","","","","","","DEHAM"
"BAZEASXGA","BAZHOU EASY FURNITURE CO., LTD.","","","","","","","","CNXGA"
"SATUSAMIA","SATAIR USA, INC","","","","","","","","USMIA"
"HONKWAHKG","HON-KWANG ELECTRIC(PHILIPPINES), INC.","","","","","","","","HKHKG"
"EXPTRASELAFE","EXPO TRANS INC.","","","","","","","","KRSEL"
"SWIPHATNN","SWISS PHARMACEUTICAL CO., LTD.","","","","","","","","TWTNN"
"XINCITSHK","XINJI CITY MEIHUA LEATHER CO. LTD","","","","","","","","CNSHK"
"MACOGAMAD","MACOGA S.A.","","","","","","","","ESMAD"
"HASREDFRA","HASSIA REDATRON GMBH","","","","","","","","DEFRA"
"AIRONPBI","AIRON","","","","","","","","USPBI"
"SPAOPTJMN","SPARTA OPTOELECTRONICS CO. LTD.","","","","","","","","CNJMN"
"STASOLPOW","STARK SOLUTIONS D.O.O.","","","","","","","","SIPOW"
"EMESPZBZG","EMED SP. Z O.O. SP.","","","","","","","","PLBZG"
"VIBMINIAH","VIBRANTZ MINERALS LLC","","","","","","","","USHOU"
"EPIPHIMNL","EPIROC PHILIPPINES, INC.","","","","","","","","PHMNL"
"MODTEAQLD","MODERN TEACHING AIDS PTY LTD","","","","","","","","AUQLD"
"DSMNUTBAN","DSM NUTRITIONAL PRODUCTS MALAYSIA SDN BHD","","","","","","","","MYBAN"
"MIGINTMNL1","MIGUELITOS INT'L CORPORATION","","","","","","","","PHMNL"
"JIAHEIJMN","JIANGMEN HEIKKI TECHNOLOGY CO., LTD.","","","","","","","","CNJMN"
"LEMUSARAC","LEMAN USA INC","","","","","","","","USRAC"
"SUZZHOSUU","SUZHOU ZHONGMAOZHU CONTAINER CO.,LTD.","","","","","","","","CNSUU"
"PATRIABEA","PATRIARCHE","","","","","","","","FRBEA"
"BEACENMNL","BEARING CENTER & MACHINERY, INC.","","","","","","","","PHMNL"
"VIEADHSGN","VIETNAM ADHES PACKAGING TECHNOLOGY COMPANY LIMITED","","","","","","","","VNSGN"
"SAICLANSN","SAINT CLAIR FAMILY ESTATE","","","","","","","","NZNSN"
"DSVLHRAFE","DSV SOLUTIONS LTD","","","","","","","","GBLHR"
"AROSERTLX","AROMO SERVIEXPORT LTDA.","","","","","","","","CLTLX"
"HORFUEBER","HORIBA FUELCON GMBH","","","","","","","","DEBER"
"LEADERTRS","LEADER S.R.L.","","","","","","","","ITTRS"
"ZHOPULHEB","ZHONGHONG PULIN MEDICAL PRODUCTS CO., LTD","","","","","","","","CNHEB"
"HYUMIBSEL","HYUNDAI MIB INTERNATIONAL CO. LTD","","","","","","","","KRSEL"
"ZHEXUECNA","ZHEJIANG XUECUN REFRIGERATION EQUIPMENT CO.,LTD.","","","","","","","","CNCNA"
"HONKWAMNL","HON-KWANG ELECTRIC (PHILIPPINES) INC.","","","","","","","","PHMNL"
"BODBIKBLL","BODY BIKE INTERNATIONAL A/S","","","","","","","","DKBLL"
"QSSSAFSIN","QSS SAFETY PRODUCTS (S) PTE LTD","","","","","","","","SGSIN"
"HUMLABINC","HUMAN LAB INC.","","","","","","","","KRINC"
"PROMINLON","PROMINATE LIMITED","","","","","","","","GBLON"
"CERFOOHIS","CERES FOOTWEAR TRADING (MACAU) LIMITED","","","","","","","","CNHIS"
"EFLOGIAFE","EF LOGIS CO., LTD","","","","","","","","KRSEL"
"FRIELEFRA","FRIEDRICH ELECTRONIC GMBH & CO . KG","","","","","","","","DEFRA"
"INTMOVAFE","PT INTERNATIONAL MOVERS STORAGE","","","","","","","","IDJKT"
"EASPRESKB","EASTERN PRETECH SOLUTIONS SDN BHD","","","","","","","","MYSKB"
"LANTGDGOA","LANIFICIO TG DI FABIO SPA","","","","","","","","ITGOA"
"ENVSCOMNL","ENVIRO SCOPE SYNERGY INC","","","","","","","","PHMNL"
"SHAHIMSHA","SHANGHAI HIMMERS INDUSTRIAL & TRADING CO., LTD","","","","","","","","CNSGH"
"PEMEXPCGY","PEMLINE EXPORT TRADING COMPANY","","","","","","","","PHCGY"
"LOPMORALG","LOPEZ MORENAS SL","","","","","","","","ESALG"
"HERPUMSIN1","HERMETIC- PUMPS SINGAPORE PTE LTD.","","","","","","","","SGSIN"
"VINCONVAP","VIÑA CONCHA Y TORO S.A.","","","","","","","","CLVAP"
"CHIMETATL","CHICAGO METALLIC","","","","","","","","USATL"
"STAINTMNL","STARLINK INTERNET SERVICES","","","","","","","","PHMNL"
"ESSLUXMAO","ESSILOR LUXOTTICA","","","","","","","","BRMAO"
"APPMACMNL","APPLIED MACHINING","","","","","","","","PHMNL"
"YONTECMNL","YONGDEN TECHNOLOGY CORPORATION","","","","","","","","PHMNL"
"PGYSPEMNL","PGY SPECIALIZED GOODS TRADING","","","","","","","","PHMNL"
"TOPLIFMNL","TOP LIFEGEAR MARKETING","","","","","","","","PHMNL"
"SRYMFGMNL","SRY MFG CORP","","","","","","","","PHMNL"
"RUGJERJSU","RUGAO JERSEY TRADE CO., LTD","","","","","","","","CNJSU"
"OMIJKGMNL","OMI-JKG PHILIPPINES INC.","","","","","","","","PHMNL"
"BEITOPBJS","BEIJING TOPNEW IMPORT & EXPORT CO., LTD.","","","","","","","","CNBJS"
"JANGKWSEL","JANGKWANG CORPORATION","","","","","","","","KRSEL"
"APLLOGMNL1","APL LOGISTICS PHILS. INC (FORMERLY: APL LOGISTICS INC)","","","","","","","","PHMNL"
"HOEDOOTSN","HOERMANN TIANJIN DOOR PRODUCTION CO., LTD.","","","","","","","","CNTNJ"
"KUEYUHRMQ","KUEN YUH MACHINERY ENGINEERING CO. LTD.","","","","","","","","TWTXG"
"IMPFRAVSS","IMPECO FRANCE","","","","","","","","FRVSS"
"YOKYOSTYO","MS. YOKO YOSHIOKA","","","","","","","","JPTYO"
"MCCCITMNL","MCC-CITICORE CONSTRUCTION INC.","","","","","","","","PHMNL"
"EAGPRONGZ","EAGLE PROCESS CONTROLS CORPORATION","","","","","","","","USNGZ"
"OAKACOMAW","OAK AND ACORN CO., LTD.","","","","","","","","SCMAW"
"NOALOGHKG1","NOATUM LOGISTICS HONG KONG LIMITED","","","","","","","","HKHKG"
"KLLINGSHK","KL AND LING INTERNATIONAL INC.","","","","","","","","CNSHK"
"AIRLIQCEB","AIR LIQUIDE","","","","","","","","PHCEB"
"DOMMARAFE","DOMINGUEZ MARKETING COMMUNICATIONS INC.","","","","","","","","PHMNL"
"MAMGISSIN","MAMGISTICS PTE LTD.","","","","","","","","SGSIN"
"KATWORKUS","KATO WORKS (CHINA) LTD","","","","","","","","CNKUS"
"TRI888MNL","TRIPLE 888 INDUSTRIAL TRADING CORP.","","","","","","","","PHMNL"
"ZHUXINCAN","ZHUHAI XINHONGRUI ABRASIVES CO., LTD","","","","","","","","CNGGZ"
"ENRGIORMI","ENRICO GIOTTI SPA","","","","","","","","ITRMI"
"XIASINXMN","XIAMEN SINOCAU IMPORT & EXPORT CO.,LTD.","","","","","","","","CNXAM"
"TRAFINTLV","TRANSCLAL FINE ARTS LTD","","","","","","","","ILTLV"
"CISMERSFO","CISCO MERAKI C/O DCL ONTARIO","","","","","","","","USSFO"
"NANBUSTYO","NANZAN BUSSAN CORPORATION","","","","","","","","JPTYO"
"ANHHESSHA","ANHUI HESHUN ENVIRONMENTAL TECHNOLOGY GROUP CO., LTD","","","","","","","","CNSHA"
"KEVCERSUB","KEVALA CERAMICS","","","","","","","","IDSUB"
"QUAMEDLYS","QUANTEL MEDICAL","","","","","","","","FRLYS"
"SHELINAFE","SHENZHEN LIN MINGHANG TRADING CO., LTD","","","","","","","","CNXIQ"
"SPAVITMNL","SPARK AND VITALICY AESTHETIC CORP.","","","","","","","","PHMNL"
"WINENGSIN","WINSTON ENGINEERING CORPORATION (PTE) LTD","","","","","","","","SGSIN"
"TREINDMNL","TRENER INDUSTRIES (PHILIPPINES), INC","","","","","","","","PHMNL"
"AYTPOUISL","AYTAV POULTRY EQUIPMENT","","","","","","","","TRIST"
"PRIPACMNL1","PRIME PACIFIC FOODS CORPORATION","","","","","","","","PHMNL"
"SHEDAYCAN","SHENZHEN DAYITONG TRADING CO.,LTD","","","","","","","","CNCAN"
"TAIFEIWEN","TAIZHOU FEIDA MACHINE TOOL CO.,LTD","","","","","","","","CNWEN"
"DISHEAFBD","DISPOSAFE HEALTH AND LIFE CARE LTD.","","","","","","","","INFBD"
"CARGONAFE","CARGONET LTD","","","","","","","","CHBSL"
"FOSXINHKG","FOSHAN XINGON STEADY ALUMINUM COMPANY LIMITED","","","","","","","","HKHKG"
"FORTNLRTM","FORTO NL B.V.","","","","","","","","NLRTM"
"AFONEWAFE","AFORE NEW ENERGY TECHNOLOGY (SHANGHAI) CO., LTD","","","","","","","","CNSGH"
"EXTELESZX","EXTENSION ELECTROMECHANICAL EQUIPMENT (HK) COMPANY LIMITED","","","","","","","","CNSNZ"
"TUVBERJKT","PT. TUVITI BERKAH MANDIRI","","","","","","","","IDJKT"
"OCMRECGE2","O.C.M RECANZONE SRL","","","","","","","","ITGE2"
"AYNNUYAFE","AYNI NUYDA","","","","","","","","PHMNL"
"EURTECMNL","EURONET TECHNOLOGY SERVICES INC.","","","","","","","","PHMNL"
"CRETRASHE","CRESYN TRADING (DONGGUAN) CO.,LTD","","","","","","","","CNSHE"
"SHAHANTPE","SHAKE HANDS MACHINERY CO LTD","","","","","","","","TWTPE"
"EVERAICHF","EVERAID CO., LTD.","","","","","","","","KRCHF"
"MAVSYSDFW","MAVENIER SYSTEMS INC","","","","","","","","USDAL"
"PAJUNKZGB","PAJUNK GMBH","","","","","","","","DEZGB"
"EPISOUJKT","PT EPIROC SOUTHERN ASIA","","","","","","","","IDJKT"
"GDWINFSZX","GD WINFAIR","","","","","","","","CNSNZ"
"GOTTECSHA","GOTHA TECHNOLOGY (SUZHOU) CO., LTD","","","","","","","","CNSHA"
"THETECTPE","THERMALTAKE TECHNOLOGY CO., LTD","","","","","","","","TWTPE"
"TRAUSAMIS","TRAKKA USA LLC","","","","","","","","USMIS"
"BAUBRAORD","BAUDVILLE BRANDS","","","","","","","","USORD"
"STAPACSIL","STARKSON PACKAGING INC.","","","","","","","","PHSIL"
"ONETRAAFE","ONEASIA TRADER","","","","","","","","PHMNL"
"BODLOZALB","BODEGAS LOZANO","","","","","","","","ESALB"
"ATLSPZBZG","ATLAS GROUP SP. Z O.O","","","","","","","","PLBZG"
"MISTRANYC","MISSION TRADING AND MANAGEMENT, CO.","","","","","","","","USNYC"
"CHAVISHIF","CHARITY VISION INTERNATIONAL","","","","","","","","USHIF"
"SHAYUESHG","SHANGHAI YUECHEN MEDICAL SUPPLY CO. LTD","","","","","","","","CNSHG"
"SHADOMTAO","SHANDONG DOM MACHINERY EQUIPMENT","","","","","","","","CNQIN"
"SYNPHIMNL1","SYNETCOM PHILIPPINES INC","","","","","","","","PHMNL"
"WEVCHEFRA","WEVO CHEMIE GMBH","","","","","","","","DEFRA"
"LAMOYJPOR","LAMOR CORPORATION OYJ","","","","","","","","FIPOR"
"CAMHUMICN","CAMP HUMPHREYS","","","","","","","","KRICN"
"EVECOMHGH","EVERICH COMMERCE GROUP LIMITED","","","","","","","","CNHAZ"
"KANREIKNZ","KANOU REIKI CO., LTD","","","","","","","","JPKNZ"
"THERMOADT","THERMOGREEN SL","","","","","","","","ESADT"
"LANPLACAN","LANDY GUANGZHOU PLASTIC PRODUCTS CO., LTD.","","","","","","","","CNGGZ"
"KUENAGSIN","KUEHNE + NAGEL PTE. LTD.","","","","","","","","SGSIN"
"YANSHICAN","YANGJIANG SHI BA ZI KITCHEN WARE MANUFACTURING CO.LTD","","","","","","","","CNGGZ"
"XRUSTSYD","X-RUST","","","","","","","","AUSYD"
"TOPSYSNYC","TOPAIR SYSTEMS INC","","","","","","","","USNYC"
"GUASUNGOM","GUANGDONG SUNRISE ENVIRONMENTAL PROTECTION MATERIALS CO. LTD","","","","","","","","CNGOM"
"AUSUSAMOB","AUSTAL USA","","","","","","","","USMOB"
"MGLGLOPKG","MGL GLOBAL LOGISTICS SDN. BHD","","","","","","","","MYPKG"
"RIZPORRZH","RIZHAO PORT SHIPBUILDING & MACHINERY INDUSTRY CO. , LTD","","","","","","","","CNRZH"
"AMEMETMDW","AMERICAN METALCRAFT INC.","","","","","","","","USCHI"
"DTGLOBSHA","DT GLOBAL FREIGHT SDN BHD","","","","","","","","MYSHA"
"HUNDRI","HUNAN DRILLMASTER ENGINEERING TECHNOLOGY CO., LTD.","","","","","","","","CNSHA"
"FLORUBIXD","FLOORATEX RUBBER AND PLASTICS (P) LTD.","","","","","","","","INIXD"
"QXTRUSLBU","QX TRUST CO. LTD","","","","","","","","MYLBU"
"QINFLOQDG","QINGDAO FLORESCENCE MARINE SUPPLY CO. LTD.","","","","","","","","CNQDG"
"ALTFAIMNL1","ALTA FAIRS AND EXHIBITS CORPORATION","","","","","","","","PHMNL"
"HEBBAOXGA","HEBEI BAOFENG STEEL STRUCTURE CO., LTD.","","","","","","","","CNXGA"
"QINLAFTAO","QINGDAO LAF TECHNOLOGY CO., LTD.","","","","","","","","CNQIN"
"GORRUPGQQ","THE GORMAN - RUPP COMPANY","","","","","","","","USGQQ"
"JOHCONSIN","JOHNSON CONTROLS (S) PTE LTD","","","","","","","","SGSIN"
"IBCOMMIXY","IB COMMUNICATION","","","","","","","","INIXY"
"JIAHONZUH","JIANGXI HONGDA MEDICAL EQUIPMENT GROUP LTD.IMP.AND EXP.BRANCH","","","","","","","","CNZUH"
"UNIPROMNL","UNIMEX PROCESS & ENERGY GROUP INC","","","","","","","","PHMNL"
"PANENEJSU","PANASONIC ENERGY (WUXI) CO.,LTD.","","","","","","","","CNJSU"
"SOUISLCVE","SOUTHERN ISLANDS ENTERPRISES INC","","","","","","","","PHCVE"
"EPIDRIIAH","EPIROC DRILLING SOLUTIONS LLC","","","","","","","","USHOU"
"HDFIREBOM","HD FIRE PROTECT PVT LTD","","","","","","","","INBOM"
"NANJACSHG","NANJING JACKPOT MACHINERY AND TOOLS CO. LTD.","","","","","","","","CNSHG"
"DESYBOJER","DESTILADORES Y BODEGUEROS, S.L.","","","","","","","","ESJER"
"CCJENSSVE","C.C. JENSEN A/S","","","","","","","","DKSVE"
"SUZGERSHA","SUZHOU GERPMAN INDUSTRIAL CO LTD","","","","","","","","CNSGH"
"CONELEDEL","CONNECTICUT ELECTRIC INC","","","","","","","","INDEL"
"SHAJINSHA1","SHANGHAI JING LAN INDUSTRIAL CO., LTD.","","","","","","","","CNSGH"
"JSFRA","JS GROUP GMBH","","","","","","","","DEFRA"
"GOLCUPBKK","GOLDEN CUP PHARMACEUTICAL CO., LTD.","","","","","","","","THBKK"
"GUAXINFOS","GUANGDONG XINGPU ENERGY SAVING LIGHT CO., LTD","","","","","","","","CNFOS"
"HENRYDUS","HENRY GMBH","","","","","","","","DEDUS"
"KONEPHMNL","KONECRANES (PH )INC.","","","","","","","","PHMNL"
"CHRRAZMNL","CHRISTIAN RAZON GONZALEZ","","","","","","","","PHMNL"
"ZHEMINNBG","ZHEJIANG MINGFENG INDUSTRIAL CO., LTD.","","","","","","","","CNNBG"
"CARWELDUS","CARBO-WELD SCHWEISSMATERIALIEN GMB","","","","","","","","DEDUS"
"MEKONSSTR","ME-KONSTRUKTIONSBÜRO GMBH","","","","","","","","DESTR"
"KONTEKIZM","KON-TEK KONTROL TEKNOLOJI VE OTOMASYON SAN.TIC.A.S","","","","","","","","TRIZM"
"MULINTJKT","PT. MULTIGUNA INTERNATIONAL PERSADA","","","","","","","","IDJKT"
"GREMONHKG","GREEN MONDAY INTERNATIONAL LIMITED","","","","","","","","HKHKG"
"SHASUNSHA","SHANGHAI SUNSHINE INTERNATIONAL TRADING CO., LTD","","","","","","","","CNSHA"
"SAUARAMKC","SAUDI ARABIAN AIRLINES","","","","","","","","PHMKC"
"TRECONHKG1","TREVI CONSTRUCTION CO.,LTD","","","","","","","","HKHKG"
"ALSTRABKK","ALSTOM TRANSPORT SYSTEMS THAILAND LTD","","","","","","","","THBKK"
"3EELEKAFE","3E ELEKTRO OPTIK SISTEMLER SAN VE TIC LTD STI","","","","","","","","TRIST"
"NAPGAPMTI","NAPA GAPA BEVERAGES CORP.","","","","","","","","PHMTI"
"MIZUNOSIN1","MIZUNO SINGAPORE PTE LTD","","","","","","","","SGSIN"
"ICAFINAFE","ICARE FINLAND OY","","","","","","","","FIHEL"
"JIAINTTSN","JIANZHI INTERNATIONAL TRADE (TIANJIN) CO., LTD.","","","","","","","","CNTNJ"
"AMEYAVSIN","AMES YAVUZ","","","","","","","","SGSIN"
"SHICOLSHX","SHIYUAN(SHENZHEN) CO.,LTD.","","","","","","","","CNSHX"
"HILTYRBJS","HILISTONE TYRE (QINGDAO) CO.,LTD.","","","","","","","","CNBJS"
"JHIINDMNL","JHING INDUSTRIAL SUPPLY","","","","","","","","PHMNL"
"AERCORAFE","AEROVEL CORP","","","","","","","","USIAD"
"SOUTHGMNL","SOUTHGLOBAL CORPORATION","","","","","","","","PHMNL"
"SEASUBMNL","SEATRIUM SUBIC SHIPYARD, INC.","","","","","","","","PHMNL"
"PINBINPNU","PINGHU BINDEX MACHINERY CO.,LTD","","","","","","","","CNPNU"
"BALLOGHEL","BALANCED LOGISTICS OY","","","","","","","","FIHEL"
"TAIAERLGB","TAILWIND AEROSPACE SOLUTIONS INC","","","","","","","","USLGB"
"KFNUTRDVO","KF NUTRI-FOODS INTERNATIONAL, INC.","","","","","","","","PHDVO"
"GEVPHIAFE","GEVME PHILIPPINES TECHNOLOGIES CORPORATION","","","","","","","","PHMNL"
"ZHOEXTHUZ","ZHONGSHAN EXTRUPLEX INDUSTRY CO. LTD","","","","","","","","CNHUI"
"JIAXINJSU1","JIANGSU XINGXING REFRIGERATION TECHNOLOGY CO., LTD.","","","","","","","","CNJSU"
"ERMTABSSA","ERMOR TABARAMA TABACOS DO BRASIL LTDA","","","","","","","","BRSSA"
"ITALSBGOA","ITALCER SPA SB","","","","","","","","ITGOA"
"OVELOGAFE","OVERSEAS LOGISTIC MADRID","","","","","","","","ESMAD"
"SDFOODMNL","S&D FOOD PRODUCTS","","","","","","","","PHMNL"
"CANAANYVR","CANAAN GROUP","","","","","","","","CAVAN"
"AIOSYSYKN","AIO SYSTEMS LTD","","","","","","","","ILYKN"
"EVAINTSHA","EVANGEL INTERNATIONAL MACHINERY LIMITED","","","","","","","","CNSHA"
"PROINTKWN","PROFINEST INTERNATIONAL COMPANY LIMITED","","","","","","","","HKKWN"
"GUAHAONSA","GUANGZHOU HAOQI TRADING CO. LTD.","","","","","","","","CNNSA"
"HANBAOSHG","HANGZHOU BAOFENG IMP. & EXP. CO., LTD.","","","","","","","","CNSHG"
"POLKORAFE","POL KOREA CO., LTD.","","","","","","","","KRICN"
"BUMFLUAFE","BUMIAN FLUID MACHINERY CO., LTD","","","","","","","","CNGUT"
"YFCBONMNL","YFC BONEAGLE ELECTRONIC TECHNOLOGY PHILS. CORP.","","","","","","","","PHMNL"
"ARUMAIMNL","ARUDRA MAINTENANCE AND SUPPLIES INC)","","","","","","","","PHMNL"
"CHUMACRMQ","CHUMBEST MACHINERY CO LTD","","","","","","","","TWTXG"
"MILLABBKK1","MILOTT LABORATORIES CO., LTD","","","","","","","","THBKK"
"HONFREMNL","HONGZEN FREIGHT INTERNATIONAL INC","","","","","","","","PHMNL"
"DUSDECSTO","DUSTY DECO AB","","","","","","","","SESTO"
"BELSHIMNL","BELLPORT SHIPPING CORPORATION","","","","","","","","PHMNL"
"VIEEMBMNL","VIETNAM EMBASSY","","","","","","","","PHMNL"
"XIATILXMN","XIAMEN TILE DEPOT TRADE CO. LTD.","","","","","","","","CNXAM"
"HCEGOA","H.C.E. S.P.A.","","","","","","","","ITGOA"
"ZHELIASZV","ZHEJIANG LIANYING MEDICAL TECHNOLOGY CO. LTD.","","","","","","","","CNSZH"
"OPELIBLAX","OPEN LIBRARY MANAGEMENT LLC","","","","","","","","USLAX"
"JIACCSJMN","JIANGMEN C & C SANITARYWARE CO.,LTD.","","","","","","","","CNJMN"
"SIRTECSIN","SIRAYA TECHNOLOGIES PTE. LTD","","","","","","","","SGSIN"
"POWPAVDBQ","POWER PAVERS","","","","","","","","USDBQ"
"ABSARTAFE","ABSOLUTE ART GALLERY","","","","","","","","BEANT"
"METEXPMNL","METAL EXPONENTS INC.","","","","","","","","PHMNL"
"OHSOHEMNL","OH SO HEALTHY CORPORATION","","","","","","","","PHMNL"
"SZTSMTHEY","SZTECH-SMT ELECTRONIC FIRM","","","","","","","","CNHEY"
"DOROPEDVO","MRS. DOROTHY PE","","","","","","","","PHDVO"
"VOPTECSZX","VOPTECH TECHNOLOGY CO., LTD.","","","","","","","","CNSNZ"
"GRIFORSLC","GRIDIRON FORWARDING COMPANY","","","","","","","","USSLC"
"LUCTRIMNL","LUCKY TRIUMPH ELECTRICAL ENTERPRISES INC.","","","","","","","","PHMNL"
"BRAOFMTBH","BRANCH OF MIKADO TECHNOLOGY AND TRADING JOINT","","","","","","","","VNTBH"
"SHAHORXGA","SHANDONG HORNLION ENGINEERING MACHINERY CO., LTD.","","","","","","","","CNXGA"
"GRUPDPGOA","GRUPPO DP S.P.A","","","","","","","","ITGOA"
"SHADONAFE","SHANDONG DONGYING FANGXING RUBBER CO.,LTD","","","","","","","","CNQDG"
"SEKLOGAFE","SEKO LOGISTICS MIA","","","","","","","","USORD"
"ZHUJONCAN","ZHUHAI JONDA VISION TECHNOLOGY CO LTD.","","","","","","","","CNCAN"
"PRIMACMNL1","PRIMACE CORPORATION","","","","","","","","PHMNL"
"DANHENZHE","DANYANG HENGYA OPTICAL GLASSES EQUIPMENT CO.,LTD.","","","","","","","","CNZHE"
"SAFLANVIY","SAFRAN LANDING SYSTEMS","","","","","","","","FRVIY"
"SHASHASXG","SHAOXING SHANGYU HOPING ELECTRIC APPLIANCE CO.,LTD.","","","","","","","","CNSXG"
"GUAZHESZX1","GUANGZHOU ZHENGKU AMUSEMENT EQUIPMENT CO. LTD.","","","","","","","","CNSNZ"
"MATLENMNL","MATSING LENS TECHNOLOGY PHILIPPINES","","","","","","","","PHMNL"
"GOLTRACEB","GOLDENLEAF TRADING CORP.","","","","","","","","PHCEB"
"DASMACAFE","DASAN MACHINERIES CO., LTD.","","","","","","","","KRICN"
"NANTICNKG1","NANJING TICA CLIMATE SOLUTIONS CO.,LTD.","","","","","","","","CNNJI"
"TOCKENMNL","TOCHIGI-KEN TECHNOLOGIES INTERNATIONAL INC.","","","","","","","","PHMNL"
"TIFFANMFM","TIFFANY & CO.","","","","","","","","MOMFM"
"BETSYSAFE","BETTER SYSTEM INTEGRATION LTD.","","","","","","","","TWTPE"
"KWIAUTSHA","KWINGTONE AUTO ENGINEERING SHANGHAI LIMITED","","","","","","","","CNSGH"
"NSGLOGBTZ","NSGLOG","","","","","","","","TRBTZ"
"TIABIBWUQ","TIANJIN BIBOSCH INTELLIGENT TECHNOLOGY CO.,LTD.","","","","","","","","CNWUQ"
"SUNMARSIN","SUNWAY MARKETING (S) PTE LTD.","","","","","","","","SGSIN"
"KISNAISEL","KISS NAIL PRODUCTS INC.","","","","","","","","KRSEL"
"GRASENMKG","GRAY & COMPANY/ SENECA FOODS CORPORATION","","","","","","","","USMKG"
"CHRDIGLGB","CHRISTIE DIGITAL SYSTEMS USA, INC","","","","","","","","USLGB"
"GRAMACKHI","GRAY MACKENZIE RESTAURANT INTERNATIONAL LTD","","","","","","","","PKKHI"
"STOLEIAFE","STOTSENBERG LEISURE PARK AND HOTEL CORPORATION","","","","","","","","PHMNL"
"FLUMISHAM","FLUID MISCH- UND","","","","","","","","DEHAM"
"GLENAIAFE","GLENAIR INC.","","","","","","","","USLAX"
"VINSANKNA","VINA SANTA CAROLINA S.A.","","","","","","","","CLKNA"
"RATHSTL","RATH LLC","","","","","","","","USSTL"
"GUASHUQGY","GUANGDONG SHUANGCHI DINING EQUIPMENT CO.,LTD.","","","","","","","","CNQGY"
"SFAVIESIT","SFA VIETNAM CO., LTD.","","","","","","","","VNSIT"
"DALVASSHA","DALIAN VAST I / E CO. LTD.","","","","","","","","CNSGH"
"BILTOMMNL","MOMENTS WITH FR. JERRY FOUNDATION","","","","","","","","PHMNL"
"GUAWANXAO1","GUANGDONG WANJU LIGHTING TECHNOLOGY CO., LTD.","","","","","","","","CNXAO"
"MANLOGMNL","MANCON LOGISTICS SERVICES INC.","","","","","","","","PHMNL"
"BETCOKAHD","BETEK GMBH & CO.KG","","","","","","","","DEAHD"
"MOBMOBMEL","MOBA MOBILE","","","","","","","","AUMEL"
"NINMICNGB","NINGBO MICHIDTON ELECTRICAL CO.,LTD.","","","","","","","","CNNBO"
"KERRYJVL","KERRY","","","","","","","","USJVL"
"CONDESMNL","CONWAY DESIGNS INC.","","","","","","","","PHMNL"
"SHEHEXQDG","SHENZHEN HEXINGSHENG PHOTOELECTRICS CO., LTD","","","","","","","","CNQDG"
"RONYINRNG","RONCHENG YINHAI AQUATIC CO.,LTD.","","","","","","","","CNRNG"
"ANHZBONKG","ANHUI ZBOM INTERNATIONAL TRADE CO.,LTD.","","","","","","","","CNNJI"
"DONFILBOH","DONALDSON FILTRATION GB LTD","","","","","","","","GBBOH"
"METRASTYO","METRAS INC","","","","","","","","JPTYO"
"DMIMEDDVO","DMI MEDICAL SUPPLY CO. INC.","","","","","","","","PHDVO"
"PESAUSPER","PESTWEST AUSTRALIA PTY LTD","","","","","","","","AUPER"
"LEDILLJMN","LEDII ILLUMINATION(HK)CO LTD","","","","","","","","CNJMN"
"EZSINFMNL","EZSVS INFORMATION TECHNOLOGY INC.","","","","","","","","PHMNL"
"CORSAOPOA","CORDOARIA SAO LEOPOLDO ORIGINAL LTDA","","","","","","","","BRPOA"
"TRANETMDW","TRANSFORMERS NETWORK, INC. DBA PHOENIX INTERNATIONAL FREIGHT SERVICES, INC.","","","","","","","","USCHI"
"GAJGALSIN","GAJAH GALLERY","","","","","","","","SGSIN"
"DEAALLSIN","DEAR ALL,","","","","","","","","SGSIN"
"USDODSFO","USDOD","","","","","","","","USSFO"
"TOBMACEIN","TOBROCO MACHINES B.V.","","","","","","","","NLEIN"
"FREINDSGN","FREETREND INDUSTRIAL ( VIETNAM ) CO., LTD.","","","","","","","","VNSGN"
"HONYEJHKG2","HONGKONG YEJIAN TECHNOLOGIES COMPANY LTD","","","","","","","","HKHKG"
"VICUPSBKK","VICTRON U.P.S THAILAND CO.LTD","","","","","","","","THBKK"
"INTASIMAC","INTERBLOCK ASIA PACIFIC PTY LTD.","","","","","","","","CNMAC"
"JIAXIRCAN","JIANGXI XIRUI MANUFACTURING CO., LTD","","","","","","","","CNGGZ"
"SHERSTSHK","SHENZHEN RSTEK TECHNOLOGY CO., LTD.","","","","","","","","CNSHK"
"MONARKSKE","MONARK AS","","","","","","","","NOSKE"
"PHICONMNL1","PHILTOWER CONSORTIUM INC.","","","","","","","","PHMNL"
"ROCSMTCVX","ROC SM TP","","","","","","","","FRCVX"
"USNAVYBAH","US NAVY NAVSUP FLC BAHRAIN","","","","","","","","BHBAH"
"RADDATLGU","RAD DATA COMMUNICATIONS LTD","","","","","","","","PHLGU"
"HAIHAOHIN","HAINING HAOQIANG TEXTILES CO.,LTD.","","","","","","","","CNHIN"
"CNPNMFCSX","CNP NM FIRE FIGHTING SYSTEM CO., LTD","","","","","","","","CNCSH"
"VERAGOMXP","VERAGON SRL","","","","","","","","ITMXP"
"INOINDSEK","INOVAR INDUSTRIES SDN BHD","","","","","","","","MYSEK"
"CUSESSEWR","CUSTOM ESSENCE","","","","","","","","USEWR"
"SATISLWET","SATISLOH GMBH","","","","","","","","DEWET"
"COLRAIABY","COLAS RAIL FRANCE","","","","","","","","FRABY"
"THWITTAAH","TH WITT KAAELTEMASCHINENFABRIK GMBH","","","","","","","","DEAAH"
"ZHEHONNBG","ZHEJIANG HONGSHENGYUAN CAR ACCESSORIES CO., LTD.","","","","","","","","CNNBG"
"TIPTIEBRF","TIPPER TIE TECHNOPACK GMBH","","","","","","","","DEBRF"
"LEVMANHKG","LEVITON MANUFACTURING UK LIMITED","","","","","","","","HKHKG"
"MARUNINGB","MARKET UNION CO., LTD","","","","","","","","CNNBO"
"CERSUPSPE","CERAMICHE SUPERGRES","","","","","","","","ITSPE"
"PRASILBIO","PRADO SILOS","","","","","","","","ESBIO"
"NEOSHIJMN","NEO-SHINE (JIANGMEN) LIGHTING CO., LTD","","","","","","","","CNJMN"
"NINVICNGB","NINGBO VICHNET TECHMOLOGY CO., LTD.","","","","","","","","CNNBO"
"TAECHAKUV","TAE-CHANG INDUSTRIAL CO.","","","","","","","","KRKUV"
"TAIRONTZU","TAIZHOU RONGYI IMP. & EXP. LTD.","","","","","","","","CNTZU"
"HOSEQUNSA","HOSPITAL EQUIPMENT MANUFACTURING CO.","","","","","","","","INNSA"
"JIEPEIJYG","JIEYANG PEIYUAN MOULD & PLASTICS FACTORY LTD","","","","","","","","CNJYG"
"BOOONLMNL","BOOZE ON-LINE, INC.","","","","","","","","PHMNL"
"TAILVXHYN","TAIZHOU LVXUAN NEW ENERGYCO.,LTD.","","","","","","","","CNHYN"
"SKCLOGMNL","SKC LOGISTICS INC","","","","","","","","PHMNL"
"CREPROEIN","CREP PROTECT BV","","","","","","","","NLEIN"
"NIDINSHAN","NIDEC INSTRUMENTS (HANOI) CORPORATION","","","","","","","","VNHAN"
"HENPROXIY","HENAN PROSPER SKINS AND LEATHER","","","","","","","","CNXIA"
"HSTYIU","HST GROUP CO., LTD.","","","","","","","","CNYIU"
"MYRCONSIN","MYRIAD CONCEPT PTE LTD.","","","","","","","","SGSIN"
"SMENTESEL","SM ENTERTAINMENT CO., LTD.","","","","","","","","KRSEL"
"OLIGREAMH","OLIVE GREEN CONTRACTING","","","","","","","","BHAMH"
"DSSJSCAFE","DSS, JSC","","","","","","","","CZPRG"
"DIFEYESDF","DIFF EYEWEAR C/O FALCON FULFILLMENT","","","","","","","","USLUI"
"SHASUNSHA1","SHANGHAI SUNKEA IMPORT & EXPORT CO., LTD.","","","","","","","","CNSGH"
"COMRUBBWH","COMFORT RUBBER GLOVES INDUSTRIES SDN BHD","","","","","","","","MYBWH"
"UPSHINBON","UP-SHINE LIGHTING CO. LIMITED","","","","","","","","CNBON"
"YANNATYNT","YANTAI NATIVE PRODUCE AND ANIMAL BY PRODUCTS CARPET FOREIGN TRADE CO LTD","","","","","","","","CNYAT"
"HOAMAINAN","HOANG MAI STONE JOINT STOCK COMPANY","","","","","","","","VNNAN"
"BORJERMXP","BORGINI JERSEY SPA","","","","","","","","ITMXP"
"SHOCRAAFE","SHORE CRAFT","","","","","","","","PHMNL"
"TENMOSVIE","TENUTA MOSOLE SERGIO DI MOSOLE LUCIO","","","","","","","","ITVIE"
"UNOKORGNO","UNOX KOREA CO. LTD","","","","","","","","KRGNO"
"MCMFAMRIP","MCMANIS FAMILY VINEYARDS","","","","","","","","USRIP"
"REIPRISIN","REINFENHAUSER PRIVATE LTD.","","","","","","","","SGSIN"
"SHELONSZX","SHENZHEN LONGZHIYU CRAFTS CO. , LTD.","","","","","","","","CNSNZ"
"HELPOUDUS","HELLMANN POULTR GMBH & CO. KG","","","","","","","","DEDUS"
"TRILPRMNL","TRI-L PRECISION TOOLING & TRADING CORPORATION","","","","","","","","PHMNL"
"KMPMNL","KMP CO., LTD","","","","","","","","PHMNL"
"ANAPHIMNL","ANAKO PHILIPPINES CORP.","","","","","","","","PHMNL"
"AXIINTFOA","AXI INTERNATIONAL","","","","","","","","USFOA"
"MARFORMNL","MARGARITA FORES","","","","","","","","PHMNL"
"CALCARMNL1","CALCED CARMELITIERS INC.","","","","","","","","PHMNL"
"HANXINMFM","HAN XIN INDUSTRIAL AND COMMERCIAL LIMITED","","","","","","","","MOMFM"
"COCCOLCEB","COCA-COLA BEVERAGES PHILIPPINES INC.","","","","","","","","PHCEB"
"GZLTRAAFE","GZL TRADING CORPORATION","","","","","","","","PHMNL"
"GUABAWCAN","GUANGDONG BAWEI BIOTECHNOLOGY CORPORATION","","","","","","","","CNGGZ"
"TONIMAAFE","TONBO IMAGING INDIA PVT. LTD.,","","","","","","","","INDEL"
"VISTECMNL","VISION TECHNOLOGIES CO. LTD.,","","","","","","","","PHMNL"
"HEBENGBSL","HEBETEC ENGINEERING AG","","","","","","","","CHBSL"
"SHAXIAAFE","SHANGHAI XIASHU INTELLIGENT TECHNOLOGY CO. LTD","","","","","","","","CNSHA"
"FREVELMNL","MS. FREZT VELOSO","","","","","","","","PHMNL"
"TAKISHTAFE","TAKA ISHII GALLERY","","","","","","","","JPTYO"
"ALBINTWVI","ALBATRANS INTERNATIONAL FREIGHT FORWARDERS","","","","","","","","AUWVI"
"HEIBEVSDT","HEINEKEN BEVERAGES INTERNATIONAL","","","","","","","","ZASDT"
"ALBCHIHUE","ALBATRANS CHILE S.A.","","","","","","","","CLHUE"
"FEGOA","FE-GROUP SRL","","","","","","","","ITGOA"
"STMSAVAFE","STM SAVUNMA TEKN. MUH. TIC. AŞ","","","","","","","","TRANK"
"JIAAUTJNX","JIANGXI AUTOLION LOGISTICS MANAGEMENT COMPANY LIMITED","","","","","","","","CNJNX"
"KCPUS","K.C. LTD.","","","","","","","","KRPUS"
"NINLAMCIX","NINGBO LAMO DRINK EQUIPMENT TECHNOLOGY CO.LTD.","","","","","","","","CNCIX"
"EASWESBUN1","EAST WEST SEED COMPANY, INC","","","","","","","","PHBUN"
"SONSZXAFE","SONY PICTURES ENTERTAINMENT","","","","","","","","CNSZX"
"DNSGLOSEL","DNS GLOBAL LTD.","","","","","","","","KRSEL"
"ORIRENMNL","ORIX RENTAL CORPORATION","","","","","","","","PHMNL"
"QUAABLJJI","QUANZHOU ABLE TRITRUST METAL PRODUCT CO.,LTD","","","","","","","","CNJJI"
"NEWTROHKG","NEW TRONICS COMPANY (JHOSMIR TRADING, AUTOMATION AND SERVICES","","","","","","","","HKHKG"
"HANLINLNA","HANGZHOU LINAN XITIANQI IMPORT&EXPORT CO.,LTD","","","","","","","","CNLNA"
"CONVALRMI","CONTI VALERI SRL","","","","","","","","ITRMI"
"PRINATMNL","PRIMA NATURA FOOD INT'L., INC.","","","","","","","","PHMNL"
"SUNCARSZX1","SUN CARGO INTERNATIONAL (SHANGHAI) LTD., SHENZHEN BRANCH","","","","","","","","CNSNZ"
"YARBYFORD","YARDARM BY FORECAST SALES, INC.","","","","","","","","USORD"
"HCPPUMKHH","HCP PUMP MANUFACTURER CO LTD","","","","","","","","TWKHH"
"RIZPUTJKT","PT RIZKI PUTRA SANJAYA","","","","","","","","IDJKT"
"SANINTSIB","SANDEN INTERCOOL 9 THAILAND) PUBLIC CO., LTD.","","","","","","","","THSIB"
"CLCNEWAFE","CLC NEW MATERIALS CO. LTD","","","","","","","","CNGUT"
"SEPDOOJSU","SEPPES DOOR INDUSTRY (SUZHOU) CO.,LTD.","","","","","","","","CNJSU"
"STPGALAFE","STPI GALLERY","","","","","","","","SGSIN"
"EWAAGRFXT","EWART AGRI SERVICES LTD.","","","","","","","","GBFXT"
"JULABOSXE","JULABO GMBH","","","","","","","","DESXE"
"BFGINTBTN","BFG INTERNATIONAL COMPANY LIMITED","","","","","","","","PHBTN"
"SHASHISHA1","SHANGHAI SHIYIN PHOTOELECTRIC INSTRUMENT CO., LTD.","","","","","","","","CNSHA"
"UNISPRVAN","UNISPRAY BV","","","","","","","","NLVAN"
"QINLINQDG","QINGDAO LINGSHAN STEEL STRUCTURE MATERIALS CO. LTD.","","","","","","","","CNQDG"
"DELAPPMNL","DELS APPAREL","","","","","","","","PHMNL"
"AGSMCI","AGS LLC","","","","","","","","USKCK"
"DONSPENUE","DONAU-SPEDITIONS-GESELLSCHAFT KIESSLING MBH & CO. KG","","","","","","","","DENUE"
"TETANUAFE","PT. TETUKO ANUGERAH NUSANTARA","","","","","","","","IDJKT"
"GUAZHACAN1","GUANGZHOU ZHANGGI TRADING CO LTD","","","","","","","","CNGGZ"
"SUZJIUJSU","SUZHOU JIUSHUO COMMERCIAL EQUIPMENT CO., LTD","","","","","","","","CNJSU"
"ALLENTXMG","ALLPACK ENTERPRISES LTD","","","","","","","","CNXMG"
"ANIARTAFE","ANINAGAN ART INITIATIVES INC","","","","","","","","PHMNL"
"LINTHABKK","LINDE (THAILAND) PUBLIC COMPANY LIMITED","","","","","","","","THBKK"
"COPGLOSEL","COPAN GLOBAL CO. LTD.","","","","","","","","KRSEL"
"CRICHINSA","CRITERION (CHINA) INDUSTRIAL TRADING LIMITED","","","","","","","","CNNSA"
"ENTLINDXB","ENTRUST LINES SHIPPING LTD","","","","","","","","AEDXB"
"FLUCHICZX","FLUENCE CHINA LIMITED (JIANGSU)","","","","","","","","CNCZX"
"CALFAMMEL","CALABRIA FAMILY WINES PTY LTD","","","","","","","","AUMEL"
"APDSALMNL","APD SALES AND SERVICES INC.","","","","","","","","PHMNL"
"SOCASIJGP","SOCOMEC ASIA PACIFIC PTE LTD.","","","","","","","","MYJGP"
"ARDEQURHE","ARDEN EQUIPMENT","","","","","","","","FRRHE"
"ASDLOTTPE","ASDA LOT CO. LTD","","","","","","","","TWTPE"
"BAYCROMNL1","BAYER CROP SCIENCE INC.","","","","","","","","PHMNL"
"CHIELESHA1","CHINT ELECTRIC CO., LTD","","","","","","","","CNSHA"
"AQUBEAZUH","AQUA BEAUTY BIOTECH CO.,LTD","","","","","","","","CNZUH"
"APPCONAKL","APPLIED CONVEYORS & POLYMERS LTD.","","","","","","","","NZAKL"
"SEALANMNL1","SEA-LAND HARVEST, INC.","","","","","","","","PHMNL"
"KOUFUCMNL","KOU FU COLOR PRINTING CORP.","","","","","","","","PHMNL"
"GENCOLSEL","GENEWEL CO.,LTD","","","","","","","","KRSEL"
"SHAIGESHA","SHAOXING IGERENJOY LEISURE PRODUCTS CO., LTD","","","","","","","","CNSHA"
"SUPCOLAFE","SUPERFIVE COLD STORAGE","","","","","","","","PHMNL"
"H2PPIT","H2P SERVICES LLC","","","","","","","","USPIT"
"ASOBOTAFE","ASOBU BOTTLE","","","","","","","","CAQUE"
"THAAAFE","THAI AIRWAYS INTERNATIONAL PUBLIC COMPANY LTD","","","","","","","","THBKK"
"CHESEACTU","CHENGDU SEACROSS PHARMA TECHNOLOGY","","","","","","","","CNCDU"
"DECVETCPH","DECHRA VETERINARY PRODUCTS A/S","","","","","","","","DKCPH"
"VOERAIPNB","VOESTALPINE RAILWAY SYSTEMS ASIA CO., LTD","","","","","","","","THPNB"
"OURLADMNL1","OUR LADY OF CONSOLATION PARISH","","","","","","","","PHMNL"
"XYLSPEIAH","XYLEM INC. – SPECIALTY FLOW CONTROL","","","","","","","","USHOU"
"BOKKKKTYO","BOKKSU KK","","","","","","","","JPTYO"
"VALINTSZX","VALEO INTERIOR CONTROLS (SHEN ZHEN) CO., LTD","","","","","","","","CNSZX"
"SHEBRISZX","SHENZHEN BRIGHT OF INDUSTRY DEVELOPMENT CO.,LTD","","","","","","","","CNSNZ"
"DELLIGRCS","DELMATIC LIGHTING MANAGEMENT","","","","","","","","GBRCS"
"BEIGIHHDN","BEIJING GIHY INVESTMENT MANAGEMENT CO., LTD.","","","","","","","","CNHDN"
"SHEHUKSZX","SHENZHEN HUKANG APPAREL TECHNOLOGY CO. LTD","","","","","","","","CNSNZ"
"AOSSMANBG","AOSE SMART TECH HEBEI CO., LTD.","","","","","","","","CNNBG"
"ALBSPABCN","ALBATRANS SPAIN OB","","","","","","","","ESBCN"
"JOHIHATIW","JOHN I HAAS INC","","","","","","","","USTIW"
"DCONTEAFE","D CONTEMPORARY","","","","","","","","GBLON"
"CHUHANCHZ","CHUZHOU HANSHANG ELECTRICAL APPLIANCES CO.,LTD","","","","","","","","CNCHZ"
"SHESONSZX","SHENZHEN SONGHONG AUTOMATION EQUIPMENT CO., LTD","","","","","","","","CNSZX"
"DCMARIEPQ","DC MARINE SYSTEMS INC.","","","","","","","","USEPQ"
"HUAANHCHZ","HUACHENGXING ANHUI BUILDING MATERIALS TECHNOLOGY CO., LTD","","","","","","","","CNCHZ"
"BLAARTAFE","BLAFFER ART MUSEUM","","","","","","","","USHOU"
"HYVCAPPVI","HYVA CAPITAL EQUIPMENT S.P.A","","","","","","","","ITPVI"
"FOSDECNSA","FOSHAN DECHENG ELECTRONICS CO., LTD.","","","","","","","","CNNSA"
"YAMCKSMNL","YAMADA CK SALES CORP","","","","","","","","PHMNL"
"LEGENDSFO","LEGEND, INC.","","","","","","","","USSFO"
"SIGFOUCEB","SIGMA FOUNDRY CORPORATION","","","","","","","","PHCEB"
"AMIEQUMNL","A.M.I EQUIPMENT SERVICES AND SOLUTIONS INC.","","","","","","","","PHMNL"
"SUBASISIN","SUBTOR ASIA PACIFIC PTE LTD","","","","","","","","SGSIN"
"GIFBUSMNL","GIFT BUSINESS.COM PHILIPPINES INCORPORATED","","","","","","","","PHMNL"
"AHTCOOSIN","AHT COOLING SYSTEMS ASIA PACIFIC PTE. LTD","","","","","","","","SGSIN"
"PHIINDMNL1","PHILIPPINE INDUSTRIAL & ENVIRONMENTAL STANDARD LABORATORIES INC.","","","","","","","","PHMNL"
"BALELEIST","BALIKESIR ELEKTROMEKANIK","","","","","","","","TRISL"
"AYAHOTMNL1","AYALALAND HOTESL AND RESORTS","","","","","","","","PHMNL"
"SIEINDBNA","SIEMENS INDUSTRY INC. USA","","","","","","","","USBNA"
"SHAFORSHA1","SHANGHAI FOREIGN TRADE ENTERPRISES PUDONG CO., LTD","","","","","","","","CNSGH"
"FOSDEEAFE","FOSHAN DEER MARBLE TILES CO.,LTD","","","","","","","","CNGUT"
"ENGSOLBKK","ENGINEERING SOLUTIONS INTERNATIONAL CO.,LTD.","","","","","","","","THBKK"
"LISGOKAFE","LISA GOKONGWEI","","","","","","","","PHMNL"
"STEINTYLN","STELLA INTERNATIONAL LIMITED TAIWAN BRANCH","","","","","","","","TWYLN"
"HONKONSHK1","HONG KONG RUIKUN LIGHTING CO., LIMITED","","","","","","","","CNSHK"
"JUXHUSSAD","JUXIN HUSBANDRY","","","","","","","","CNSAD"
"AAMEDIZFT","AA MEDICAL","","","","","","","","USZFT"
"YEKBUISZX","YEKALON BUILD INC.","","","","","","","","CNSNZ"
"ANCCOLSHA","ANCOR(SHANGHAI)COSMETICS CO.,LTD.","","","","","","","","CNSGH"
"TIACOMMNL","TIARA COMMERCIAL & INDUSTRIAL CORPORATION","","","","","","","","PHMNL"
"SHAGOOTYN","SHANXI GOODWILL INDUSTRIAL & TRADING CO., LTD.","","","","","","","","CNTYU"
"ANHINTLUN","ANHUI INTCO RECYCLING TECHNOLOGY CO.,LTD","","","","","","","","CNLUN"
"FANINDKWN","FANDER INDUSTRIAL HK CO LIMITED","","","","","","","","HKKWN"
"CORDORCHI","CORDERIE DOR","","","","","","","","FRCHI"
"CIMMICZMA","CIMENTART MICROCEMENT SL","","","","","","","","ESZMA"
"INTCONILO","INTERNATIONAL CONTAINER TERMINAL SERVICES ,INC.","","","","","","","","PHILO"
"LUOWANQDG","LUOYANG WANYANG INTERNATIONAL TRADE CO. LTD.","","","","","","","","CNQDG"
"SHASUFTSN","SHANXI SUFENG NEW MATERIAL TECHNOLOGY CO.,LTD.","","","","","","","","CNTNJ"
"CULOGIBKK","CU LOGISTICS CO.,LTD 410/87-88 SOI TRATCH","","","","","","","","THBKK"
"BMKELEMUC","BMK ELECTRONIC SOLUTIONS GMBH","","","","","","","","DEMUC"
"SILVERMNL","SILVERWAVE CORPORATION","","","","","","","","PHMNL"
"MCCMARILG","MCCORMICK – MARYLAND LOGISTICS CENTER","","","","","","","","USILG"
"FRIALBRGA","FRIGORIFICO ALBERDI S.A","","","","","","","","ARRGA"
"SUZDAYSUZ","SUZHOU DAYONG INTELLIGENT MANUFACTURING CO., LTD.","","","","","","","","CNSUZ"
"MIAFERMNL","MIA FERNANDO CAMERON","","","","","","","","PHMNL"
"JSWORLSIN","JS WORLD FREIGHT DISTRIBUTOR (S) PTE LTD","","","","","","","","SGSIN"
"TACOKJ","TAC CORPORATION","","","","","","","","JPOKJ"
"IMMSPOAFE","IMMIX SPOL. S R.O.","","","","","","","","CZPRG"
"RESOPCMNL","RESPIRASOURCE, OPC.","","","","","","","","PHMNL"
"TCCNEWNKG","TCC NEW ENERGY AND GENERAL MACHINERY CO.,LTD.","","","","","","","","CNNJI"
"LINYAPISL","LINK YAPI SANAYI VE TIC. A.S.","","","","","","","","TRIST"
"LINHOUSTN","LINKFAIR HOUSEHOLD (HK) LIMITED","","","","","","","","HKSTN"
"QUACORMNL","QUADROCAS CORP.","","","","","","","","PHMNL"
"SHELITSZX","SHENZHEN LITTLE WAY TECHNOLOGY LIMITED","","","","","","","","CNSZX"
"SIMBIOTLV","SIMBIONIX LTD","","","","","","","","ILTLV"
"EZTECIMNL","EZ TEC INDUSTRIAL SERVICES","","","","","","","","PHMNL"
"JLSTRAMDW","JLS TRADING INCORPORATED","","","","","","","","USCHI"
"NETPOLAFE","NETLOG POLSKA SP. Z O.O.","","","","","","","","PLWAR"
"HANSINNBG","HANGZHOU SINGER BUILDING MATERIALS CO. LTD","","","","","","","","CNNBG"
"TIAUNOXGA","TIANJIN U-NOD INTERNATIONAL TRADE CO., LTD.","","","","","","","","CNXGA"
"OVAPROAFE","OVATION PRODUCTION INC.","","","","","","","","PHMNL"
"ELINALMNL","ELIZABETH N ALMARIEGO","","","","","","","","PHMNL"
"NERVALITM","NERIKI VALVE CO. LTD.","","","","","","","","JPOSA"
"DONXIOHUZ","DONGGUAN XIONGYI TRADE CO. LTD.","","","","","","","","CNHUI"
"FIBERNFCO","FIBERNET S.R.L.","","","","","","","","ITFCO"
"GUAICENSA","GUANGZHOU ICESOURCE CO. LTD.","","","","","","","","CNNSA"
"THATIESGN","THABICO TIEN GIANG FOOD INDUSTRY JOINT STOCK COMPANY","","","","","","","","VNSGN"
"CLOROSMNL","CLOMA-ROSALES, VENUS OLIVAA MENDOZA","","","","","","","","PHMNL"
"COLRAIMNL","COLAS RAIL PHILIPPINES, INC.","","","","","","","","PHMNL"
"PHIJINSFS","PHILIPPINES JINBOWAY TECHNOLOGY LRD. CORP.","","","","","","","","PHSFS"
"CUBSYSKNW","CUBIS SYSTEMS","","","","","","","","GBKNW"
"UNICHEKLA","UNICHEMTECHNOLOGY SDN BHD","","","","","","","","MYKLA"
"FIRSYSYUL","FIREFLEX SYSTEM INC.","","","","","","","","CAMTR"
"GRAREMAFE","GRACE REMOVALS (AUSTRALIA) PTY LTD","","","","","","","","AUMEL"
"DEFRESAFE","DEFENCE RESEARCH & DEVELOPMENT LABORATORY","","","","","","","","INDEL"
"NAVIAMEL","NAVIA PTY LTD","","","","","","","","AUMEL"
"TIAXINXGA1","TIANJIN XINYUKUN TRADING CO. LTD.","","","","","","","","CNXGA"
"MALSHPPKG","MALAYSIAN SH PRECISION SDN BHD","","","","","","","","MYPKG"
"ARMFIEIAD","ARMY FIELD SUPPORT BATTALION-JBLM","","","","","","","","USIAD"
"OSEINTSEL","OSEANS INTL CO., LTD","","","","","","","","KRSEL"
"EMBDEEAFE","EMBAJADA DE ESPAÑA EN FILIPINAS","","","","","","","","PHMNL"
"PLANETSHG","PLANET HOLDINGS LIMITED","","","","","","","","CNSHG"
"HEBBAIHEB1","HEBEI BAI YUN DAILY CHEMICAL CO.,LTD","","","","","","","","CNHEB"
"BLOIMASAV","BLOCK IMAGING PARTS & SERVICE","","","","","","","","USSAV"
"XUZWEIJSU","XUZHOU WEIWO EW ENERGY TECHNOLOGY CO.,LTD","","","","","","","","CNJSU"
"CHATITCSO","CHANGZHOU TITAN DECORATION MATERIALS CO.,LTD","","","","","","","","CNCSO"
"ACCLABGDH","ACCUMAX LAB DEVICES PRIVATE LIMITED (SEZ)","","","","","","","","INGDH"
"SHATIASHA","SHANGHAI TIANYU REFRIGERATOR EQUIPMENT","","","","","","","","CNSHA"
"SHAANDSHG","SHANDONG ANDE HEALTHCARE APPARATUS CO., LTD.","","","","","","","","CNSHG"
"HEBLANXGA","HEBEI LANGBEN BUILDING MATERIALS CO., LTD","","","","","","","","CNXGA"
"GUATOPSZX","GUANGDONG TOP HOUSEHOLD PRODUCTS LTD.","","","","","","","","CNSNZ"
"YAHORNMNL","YA HORNG ELECTRONIC PHILIPPINES, INC","","","","","","","","PHMNL"
"ECOVETMNL","ECOVET GROUP","","","","","","","","PHMNL"
"KELONGAFE","KELONG GROUP","","","","","","","","CNGUT"
"ZHACOMHEB","ZHAOJIA COMPOSITE CO. LTD.","","","","","","","","CNHEB"
"LIMINDMNL","LIMCALY INDUSTRIES INCORPORATED","","","","","","","","PHMNL"
"AKITRAMNL","AKINITO TRADING AND INDUSTRIAL SERVICES INC.","","","","","","","","PHMNL"
"HONWANHKG","HONG KONG WANG MIN OPTICAL INSTRUMENT CO., LTD","","","","","","","","HKHKG"
"INDOPTAFE","INDIA OPTEL LIMITED","","","","","","","","INBOM"
"THAROAAFE","THADDAEUS ROAPC GALLERY","","","","","","","","KRICN"
"REASCMSHA","REALOGISTICS SCM (SHANGHAI) CO., LTD.","","","","","","","","CNSGH"
"HUNXINCSX","HUNAN XING YUAN TECHNOLOGY CO.,LTD","","","","","","","","CNCSH"
"BUHLERUZW","BUHLER AG","","","","","","","","CHUZW"
"EURINTVCE","EUROMAG INTERNATIONAL S.R.L.","","","","","","","","ITVCE"
"LPASUPSHA","LPA SUPPLY CHAIN LIMITED","","","","","","","","CNSGH"
"HLDISPHKG1","HL DISPLAY HONG KONG LIMITED","","","","","","","","HKHKG"
"SHISEISGN","SHINEI SEIKO VIETNAM CO., LTD.","","","","","","","","VNSGN"
"PROTRAAFE","PROCOEX TRANSITARIOS S.A.","","","","","","","","ESMAD"
"CELMONCRP","CELESTICA LLC MONTERREY","","","","","","","","USCRP"
"SAMINDMNL1","SAMINSCO INDUSTRIAL SALES, INC.","","","","","","","","PHMNL"
"WERPFLVEN","WERNER & PFLEIDERER HATON B.V.","","","","","","","","NLVEN"
"PIEMANMNL","PIETRUCHA MANUFACTURING (PHILIPPINES) INC.","","","","","","","","PHMNL"
"METEXPMNL1","METAL EXPONENTS INC.","","","","","","","","PHMNL"
"ESMBRARCS","ESM BRANDING","","","","","","","","GBRCS"
"CURTPEAFE","CURIO PACK EXPO CO., LTD.","","","","","","","","TWTPE"
"ASPTRASIN","ASPASIA TRADE PTE LTD","","","","","","","","SGSIN"
"RDENSHAFE","R DENS HANDICRAFTS TRADING INC.","","","","","","","","PHMNL"
"ACOMOLSZX1","ACO MOLD CO. LTD.","","","","","","","","CNSNZ"
"METPLAMNL","META PLATFORMS INTERNATIONAL OPERATIONS PHILS., INC.","","","","","","","","PHMNL"
"GENCORTYN","GENETOUCH CORP.","","","","","","","","TWTYN"
"GREFANCWA","GREENHECK FAN CORPORATION","","","","","","","","USINX"
"LEIPUMHAM1","LEISTRITZ PUMPEN GMBH","","","","","","","","DEHAM"
"PRECENKLA","PREMIER CENTRE SERVICES SDN BHD","","","","","","","","MYKLA"
"DEMDESMIA","DEMING DESIGNS","","","","","","","","USMIA"
"GREHARSGN","GREEN HARVEST VIETNAM IMP & EXP CO. LTD.","","","","","","","","VNSGN"
"GLOMEDHKG","GLOBALCARE MEDICAL TECHNOLOGY HK, LTD.","","","","","","","","HKHKG"
"51ALLWMNL","51 ALL WEATHER FURNITURE COMPANY","","","","","","","","PHMNL"
"MAIBACVSS","MAISON BACHEVILLIER SAS","","","","","","","","FRVSS"
"ANGLAUJKT","PT ANGKASA LAUT KHATULISTIWA","","","","","","","","IDJKT"
"GUAWELZUH","GUANGDONG WELLY ELECTRICAL APPLIANCES CO.LTD.","","","","","","","","CNZUH"
"JOUBRAMAN","JOURNE BRANDS UK LTD","","","","","","","","GBMNC"
"LOGPLUBKK","LOGISTICS PLUS THAILAND","","","","","","","","THBKK"
"PHIMORWAW","PHILIP MORRIS","","","","","","","","PLWAW"
"CAMPHABKK","CAMBER PHARMACEUTICAL CO.,LTD.","","","","","","","","THBKK"
"PANLOGSHA","PANGEA LOGISTICS (CHINA) LTD.","","","","","","","","CNSGH"
"JINEVEXGA","JINAN EVERGREEN GLASS CO., LTD.","","","","","","","","CNXGA"
"CARAGRBTG","CARDINAL AGRI PRODUCTS, INC.","","","","","","","","PHBTG"
"YWJCOLXUZ","YWJS CO,.LTD","","","","","","","","CNXZH"
"WEISPUFKB","WEISSER SPULENKORPER GMBH & CO. KG","","","","","","","","DEKAE"
"SIKTAITPE","SIKA TAIWAN LTD","","","","","","","","TWTPE"
"BERINDCEB","BERBENWOOD INDUSTRIES, INC","","","","","","","","PHCEB"
"SYWAIPMNL","SY, WAI PANG NG","","","","","","","","PHMNL"
"QUAHOUPKG","QUAKER HOUGHTON (MALAYSIA) SDN BHD","","","","","","","","MYPKG"
"GEMVESSEK","GEMILANG VESSEL ENGINEERINGSDN BHD","","","","","","","","MYSEK"
"ALISPERMI","ALISPED S.P.A.","","","","","","","","ITRMI"
"PHIDYNMNL","PHILMED DYNASTY CORP.","","","","","","","","PHMNL"
"SHACHESTG","SHANTOU CHENGHAI WANDERLONG TOYS FACTORY","","","","","","","","CNSTG"
"LEBHEATSN","LEBOO HEALTHCARE PRODUCTS LIMITED","","","","","","","","CNTNJ"
"LINENEMNL","LINK ENERGIE INDUSTRIES CO, INC.","","","","","","","","PHMNL"
"WUXJERSHA","WUXI JEROME PRECISION MECHANICS CO., LTD.","","","","","","","","CNSGH"
"LANASWHEB","LANGFANG ASWISH INTERNATIONAL TRADE CO LTD.","","","","","","","","CNHEB"
"SINSAMAFE","PT. SINAR SAMUDRA GLOBAL","","","","","","","","IDJKT"
"COLRAICRB","COLAS RAIL","","","","","","","","FRCRB"
"PERRICMNL1","PERNOD RICARD WINEMAKERS PTY LTD.","","","","","","","","PHMNL"
"GUAALLNSA","GUANGDONG ALLTOP LIGHTING CO., LTD.","","","","","","","","CNNSA"
"SICYINGHN","SICHUAN YINGGANG MACHINERY CO.,LTD.","","","","","","","","CNGHN"
"PLAESPAGT","PLASTICOS ESPANOLES S A","","","","","","","","GRAGT"
"CHRDIOSIN","CHRISTIAN DIOR (SINGAPORE) PTE LTD.","","","","","","","","SGSIN"
"SAMELEMNL1","SAMSUNG ELECTRO-MECHANICS PHILS. CORP","","","","","","","","PHMNL"
"ZHOTIAZSN","ZHONGSHAN TIANMEI ELECTRICAL APPLIANCES CO.LTD.","","","","","","","","CNZSN"
"ASCPROPIB","ASCENDANT PROGRAM SERVICES LLC","","","","","","","","USURE"
"ZHOTOPPAA","ZHONGSHAN TOP PLUS FURNTIURE CO. LTD.","","","","","","","","CNNSA"
"JINDRI","JINSHI DRILL TECH CO., LTD.","","","","","","","","CNSHA"
"TRESCIPUC","TRENDATA SCIENCE SDN BHD","","","","","","","","MYPUC"
"VALVITCEB","VALVITO INC","","","","","","","","PHCEB"
"ARDINTSIN","ARDENT INTERNATIONAL PTE LTD","","","","","","","","SGSIN"
"ROMPHIMNL","ROMBE PHILIPPINES INC.","","","","","","","","PHMNL"
"PROCULFUZ","PROFIT CULTURAL & CREATIVE GROUP CORPORATION","","","","","","","","CNFUZ"
"LANDANSZP","LANGFANG DANMEI SECURITY EQUIPMENT CO. LTD.","","","","","","","","CNSZP"
"TECRESMNL","TECHIRON RESOURCES INC.","","","","","","","","PHMNL"
"LSELECANY","LS ELECTRIC CO.,LTD.","","","","","","","","KRANY"
"VOKBEVADL","VOK BEVERAGES","","","","","","","","AUADL"
"YOLISLC","YOLI, LLC","","","","","","","","USSLC"
"JINBAIXMG","JINJIANG BAIYIYI TRADING CO., LTD","","","","","","","","CNXMG"
"DONJIADGG","DONGGUAN JIANGQIAO HARDWARE PRODUCTS CO., LTD","","","","","","","","CNDGG"
"DONYALHUZ","DONGGUAN YALAN PACKING MATERIALS CO.,LTD.","","","","","","","","CNHUI"
"EVAASIPKG","EVAPTECH ASIA PACIFIC SDN BHD","","","","","","","","MYPKG"
"MACROLMNL","MACROLITE CORPORATION","","","","","","","","PHMNL"
"GOLRESAFE","GOLDEN RESOURCES AND ECOMATERIALS ENTERPRISES INC.","","","","","","","","PHCEB"
"GOLDSOMNL","GOLDSON COMPANY INCORPORATED","","","","","","","","PHMNL"
"FAMCARGRU","FAM CARGO BR LOGISTICA INTERNACIONAL LTDA","","","","","","","","BRGRU"
"CHRDIOSEL","CHRISTIAN DIOR COUTURE KOREA LTD.","","","","","","","","KRSEL"
"NINICOYIU","NINGBO ICOE COMMODITY CO. LTD.","","","","","","","","CNYIU"
"HANRUISZV","HANGZHOU RUILIN TECHNOLOGY CO., LTD.","","","","","","","","CNSZH"
"ALTCOMMNL","ALTA COMIDA INC.","","","","","","","","PHMNL"
"INLTRAAFE","INLAND TRANSPORT, INC","","","","","","","","USFLO"
"KINIMPZUH","KINGDA IMPORT & EXPORT TRADING LIMITED OF ZHONGSHAN","","","","","","","","CNZUH"
"FALLOGAMS","FALCON LOGISTICS B.V.","","","","","","","","NLAMS"
"HANTOOSZX","HANDY TOOLS (SHENZHEN) CO., LTD.","","","","","","","","CNSNZ"
"SOUGLOMNL","SOUTH GLOBAL CORPORATION","","","","","","","","PHMNL"
"APIGLOSIN1","API GLOBAL SINGAPORE PTE LTD","","","","","","","","SGSIN"
"XRACENAFE","XRAY CENTER GUVENLIK SISTEMLERI ANONIM SIRKETI","","","","","","","","TRIST"
"JUNEQUICN","JUNGSANG EQUIPMENT AND TECHNOLOGY CO.,LTD","","","","","","","","KRICN"
"ULTPLABKK","ULTRA PLAST ASIA CO. LTD.","","","","","","","","THBKK"
"DEEIND","DEEPBLUE INDUSTRIES PTE LTD","","","","","","","","SGSIN"
"PELPARSPQ","PELICAN PARTS","","","","","","","","USSPQ"
"TIAROATXG","TIANJIN ROADSAFE TECHNOLOGY CO., LTD.","","","","","","","","CNTXG"
"SINTRADXB","SINOON TRADING","","","","","","","","AEDXB"
"CANTOLGE2","CANTINA TOLLO S.C.A","","","","","","","","ITGE2"
"BEYLIGNSA","BEYSDA LIGHTING CO. LIMITED","","","","","","","","CNNSA"
"CONBRAROC","CONSTELLATION BRANDS U.S. OPERATIONS INC.","","","","","","","","USROC"
"DOLINTTAFE","DOLPHIN INTERNATIONAL EXHIBITION LOGISTICS CO., LTD.","","","","","","","","TWTPE"
"HDGINTSEL","HDGLOBAL INT CO.,LTD","","","","","","","","KRSEL"
"FONVERMNL","FONTERRA VERDE HOLDINGS INC.","","","","","","","","PHMNL"
"COCWONCZF","COCO WONDER","","","","","","","","FRCZF"
"PPGPMCMEM","PPG PMC","","","","","","","","USMEM"
"NOVBUICPH","NOVENCO BUILDING & INDUSTRY A/S","","","","","","","","DKCPH"
"HOLNAMCEB","HOLY NAME UNIVERSITY MEDICAL CENTER PERU DAYAG","","","","","","","","PHCEB"
"ASCFKB","ASC GMBH","","","","","","","","DEKAE"
"MENGEOKUL","MENARD GEOSYSTEMS SDN BHD","","","","","","","","MYKUL"
"HYSHUAPVG","HYSOL HUAWEI ELECTRONICS CO., LTD.","","","","","","","","CNPVG"
"HORCHIZHE","HORMEL (CHINA) INVESTMENT CO., LTD.","","","","","","","","CNZHE"
"SHEAZISZX","SHENZHEN A&Z INTERNATIONAL LOGISTICS CO., LTD","","","","","","","","CNSNZ"
"HSHEIKKHI","H SHEIKH NOOR-UD-DIN & SONS (PVT) LTD","","","","","","","","PKKHI"
"SUZSINSZV","SUZHOU SINKERY ELECTONIC TECHNOLOGY CO. LTD","","","","","","","","CNSZH"
"MINHWASIN","MIN HWA ENVELOPE MANUFACTURERS PTE. LTD","","","","","","","","SGSIN"
"ANBLEDHKG","ANBI LED LIGHTING COMPANY LIMITED","","","","","","","","HKHKG"
"SHAALLSAD","SHANDONG ALL WELL IMPORT AND EXPORT CO., LTD","","","","","","","","CNSAD"
"ZHASUNXMN","ZHANGZHOU SUNRISE PACIFIC PACKAGING CO., LTD","","","","","","","","CNXMN"
"HARSTAMNL","HARBOR STAR SHIPPING SERVICES INC - FMRLY. SEATOWS","","","","","","","","PHMNL"
"LWCOMPSIN","L&W COMPRESSORS + SYSTEMS PTE LTD.","","","","","","","","SGSIN"
"HANKEJSZV","HANGZHOU KEJIE WAREHOUSE EQUIPMENT CO.,LTD","","","","","","","","CNSZH"
"ARTCELMNL","ARTISAN CELLARS AND FINE FOODS INC","","","","","","","","PHMNL"
"KWILOGTAO","KWISE LOGISTICS(SHANDONG)CO.LTD","","","","","","","","CNQIN"
"ARCHINAFE","ARCHINECTIONS INC.","","","","","","","","PHMNL"
"LUPSPJ","LUPHER SP. JAWNA","","","","","","","","PLWLG"
"MACHERSYD","MACHER","","","","","","","","AUSYD"
"GLASYSMNL1","GLASCADE SYSTEM SPECIALIST INC.","","","","","","","","PHMNL"
"INNMONULN","INNER MONGOLIA SHU DU KAI DA FOOD CO., LTD.","","","","","","","","MNULN"
"ANAELEMNL","ANASCOMM ELECTRONICS SUPPLY CO.","","","","","","","","PHMNL"
"ADVMOLMNL","ADVANCED MOLDING COMPANY INC.","","","","","","","",""
"AEROSTMNL","AEROSTONE, INC.","","","","","","","",""
"AGPACIDVO","AG PACIFIC NUTRICEUTICALS CORPORATION","","","","","","","",""
"AGREXIDVO","AGRI EXIM GLOBAL PHILIPPINES, INC.","","","","","","","",""
"AJSOLUMNL","AJ SOLUTIONS PHILIPPINES CORP.","","","","","","","",""
"ALTGLOMNL","ALTA GLOBAL SERVICES, INC.","","","","","","","",""
"AOLHOMSFS","AOLLY HOME INC","","","","","","","",""
"APLLOGMNL","APL LOGISTICS PHILIPPINES, INC.","","","","","","","",""
"BANNAMMNL","BANDAI NAMCO PHILIPPINES INC.","","","","","","","",""
"BERINDCEB","BERBENWOOD INDUSTRIES, INC","","","","","","","",""
"BESCOOTPE","BEST COOPERATION ENTERPRISE CO., LTD.","","","","","","","",""
"CARMANMNL","CARATS MANUFACTURING INC","","","","","","","",""
"CASINTMNL","CASES INTERNATIONAL, PHILS. INC.","","","","","","","",""
"CATEMBCEB","CATALINA EMBROIDERIES, INC.","","","","","","","",""
"CCMINFCEB","CCM INFINI CORP.","","","","","","","",""
"CENDISMNL","CENTURY DISTRIBUTION SYSTEMS, INC.","","","","","","","",""
"CITMACMNL","CITIZEN MACHINERY PHILIPIPNES INC.","","","","","","","",""
"CJUNIWDVO","CJ UNIWORLD CORP.","","","","","","","",""
"COLRAIMNL","COLAS RAIL PHILIPPINES, INC.","","","","","","","",""
"CORPREMNL","CORONATION PREMIUM MANUFACTURING INC.","","","","","","","",""
"COSMANCEB","COSONSA MANUFACTURING INC","","","","","","","",""
"CAPHANMNL","CRUZ, RICHARD VIRATA","","","","","","","",""
"CSMPHIMNL","CSM PHILIPPINES INC.","","","","","","","",""
"CURINTMNL","CURREY INTERNATIONAL, INC.","","","","","","","",""
"CYMFINCEB","CYMRU FINE FURNITURE AND ACCESSORIES TRADERS","","","","","","","",""
"DSINDUMNL","D AND S INDUSTRIES (PHILIPPINES) CORPORATION","","","","","","","",""
"DLPREMMNL","D&L PREMIUM FOODS CORP.","","","","","","","",""
"DIDAWNMNL","D.I. DAWN PATROL MFG. CORP.","","","","","","","",""
"DOLPHIGES","DOLE PHILIPPINES, INC.","","","","","","","",""
"DONINEICN","DONG IN ENTECH CO. LTD.","","","","","","","",""
"DONINRMNL","DONG IN RECREATIONAL EQUIPMENT MFG. CORP.","","","","","","","",""
"DONSEUMNL","DONG SEUNG INCORPORATED","","","","","","","",""
"DUNINTMNL","DUNLOP INTERNATIONAL (PHILIPPINES) INC.","","","","","","","",""
"DURINDMNL","DURU'S INDUSTRIES CORPORATION","","","","","","","",""
"ELAMDSMNL","ELARAFA MDSG. CORP.","","","","","","","",""
"EXIELEMNL","EXITO ELECTRONICS CO., PHILS., INC.","","","","","","","",""
"FCOINTCEB","FCO INTERNATIONAL INC.","","","","","","","",""
"FILCHOMNL","FIL-CHOICE FOOD INDUSTRIES, INC.","","","","","","","",""
"FPFMNL","FPF CORPORATION","","","","","","","",""
"FUJINDBTG","FUJI INDUSTRIES MANILA CO.","","","","","","","",""
"GLOFOOMNL","GLOBAL FOODSOLUTIONS, INC.","","","","","","","",""
"GOLZONMNL","GOLDEN ZONE GARMENTS AND ACCESSORIES INC.","","","","","","","",""
"GOOMANSFS","GOOD MANUFACTURING (PH) LEATHERS INC","","","","","","","",""
"GREHOMCEB","GREENWOOD HOME DECOR INC.","","","","","","","",""
"GRUEMS","GRUPPO EMS, INC","","","","","","","",""
"HAMSPEHNL","HAMMERHEAD SPEARGUNS","","","","","","","",""
"HANEXPMNL","HANKYU HANSHIN EXPRESS PHILIPPINES, INC.","","","","","","","",""
"HANLOGMNL","HANKYU HANSHIN LOGISTICS PHILIPPINES, INC","","","","","","","",""
"HEIIMPMNL","HEINEN IMPORT & EXPORT (HEINIMEX) CORP.","","","","","","","",""
"HELBABMNL","HELLO BABY GARMENT MANUFACTURING CORP.","","","","","","","",""
"HOMEDICEB","HOME EDITION MANUFACTURING CORP.","","","","","","","",""
"HONKONMNL","HONG KONG OPTICAL LENS PHIL LABORATORY INC","","","","","","","",""
"INTMICMNL","INTEGRATED MICRO-ELECTRONICS INC.","","","","","","","",""
"IONEMIMNL","IONICS EMI, INC.","","","","","","","",""
"JALARTAFE","JALIKEE ARTS AND CRAFT","","","","","","","",""
"JAMMARCEB","JAMAICA MARKETS CORPORATION","","","","","","","",""
"JANMINCEB","JANICE MINOR EXPORT, INC.","","","","","","","",""
"JAYJAMMNL","JAY & JAMES SCRAP TRADING","","","","","","","",""
"JDMFURMNL","JDM FURNISHINGS","","","","","","","",""
"JEHTRADVO","JEHU TRADING CORP.","","","","","","","",""
"JOLFOOMNL2","JOLLIBEE FOODS CORPORATION","","","","","","","",""
"KFNUTRDVO","KF NUTRI-FOODS INTERNATIONAL, INC.","","","","","","","",""
"KINELEMNL","KINPO ELECTRONICS (PHILS.) INC.","","","","","","","",""
"LAROSEMNL","LA ROSE NOIRE PHILIPPINES, INC.","","","","","","","",""
"LENMANCEB","LENBERT MANUFACTURING, INC.","","","","","","","",""
"LOBRUMMNL","LOBBY RUM INC.","","","","","","","",""
"LPPTRADVO","LPP TRADING CORP.","","","","","","","",""
"LUCINNMNL","LUCKY INNOVATIVE MANUFACTURING CORP.","","","","","","","",""
"MACNELMNL","MAC-NELS LINE, INC.","","","","","","","",""
"MAGLINMNL","MAGIC LINE CORPORATION","","","","","","","",""
"MANHANMNL","MANEX HANDICRAFT INC.","","","","","","","",""
"MARMANAFE","MARIGOLD MANUFACTURING CORPORATION","","","","","","","",""
"MARIGOMNL","MARIGOLD MANUFACTURING CORPORATION","","","","","","","",""
"MASPHICEB","MASTERCRAFT PHILIPPINES, INCORPORATED","","","","","","","",""
"MEHITACEB","MEHITABEL, INC.","","","","","","","",""
"METWEACEB","METRO WEAR INC.","","","","","","","",""
"MIANROMNL","MIANRO INC","","","","","","","",""
"MKTHEMMNL","MK THEMED ATTRACTIONS PHILIPPINES INC.","","","","","","","",""
"MOUINSMNL","MOUNTAINEERING INSTRUMENTS CORP.","","","","","","","",""
"MULTEKMNL","MULTI-TEK FASTENERS INCORPORATED","","","","","","","",""
"MUMCORMIC","MUMBAKI CORP.","","","","","","","",""
"NATCARMNL","NAPA, FELIPE NOE JR. MORIN","","","","","","","",""
"NATAERMNL","NATURA AEROPACK CORPORATION","","","","","","","",""
"NEWERACEB","NEW ERA INTERNATIONAL CARGO HANDLING INC.","","","","","","","",""
"OOCLOGMNL","OOCL LOGISTICS PHILIPPINES, INC","","","","","","","",""
"OUTFIVMNL","OUTBACK FIVE STAR CLARK PHILS., INC.","","","","","","","",""
"PBVALIAFE","P & B VALISES ET COMPAGNIE INC.","","","","","","","",""
"PAUYUPCEB","PAUL-YU PHILIPPINES CORPORATION","","","","","","","",""
"PHIGREMNL","PHIL GREEN PLASTICS, CORPORATION","","","","","","","",""
"PHIBATMNL","PHILIPPINE BATTERIES INC.","","","","","","","",""
"PHITREMNL","PHILIPPINE TREASURES, INC.","","","","","","","",""
"PHIJINSFS","PHILIPPINES JINBOWAY TECHNOLOGY LRD. CORP.","","","","","","","",""
"PHILPACGY","PHILPACK","","","","","","","",""
"PIVHAWMNL","PIVOT- HAWKS MANILA, INC","","","","","","","",""
"PIXTRAMNL","PIXCEL TRANSGLOBAL FOODS, INC.","","","","","","","",""
"PRIMHKHKG","PRIMEDECO HK LIMITED","","","","","","","",""
"PONLEAMNL","PONDEROSA LEATHER GOODS CO., INC.","","","","","","","",""
"PROINTMNL","PROFOOD INTERNATIONAL CORP.","","","","","","","",""
"PROINTCEB","PROFOOD INT'L CORP.","","","","","","","",""
"REATECMNL","READORE TECHNOLOGY PHILS. CORPORATION","","","","","","","",""
"REBGLOMNL","REBISCO GLOBAL FOOD VENTURES INCORPORATED","","","","","","","",""
"ROSFASMNL","ROSARIO FASTENERS CORPORATION","","","","","","","",""
"ROXSIGAFE","ROXAS SIGMA AGRIVENTURES, INC.","","","","","","","",""
"RYVTRACEB","RYVILLE'S TRADING","","","","","","","",""
"SANMETMNL","SANTINE METAL INDUSTRIES INC.","","","","","","","",""
"SAWOCEB","SAWO INC.","","","","","","","",""
"SCOMFGMNL","SCOUT MFG. INDUSTRIAL INC.","","","","","","","",""
"SEACANMNL","SEATRADE CANNING CORPORATION","","","","","","","",""
"SERPHIMNL","SERCOMM PHILIPPINES INC","","","","","","","",""
"SHAPIZMNL1","SHAKEY'S PIZZA ASIA VENTURES INC","","","","","","","",""
"SHEARTMNL","SHELL ARTS CO., INC.","","","","","","","",""
"SHEARTAFE","SHELL ARTS COMPANY, INC.","","","","","","","",""
"SHECOTMNL","SHELMED COTTAGE TREASURES","","","","","","","",""
"SHEBIOCEB","SHEMBERG BIOTECH CORPORATION","","","","","","","",""
"SHIPHIMNL","SHIMANO (PHILIPPINES) INC.","","","","","","","",""
"SHORECMNL","SHORECRAFT","","","","","","","",""
"SOLPANMNL","SOLARIS PANABO CORP.","","","","","","","",""
"SUMGLOMNL","SUMOSYS GLOBAL INC.","","","","","","","",""
"SUNELEMNL2","SUNON ELECTRONICS PHILIPPINES CORP","","","","","","","",""
"SUPPHIMNL","SUPERL PHILIPPINES INC.","","","","","","","",""
"SUPCOCMNL","SUPERSTAR COCONUT PRODUCTS CO., INC.","","","","","","","",""
"THSHOPMNL","T&H SHOPFITTERS CORPORATION","","","","","","","",""
"TAIFONMNL","TAI FONG LONG INTERNATIONAL CO., LTD.","","","","","","","",""
"TAMINDMNL","TAMILEE INDUSTRIES, INC","","","","","","","",""
"TERPHICEB","TERADYNE PHILIPPINES LTD.","","","","","","","",""
"TERCOTMNL","TERRA COTTA ART WORKS, INC.","","","","","","","",""
"THEMICAFE","THEMICS PHILIPPINES, INC.","","","","","","","",""
"THETECTPE","THERMALTAKE TECHNOLOGY CO., LTD","","","","","","","",""
"TIDPHIMNL","TIDESOLAR PHILIPPINES CORPORATION","","","","","","","",""
"TIGRESMNL","TIGER RESORT, LEISURE AND ENTERTAINMENT, INC.","","","","","","","",""
"TMAPHIMNL","TMA GROUP PHILIPPINES INC","","","","","","","",""
"TNPHILMNL","TN PHILIPPINES, INC.","","","","","","","",""
"TNPINDMNL","TNP INDUSTRIAL INC.","","","","","","","",""
"TOPPLAMNL","TOPLUN PLASTIC CORPORATION","","","","","","","",""
"WEAVEAFE","WEAVEMANILA INC.","","","","","","","",""
"ADWKORSEL","ADWIN KOREA CORPORATION","","","","","","","","KRPUS"
"AFBINTMFM","AFB INTERNATIONAL","","","","","","","","KRPUS"
"AKAENTSHA","AKAN ENTERPRISE GROUP (SHANGHAI) CO., LTD","","","","","","","","KRPUS"
"ALBATRSYD","ALBATRANS PTY LTD.","","","","","","","","KRPUS"
"ALBFRAFOS","ALBATRANS FRANCE SARL","","","","","","","","KRPUS"
"ALBINTWVI","ALBATRANS INTERNATIONAL FREIGHT FORWARDERS","","","","","","","","USLGB"
"ALBSPABCN","ALBATRANS SPAIN OB","","","","","","","","USLAX"
"ALEABODFW","ALEXA ABOITIZ","","","","","","","","USLGB"
"ALPHEABKK","ALPHA GROUP CO. LTD (HEAD OFFICE)","","","","","","","","USLGB"
"ALRAHIKHI","AL RAHIM TEXTILE INDUSTRIES LIMITED","","","","","","","","USLGB"
"ALSRAIGOT","ALSTOM RAIL SWEDEN AB","","","","","","","","USLGB"
"AMAHEAAMD","AMANTA HEALTHCARE LIMITED","","","","","","","","USLGB"
"AMEINTSHK","AMEFA INTERNATIONAL LIMITED","","","","","","","","MOMFM"
"AMEMETMDW","AMERICAN METALCRAFT INC.","","","","","","","","USLGB"
"ANCCOLSHA","ANCOR(SHANGHAI)COSMETICS CO.,LTD.","","","","","","","","USLGB"
"ANCLIGNSA","ANCHENG LIGHTING CO. LTD.","","","","","","","","MOMFM"
"ANGMANSIN","ANGEL MANUFACTURING SINGAPORE PTE. LTD.","","","","","","","","MOMFM"
"ANHHESSHA","ANHUI HESHUN ENVIRONMENTAL TECHNOLOGY GROUP CO., LTD","","","","","","","","MOMFM"
"ANJBAISHA","ANJI BAILUN FURNITURE FACTORY","","","","","","","","MOMFM"
"ANJBAOSHA","ANJI BAOYOU FURNITURE CO LTD","","","","","","","","MOMFM"
"ANJFUHSHA","ANJI FUHE FURNITURE CO LTD","","","","","","","","CNSHG"
"ANTLUPRMI","ANTONIO LUPI DESIGN SPA","","","","","","","","AUADL"
"ANYFLONBG","ANYWAY FLOOR CO. LTD.","","","","","","","","AUADL"
"AOBPROEWR","AOB PRODUCTS COMPANY","","","","","","","","AUADL"
"AOKINDGUT","AOK INDUSTRIAL COMPANY LIMITED","","","","","","","","AUSYD"
"AOSSMANBG","AOSE SMART TECH HEBEI CO., LTD.","","","","","","","","FRFOS"
"APABATBKK","APAISER BATHWARE (THAILAND) COMPANY LIMITED","","","","","","","","AUADL"
"APPCONAKL","APPLIED CONVEYORS & POLYMERS LTD.","","","","","","","","AUADL"
"APTSINAFE","APT SHOWFREIGHT (S) PTE LTD","","","","","","","","ESVLC"
"ARNKORKUV","ARNEG KOREA CO., LTD","","","","","","","","USDAL"
"AROMOPKLA","ARONA MOP PRODUCTS MANUFACTURING SDN BHD","","","","","","","","THBKK"
"AROSERTLX","AROMO SERVIEXPORT LTDA.","","","","","","","","PKKHI"
"ASIAGRBKK","ASIATIC AGRO INDUSTRY CO., LTD.","","","","","","","","PKKHI"
"ASICOCCTN","ASIA COCONUT PROCESSING JOINT STOCK COMPANY","","","","","","","","SEGOT"
"ASIPIOKOP","ASIA PIONEER ENTERTAINMENT LIMITED","","","","","","","","INMUN"
"ASSABLSIN","ASSA ABLOY ENTRANCE SYSTEMS SINGAPORE PTE LTD","","","","","","","","INAMD"
"AURLABBOM","AUROCHEM LABORATORIES (I) PVT. LTD","","","","","","","","HKHKG"
"BALPHABLR1","BAL PHARMA LIMITED","","","","","","","","TWKHH"
"BAZTIEXGG","BAZHOU TIEQIAO FURNITURE CO., LTD","","","","","","","","CNSHG"
"BBRAUNMLS","B. BRAUN AVITUM AG","","","","","","","","CNNSA"
"BBRAVIMLS","B.BRAUN AVITUM AG BLANKREUTESTRASSE 6","","","","","","","","SGSCT"
"BEAINSINC","BEAUTY INSIDE","","","","","","","","SGSCT"
"BEIAEOXTG","BEIJING AEONMED CO LTD","","","","","","","","DEHAM"
"BENJAZSIN","BENTZ JAZ SINGAPORE PTE LTD. ENTERPRISE HUB","","","","","","","","CNNBG"
"BESBETJHB","BEST-BETECK FURNITURE SDN BHD","","","","","","","","CNSHG"
"BESSMASZX","BESAFE SMART LOGISTICS CO., LTD","","","","","","","","CNSHG"
"BETFUERIC","BETA FUEL SYSTEMS","","","","","","","","CNSHG"
"BETWORLGB","BETTER WORLD BOOKS","","","","","","","","CNSHG"
"BINDERTUT","BINDER GMBH","","","","","","","","CNSHG"
"BIOLIFJHB","BIOFACT LIFE SDN BHD","","","","","","","","CNSHG"
"BIOMAKTNA","BIOBASE MAKE TRADING CO., LTD.","","","","","","","","CNSHG"
"BMKBCN","BMK CO., LTD","","","","","","","","CNSHG"
"BNGMEDSHK","BNG MEDICAL INSTRUMENT CO. LTD.","","","","","","","","ITGOA"
"BODFERMVD","BODEGAS FERNANDO CASTRO SL","","","","","","","","CNNBG"
"BONCASCAO","BONTEMPI CASA B4 LIVING SRL","","","","","","","","USEWR"
"BORGENKWN","BORICH GENERAL ELECTRIC CO., LIMITED","","","","","","","","CNHUI"
"BRIDGETYO","BRIDGESTONE CORPORATION","","","","","","","","CNNBG"
"BRITAHKG","BRITA HONG KONG LIMITED","","","","","","","","THBKK"
"BUTBUDRAC","BUTTER BUDS FOOD INGREDIENTS","","","","","","","","INNSA"
"CAMBIOKHH","CAMAO BIOTECH CO., LTD","","","","","","","","SGSIN"
"CANSHEWNZ","CANGNAN SHENGFENG COTTON PRODUCTS CO.LTD","","","","","","","","SGSIN"
"CAPELESZP","CAPXON ELECTRONIC (SHEN ZHEN) CO., LTD.","","","","","","","","SGSIN"
"CASCUEMEX","CASA CUERVO, S.A. DE C.V","","","","","","","","KRPUS"
"CCINTESEL","C&C INTERNATIONAL CO., LTD.","","","","","","","","MYKLA"
"CELPHAMUB","CELOGEN PHARMA PVT. LTD.","","","","","","","","MYKLA"
"CERCAESPE","CERAMICHE CAESAR SPA","","","","","","","","CLVAP"
"CHAAERCGS","CHANGSU AERTAI IMPORT AND EXPORT CO., LTD.","","","","","","","","THLCH"
"CHAJINCZX","CHANGZHOU JINLIYUAN MEDICAL DEVICES CO, LTD.","","","","","","","","VNSGN"
"CHAKMSQDG","CHANGZHOU KMS INTERNATIONAL TRADE CO LTD","","","","","","","","SIKOP"
"CHASINCSX","CHANGSHA SINOCARE INC.","","","","","","","","CNSHG"
"CHAYANCZX","CHANGZHOU YANGTSE INTERNATIONAL TRADE","","","","","","","","INNSA"
"CHESEACTU","CHENGDU SEACROSS PHARMA TECHNOLOGY","","","","","","","","INBLR"
"CHIHUNLAX","CHILDREN'S HUNGER FUND","","","","","","","","INBLR"
"CHISULATL","CHILEWICH SULTAN LLC","","","","","","","","INBLR"
"CIBLIFJAX","CIBES LIFT AB ( JIANGXING) COMPANY LIMITED","","","","","","","","CNXGA"
"CIMMICZMA","CIMENTART MICROCEMENT SL","","","","","","","","CNXGA"
"CISPHAJII","CISEN PHARMACEUTICAL CO., LTD.","","","","","","","","DEHAM"
"CKDSINAFE","CKD SINGAPORE PTE LTD","","","","","","","","DEBRV"
"CLAAUSCHD","CLARIANT (AUSTRALIA) PTY LTD.","","","","","","","","DEBRV"
"COLCOSHKG","COLORNOW COSMETIC LIMITED","","","","","","","","DEHAM"
"CONCONHUA","CONLIGHT CONNECTOR ELECTRONIC CO LTD","","","","","","","","DEBRV"
"COPCLIJSU","COPELAND CLIMATE TECHNOLOGIES (SUZHOU) CO., LTD","","","","","","","","DEBRV"
"COSINDJKT","PT COSMAX INDONESIA","","","","","","","","DEHAM"
"COSMAXSEL","COSMAX INC","","","","","","","","DEHAM"
"CRABTRSOU","CRABTREE","","","","","","","","DEHAM"
"CRAFCOCHD","CRAFCO INC","","","","","","","","DEHAM"
"CRUHOSMEL","CRUSADER HOSE PTY LTD","","","","","","","","DEHAM"
"CURINTBAL","CURE INTERNATIONAL","","","","","","","","DEHAM"
"CURKULAFE","CURIO PACK SDN BHD","","","","","","","","DEHAM"
"CURTPEAFE","CURIO PACK EXPO CO., LTD.","","","","","","","","DEHAM"
"CUSESSNYC","CUSTOM ESSENCE","","","","","","","","DEHAM"
"DELIMODUS","DELIMON GMBH","","","","","","","","DEBRV"
"DERTUMAFE","DEREK TUMALA","","","","","","","","DEBRV"
"DESCOLSIN","DESIGN COLLECTION PTE. LTD.","","","","","","","","DEBRV"
"DESYBOJER","DESTILADORES Y BODEGUEROS, S.L.","","","","","","","","DEHAM"
"DHLGLOAFE","DHL GLOBAL EVENT LOGISTICS GMBH","","","","","","","","DEHAM"
"DILCEYCMB","DILMAH CEYLON TEA COMPANY PLC","","","","","","","","DEHAM"
"DIRINDCGQ","DIRUI INDUSTRIAL CO., LTD","","","","","","","","DEHAM"
"DISHEAFBD","DISPOSAFE HEALTH AND LIFE CARE LTD.","","","","","","","","DEHAM"
"DISPROLAX","DISTRIBUTORS PROCESSING","","","","","","","","DEHAM"
"DONFILSIN","DONALDSON FILTRATION (ASIA PACIFIC) PTE LTD.","","","","","","","","DEBRV"
"DONZHOSZX1","DONGGUAN ZHONGLI INSTRUMENT TECHNOLOGY CO. LTD","","","","","","","","DEBRV"
"DOXALISLI","DOX-AL ITALIA S.P.A","","","","","","","","DEBRV"
"DURDENHAM","DURR DENTAL SE","","","","","","","","DEHAM"
"EAGLEASHA","EAGLE LEADER INTERNATIONAL LIMITED","","","","","","","","DEHAM"
"EASTINHKG","EASTING LIMITED","","","","","","","","DEHAM"
"ECAMEDSHA","ECAN MEDICAL CO LTD","","","","","","","","DEHAM"
"EDAINSSZX","EDAN INSTRUMENTS, INC","","","","","","","","DEHAM"
"EFLEXSWNI","E-FLEX SMT MICROSYSTEMS CO., LTD","","","","","","","","KRPUS"
"ELAMALKUA","ELANTAS MALAYSIA SDN.BHD","","","","","","","","KRPUS"
"ELIINTTPE","ELIZ INTERNATIONAL FURNITURE CO., LTD","","","","","","","","KRPUS"
"EMAGIAGOA","EMAR GIANNOBI SRL","","","","","","","","KRPUS"
"ENERGIMOD","ENERGIEKER","","","","","","","","CNXGA"
"ENESYSSIN","ENERGY SYSTEMS TRANSNATIONAL PTE LTD.","","","","","","","","USRAC"
"EONSYSSUN","EONMETALL SYSTEMS SDN BHD","","","","","","","","MYPGU"
"EPEQUISZV","EP EQUIPMENT CO.,LTD.","","","","","","","","CNSZX"
"EQUHEAKUL","EQUITAINE HEALTHCARE SDN BHD","","","","","","","","USRIC"
"ETONKWU","ET ON","","","","","","","","USLAX"
"EVECOLSEL","EVERCOS CO.,LTD","","","","","","","","USOAK"
"EVERAICHF","EVERAID CO., LTD.","","","","","","","","USLGB"
"EXTASIKWN","EXTRUFLEX ASIA PACIFIC LTD","","","","","","","","USLAX"
"FANLINTXG","FAN LIN ENTERPRISE CO., LTD","","","","","","","","USLAX"
"FANSPABGT","FANDIS SPA","","","","","","","","DEHAM"
"FIERREGOA","FIERRE S.R.L.","","","","","","","","MYPGU"
"FLEXCOSIN","FLEXCO PTE LTD.","","","","","","","","MYPKG"
"FLSAIRCPH","FLSMIDTH A/S - AIRTECH","","","","","","","","CNQDG"
"FOAMXP","FOA SRL","","","","","","","","KRPUS"
"FOSBRECAN","FOSHAN BRESPALIN CO.LTD","","","","","","","","KRPUS"
"FOSDECNSA","FOSHAN DECHENG ELECTRONICS CO., LTD.","","","","","","","","KRPUS"
"FOSEFIHUA","FOSHAN EFINE TRADIGN CO LTD","","","","","","","","CNSHK"
"FOSJUNFRT","FOSHAN JUNSUN IMPORT AND EXPORT CO.,LTD","","","","","","","","ESVLC"
"FOSLIAFOS1","FOSHAN LIANJIANG FURNITURE CO., LTD.","","","","","","","","ITGOA"
"FOSLONGUA","FOSHAN LONGBOND FURNITURE CO LTD","","","","","","","","CNNJG"
"FOSNIRJIU","FOSHAN NIRO CERAMIC BUILDING MATERIALS TRADING CO., LTD.","","","","","","","","JPHTD"
"FOSSANFUO1","FOSHAN SANSHUI DONGNAN ELECTRIC APPLIANCE CO.,LTD","","","","","","","","JPMOJ"
"FOSSHUCAN1","FOSHAN SHUNDE ORIENTAL ELECTRICAL CO., LTD","","","","","","","","JPHKT"
"FOSSINFRT","FOSHAN SINCERE BUILDING MATERIALS CO., LTD.","","","","","","","","HKHKG"
"FOSTERSPE","FOSTER SPA","","","","","","","","USNYC"
"FOSYONNSA","FOSHAN YONGNUO TRADING CO., LTD.","","","","","","","","USRAC"
"FRAFUEXMD","FRANKLIN FUELING SYSTEMS","","","","","","","","USRAC"
"FRAGUZAOI","FRATELLI GUZZINI SPA","","","","","","","","USRAC"
"FUESPITPE","FUEL-SPIRIT INTERNATIONAL INC","","","","","","","","USNYC"
"FUJEKSFZG","FUJIAN EKSAPOWER IMP. & EXP. CO. LTD.","","","","","","","","USRAC"
"FUJJIUSZX","FUJIAN JIUPO BIOTECHNOLOGY CO. LTD.","","","","","","","","TWTXG"
"FURSANSHA","FURUKAWA SANGYO SHANGHAI CO.,LTD.","","","","","","","","CNNBO"
"FUZSHAFOC","FUZHOU SHANYI ELECTRICAL APPLIANCE CO. LTD","","","","","","","","HKHKG"
"GANKALLGB","GANDANG KALIKASAN USA INC.","","","","","","","","MXZLO"
"GARGALFOS","GARDEN GALLERY TRADING CO., LTD","","","","","","","","KRPUS"
"GEMINDTPE","GEMMY INDUSTRIAL CORP","","","","","","","","INNSA"
"GENSINAFE","GENESIS ARTECH PTE LTD.","","","","","","","","ITSPE"
"GERHOMGUT","GERMANIA HOME APPLIANCE CO., LTD","","","","","","","","CNSHG"
"GERVASPAV","GERVASONI SPA","","","","","","","","CNSHG"
"GLAPHAVTZ","GLAND PHARMA LIMITED UNIT 1","","","","","","","","CNSHG"
"GLOHOTHKG","GLOBAL HOTELWARE LIMITED","","","","","","","","CNSHG"
"GLOMEDNSA","GLOBAL MEDIKIT LIMITED","","","","","","","","CNSHG"
"GOLMEDNFF","GOLD MEDAL PRODUCTS CO.","","","","","","","","CNSHG"
"GRUCACBCN","GRUPO CACAOLAT SL.","","","","","","","","CNSHG"
"GRUMASGOA","GRUPPO MASTROTTO S.PA.","","","","","","","","CNSHG"
"GUABIGSTG","GUANGDONG BIG TREE EDUCATION CO., LTD","","","","","","","","CNSNZ"
"GUACHACAN1","GUANGZHOU CHAO FAN TRADE CO. LTD.","","","","","","","","CNSHG"
"GUACOLHUA","GUANGZHOU COLORNOW COSMETIC CO., LTD","","","","","","","","CNSHG"
"GUADON","GUANGZHOU DONGXING GIANTDRAGON STATIONERY AND SPORTING GOODS CO., LTD","","","","","","","","CNSHG"
"GUAHALZNG","GUANGDONG HALLSMART INTELLIGENCE TECHNOLOGY","","","","","","","","CNSHG"
"GUAHAONSA","GUANGZHOU HAOQI TRADING CO. LTD.","","","","","","","","CNSHG"
"GUAHONGUA","GUANGDONG HONGYU CERAMICS CO LTD","","","","","","","","CNSHG"
"GUAICASHK","GUANGZHOU I-CAN SCHOOL FURNITURE CO., LTD.","","","","","","","","USLGB"
"GUAJINBYU","GUANGZHOU JINXIU BIOTECHNOLOGY CO.,LTD","","","","","","","","USGGA"
"GUAJINFOS","GUANGDONG JINLI ELECTRICAL APPLIANCE CO LTD","","","","","","","","CNSHG"
"GUAJIUCAN","GUANGZHOU JIUTAI BIO-TECHNOLOGY CO.,LTD","","","","","","","","CNSHG"
"GUALEISHK","GUANGDONG LEIYON INTELLIGENCE TECHNOLOGY CORP.","","","","","","","","CNSHG"
"GUALUCNSA","GUANGZHOU LUCKYSTAR ELECTRONIC TECHNOLOGY CO. LTD.","","","","","","","","CNSHG"
"GUAMIDCGUA","GUANGDONG MIDEA CONSUMER ELECTRIC","","","","","","","","CNSHG"
"GUAMIDJIU","GUANGDONG MIDEA KITCHEN APPLIANCES MANUFACTURING CO.,LTD","","","","","","","","CNSHG"
"GUASHEFOS","GUANGZHOU SHENGCAI PACKAGING CO.LTD.","","","","","","","","ECVLC"
"GUASHICAN1","GUANGZHOU SHIFEI BIO-TECH CO. LTD.","","","","","","","","CNQDG"
"GUATIECAN","GUANGZHOU TIEGE TRADING CO.,LTD.","","","","","","","","CNQDG"
"GUATOPSZX","GUANGDONG TOP HOUSEHOLD PRODUCTS LTD.","","","","","","","","CNQDG"
"GUAWQSCAN","GUANGZHOU W.Q.S. INTERNATIONAL TRADING CO., LTD.","","","","","","","","SGSIN"
"HAIOVETAO","HAIER OVERSEAS ELECTRIC APPLIANCES CORP. LTD","","","","","","","","SGSIN"
"HANBAOHGH","HANGZHOU BAOHUI TECHNOLOGY CO.,LTD","","","","","","","","AUMEL"
"HANHONNSA","HANGZHOU HONGXIAN TECHNOLOGY CO., LTD.","","","","","","","","AUCHD"
"HANHUAHZO1","HANGZHOU HUADING NEW ENERGY CO LTD","","","","","","","","AUCHD"
"HANIMPSHK","HANSOK IMPORT & EXPORT CO. LTD.","","","","","","","","AUCHD"
"HANLIGGUA","HANCON LIGHTING CO LTD(ZHUHAI)","","","","","","","","AUCHD"
"HANREDSHA","HANGHAI REDFOX IMP & EXP CO.,LTD.","","","","","","","","CNNSA"
"HANSGRHAM","HANSGROHE","","","","","","","","CNNSA"
"HANSGRSIN","HANSGROHE PTE","","","","","","","","CNNSA"
"HANSIMHGH","HANGZHOU SIMVI TECHNOLOGY CO., LTD.","","","","","","","","CNNSA"
"HAOCANTBH","HAO CANH PORCELAIN PRODUCTION AND TRADING COMPANY LIMITED","","","","","","","","CNNSA"
"HARGUASHK","HARVEST (GUANGZHOU) INDUSTRY LIMITED","","","","","","","","CNNSA"
"HARPHAHRB","HARBIN PHARMACEUTICAL GROUP CO., LTD.","","","","","","","","CNNSA"
"HDGINTSEL","HDGLOBAL INT CO.,LTD","","","","","","","","CNNSA"
"HDWINDLAX","HD WINDOW FASHIONS INC.","","","","","","","","CNNSA"
"HEFYATWHI","HEFEI YATAI IMPORT AND EXPORT TRADING CO., LTD","","","","","","","","CNNSA"
"HEIWINHAM","HEINO WINTER GROUP","","","","","","","","CNSHK"
"HENSIGXIY","HENAN SIGNI VALVE CO., LTD","","","","","","","","CNSHK"
"HHGLOBSHA1","HH GLOBAL ENTERPRISES MANAGEMENT CONSULTING (BEIJING) CO., LTD. SHANGHAU BRANCH","","","","","","","","AEJEA"
"HOCTECJNG","HOCK TECHNOLOGY CO.,LTD","","","","","","","","IDJKT"
"HOEBEITSN","HOERMANN BEIJING TRADING CO., LTD.","","","","","","","","IDJKT"
"HOMPOTLPT","HOME POTTERY","","","","","","","","KRPUS"
"HONESTPUS","HONEST CO., LTD.","","","","","","","","GBSOU"
"HONINTQDG","HONGTYRE INTERNATIONAL FZE","","","","","","","","USLB3"
"HONKONSHK1","HONG KONG RUIKUN LIGHTING CO., LIMITED","","","","","","","","AUMEL"
"HUIBOMSHK","HUIZHOU BOMIE POWER SOURCE SCIENCE & TECHNOLOGY","","","","","","","","USCHI"
"HUNCHIKEL","HUNG CHIN LEATHERS HARDWARE CO LTD","","","","","","","","MYKUL"
"HUNCHIZZZ","HUNG CHIN LEATHERS HARDWARE CO. LTD.","","","","","","","","TWTPE"
"HUNMAGCNA","HUNAN MAGPOW ADHESIVE GROUP CO. LTD","","","","","","","","TWTPE"
"HUNXINCSX","HUNAN XING YUAN TECHNOLOGY CO.,LTD","","","","","","","","USNYC"
"HYDRAUSYD","HYDRAULINK AUSTRALIA PTY LTD","","","","","","","","DEHAM"
"HYVCAPPVI","HYVA CAPITAL EQUIPMENT S.P.A","","","","","","","","SILJU"
"IGTASISIN","IGT ASIA PTE LTD","","","","","","","","SGSIN"
"INGRANWUX","INGERSOLL-RAND (CHINA) INDUSTRIAL EQUIPMENT MANUFACTURING CO., LTD.","","","","","","","","ESALG"
"INNPROKWN","INNOWAVE PRODUCTS & PACKAGING LTD.","","","","","","","","ESALG"
"INTCAROAK","INTERNATIONAL CARE MINISTRIES","","","","","","","","DEFRA"
"INTCOSSZH","INTERCOS COSMETICS (SUZHOU) CO., LTD","","","","","","","","LKCMB"
"INTMEDSHA","INTCO MEDICAL","","","","","","","","LKCMB"
"INTMOVAFE","PT INTERNATIONAL MOVERS STORAGE","","","","","","","","LKCMB"
"INTPHABOM","INTAS PHARMACEUTICALS LIMITED","","","","","","","","LKCMB"
"IPCLEAVCE","IP CLEANING SRL","","","","","","","","CNDAL"
"ITWHLPBKK","ITW HLP THAILAND CO., LTD","","","","","","","","CNDAL"
"JEDINTBOS","JEDWARDS INTERNATIONAL, INC.","","","","","","","","INNSA"
"JENBUNBKK","JENBUNJERD CO., LTD.","","","","","","","","USLGB"
"JIAAUTJNX","JIANGXI AUTOLION LOGISTICS MANAGEMENT COMPANY LIMITED","","","","","","","","USLAX"
"JIABESJMN","JIANGMEN BESTDAY ELECTRIC CO., LTD","","","","","","","","USLAX"
"JIABROJIX","JIAXING BROTHERS HARDWARE PLASTIC CO., LTD","","","","","","","","USLAX"
"JIAFENNGB","JIANGSU FENGMANG COMPOUND MATERIALS","","","","","","","","USLGB"
"JIAGUTJSU","JIANGSU GUTEYOU AUTOMATION TECHNOLOGY CO., LTD.","","","","","","","","USLAX"
"JIAKINSHA1","JIANGSU KINGERTAI NEW MATERIAL TECHNOLOGY CO., LTD.","","","","","","","","USLAX"
"JIALANGUA","JIANGMEN LANGJIE TRADING CO., LTD","","","","","","","","SGSIN"
"JIASEGHAS","JIANGMEN SEGONG KITCHEN WARE CO.,LTD.","","","","","","","","SGSIN"
"JIASINCNZ","JIAXING SINOLAMP ELECTRONIC TECHNOLOGY CO.,LTD.","","","","","","","","CNSNZ"
"JIAWINSHA","JIANGSU WINHENG IMPORT & EXPORT CO LTD","","","","","","","","ITSLI"
"JINHUAFRT","JINJIANG HUABAO STONE CO., LTD.","","","","","","","","ITSLI"
"JINMECQDG","JINAN MECH PIPING TECHNOLOGY CO., LTD","","","","","","","","ITSLI"
"JOSWESFRA","JOSEPH WESTIFORM GMBH","","","","","","","","DEHAM"
"JOTDAIZHE","JOTIM DAILY CHEMICAL （HANGZHOU） COMPANY LIMITED","","","","","","","","DEHAM"
"JOYHEASZV","JOYTECH HEALTHCARE CO.,LTD.","","","","","","","","CNSHA"
"JTESALSIN","JTEKT SALES ASIA PACIFIC (S) PTE LTD","","","","","","","","ITSPE"
"KARANTBLR","KARNATAKA ANTIBIOTICS AND PHARMACEUTICAL PRODUCTS","","","","","","","","CNSHG"
"KARANTDEL","KARTANAKA ANTIBIOTICS & PHARMACEUTICALS","","","","","","","","CNSNZ"
"KARSPAZZZ","KARTELL SPA","","","","","","","","CNSNZ"
"KEMSELAFE","KEMI-LEE CO., LTD.","","","","","","","","MYPKG"
"KENELEJMN","KENNEDE ELECTRONICS MFG. CO.,LTD.","","","","","","","","TWTPE"
"KERRYJVL","KERRY","","","","","","","","ITGOA"
"KFFURNPGU","KF FURNITURE EXPORT SDN BHD","","","","","","","","ITSPE"
"KFLEXMKLA","K-FLEX MALAYSIA SDN BHD","","","","","","","","SGSIN"
"KIDAROMDW","KIDS AROUND THE WORLD","","","","","","","","MYPEN"
"KISNAISEL","KISS NAIL PRODUCTS INC.","","","","","","","","CNNBG"
"KNKINTICN","KNK INTERNATIONAL CO., LTD.","","","","","","","","TWKHH"
"KOECOLVPI","KOEL COLOURS PVT. LTD.","","","","","","","","KRPUS"
"KOHASIHKG","KOHLER ASIA PACIFIC LIMITED","","","","","","","","KRPUS"
"KOHASISHA","KOHLER ASIA PACIFIC LTD.","","","","","","","","KRPUS"
"KOHTHABKK","KOHLER (THAILAND) PUBLIC COMPANY LIMITED","","","","","","","","KRPUS"
"LAIKONSHK1","LAI KONG LIGHTING LIMITED","","","","","","","","KRPUS"
"LALINKCAN","LA LINKER HOSPITALITY LIMITED","","","","","","","","KRPUS"
"LAMOYJHEL","LAMOR CORPORATION OYJ","","","","","","","","CNZGA"
"LANDANSZP","LANGFANG DANMEI SECURITY EQUIPMENT CO. LTD.","","","","","","","","TWKHH"
"LEAOPTSZP","LEAD OPTO-TECHNOLOGY CO., LIMITED","","","","","","","","ITBGT"
"LEVMANHKG","LEVITON MANUFACTURING UK LIMITED","","","","","","","","ITSPE"
"LIANSUKWN","LIANSU GROUP COMPANY LIMITED","","","","","","","","ITSPE"
"LIARICGUA","LIANJIANG RICCO ELECTRICAL APPLIANCE CO., LTD.","","","","","","","","ITBGT"
"LIFTECHKG","LIFOTRONIC TECHNOLOGY (HONGKONG) LIMITED","","","","","","","","ITGOA"
"LIMEDITPE","LIMITED EDITION INC.","","","","","","","","SGSIN"
"LINCHIXMN","LINDE (CHINA) FORKLIFT TRUCK CORPORATION LIMITED","","","","","","","","SGSIN"
"LINPRICBG","LINX PRINTING TECHNOLOGIES LTD","","","","","","","","SGSIN"
"LINPRILON","LINX PRINTING TECHNOLOGIES","","","","","","","","SGSIN"
"LISTELSET","LISTEL SAS","","","","","","","","SGSIN"
"LISTUPJHB","LISTEN UP SDN BHD","","","","","","","","SGSIN"
"LIVDIVAPC","LIVING DIVANI SRL","","","","","","","","SGSIN"
"LPCOSMSEL","L&P COSMETICS CO.,LTD.","","","","","","","","DKCPH"
"LUOEASXGA","LUOYANG EASTERN SUNRISE CO., LTD.","","","","","","","","INKAT"
"LUOMAKTAO","LUOYANG MAKEACE OFFICE FURNITURE CO LTD","","","","","","","","ITMXP"
"LUOSHITAO","LUOYANG SHIDIU IMPORT AND EXPORT CO LTD","","","","","","","","ITMXP"
"MACBEEGNU","MACAWBER BEEKAY PVT.LTD.","","","","","","","","CNSHG"
"MACCHIHKG","MACCAFERRI CHINA ( HONG KONG) CO.,LIMITED","","","","","","","","CNSHK"
"MACPERSIN","MACDERMID PERFORMANCE SOLUTIONS","","","","","","","","CNNSA"
"MANTESMXP","MANIFATTURA TESSILE PIEROZZI","","","","","","","","CNNSA"
"MATASIMFM","MATSUI ASIA LTD","","","","","","","","CNNSA"
"MAXGUATIH","MAXCARE (GUANGZHOU) COSMETICS CO., LTD","","","","","","","","CNNSA"
"MCCDISLAX","MCCORMICK DISTILLING CO.","","","","","","","","CNNSA"
"MEDEAGBAR","MEDELA AG","","","","","","","","CNSHK"
"MELALEIDA","MELALEUCA, INC.","","","","","","","","CNSHK"
"MELSOUKUL","MELALEUCA SOUTHEAST ASIA (MALAYSIA) SDN BHD","","","","","","","","CNFOS"
"MENGEOKUL","MENARD GEOSYSTEMS SDN BHD","","","","","","","","CNFOS"
"MERLABNSA","MERCURY LABORATORIES LIMITED","","","","","","","","CNFOS"
"METBANAFE","METROPOLITAN BANK & TRUST COMPANY","","","","","","","","CNFOS"
"METONEUKB","METAL ONE CORPORATION","","","","","","","","CNFOS"
"MGRSEALAX","MGR SEATING TECHNOLOGY, INC.","","","","","","","","CNZQG"
"MIDELESIN","MIDEA ELECTRIC TRADING (SINGAPORE) CO. PTE. LTD.","","","","","","","","CNFOS"
"MILLABBKK1","MILOTT LABORATORIES CO., LTD","","","","","","","","CNFOS"
"MINHWASIN","MIN HWA ENVELOPE MANUFACTURERS PTE. LTD","","","","","","","","CNFOS"
"MITLIFTYO","MITSUBISHI CORPORATION LIFE SCIENCES LIMITED","","","","","","","","CNFOS"
"MIZUNOSIN1","MIZUNO SINGAPORE PTE LTD","","","","","","","","CNFOS"
"MONINTBKK","MONDELEZ INTERNATIONAL (THAILAND) CO.LTD","","","","","","","","CNFOS"
"NANJACSHG","NANJING JACKPOT MACHINERY AND TOOLS CO. LTD.","","","","","","","","CNSHG"
"NANYCLNKG","NANJING YCLOUD INDUSTRIAL CO LTD","","","","","","","","CNSJQ"
"NEWNANGUA","NEW NANFANG ELECTRICAL APPLIANCE CO., LTD","","","","","","","","ITGOA"
"NEXWISPJA","NEXUS WISE SDN BHD","","","","","","","","CNNSA"
"NINCHANIN","NINGBO CHANGRONG LIGHTNING AND ELECTRONICS","","","","","","","","USNYC"
"NINCHAZHE","NINGBO CHANGER ELECTRON CO. LTD.","","","","","","","","ITGOA"
"NINEASNGB","NINGBO EAST CLEANING TOOL CO., LTD.","","","","","","","","CNSHG"
"NINFEINBG","NINGBO FEITUO ELECTRIC APPLIANCE CO.,LTD","","","","","","","","CNFZG"
"NINHANNBG","NINGBO HANGDI ELECTRIC TECHNOLOGY CO.,LTD","","","","","","","","CNSNZ"
"NINJUNNGB","NINGBO JUNDA IMPORT & EXPORT CO. , LTD.","","","","","","","","HKHKG"
"NINLUCMLN","NINGBO LUCKYSTAR COMMODITIES CO., LTD","","","","","","","","CNFZG"
"NINNEWNBG","NINGBO NEWFLY ELECTRICAL APPLIANCES CO., LTD.","","","","","","","","USMIA"
"NINRIGNBG","NINGBO RIGHT INDUSTRY CO. LIMITED","","","","","","","","USLAX"
"NINSINMNGB","NINGBO SINTRUE MEDICAL INSTRUMENTS CO LTD","","","","","","","","USMIA"
"NINSONNGB","NINGBO SONGMILE PACKAGING CO. LTD.","","","","","","","","CZXUY"
"NOVBUICPH","NOVENCO BUILDING & INDUSTRY A/S","","","","","","","","TWKEL"
"NUTRIBBCN","NUTRIBIOGENICS, S.L.","","","","","","","","SGSIN"
"OBOLABDEL","OBOI LABORATORIES","","","","","","","","CNJMN"
"ONUPERCAN","ONUGE PERSONAL CARE (GUANGDONG) MANUFACTURER GROUP CO LTD","","","","","","","","CNJMN"
"OONINSA","OONI LIMITED","","","","","","","","ITGOA"
"OPELIBLAX","OPEN LIBRARY MANAGEMENT LLC","","","","","","","","INHYD"
"OPELIBOAK","OPEN LIBRARY OF RICHMOND","","","","","","","","INBLR"
"ORIFOOBDU","ORION FOOD VINA CO.,LTD","","","","","","","","INNSA"
"ORPGRAORF","ORPHAN GRAIN TRAIN, INC. (CENTRAL TRANSPORTATION HEADQUARTERS)","","","","","","","","HKHKG"
"OSEINTSEL","OSEANS INTL CO., LTD","","","","","","","","INNSA"
"OTATIRBKK","OTANI TIRE CO., LTD.","","","","","","","","INNSA"
"PALTACOSA","PALTAC CORPORATION","","","","","","","","INNSA"
"PANLIFISL","PANASONIC LIFE SOLUTIONS ELEKTRIK SAN. VE TIC A.S","","","","","","","","USCVG"
"PARBEDBKA","PT PARAMOUNT BED INDONESIA","","","","","","","","ESBCN"
"PARBEDSIN","PARAMOUNT BED ASIA PACIFIC PTE LTD","","","","","","","","ESBCN"
"PATRIABEA","PATRIARCHE","","","","","","","","ESBCN"
"PEBSTESGN","PEB STEEL BUILDINGS CO., LTD.","","","","","","","","ESBCN"
"PECDELBKK","PECAN DELUXE (THAILAND) CO., LTD.","","","","","","","","ESBCN"
"PEDSPAMSR","PEDRALI S.P.A","","","","","","","","ESBCN"
"PERPHALIM","PERUVIAN PHARMACEUTICAL S.A.C","","","","","","","","ESBCN"
"PERRICSIN","PERNOD RICARD SINGAPORE PTE LTD","","","","","","","","ESBCN"
"PINBINPNU","PINGHU BINDEX MACHINERY CO.,LTD","","","","","","","","ESBCN"
"POMFOOTPE","POMEI FOOD STUFF CO., LTD","","","","","","","","ESBCN"
"PORSPACAU","PORRO SPA","","","","","","","","ESBCN"
"POUVIESGN","POUYUEN VIETNAM COMPANY LIMITED","","","","","","","","ESBCN"
"POWROOJHB","POWER ROOT MANUFACTURING SDN BHD","","","","","","","","ESBCN"
"PRECENKLA","PREMIER CENTRE SERVICES SDN BHD","","","","","","","","ESBCN"
"PRIEQUORD","M&R PRINTING EQUIPMENT INC","","","","","","","","ESBCN"
"PRIGLOPKG","PRISTINE GLORY SDN BHD","","","","","","","","ESBCN"
"QEMINTIAH","QEMI INTERNATIONAL INC.","","","","","","","","ITGOA"
"QINBIGTAO","QINGDAO BIG HERDSMAN MACHINERY CO LTD","","","","","","","","CNSTG"
"QINFUTTAO","QINGDAO FUTURE MACHINERY TECHNOLOGY CO., LTD.","","","","","","","","CNSTG"
"QINSHIMNL","QINGDAO SHIYUN TRAILER CO., LTD","","","","","","","","CNSTG"
"REGCATCNO2","REGINA CATENE CALIBRATE SPA","","","","","","","","CNGGZ"
"REHINDJKT","PT. REHAU INDONESIA","","","","","","","","CNNSA"
"REYPHASAD","REYOUNG PHARMACEUTICAL CO LTD","","","","","","","","CNNSA"
"RIXONAVEN","RIXONA B.V.","","","","","","","","CNSHK"
"ROMINTNDA","ROMSONS INTERNATIONAL","","","","","","","","CNZHA"
"RONYINRNG","RONCHENG YINHAI AQUATIC CO.,LTD.","","","","","","","","CNNSA"
"ROSCONMFM","ROSE CONTAINERLINE, INC","","","","","","","","CNFRT"
"ROTAIRCRO","ROTAIR S.P.A","","","","","","","","CNNSA"
"ROYTHAHKG1","ROYAL THAI HK (2017) LIMITED","","","","","","","","CNNSA"
"RTSLOGCEB","RTS LOGISTICS INC.","","","","","","","","CNLUU"
"RZLIGHSZX","RZ LIGHTING CO., LTD.","","","","","","","","CNNSA"
"SAICLANSN","SAINT CLAIR FAMILY ESTATE","","","","","","","","CNNSA"
"SANINTSIB","SANDEN INTERCOOL 9 THAILAND) PUBLIC CO., LTD.","","","","","","","","CNNSA"
"SANLOMSCL","SANTA LOMA SPA","","","","","","","","CNNSA"
"SASINTSHG","SASSIN INTERNATIONAL ELECTRIC SHANGHAI CO. LTD.","","","","","","","","CNSHK"
"SCIGLOBJS","SCITEK GLOBAL CO. LTD.","","","","","","","","CNNSA"
"SHACHOSHA","SHANGHAI CHOUQIN FURNITURE CO., LTD.","","","","","","","","CNNSA"
"SHACOSNSA","SHANGHAI COSTELLA HARDWARE BUILDING MATERIALS CO. LTD.","","","","","","","","CNSHK"
"SHAEASQDG","SHANDONG EASENT BIOTECHNOLOGY GROUP CO., LTD","","","","","","","","CNNSA"
"SHAEASSHA4","SHANGHAI EASTERN ACME CO., LTD.","","","","","","","","CNNSA"
"SHAGOOSHA1","SHANGHAI GOODHOPE CO.,LTD.","","","","","","","","CNSHK"
"SHAGOOTYN","SHANXI GOODWILL INDUSTRIAL & TRADING CO., LTD.","","","","","","","","CNNSA"
"SHAISHPDG","SHANGHAI ISHIDA ELECTRONIC SCALES CO.,LTD.","","","","","","","","CNNSA"
"SHAKANSHA","SHANGHAI KANELSON LOGISTICS EQUIPMENT CO.,LTD.","","","","","","","","CNSUD"
"SHAMINJNG","SHANDONG MING YUAN COMMODITY CO.,LTD.","","","","","","","","CNBJO"
"SHASACSZX","SHANDONG SACRED SUN POWER SOURCES CO. LTD.","","","","","","","","CNSUD"
"SHASHISHA1","SHANGHAI SHIYIN PHOTOELECTRIC INSTRUMENT CO., LTD.","","","","","","","","CNNSH"
"SHEBRISGN","SHEEN BRIDGE CO,. LTD","","","","","","","","CNNSA"
"SHEGUAYTN","SHENZHEN GUANGYULONG TRADE CO., LTD.","","","","","","","","CNNSA"
"SHEHEXQDG","SHENZHEN HEXINGSHENG PHOTOELECTRICS CO., LTD","","","","","","","","CNZHA"
"SHEJINSZX3","SHENZHEN JINZHIQUAN IMPORTS & EXPORTS CO., LTD.","","","","","","","","CNZHA"
"SHEOUBSZX","SHENZHEN OUBEL TECHNOLOGY CO LTD","","","","","","","","CNNSA"
"SHEROYSZX","SHENZHEN ROYAL GOLDEN SUN & EXPORT CO., LTD","","","","","","","","CNQIN"
"SHESNZNAFE","SHENZHEN KING LOGISTICS CO.,LTD","","","","","","","","CNQIN"
"SHETECSZX","SHENZHEN TECHDOW PHARMACEUTICAL CO., LTD","","","","","","","","CNSHK"
"SHETOPSZX","SHENZHEN TOPRAY SOLAR CO.,LTD","","","","","","","","CNNSA"
"SHEVICSZX","SHENZHEN VICTORY ELECTRONIC TECHNOLOGY CO., LTD","","","","","","","","CNNSA"
"SHEYOUSZP","SHENZHEN YOULIKE TRADING CO., LTD.","","","","","","","","CNSHA"
"SHEYUESZX","SHENZHEN YUECHANGYUAN INTERNATIONAL TRADE CO., LTD.","","","","","","","","CNSHA"
"SHICHAKHH","SHINE CHANCE ENTERPRISE CO. LTD.","","","","","","","","CNSHK"
"SHUNATNSA","SHUNDE NATIVE PRODUCE IMPORT AND EXPORT","","","","","","","","CNSHK"
"SHYPPLRTM","SHYPPLE B.V","","","","","","","","CNSGH"
"SILBRIYVR","SILBRICO CORPORATION","","","","","","","","NLRTM"
"SILSPAALG","SILOS SPAIN INSTALACIONES S.L","","","","","","","","DEHAM"
"SINTRADXB","SINOON TRADING","","","","","","","","CNSNZ"
"SLSBEASIN","SLS BEARING (S) PTE LTD","","","","","","","","VNLMP"
"SMPHARPET","SM PHARMACEUTICALS SDN. BHD.","","","","","","","","VNHPH"
"SNTDYNICN","SNT DYNAMICS CO., LTD.","","","","","","","","VNHPH"
"SPAOPTJMN","SPARTA OPTOELECTRONICS CO. LTD.","","","","","","","","CNSHK"
"SPOMLEGJW","SPOLDZIELNIA MLECZARSKA MLEKPOL W GRAJEWIE","","","","","","","","CNDAL"
"SPXCOOLAX","SPX COOLING TECHNOLOGIES INC","","","","","","","","CNDAL"
"SPXCOOMKC","SPX COOLING TECH , LLC","","","","","","","","CNDAL"
"SPXCOOSHA","SPX COOLING TECHNOLOGIES (SUZHOU) CO., LTD","","","","","","","","KRPUS"
"STAGLOZSN","STAR GLORY LTD","","","","","","","","USLGB"
"STAINTNUE","STABILO INTERNATIONAL GMBH","","","","","","","","CNNJI"
"STAINTZHE","STARWAY INTERNATIONAL HOME LIVING CO LTD","","","","","","","","DEHAM"
"SUNHOMHKG","SUNVISION HOME APPLIANCES (H.K.)CO., LIMITED","","","","","","","","CNNBG"
"SUNPOWNKG","SUNGROW POWER SUPPLY CO., LTD","","","","","","","","CNSHA"
"SUPFIMJHB","SUPER FI (M) SDN. BHD","","","","","","","","CNQDG"
"SUZALTJSU","SUZHOU ALTON ELECTRICAL & MECHANICAL INDUSTRY CO.,LTD.","","","","","","","","CNQDG"
"SUZBOOSHA","SUZHOU BOOU IMPORT & EXPORT CO., LTD","","","","","","","","CNTNJ"
"SUZDAYSUZ","SUZHOU DAYONG INTELLIGENT MANUFACTURING CO., LTD.","","","","","","","","THLCH"
"SUZRUBSUZ","SUZHOU RUBI TECHNOLOGIES CO LTD","","","","","","","","KRPUS"
"SUZZHOSUU","SUZHOU ZHONGMAOZHU CONTAINER CO.,LTD.","","","","","","","","KRPUS"
"TAIDONFZHE","TAIZHOU DONGHONG FURNITURE MANUFACTURE CO LTD","","","","","","","","KRPUS"
"TAIISTNBO","TAIZHOU ISTAR IMPORT AND EXPORT CO., LTD","","","","","","","","CNQDG"
"TAIJIUFOC","TAIR JIUH ENTERPRISE CO., LTD.","","","","","","","","CNZSN"
"TALENTTER","TALENTI SRL","","","","","","","","CNSHK"
"TANRENXGG","TANGSHAN RENHE HARDWARE TOOL CO., LTD","","","","","","","","TWKHH"
"TECHNONQZ","TECHNOPEA S.R.L","","","","","","","","TWKHH"
"TECSYSVPI","TECKNOTROVE SYSTEMS (INDIA) PVT LTD","","","","","","","","CNCNA"
"TENENVTPE","TENSION ENVELOPE TAIWAN CORPORATION","","","","","","","","AEJEA"
"THABRIBKK","THAI BRIDGESTONE CO.,LTD.","","","","","","","","USYDY"
"THEHEAPHU","THERMOFIN HEAT EXCHANGER (PINGHU) CO.LTD.","","","","","","","","ITSPE"
"THRSOLMCI","THRUTUBING SOLUTIONS","","","","","","","","ITSPE"
"TIAJINXGG","TIANJIN JINMAO IMP & EXP CORP. LTD.","","","","","","","","HKHKG"
"TIAPLATSN","TIANJIN PLASTICS RESEARCH INSTITUTE CO., LTD.","","","","","","","","CNSHG"
"TIASENTSN","TIANJIN SENTECH IMP. & EXP. CORP. LTD.","","","","","","","","CNSNZ"
"TIAXINXGA1","TIANJIN XINYUKUN TRADING CO. LTD.","","","","","","","","CNSNZ"
"TIGERPUS","TIGER COMPANY LTD.","","","","","","","","USLGB"
"TOPREFJKT","PT. TOPRE REFRIGERATOR INDONESIA","","","","","","","","USLGB"
"TOPSYSNYC","TOPAIR SYSTEMS INC","","","","","","","","USLGB"
"TORNATSIN","TORNATECH PTE LTD","","","","","","","","USLGB"
"TREWINMEL","TREASURY WINE ESTATES VINTNERS LIMITED","","","","","","","","USLGB"
"TRIENGBKK","TRIUMPH ENGINEERING CO LTD","","","","","","","","USLGB"
"TSUMANITM","TSURUMI MANUFACTURING CO., LTC.","","","","","","","","USLGB"
"UNIENTNRI","UNIVERSAL ENTERTAINMENT CORP.","","","","","","","","USLGB"
"VAALBSZZZ","VA ALBERTONI SRL","","","","","","","","USLGB"
"VARSHIMNL","VARIOUS SHIPPERS","","","","","","","","USLGB"
"VIBMINIAH","VIBRANTZ MINERALS LLC","","","","","","","","USLGB"
"VINAUSADL","VINARCHY AUSTRALIA LIMITED","","","","","","","","USLGB"
"VINCONVAP","VIÑA CONCHA Y TORO S.A.","","","","","","","","CNSHG"
"VISSTESGN","VIS STEEL STRUCTURE CO., LTD.","","","","","","","","CNSHG"
"VITPLUDGG","VITAMIN PLUS LIMITED","","","","","","","","CNSHG"
"WENSHIYUE","WENZHOU SHIYUN ELECTRONIC CO., LTD","","","","","","","","CNSHG"
"WERPFLDBL","WERNER & PFLEIDERER","","","","","","","","CNQIN"
"WESLIGPHL","WESTINGHOUSE LIGHTING","","","","","","","","CNQIN"
"WILGRARCU","WILLIAM GRANT & SONS BRANDS LIMITED","","","","","","","","IDJKT"
"WIPAKNST","WIPAK OY","","","","","","","","INBOM"
"WOLPACHGH","WOLF (HANGZHOU) PACKAGING MACHINING CO., LTD","","","","","","","","ITVCE"
"WOOCOSSWU","WOOSIN COSMETICS CO., LTD","","","","","","","","THBKK"
"WOSLIGNSA","WOSEN LIGHTING TECHNOLOGY CO., LIMITED","","","","","","","","THBKK"
"WUXZITJSU","WUXI ZITANG PACKAGING AND PRINTING CO., LTD.","","","","","","","","THBKK"
"XIACERXMN","XIAMEN CERAROCK IMP AND EXP CO. LTD.","","","","","","","","THBKK"
"XIACOMXMN","XIAMEN COMPOWER MEDICAL TECH CO LTD","","","","","","","","USNYC"
"XIAHONXHMN","XIAMEN HONGFA ELECTROA COUSTIC CO LTD.","","","","","","","","THBKK"
"XIASINXMN","XIAMEN SINOCAU IMPORT & EXPORT CO.,LTD.","","","","","","","","CNSHK"
"XININDXMN","XINYINGSHENG (XIAMEN) INDUSTRY & TRADING CO., LTD.","","","","","","","","CNJMN"
"YAKCHIHKG","YAKIMA CHIEF HOPS","","","","","","","","CNSGH"
"YANHUIJSU","YANCHENG HUIDA IMP. & EXP. CO., LTD","","","","","","","","CNSHG"
"YANMEICAN","YANGJIANG MEIJIALE BEAUTY PRODUCTS INDUSTRY AND TRADE CO.LTD.","","","","","","","","CNSHA"
"YANPERYHO","YANGZHOU PERFECT DAILY CHEMICALS CO., LTD","","","","","","","","CNSGH"
"YANRONSHA","YANGZHOU RONGYE IMPORTAND EXPORT TRADING CO. LTD","","","","","","","","CNNSA"
"YANTAISHK","YANG TAI WIRE & CABLE CO., LTD","","","","","","","","CNNSA"
"YAWLIATPE","YAW LIAMY ENTERPRISE CO., LTD.","","","","","","","","CNSNZ"
"YEGINDSGN","YEGIN INDUSTRY (VIETNAM) CO. LTD.","","","","","","","","CNSHG"
"YEKINDSZX","YEKALON INDUSTRY INC.","","","","","","","","CNSHA"
"YIWHUAYIU","YIWU HUAJU PACKAGING CP., LTD.","","","","","","","","CNSHA"
"YIWKAIHYN","YIWU KAIGUANG BAG FACTORY","","","","","","","","CNFRT"
"YIWZHINGB","YIWU ZHIPING IMPORT AND EXPORT CO., LTD","","","","","","","","CNQDG"
"YONGONYKN","YONGKANG GONGWEIYONG TRADING CO. LTD.","","","","","","","","CNQDG"
"YONWEIYKG","YONGKANG WEIGE INTERNATIONAL & TRADING CO., LTD","","","","","","","","CNQDG"
"YOUTEXPUS","YOUNGDO TEXTILE CO., LTD.","","","","","","","","CNQIN"
"YUYLIA","YUYAO LIANGPIN TELECOM EQUIPMENT CO.,LTD.","","","","","","","","CNQIN"
"YWCOLTSHA","YW CO.,LTD","","","","","","","","CNQIN"
"ZAMSTESGN","ZAMIL STEEL BUILDINGS VIETNAM CO., LTD.","","","","","","","","CNQDG"
"ZANSPAGE","ZANOTTA SPA","","","","","","","","DEHAM"
"ZDISUPJAX","ZDI SUPPLIES (HAIYAN) CO.,LTD","","","","","","","","CNNBO"
"ZHABRASHA","ZHANGJIAGANG BRAUN INDUSTRY CO LTD","","","","","","","","CNNBO"
"ZHAWELNSA","ZHAOQING WELLCAMP BUILDING MATERIALS CO., LTD.","","","","","","","","SGSIN"
"ZHEGOOTXZ","ZHEJIANG GOOD ADHESIVE CO LTD","","","","","","","","INBLR"
"ZHEJMINGB","ZHEJIANG JM INDUSTRY CO LTD","","","","","","","","INMAA"
"ZHEKACSHA","ZHEJIANG KACHAI GENERATOR CO., LTD","","","","","","","","ITGOA"
"ZHEKEPSHA","ZHENGZHOU KEPAI MECHANICAL EQUIPMENT CO., LTD.","","","","","","","","ITGOA"
"ZHELIASZV","ZHEJIANG LIANYING MEDICAL TECHNOLOGY CO. LTD.","","","","","","","","KRSEL"
"ZHESHULNH","ZHEJIANG SHUANGYONG LEISURE PRODUCTS CO., LTD","","","","","","","","CNJMN"
"ZHEXUECNA","ZHEJIANG XUECUN REFRIGERATION EQUIPMENT CO.,LTD.","","","","","","","","USLGB"
"ZHEZORZHE","ZHEJIANG ZOREYA COSMETIC CO.,LTD.","","","","","","","","MYPGU"
"ZHOFANNSA","ZHONGSHAN FANTAS LIGHTING CO. LTD.","","","","","","","","MYKLA"
"ZHOFOOZGA","ZHONGSHAN FOODSTUFFS IMP & EXP CO. LTD. OF GUANGDONG","","","","","","","","MYPKG"
"ZHOFORFSA","ZHONGSHAN FOREVER GREEN ELECTRICAL APPLIANCES CO LTD.","","","","","","","","MYPKG"
"ZHOGRAZGA","ZHONGSHAN GRANDVIEW CO LTD","","","","","","","","MYPKG"
"ZHOHAICAN","ZHONGSHAN HAIYU ELECTRICAL APPLIANCE CO., LTD.","","","","","","","","MYPKG"
"ZHOHENNSA","ZHONGSHAN HENGEN LIGHTING CO., LIMITED","","","","","","","","MYPKG"
"ZHOPULHEB","ZHONGHONG PULIN MEDICAL PRODUCTS CO., LTD","","","","","","","","MYPKG"
"ZHOSAQZGA","ZHONGSHAN SAQIANG IMPORT AND EXPORT TRADING CO.,LTD.","","","","","","","","MYPKG"
"ZHOTIAZSN","ZHONGSHAN TIANMEI ELECTRICAL APPLIANCES CO.LTD.","","","","","","","","MYKLA"
"ZHOYADGUT","ZHONGSHAN YADI LIGHTING CO.,LTD.","","","","","","","","MYKLA"
"ZHOYIFNSA","ZHONGSHAN YIFENGGE ELECTRIC CO., LTD","","","","","","","","MYPKG"
"ZHOZHOSZX","ZHONGSHAN ZHONGSHENG IMPORT AND EXPORT CO LTD","","","","","","","","USLGB"
"ANDGRAASH","ANDRITZ GRAEBENER GMBH","","","","","","","","ILASH"
"DIAPOWSGN","DIAMOND POWER","","","","","","","","VNSGN"
"DIAPOWNSA","DIAMOND POWER SERVICES SEA LTD","","","","","","","","INNSA"
"ELISUPSGH","ELITE SUPPS AUSTRALIA C/O MTC LOGISTICS INC.","","","","","","","","CNSGH"
"EWAAGRSGH","EWART AGRI SERVICES LTD.","","","","","","","","CNSGH"
"GUAFIRBKK","GUANGZHOU FIRST BUSINESS SERVICE CO. LTD","","","","","","","","THBKK"
"GUAFIRBKK1","GUANGZHOU FIRST BUSINESS SERVICE CO.LTD","","","","","","","","THBKK"
"HUBAULSHK","HUBEI AULICE TYRE CO., LTD.","","","","","","","","CNSHK"
"JINGALNSA","JINHUA GALAXIA TECH. CO., LTD","","","","","","","","CNNSA"
"MEGSERXGA","MEGAFREIGHT SERVICES (PTY) LTD","","","","","","","","CNXGA"
"REPLOGSHK","REPREMAR LOGISTICS SA. MISIONES","","","","","","","","CNSHK"
"SHAKANSHK","SHANDONG KANGBEITE FOODPACKAGING MACHINERY CO.,","","","","","","","","CNSHK"
"SHECENSHK","SHENZHEN CENTER POWER TECH CO., LTD.","","","","","","","","CNSHK"
"SHELINHKG","SHENZHEN LINGYUE INTERNATIONAL LOGISTICS CO.LTD","","","","","","","","HKHKG"
"ZHEJIAHKG","ZHEJIANG JIADE PACKING MACHINERY CO., LTD.","","","","","","","","HKHKG"