ID,Customer Name,Customer Type,Series,Default UNLOCO,Code,Alias,Customer Group,custom_code,Territory,Gender,Lead,Opportunity,Prospect,Account Manager,Image,Billing Currency,Company Bank Account,Price List,Is Internal Customer,Represents Company,TIN (Tax Identification Number),Branch Code,Market Segment,Industry,Customer POS ID,Website,Print Language,Customer Details,Customer Primary Address,Primary Address,Customer Primary Contact,Mobile No,Email Id,First Name,Last Name,Tax ID,Tax Category,Tax Withholding Category,Tax Withholding Group,Payment Terms Template,Loyalty Program,Loyalty Program Tier,Sales Partner,Commission Rate,Allow sales invoice creation without sales order,Allow sales invoice creation without delivery note,Is Frozen,Disabled,Default Warehouse Profit Center,Credit Status,DUNS Number,WatchDog Risk Status,D&B Rating,Failure Score,PAYDEX Score,ID (Allowed to transact with),Company (Allowed to transact with),ID (Supplier Numbers),Company (Supplier Numbers),Supplier Number (Supplier Numbers),ID (Credit & Overdue Limits),Bypass credit limit check at sales order (Credit & Overdue Limits),Company (Credit & Overdue Limits),Credit Limit (Credit & Overdue Limits),Overdue Limit (Credit & Overdue Limits),ID (Default Accounts),Advance Account (Default Accounts),Company (Default Accounts),Default Account (Default Accounts),ID (Sales Team),Commission Rate (Sales Team),Contact No. (Sales Team),Contribution (%) (Sales Team),Contribution to Net Total (Sales Team),Incentives (Sales Team),Sales Person (Sales Team),ID (Customer Portal Users),User (Customer Portal Users)
TRACARPNH,TRANSPEED CARGO (CAMBODIA) CO. LTD.,Company,,KHPNH,TRACARPNH,,,,,,,,,,,,,,,,,,,,,,,,TRACARPNH,,,,,,,,,,,,,,,,,,,0,,,,,,,,,,,,,,,,,,,,,,,,,,,,,,
ANDERINYC,"A.N. DERINGER, INC",Company,,USNYC,ANDERINYC,,,,,,,,,,,,,,,,,,,,,,,,ANDERINYC,,,,,,,,,,,,,,,,,,,0,,,,,,,,,,,,,,,,,,,,,,,,,,,,,,
TRAFREKUL3,TRANSOCEAN FREIGHT SERVICES SDN BHD/AIR,Company,,MYKUL,TRAFREKUL3,,,,,,,,,,,,,,,,,,,,,,,,TRAFREKUL3,,,,,,,,,,,,,,,,,,,0,,,,,,,,,,,,,,,,,,,,,,,,,,,,,,
SHAZFISHA,SHANGHAI ZF INT'L TRANSPORTATION,Company,,CNSHA,SHAZFISHA,,,,,,,,,,,,,,,,,,,,,,,,SHAZFISHA,,,,,,,,,,,,,,,,,,,0,,,,,,,,,,,,,,,,,,,,,,,,,,,,,,
EXPPAKKHI,EXPOLANKA PAKISTAN (PVT) LTD.,Company,,PKKHI,EXPPAKKHI,,,,,,,,,,,,,,,,,,,,,www.expolankafreight.com,,,EXPPAKKHI,,,,,,,,,,,,,,,,,,,0,,,,,,,,,,,,,,,,,,,,,,,,,,,,,,
ATLLOGDAC,ATLAS LOGISTICS BANGLADESH (PVT) LIMITED,Company,,BDDAC,ATLLOGDAC,,,,,,,,,,,,,,,,,,,,,www.atlaslogistics.co.in,,,ATLLOGDAC,,,,operation@bd.atlaslogistics.co.in,,,,,,,,,,,,,,,0,,,,,,,,,,,,,,,,,,,,,,,,,,,,,,
WMOLOGCEK,WMO LOGISTICS,Company,,USCEK,WMOLOGCEK,,,,,,,,,,,,,,,,,,,,,,,,WMOLOGCEK,,,,,,,,,,,,,,,,,,,0,,,,,,,,,,,,,,,,,,,,,,,,,,,,,,
ADSAIRMIA,ADS AIR & OCEAN FREIGHT,Company,,USMIA,ADSAIRMIA,,,,,,,,,,,,,,,,,,,,,,,,ADSAIRMIA,,,,,,,,,,,,,,,,,,,0,,,,,,,,,,,,,,,,,,,,,,,,,,,,,,
ITELOGVNO,ITELLA LOGISTICS UAB (LITHUANIA),Company,,LTVNO,ITELOGVNO,,,,,,,,,,,,,,,,,,,,,www.itella.lt/logistics,,,ITELOGVNO,,,+37052196638,airsea.lt@itella.com,,,,,,,,,,,,,,,0,,,,,,,,,,,,,,,,,,,,,,,,,,,,,,
TARLOGXMN,TARGET LOGISTICS SERVICES,Company,,CNXMN,TARLOGXMN,,,,,,,,,,,,,,,,,,,,,,,,TARLOGXMN,,,,xmn.international@targetlogistics.com,,,,,,,,,,,,,,,0,,,,,,,,,,,,,,,,,,,,,,,,,,,,,,
KAMINTNWK,"KAMINO INTERNATIONAL TRANSPORT, INC.",Company,,USNWK,KAMINTNWK,,,,,,,,,,,,,,,,,,,,,,,,KAMINTNWK,,,,,,,,,,,,,,,,,,,0,,,,,,,,,,,,,,,,,,,,,,,,,,,,,,
VERCANCEB,"VERSA-CAN INDUSTRIAL SERVICE AND SUPPLY, INC.",Company,,PHCEB,VERCANCEB,,,,,,,,,,,,,,,,,,,,,,,,VERCANCEB,,,+639173289481,vanessa@versa-can.com,,,,,,,,,,,,,,,0,,,,,,,,,,,,,,,,,,,,,,,,,,,,,,
TKLSPEGOT,TKL SPEDITION AB,Company,,SEGOT,TKLSPEGOT,,,,,,,,,,,,,,,,,,,,,,,,TKLSPEGOT,,,,,,,,,,,,,,,,,,,0,,,,,,,,,,,,,,,,,,,,,,,,,,,,,,
ALINKFLAX,A-LINK FREIGHT INC.,Company,,USLAX,ALINKFLAX,,,,,,,,,,,,,,,,,,,,,,,,ALINKFLAX,,,,,,,,,,,,,,,,,,,0,,,,,,,,,,,,,,,,,,,,,,,,,,,,,,
TARAIRPEN,TARGET AIRFREIGHT (M) SDN BHD,Company,,MYPEN,TARAIRPEN,,,,,,,,,,,,,,,,,,,,,,,,TARAIRPEN,,,,,,,,,,,,,,,,,,,0,,,,,,,,,,,,,,,,,,,,,,,,,,,,,,
FAILOGAMS,FAIREXX LOGISTICS FOR EXHIBITIONS BV,Company,,NLAMS,FAILOGAMS,,,,,,,,,,,,,,,,,,,,,,,,FAILOGAMS,,,,,,,,,,,,,,,,,,,0,,,,,,,,,,,,,,,,,,,,,,,,,,,,,,
LOGISBBCN,LOGISBER,Company,,ESBCN,LOGISBBCN,,,,,,,,,,,,,,,,,,,,,,,,LOGISBBCN,,,,,,,,,,,,,,,,,,,0,,,,,,,,,,,,,,,,,,,,,,,,,,,,,,
AGIMELAFE,AGILITY FAIRS & EVENTS,Company,,AUMEL,AGIMELAFE,,,,,,,,,,,,,,,,,,,,,,,,AGIMELAFE,,,,,,,,,,,,,,,,,,,0,,,,,,,,,,,,,,,,,,,,,,,,,,,,,,
NOALOGORD,NOATUM LOGISTICS US LLC,Company,,USORD,NOALOGORD,,,,,,,,,,,,,,,,,,,,,,,,NOALOGORD,,,,,,,,,,,,,,,,,,,0,,,,,,,,,,,,,,,,,,,,,,,,,,,,,,
SWEMANLAX,SWEET MANUFACTURING COMPANY,Company,,USLAX,SWEMANLAX,,,,,,,,,,,,,,,,,,,,,,,,SWEMANLAX,,,,,,,,,,,,,,,,,,,0,,,,,,,,,,,,,,,,,,,,,,,,,,,,,,
INTSPAPMF,INTERCOSPED SPA,Company,,ITPMF,INTSPAPMF,,,,,,,,,,,,,,,,,,,,,,,,INTSPAPMF,,,,,,,,,,,,,,,,,,,0,,,,,,,,,,,,,,,,,,,,,,,,,,,,,,
ROSTARIST,ROSIO TARIM OTOMOTIV MEDIKAL,Company,,TRIST,ROSTARIST,,,,,,,,,,,,,,,,,,,,,,,,ROSTARIST,,,+905498132055,,,,,,,,,,,,,,,,0,,,,,,,,,,,,,,,,,,,,,,,,,,,,,,
SCATRAYYZ,S.CASSIS TRANSPORT EXPRESS INTERNATIONAL,Company,,CAYYZ,SCATRAYYZ,,,,,,,,,,,,,,,,,,,,,,,,SCATRAYYZ,,,,,,,,,,,,,,,,,,,0,,,,,,,,,,,,,,,,,,,,,,,,,,,,,,
APTSHOSGN,"APT SHOWFREIGHT VIETNAM CO., LTD.",Company,,VNSGN,APTSHOSGN,,,,,,,,,,,,,,,,,,,,,,,,APTSHOSGN,,,,le.huong@aptshowfreight.com,,,,,,,,,,,,,,,0,,,,,,,,,,,,,,,,,,,,,,,,,,,,,,
NOALOGAUH,NOATUM LOGISTICS (MIDDLE EAST),Company,,AEAUH,NOALOGAUH,,,,,,,,,,,,,,,,,,,,,,,,NOALOGAUH,,,,,,,,,,,,,,,,,,,0,,,,,,,,,,,,,,,,,,,,,,,,,,,,,,
MANLOGMAD,MANUPORT LOGISTICS ESPANA S.L.,Company,,ESMAD,MANLOGMAD,,,,,,,,,,,,,,,,,,,,,,,,MANLOGMAD,,,,,,,,,,,,,,,,,,,0,,,,,,,,,,,,,,,,,,,,,,,,,,,,,,
REAINTBJS,"REALOGISTICS INT'L (BEIJING) CO., LTD.",Company,,CNBJS,REAINTBJS,,,,,,,,,,,,,,,,,,,,,,,,REAINTBJS,,,,,,,,,,,,,,,,,,,0,,,,,,,,,,,,,,,,,,,,,,,,,,,,,,
PRIOCESHA,PRIMY OCEAN AIR LOGISTICS CO. LTD,Company,,CNSHA,PRIOCESHA,,,,,,,,,,,,,,,,,,,,,,,,PRIOCESHA,,,,,,,,,,,,,,,,,,,0,,,,,,,,,,,,,,,,,,,,,,,,,,,,,,
FRESYSSIN,FREIGHT SYSTEMS LOGISTICS PTE LTD,Company,,SGSIN,FRESYSSIN,,,,,,,,,,,,,,,,,,,,,,,,FRESYSSIN,,,,,,,,,,,,,,,,,,,0,,,,,,,,,,,,,,,,,,,,,,,,,,,,,,
HAWELLAKL,HAWK ELLERY FREIGHT SERVICES,Company,,NZAKL,HAWELLAKL,,,,,,,,,,,,,,,,,,,,,,,,HAWELLAKL,,,,,,,,,,,,,,,,,,,0,,,,,,,,,,,,,,,,,,,,,,,,,,,,,,
BALGRUIST,BALCIOGLU GRUP STANDART IZOLASYON VE YAPI,Company,,TRIST,BALGRUIST,,,,,,,,,,,,,,,,,,,,,,,,BALGRUIST,,,,oznur@gruptrans.com,,,,,,,,,,,,,,,0,,,,,,,,,,,,,,,,,,,,,,,,,,,,,,
UNIPARHAM,UNIPARTS GMBH,Company,,DEHAM,UNIPARHAM,,,,,,,,,,,,,,,,,,,,,,,,UNIPARHAM,,,,info@unipartsgmbh.de,,,,,,,,,,,,,,,0,,,,,,,,,,,,,,,,,,,,,,,,,,,,,,
ALTLOGSIN,ALTUS LOGISTICS PTE LTD.,Company,,SGSIN,ALTLOGSIN,,,,,,,,,,,,,,,,,,,,,,,,ALTLOGSIN,,,,,,,,,,,,,,,,,,,0,,,,,,,,,,,,,,,,,,,,,,,,,,,,,,
CONFORMFM,"CONNECT FORWARDING AND TRADING CO., LTD.",Company,,MOMFM,CONFORMFM,,,,,,,,,,,,,,,,,,,,,,,,CONFORMFM,,,,,,,,,,,,,,,,,,,0,,,,,,,,,,,,,,,,,,,,,,,,,,,,,,
SAGAIRLIL,SAGA AIR,Company,,FRLIL,SAGAIRLIL,,,,,,,,,,,,,,,,,,,,,,,,SAGAIRLIL,,,,,,,,,,,,,,,,,,,0,,,,,,,,,,,,,,,,,,,,,,,,,,,,,,
DECAIRMAD,DECOEXSA AIR & SEA DIVISION (WIN),Company,,ESMAD,DECAIRMAD,,,,,,,,,,,,,,,,,,,,,,,,DECAIRMAD,,,,,,,,,,,,,,,,,,,0,,,,,,,,,,,,,,,,,,,,,,,,,,,,,,
PACCONCEB,"PACIFIC CONCORD CONTAINER LINES, INC.",Company,,PHCEB,PACCONCEB,,,,,,,,,,,,,,,,,,,,,,,,PACCONCEB,,,,,,,,,,,,,,,,,,,0,,,,,,,,,,,,,,,,,,,,,,,,,,,,,,
SHAHARTSN,"SHANDONG HARMONY SHIPPING AND FORWARDING AGENT CO., LTD",Company,,CNTSN,SHAHARTSN,,,,,,,,,,,,,,,,,,,,,,,,SHAHARTSN,,,,,,,,,,,,,,,,,,,0,,,,,,,,,,,,,,,,,,,,,,,,,,,,,,
SKYEXPTPE,SKYWAY EXPRESS INT'L CORP,Company,,TWTPE,SKYEXPTPE,,,,,,,,,,,,,,,,,,,,,,,,SKYEXPTPE,,,,skyway@skywayexpress.com.tw,,,,,,,,,,,,,,,0,,,,,,,,,,,,,,,,,,,,,,,,,,,,,,
KAMINTSEA,"KAMINO INTERNATIONAL TRANSPORT, INC.",Company,,USSEA,KAMINTSEA,,,,,,,,,,,,,,,,,,,,,,,,KAMINTSEA,,,,,,,,,,,,,,,,,,,0,,,,,,,,,,,,,,,,,,,,,,,,,,,,,,
INTINTSZX,INTERGLOBO INTERNATIONAL FREIGHT FORWARDING,Company,,CNSZX,INTINTSZX,,,,,,,,,,,,,,,,,,,,,,,,INTINTSZX,,,,,,,,,,,,,,,,,,,0,,,,,,,,,,,,,,,,,,,,,,,,,,,,,,
CEBOVECCEB,CEBU OVERSEA HARDWARE COMPANY INC.,Company,,PHCEB,CEBOVECCEB,,,,,,,,,,,,,,,,,,,,,,,,CEBOVECCEB,,,,,,,,,,,,,,,,,,,0,,,,,,,,,,,,,,,,,,,,,,,,,,,,,,
ROSEXPSEL,"ROSETTE EXPO, INC.",Company,,KRSEL,ROSEXPSEL,,,,,,,,,,,,,,,,,,,,,,,,ROSEXPSEL,,,,todd.lee@rstexpo.co.kr,,,,,,,,,,,,,,,0,,,,,,,,,,,,,,,,,,,,,,,,,,,,,,
PENSHESZX,PENAVICO SHENZHEN LOGISTICS LTD.,Company,,CNSZX,PENSHESZX,,,,,,,,,,,,,,,,,,,,,,,,PENSHESZX,,,,,,,,,,,,,,,,,,,0,,,,,,,,,,,,,,,,,,,,,,,,,,,,,,
LAGLOGLNZ,LAGERMAX LOGISTICS AUSTRIA GMBH,Company,,ATLNZ,LAGLOGLNZ,,,,,,,,,,,,,,,,,,,,,,,,LAGLOGLNZ,,,,,,,,,,,,,,,,,,,0,,,,,,,,,,,,,,,,,,,,,,,,,,,,,,
UNILOGILAX,UNIFREIGHT LOGISTIC. INC.,Company,,USLAX,UNILOGILAX,,,,,,,,,,,,,,,,,,,,,,,,UNILOGILAX,,,,,,,,,,,,,,,,,,,0,,,,,,,,,,,,,,,,,,,,,,,,,,,,,,
DALDATYRDLC,"DALIAN DATIAN W.INT'L TRANSPORTATION CO.,LTD",Company,,CNDLC,DALDATYRDLC,,,,,,,,,,,,,,,,,,,,,,,,DALDATYRDLC,,,,,,,,,,,,,,,,,,,0,,,,,,,,,,,,,,,,,,,,,,,,,,,,,,
KERFRETPE,KERRY FREIGHT INTERNATIONAL COMPANY LIMITED,Company,,TWTPE,KERFRETPE,,,,,,,,,,,,,,,,,,,,,www.kerrylogistics.com,,,KERFRETPE,,,,speedy@speedy.com.tw,,,,,,,,,,,,,,,0,,,,,,,,,,,,,,,,,,,,,,,,,,,,,,
ETALOGLHR,ETA LOGISTICS (UK) LTD,Company,,GBLHR,ETALOGLHR,,,,,,,,,,,,,,,,,,,,,,,,ETALOGLHR,,,,colin.hoskins@eta-logistics.com,,,,,,,,,,,,,,,0,,,,,,,,,,,,,,,,,,,,,,,,,,,,,,
ISANORAAR,ISA NORDIC A/S,Company,,DKAAR,ISANORAAR,,,,,,,,,,,,,,,,,,,,,,,,ISANORAAR,,,,,,,,,,,,,,,,,,,0,,,,,,,,,,,,,,,,,,,,,,,,,,,,,,
GONFRELYS,GONDRAND FRERES,Company,,FRLYS,GONFRELYS,,,,,,,,,,,,,,,,,,,,,,,,GONFRELYS,,,,,,,,,,,,,,,,,,,0,,,,,,,,,,,,,,,,,,,,,,,,,,,,,,
SUMWARITM,"THE SUMITOMO WAREHOUSE CO., LTD",Company,,JPOSA,SUMWARITM,,,,,,,,,,,,,,,,,,,,,,,,SUMWARITM,,,,,,,,,,,,,,,,,,,0,,,,,,,,,,,,,,,,,,,,,,,,,,,,,,
TRAAIRSHA,TRANSIT AIR CARGO SHANGHAI,Company,,CNSHA,TRAAIRSHA,,,,,,,,,,,,,,,,,,,,,,,,TRAAIRSHA,,,,fairs@transitair.com.cn,,,,,,,,,,,,,,,0,,,,,,,,,,,,,,,,,,,,,,,,,,,,,,
MIDAMEHNL,"MID-AMERICA OVERSEAS, INC.",Company,,USHNL,MIDAMEHNL,,,,,,,,,,,,,,,,,,,,,,,,MIDAMEHNL,,,,,,,,,,,,,,,,,,,0,,,,,,,,,,,,,,,,,,,,,,,,,,,,,,
WLKCONHKG,WLK CONTAINERS SERVICE CO LIMITED,Company,,HKHKG,WLKCONHKG,,,,,,,,,,,,,,,,,,,,,,,,WLKCONHKG,,,,,,,,,,,,,,,,,,,0,,,,,,,,,,,,,,,,,,,,,,,,,,,,,,
LORENGDVO,LOREN ENGINEERING AND CONSTRUCTION,Company,,PHDVO,LORENGDVO,,,,,,,,,,,,,,,,,,,,,,,,LORENGDVO,,,,,,,,,,,,,,,,,,,0,,,,,,,,,,,,,,,,,,,,,,,,,,,,,,
CARSERMAD,"CARGO SERVICES, S.A.",Company,,ESMAD,CARSERMAD,,,,,,,,,,,,,,,,,,,,,,,,CARSERMAD,,,,i.ochoa@cargoservicegroup.com,,,,,,,,,,,,,,,0,,,,,,,,,,,,,,,,,,,,,,,,,,,,,,
SHIITAGOA,SHIPPING SERVICES ITALIA SRL,Company,,ITGOA,SHIITAGOA,,,,,,,,,,,,,,,,,,,,,,,,SHIITAGOA,,,,,,,,,,,,,,,,,,,0,,,,,,,,,,,,,,,,,,,,,,,,,,,,,,
SACLOGDXB2,SACS LOGISTICS (SHABEH AL REEH CARGO,Company,,AEDXB,SACLOGDXB2,,,,,,,,,,,,,,,,,,,,,,,,SACLOGDXB2,,,.,ruby@saclogistics.com,,,,,,,,,,,,,,,0,,,,,,,,,,,,,,,,,,,,,,,,,,,,,,
STRTRAKNUE,STRECK TRANSPORTGES MBH,Company,,DENUE,STRTRAKNUE,,,,,,,,,,,,,,,,,,,,,,,,STRTRAKNUE,,,,,,,,,,,,,,,,,,,0,,,,,,,,,,,,,,,,,,,,,,,,,,,,,,
SENINTFXT,SENATOR INT'L FREIGHT FORWARDING LIMITED,Company,,GBFXT,SENINTFXT,,,,,,,,,,,,,,,,,,,,,,,,SENINTFXT,,,,,,,,,,,,,,,,,,,0,,,,,,,,,,,,,,,,,,,,,,,,,,,,,,
CHROBIHOU,C.H. ROBINSON INTERNATIONAL INC,Company,,USHOU,CHROBIHOU,,,,,,,,,,,,,,,,,,,,,,,,CHROBIHOU,,,,,,,,,,,,,,,,,,,0,,,,,,,,,,,,,,,,,,,,,,,,,,,,,,
GROESIQZV,GROUP - ESI,Company,,FRROI,GROESIQZV,,,,,,,,,,,,,,,,,,,,,www.group-esi.com,,,GROESIQZV,,,,finance@group-esi.com,,,,,,,,,,,,,,,0,,,,,,,,,,,,,,,,,,,,,,,,,,,,,,
NINHUASHA,NINGBO HUANJI INT'L LOGISTICS,Company,,CNSHA,NINHUASHA,,,,,,,,,,,,,,,,,,,,,,,,NINHUASHA,,,,,,,,,,,,,,,,,,,0,,,,,,,,,,,,,,,,,,,,,,,,,,,,,,
LEOGLOBKK,"LEO GLOBAL LOGISTICS CO., LTD.",Company,,THBKK,LEOGLOBKK,,,,,,,,,,,,,,,,,,,,,,,,LEOGLOBKK,,,,center@leogloballogistics.com,,,,,,,,,,,,,,,0,,,,,,,,,,,,,,,,,,,,,,,,,,,,,,
GALAXPAR,GALAX,Company,,FRPAR,GALAXPAR,,,,,,,,,,,,,,,,,,,,,,,,GALAXPAR,,,,,,,,,,,,,,,,,,,0,,,,,,,,,,,,,,,,,,,,,,,,,,,,,,
EXPFREJNB,EXPOLANKA FREIGHT PTY LTD (SOUTH AFRICA),Company,,ZAJNB,EXPFREJNB,,,,,,,,,,,,,,,,,,,,,,,,EXPFREJNB,,,,ops@expolankasouthafrica.com,,,,,,,,,,,,,,,0,,,,,,,,,,,,,,,,,,,,,,,,,,,,,,
VPBHHKSGN,VPBV HHK PHILIPPINE AIRLINES,Company,,VNSGN,VPBHHKSGN,,,,,,,,,,,,,,,,,,,,,,,,VPBHHKSGN,,,,,,,,,,,,,,,,,,,0,,,,,,,,,,,,,,,,,,,,,,,,,,,,,,
DSVJPNAFE,DSV SOLUTIONS CO. LTD,Company,,JPTYO,DSVJPNAFE,,,,,,,,,,,,,,,,,,,,,,,,DSVJPNAFE,,,,eriko.abe@dsv.com,,,,,,,,,,,,,,,0,,,,,,,,,,,,,,,,,,,,,,,,,,,,,,
FRESYSNYC,FREIGHT SYSTEMS INC.,Company,,USNYC,FRESYSNYC,,,,,,,,,,,,,,,,,,,,,,,,FRESYSNYC,,,,,,,,,,,,,,,,,,,0,,,,,,,,,,,,,,,,,,,,,,,,,,,,,,
CURKULAFE,CURIO PACK SDN BHD,Company,,MYKUL,CURKULAFE,,,,,,,,,,,,,,,,,,,,,,,,CURKULAFE,,,,ctngiam@curiopack.com.my,,,,,,,,,,,,,,,0,,,,,,,,,,,,,,,,,,,,,,,,,,,,,,
ATEAIRHAM,ATEGE / AIR,Company,,DEHAM,ATEAIRHAM,,,,,,,,,,,,,,,,,,,,,,,,ATEAIRHAM,,,,mathias.brosowsky@atege.e-mail.com,,,,,,,,,,,,,,,0,,,,,,,,,,,,,,,,,,,,,,,,,,,,,,
CLALEHLEH,CLASQUIN SA LEH,Company,,FRLEH,CLALEHLEH,,,,,,,,,,,,,,,,,,,,,,,,CLALEHLEH,,,,,,,,,,,,,,,,,,,0,,,,,,,,,,,,,,,,,,,,,,,,,,,,,,
ZIENV1ZAQ,ZIEGLER N.V. (112),Company,,USZAQ,ZIENV1ZAQ,,,,,,,,,,,,,,,,,,,,,,,,ZIENV1ZAQ,,,,,,,,,,,,,,,,,,,0,,,,,,,,,,,,,,,,,,,,,,,,,,,,,,
MARSERHKG,MARKSMAN SERVICES LIMITED,Company,,HKHKG,MARSERHKG,,,,,,,,,,,,,,,,,,,,,,,,MARSERHKG,,,,mkmhk@netvigator.com,,,,,,,,,,,,,,,0,,,,,,,,,,,,,,,,,,,,,,,,,,,,,,
QINKAOTAO,QINGDAO KAOYOUNG INT'L LOGISTICS CO. LTD,Company,,CNTAO,QINKAOTAO,,,,,,,,,,,,,,,,,,,,,www.kaoyoung.cn,,,QINKAOTAO,,,,sdqcathy@163.com,,,,,,,,,,,,,,,0,,,,,,,,,,,,,,,,,,,,,,,,,,,,,,
KAMINTTXT,KAMINO INTERNATIONAL TRANSPORT INC.,Company,,USTXT,KAMINTTXT,,,,,,,,,,,,,,,,,,,,,,,,KAMINTTXT,,,,,,,,,,,,,,,,,,,0,,,,,,,,,,,,,,,,,,,,,,,,,,,,,,
VIOCAIGOA,VIO & C AIR BROKER SERVICE,Company,,ITGOA,VIOCAIGOA,,,,,,,,,,,,,,,,,,,,,,,,VIOCAIGOA,,,,,,,,,,,,,,,,,,,0,,,,,,,,,,,,,,,,,,,,,,,,,,,,,,
ARASHISWK,ARABITAL SHIPPING LLC,Company,,KWSWK,ARASHISWK,,,,,,,,,,,,,,,,,,,,,www.arabitaliakuwait.com,,,ARASHISWK,,,,aida@arabital.ae,,,,,,,,,,,,,,,0,,,,,,,,,,,,,,,,,,,,,,,,,,,,,,
VINLINHKG,VINPAC LINES ( HONGKONG) LIMITED,Company,,HKHKG,VINLINHKG,,,,,,,,,,,,,,,,,,,,,,,,VINLINHKG,,,,,,,,,,,,,,,,,,,0,,,,,,,,,,,,,,,,,,,,,,,,,,,,,,
EFSLOGKOP,EFS LOGISTIKA D.O.O.,Company,,SIKOP,EFSLOGKOP,,,,,,,,,,,,,,,,,,,,,,,,EFSLOGKOP,,,+38631640752,,,,,,,,,,,,,,,,0,,,,,,,,,,,,,,,,,,,,,,,,,,,,,,
SHADRAHKG,SHANGHAI DRAGON (LOGISTICS) LTD.,Company,,HKHKG,SHADRAHKG,,,,,,,,,,,,,,,,,,,,,,,,SHADRAHKG,,,,,,,,,,,,,,,,,,,0,,,,,,,,,,,,,,,,,,,,,,,,,,,,,,
STOINDAFE,STOP INDIA,Company,,INICD,STOINDAFE,,,,,,,,,,,,,,,,,,,,,,,,STOINDAFE,,,,,,,,,,,,,,,,,,,0,,,,,,,,,,,,,,,,,,,,,,,,,,,,,,
ROSCONLAX,ROSE CONTAINER LINE,Company,,USLAX,ROSCONLAX,,,,,,,,,,,,,,,,,,,,,,,,ROSCONLAX,,,,,,,,,,,,,,,,,,,0,,,,,,,,,,,,,,,,,,,,,,,,,,,,,,
CJSMARSHA,CJ SMART CARGO INT’L SERVICES LTD.,Company,,CNSHA,CJSMARSHA,,,,,,,,,,,,,,,,,,,,,,,,CJSMARSHA,,,,,,,,,,,,,,,,,,,0,,,,,,,,,,,,,,,,,,,,,,,,,,,,,,
GLOSKYSZX,GLOBE SKY INTERNATIONAL TRANSPORTATION (SHANGHAI) LTD,Company,,CNSZX,GLOSKYSZX,,,,,,,,,,,,,,,,,,,,,,,,GLOSKYSZX,,,,mary@globesky.com.cn,,,,,,,,,,,,,,,0,,,,,,,,,,,,,,,,,,,,,,,,,,,,,,
VCKLOGRTM,VCK LOGISTICS ROTTERDAM,Company,,NLRTM,VCKLOGRTM,,,,,,,,,,,,,,,,,,,,,,,,VCKLOGRTM,,,,info@vckrdam.nl,,,,,,,,,,,,,,,0,,,,,,,,,,,,,,,,,,,,,,,,,,,,,,
DOMETIBFV,DOMETIC (PTY) LTD,Company,,ZABFV,DOMETIBFV,,,,,,,,,,,,,,,,,,,,,,,,DOMETIBFV,,,,,,,,,,,,,,,,,,,0,,,,,,,,,,,,,,,,,,,,,,,,,,,,,,
UNILOGVEC,UNIMASTERS LOGISTICS KFT.,Company,,HUVEC,UNILOGVEC,,,,,,,,,,,,,,,,,,,,,www.unimasters.com,,,UNILOGVEC,,,,,,,,,,,,,,,,,,,0,,,,,,,,,,,,,,,,,,,,,,,,,,,,,,
XIAXMNAFE,"XIAMEN TRANSEXPO INTERNATIONAL LOGISTICS CO., LTD.",Company,,CNXMN,XIAXMNAFE,,,,,,,,,,,,,,,,,,,,,,,,XIAXMNAFE,,,,,,,,,,,,,,,,,,,0,,,,,,,,,,,,,,,,,,,,,,,,,,,,,,
FRESYSLHE,FREIGHT SYSTEMS PAKISTAN PVT LTD.,Company,,PKLHE,FRESYSLHE,,,,,,,,,,,,,,,,,,,,,,,,FRESYSLHE,,,+923059477282,yawar.pklhe@freightsystems.com,,,,,,,,,,,,,,,0,,,,,,,,,,,,,,,,,,,,,,,,,,,,,,
XLLOGIBTS,XL-LOGISTICS K.S,Company,,SKBTS,XLLOGIBTS,,,,,,,,,,,,,,,,,,,,,,,,XLLOGIBTS,,,,,,,,,,,,,,,,,,,0,,,,,,,,,,,,,,,,,,,,,,,,,,,,,,
GUASUNICAN,GUANGZHOU SUNSHINE INT'L LOGISTICS CO. LTD.,Company,,CNCAN,GUASUNICAN,,,,,,,,,,,,,,,,,,,,,www.csspco.com,,,GUASUNICAN,,,,,,,,,,,,,,,,,,,0,,,,,,,,,,,,,,,,,,,,,,,,,,,,,,
PAXGLOUSN,"PAX GLOBAL CARGO, INC.",Company,,KRUSN,PAXGLOUSN,,,,,,,,,,,,,,,,,,,,,,,,PAXGLOUSN,,,,sslee@paxglobalcargo.com,,,,,,,,,,,,,,,0,,,,,,,,,,,,,,,,,,,,,,,,,,,,,,
GALAXCDG,GALAX,Company,,FRCDG,GALAXCDG,,,,,,,,,,,,,,,,,,,,,,,,GALAXCDG,,,,,,,,,,,,,,,,,,,0,,,,,,,,,,,,,,,,,,,,,,,,,,,,,,
BIGFREEZE,BIG FREIGHTS SRL,Company,,ARBUE,BIGFREEZE,,,,,,,,,,,,,,,,,,,,,,,,BIGFREEZE,,,,,,,,,,,,,,,,,,,0,,,,,,,,,,,,,,,,,,,,,,,,,,,,,,
ASECONRIX,ASECO CONTAINER SERVICES SIA,Company,,LVRIX,ASECONRIX,,,,,,,,,,,,,,,,,,,,,,,,ASECONRIX,,,,,,,,,,,,,,,,,,,0,,,,,,,,,,,,,,,,,,,,,,,,,,,,,,
1UPCARYTO,1UP CARGO INC.,Company,,CATOR,1UPCARYTO,,,,,,,,,,,,,,,,,,,,,,,,1UPCARYTO,,,,,,,,,,,,,,,,,,,0,,,,,,,,,,,,,,,,,,,,,,,,,,,,,,
IFEGLOIPS,IFE GLOBAL LOGISTICS (UK) LTD,Company,,GBIPS,IFEGLOIPS,,,,,,,,,,,,,,,,,,,,,,,,IFEGLOIPS,,,,,,,,,,,,,,,,,,,0,,,,,,,,,,,,,,,,,,,,,,,,,,,,,,
GRESCALPI,GREENCARRIER SCANDINAVIA AB,Company,,SELPI,GRESCALPI,,,,,,,,,,,,,,,,,,,,,,,,GRESCALPI,,,email: see contacts,,,,,,,,,,,,,,,,0,,,,,,,,,,,,,,,,,,,,,,,,,,,,,,
LSLOGIYAJ,LS LOGISTICS CO LTD O/B OF SYSTEMVENT CO LTD,Company,,KRYAJ,LSLOGIYAJ,,,,,,,,,,,,,,,,,,,,,,,,LSLOGIYAJ,,,,,,,,,,,,,,,,,,,0,,,,,,,,,,,,,,,,,,,,,,,,,,,,,,
COLFREMTR,"COLE FREIGHT, INC.",Company,,CAMTR,COLFREMTR,,,,,,,,,,,,,,,,,,,,,,,,COLFREMTR,,,,,,,,,,,,,,,,,,,0,,,,,,,,,,,,,,,,,,,,,,,,,,,,,,
ELEPROMIL,ELECTROLUX PROFESSINAL SPA,Company,,ITMIL,ELEPROMIL,,,,,,,,,,,,,,,,,,,,,,,,ELEPROMIL,,,,,,,,,,,,,,,,,,,0,,,,,,,,,,,,,,,,,,,,,,,,,,,,,,
WORAIRTBM,WORLD AIR CARGO CO.LTD,Company,,VNTBM,WORAIRTBM,,,,,,,,,,,,,,,,,,,,,,,,WORAIRTBM,,,,,,,,,,,,,,,,,,,0,,,,,,,,,,,,,,,,,,,,,,,,,,,,,,
SENCARPRG,SENT CARGO S.R.O,Company,,CZPRG,SENCARPRG,,,,,,,,,,,,,,,,,,,,,,,,SENCARPRG,,,,,,,,,,,,,,,,,,,0,,,,,,,,,,,,,,,,,,,,,,,,,,,,,,
SHAINTNGB,SHANGHAI INTERGROUP SHIP & AIR SERVICES LTD (NINGB,Company,,CNNGB,SHAINTNGB,,,,,,,,,,,,,,,,,,,,,,,,SHAINTNGB,,,,,,,,,,,,,,,,,,,0,,,,,,,,,,,,,,,,,,,,,,,,,,,,,,
FIBLOGHKG,FIBS LOGISTICS LIMITED,Company,,HKHKG,FIBLOGHKG,,,,,,,,,,,,,,,,,,,,,,,,FIBLOGHKG,,,,,,,,,,,,,,,,,,,0,,,,,,,,,,,,,,,,,,,,,,,,,,,,,,
QUAFREZG6,QUALITY FREIGHT LTD PORT CENTRE,Company,,USZG6,QUAFREZG6,,,,,,,,,,,,,,,,,,,,,,,,QUAFREZG6,,,,,,,,,,,,,,,,,,,0,,,,,,,,,,,,,,,,,,,,,,,,,,,,,,
AAASERHAN,AAA SERVICES COMPANY (HEAD OFFICE),Company,,VNHAN,AAASERHAN,,,,,,,,,,,,,,,,,,,,,,,,AAASERHAN,,,,3aservices.han@hn.vnn.vn,,,,,,,,,,,,,,,0,,,,,,,,,,,,,,,,,,,,,,,,,,,,,,
INDCHISSH,INDO-CHINA MARITIME LTD.,Company,,CNSSH,INDCHISSH,,,,,,,,,,,,,,,,,,,,,,,,INDCHISSH,,,,,,,,,,,,,,,,,,,0,,,,,,,,,,,,,,,,,,,,,,,,,,,,,,
SHELINSZX,SHEZHEN LINK-RUN LOGISTICS CO. LTD.,Company,,CNSZX,SHELINSZX,,,,,,,,,,,,,,,,,,,,,,,,SHELINSZX,,,,,,,,,,,,,,,,,,,0,,,,,,,,,,,,,,,,,,,,,,,,,,,,,,
SANEXPKWN,"SANWA EXPRESS (H.K.) CO., LTD.",Company,,HKKWN,SANEXPKWN,,,,,,,,,,,,,,,,,,,,,,,,SANEXPKWN,,,,,,,,,,,,,,,,,,,0,,,,,,,,,,,,,,,,,,,,,,,,,,,,,,
WESTRUSHA,WEST TRUE DRAGON TRANSPORTATION LTD.,Company,,CNSHA,WESTRUSHA,,,,,,,,,,,,,,,,,,,,,,,,WESTRUSHA,,,,wtdsh@westtruedragon.com,,,,,,,,,,,,,,,0,,,,,,,,,,,,,,,,,,,,,,,,,,,,,,
DAIEXPLAX,"DAIJIN EXPRESS,LLC",Company,,USLAX,DAIEXPLAX,,,,,,,,,,,,,,,,,,,,,,,,DAIEXPLAX,,,,,,,,,,,,,,,,,,,0,,,,,,,,,,,,,,,,,,,,,,,,,,,,,,
VOLSHIHKG,VOLTA SHIPPING LIMITED,Company,,HKHKG,VOLSHIHKG,,,,,,,,,,,,,,,,,,,,,,,,VOLSHIHKG,,,,volta@navigator.com,,,,,,,,,,,,,,,0,,,,,,,,,,,,,,,,,,,,,,,,,,,,,,
CLEARFTXA,CLEARFREIGHT INC.,Company,,USTXA,CLEARFTXA,,,,,,,,,,,,,,,,,,,,,,,,CLEARFTXA,,,,nancyw@clearfreight.com,,,,,,,,,,,,,,,0,,,,,,,,,,,,,,,,,,,,,,,,,,,,,,
PACLOGFOA,PACIFIC LOGISTICS CORP.,Company,,USFOA,PACLOGFOA,,,,,,,,,,,,,,,,,,,,,,,,PACLOGFOA,,,,,,,,,,,,,,,,,,,0,,,,,,,,,,,,,,,,,,,,,,,,,,,,,,
SPEGLOAAR,SPEDMAN GLOBAL LOGISTICS,Company,,DKAAR,SPEGLOAAR,,,,,,,,,,,,,,,,,,,,,,,,SPEGLOAAR,,,,,,,,,,,,,,,,,,,0,,,,,,,,,,,,,,,,,,,,,,,,,,,,,,
LEMUSAATL,LEMAN USA INC.,Company,,USATL,LEMUSAATL,,,,,,,,,,,,,,,,,,,,,,,,LEMUSAATL,,,,atlanta@lemanusa.com,,,,,,,,,,,,,,,0,,,,,,,,,,,,,,,,,,,,,,,,,,,,,,
MODFREKTK,MODERN FREIGHT OY,Company,,FIKTK,MODFREKTK,,,,,,,,,,,,,,,,,,,,,,,,MODFREKTK,,,,info@modernfreight.fi,,,,,,,,,,,,,,,0,,,,,,,,,,,,,,,,,,,,,,,,,,,,,,
ASSTRALEH,ASSOCIATED TRANSPORTS  (SEA),Company,,FRLEH,ASSTRALEH,,,,,,,,,,,,,,,,,,,,,,,,ASSTRALEH,,,,,,,,,,,,,,,,,,,0,,,,,,,,,,,,,,,,,,,,,,,,,,,,,,
JOYGLOKCO,JOYSPEED GLOBAL CARGO (CHINA) CO LTD,Company,,HKKCO,JOYGLOKCO,,,,,,,,,,,,,,,,,,,,,,,,JOYGLOKCO,,,,,,,,,,,,,,,,,,,0,,,,,,,,,,,,,,,,,,,,,,,,,,,,,,
TRAPACGYE,TRANSASIA PACIFIC S.A,Company,,ECGYE,TRAPACGYE,,,,,,,,,,,,,,,,,,,,,,,,TRAPACGYE,,,,,,,,,,,,,,,,,,,0,,,,,,,,,,,,,,,,,,,,,,,,,,,,,,
FIBLOGDEL,FIBS LOGISTICS INDIA PVT. LTD.,Company,,INDEL,FIBLOGDEL,,,,,,,,,,,,,,,,,,,,,,,,FIBLOGDEL,,,,,,,,,,,,,,,,,,,0,,,,,,,,,,,,,,,,,,,,,,,,,,,,,,
CAREXPMIL,CARGO SERVICE EXPRESS- C.S.E.S.R.L.A SOCIO UNICO,Company,,ITMIL,CAREXPMIL,,,,,,,,,,,,,,,,,,,,,,,,CAREXPMIL,,,,e.tintorri@csecargo.itcsecargo.it,,,,,,,,,,,,,,,0,,,,,,,,,,,,,,,,,,,,,,,,,,,,,,
APCREAHAN,APC-REALCO LTD.,Company,,VNHAN,APCREAHAN,,,,,,,,,,,,,,,,,,,,,,,,APCREAHAN,,,,,,,,,,,,,,,,,,,0,,,,,,,,,,,,,,,,,,,,,,,,,,,,,,
MAIUSASAN,MAINFREIGHT USA (FORMERLY TARGET LOGISTICS SVCS),Company,,USSAN,MAIUSASAN,,,,,,,,,,,,,,,,,,,,,,,,MAIUSASAN,,,,san.international@mainfreightusa.com,,,,,,,,,,,,,,,0,,,,,,,,,,,,,,,,,,,,,,,,,,,,,,
SUNHONHKG,SUNRISE HONGKONG LOGISTICS LIMITED,Company,,HKHKG,SUNHONHKG,,,,,,,,,,,,,,,,,,,,,,,,SUNHONHKG,,,,,,,,,,,,,,,,,,,0,,,,,,,,,,,,,,,,,,,,,,,,,,,,,,
PACNEPPKG,PACIFIC NEPTUNE SDN BHD,Company,,MYPKG,PACNEPPKG,,,,,,,,,,,,,,,,,,,,,,,,PACNEPPKG,,,,,,,,,,,,,,,,,,,0,,,,,,,,,,,,,,,,,,,,,,,,,,,,,,
FLYWORBKK,FLY WORLD LOGISTICS CO LTD,Company,,THBKK,FLYWORBKK,,,,,,,,,,,,,,,,,,,,,,,,FLYWORBKK,,,,,,,,,,,,,,,,,,,0,,,,,,,,,,,,,,,,,,,,,,,,,,,,,,
SATAIRHAJ,SATURN AIRCARGO GMBH,Company,,DEHAJ,SATAIRHAJ,,,,,,,,,,,,,,,,,,,,,,,,SATAIRHAJ,,,,,,,,,,,,,,,,,,,0,,,,,,,,,,,,,,,,,,,,,,,,,,,,,,
SHISHIAFE,SHINWA SHIPPING,Company,,JPYOK,SHISHIAFE,,,,,,,,,,,,,,,,,,,,,,,,SHISHIAFE,,,,ai0925@shinwa-sp.co.jp,,,,,,,,,,,,,,,0,,,,,,,,,,,,,,,,,,,,,,,,,,,,,,
ALBROBYMQ,"ALBATRANS-ROBERT GROUP LOGISTICS, INC.",Company,,CAMTR,ALBROBYMQ,,,,,,,,,,,,,,,,,,,,,,,,ALBROBYMQ,,,,mirobert@robert.ca,,,,,,,,,,,,,,,0,,,,,,,,,,,,,,,,,,,,,,,,,,,,,,
SOLVIESGN,SOLTEC VIETNAM COMPANY,Company,,VNSGN,SOLVIESGN,,,,,,,,,,,,,,,,,,,,,,,,SOLVIESGN,,,,,,,,,,,,,,,,,,,0,,,,,,,,,,,,,,,,,,,,,,,,,,,,,,
ZIEONBHAM,ZIEGLER GMBH ON BEHALF OF JAGO,Company,,DEHAM,ZIEONBHAM,,,,,,,,,,,,,,,,,,,,,,,,ZIEONBHAM,,,,,,,,,,,,,,,,,,,0,,,,,,,,,,,,,,,,,,,,,,,,,,,,,,
ARREXPAMM,ARROW EXPRESS MARITIME AND SHIPPING AGENCIES CO.,Company,,JOAMM,ARREXPAMM,,,,,,,,,,,,,,,,,,,,,www.arrow.com.jo,,,ARREXPAMM,,,+962777905616,arrow@nol.com.jo,,,,,,,,,,,,,,,0,,,,,,,,,,,,,,,,,,,,,,,,,,,,,,
NOALOGSIN,NOATUM LOGISTICS SINGAPORE PTE LTD,Company,,SGSIN,NOALOGSIN,,,,,,,,,,,,,,,,,,,,,,,,NOALOGSIN,,,,,,,,,,,,,,,,,,,0,,,,,,,,,,,,,,,,,,,,,,,,,,,,,,
SODICKSIN,SODICK SINGAPORE PTE LTD,Company,,SGSIN,SODICKSIN,,,,,,,,,,,,,,,,,,,,,,,,SODICKSIN,,,,,,,,,,,,,,,,,,,0,,,,,,,,,,,,,,,,,,,,,,,,,,,,,,
AXIFORMEL,AXIMA PTY LTD (FORMERLY ASA LOGISTICS),Company,,AUMEL,AXIFORMEL,,,,,,,,,,,,,,,,,,,,,,,,AXIFORMEL,,,,,,,,,,,,,,,,,,,0,,,,,,,,,,,,,,,,,,,,,,,,,,,,,,
ALNABODXB,AL NABOODAH LOGISTICS LLC,Company,,AEDXB,ALNABODXB,,,,,,,,,,,,,,,,,,,,,,,,ALNABODXB,,,+97145134853,,,,,,,,,,,,,,,,0,,,,,,,,,,,,,,,,,,,,,,,,,,,,,,
TRAMPIMIL,TRANSMEC MP INTERNATIONAL S.P.A,Company,,ITMIL,TRAMPIMIL,,,,,,,,,,,,,,,,,,,,,,,,TRAMPIMIL,,,,,,,,,,,,,,,,,,,0,,,,,,,,,,,,,,,,,,,,,,,,,,,,,,
EXPFREDEL,EXPO FREIGHT PRIVATE LTD.,Company,,INDEL,EXPFREDEL,,,,,,,,,,,,,,,,,,,,,,,,EXPFREDEL,,,,asha@del.expofreight.com,,,,,,,,,,,,,,,0,,,,,,,,,,,,,,,,,,,,,,,,,,,,,,
GONDRAQZV,GONDRAND,Company,,FRROI,GONDRAQZV,,,,,,,,,,,,,,,,,,,,,,,,GONDRAQZV,,,,,,,,,,,,,,,,,,,0,,,,,,,,,,,,,,,,,,,,,,,,,,,,,,
AIRINTTPE,"AIR INTERNATIONAL FREIGHT CO., LTD",Company,,TWTPE,AIRINTTPE,,,,,,,,,,,,,,,,,,,,,,,,AIRINTTPE,,,,asst3.txg@aif.com.tw,,,,,,,,,,,,,,,0,,,,,,,,,,,,,,,,,,,,,,,,,,,,,,
MMPBKK,MMP CORPORATION LTD.,Company,,THBKK,MMPBKK,,,,,,,,,,,,,,,,,,,,,,,,MMPBKK,,,,,,,,,,,,,,,,,,,0,,,,,,,,,,,,,,,,,,,,,,,,,,,,,,
ALBINTIST,ALBATRANS INT'L TRANSPORT & FOREIGN TRADE CO. LTD.,Company,,TRIST,ALBINTIST,,,,,,,,,,,,,,,,,,,,,www.albatrans.com.tr,,,ALBINTIST,,,,nirva@albatrans.com.tr,,,,,,,,,,,,,,,0,,,,,,,,,,,,,,,,,,,,,,,,,,,,,,
NCLLOGHKG,NCL LOGISTICS GROUP CO. LIMITED,Company,,HKHKG,NCLLOGHKG,,,,,,,,,,,,,,,,,,,,,,,,NCLLOGHKG,,,,,,,,,,,,,,,,,,,0,,,,,,,,,,,,,,,,,,,,,,,,,,,,,,
DTWLOGTSN,DTW TIANJIN LOGISTICS CO. LTD.,Company,,CNTSN,DTWLOGTSN,,,,,,,,,,,,,,,,,,,,,,,,DTWLOGTSN,,,,,,,,,,,,,,,,,,,0,,,,,,,,,,,,,,,,,,,,,,,,,,,,,,
MULLOGMUC,MULTI LOGISTCS GMB,Company,,DEMUC,MULLOGMUC,,,,,,,,,,,,,,,,,,,,,,,,MULLOGMUC,,,,,,,,,,,,,,,,,,,0,,,,,,,,,,,,,,,,,,,,,,,,,,,,,,
LOGFORSEL,LOGISTIC FORUM FREIGHT SERVICE (LFFS),Company,,KRSEL,LOGFORSEL,,,,,,,,,,,,,,,,,,,,,,,,LOGFORSEL,,,,see contacts,,,,,,,,,,,,,,,0,,,,,,,,,,,,,,,,,,,,,,,,,,,,,,
CARPARHAM,CARGO-PARTNER GMBH,Company,,DEHAM,CARPARHAM,,,,,,,,,,,,,,,,,,,,,,,,CARPARHAM,,,,ham@cargo-partner.com,,,,,,,,,,,,,,,0,,,,,,,,,,,,,,,,,,,,,,,,,,,,,,
MASOFASIN,MASTER OF ATLANTIC GRACE,Company,,SGSIN,MASOFASIN,,,,,,,,,,,,,,,,,,,,,,,,MASOFASIN,,,,forwarder@national.sg,,,,,,,,,,,,,,,0,,,,,,,,,,,,,,,,,,,,,,,,,,,,,,
LOGPLUBKK,LOGISTICS PLUS THAILAND,Company,,THBKK,LOGPLUBKK,,,,,,,,,,,,,,,,,,,,,,,,LOGPLUBKK,,,+66892062065,michael.parham@logisticsplus.com,,,,,,,,,,,,,,,0,,,,,,,,,,,,,,,,,,,,,,,,,,,,,,
INTAGEBAH,INTERNATIONAL AGENCIES CO. LTD.,Company,,BHBAH,INTAGEBAH,,,,,,,,,,,,,,,,,,,,,,,,INTAGEBAH,,,,,,,,,,,,,,,,,,,0,,,,,,,,,,,,,,,,,,,,,,,,,,,,,,
FIVCONDUS,FIVE CONTINENT LINE GMBH,Company,,DEDUS,FIVCONDUS,,,,,,,,,,,,,,,,,,,,,,,,FIVCONDUS,,,,,,,,,,,,,,,,,,,0,,,,,,,,,,,,,,,,,,,,,,,,,,,,,,
ASSCARYQB,ASSOCIATED CARGO SPECIALISTS MTL,Company,,CAYQB,ASSCARYQB,,,,,,,,,,,,,,,,,,,,,www.acscargo.ca,,,ASSCARYQB,,,,info@acscargo.ca,,,,,,,,,,,,,,,0,,,,,,,,,,,,,,,,,,,,,,,,,,,,,,
COMMAROPO,COMPANIA MARITIMA DE CONTENTORES LTDA,Company,,PTOPO,COMMAROPO,,,,,,,,,,,,,,,,,,,,,,,,COMMAROPO,,,,contemar.oporto@contemar.pt,,,,,,,,,,,,,,,0,,,,,,,,,,,,,,,,,,,,,,,,,,,,,,
ATCGLOAMD,ATC GLOBAL LOGISTICS PVT LTD,Company,,INAMD,ATCGLOAMD,,,,,,,,,,,,,,,,,,,,,,,,ATCGLOAMD,,,,,,,,,,,,,,,,,,,0,,,,,,,,,,,,,,,,,,,,,,,,,,,,,,
MIDAMELBNYC,"MID-AMERICA OVERSEAS, INC.",Company,,USNYC,MIDAMELBNYC,,,,,,,,,,,,,,,,,,,,,,,,MIDAMELBNYC,,,,mao_jfk@maoinc.com,,,,,,,,,,,,,,,0,,,,,,,,,,,,,,,,,,,,,,,,,,,,,,
GREFREAAR,GREENCARRIER FREIGHT SERVICES DENMARK A/S,Company,,DKAAR,GREFREAAR,,,,,,,,,,,,,,,,,,,,,www.greencarrier.dk,,,GREFREAAR,,,,Bo.gaardsted@greencarrier.dk,,,,,,,,,,,,,,,0,,,,,,,,,,,,,,,,,,,,,,,,,,,,,,
WORMSMFOS,WORMS SM,Company,,FRFOS,WORMSMFOS,,,,,,,,,,,,,,,,,,,,,,,,WORMSMFOS,,,,,,,,,,,,,,,,,,,0,,,,,,,,,,,,,,,,,,,,,,,,,,,,,,
AWOGLOKUS,AWOT GLOBAL CORPORATION KUNSHAN BRANCH,Company,,CNKUS,AWOGLOKUS,,,,,,,,,,,,,,,,,,,,,,,,AWOGLOKUS,,,,,,,,,,,,,,,,,,,0,,,,,,,,,,,,,,,,,,,,,,,,,,,,,,
FAIMESBFE,FAIREXPRESS GMBH MESSESPEDITION,Company,,DEBFE,FAIMESBFE,,,,,,,,,,,,,,,,,,,,,,,,FAIMESBFE,,,+495219114421,Joerg.Reinert@Fairexpress.de,,,,,,,,,,,,,,,0,,,,,,,,,,,,,,,,,,,,,,,,,,,,,,
LIAAIRHKG,LIAONING AIR SEA WORLDWIDE LTD.,Company,,HKHKG,LIAAIRHKG,,,,,,,,,,,,,,,,,,,,,,,,LIAAIRHKG,,,,,,,,,,,,,,,,,,,0,,,,,,,,,,,,,,,,,,,,,,,,,,,,,,
INDCHIHKG,INDO-CHINA EXPRESS LTD O/B,Company,,HKHKG,INDCHIHKG,,,,,,,,,,,,,,,,,,,,,,,,INDCHIHKG,,,,info@indochina.com.hk,,,,,,,,,,,,,,,0,,,,,,,,,,,,,,,,,,,,,,,,,,,,,,
DDWORLBNE,D&D WORLDWIDE LOGISTICS,Company,,AUBNE,DDWORLBNE,,,,,,,,,,,,,,,,,,,,,,,,DDWORLBNE,,,,,,,,,,,,,,,,,,,0,,,,,,,,,,,,,,,,,,,,,,,,,,,,,,
UNILOGCCU,UNITEX LOGISTICS INDIA PVT LTD.,Company,,INCCU,UNILOGCCU,,,,,,,,,,,,,,,,,,,,,,,,UNILOGCCU,,,,,,,,,,,,,,,,,,,0,,,,,,,,,,,,,,,,,,,,,,,,,,,,,,
DITXIAXMN,D.I.T. CORPORATION LTD XIAMEN OFFICE,Company,,CNXMN,DITXIAXMN,,,,,,,,,,,,,,,,,,,,,,,,DITXIAXMN,,,,sales@dolphinxm.com,,,,,,,,,,,,,,,0,,,,,,,,,,,,,,,,,,,,,,,,,,,,,,
MTLHAN,"M.T.L CO., LTD",Company,,VNHAN,MTLHAN,,,,,,,,,,,,,,,,,,,,,,,,MTLHAN,,,,,,,,,,,,,,,,,,,0,,,,,,,,,,,,,,,,,,,,,,,,,,,,,,
REALOGSZX,REALCO LOGISTICS LTD.,Company,,CNSZX,REALOGSZX,,,,,,,,,,,,,,,,,,,,,,,,REALOGSZX,,,,,,,,,,,,,,,,,,,0,,,,,,,,,,,,,,,,,,,,,,,,,,,,,,
UNIINTFHKG,UNITEX INTERNATIONAL FORWARDING (HK) LTD,Company,,HKHKG,UNIINTFHKG,,,,,,,,,,,,,,,,,,,,,,,,UNIINTFHKG,,,,,,,,,,,,,,,,,,,0,,,,,,,,,,,,,,,,,,,,,,,,,,,,,,
MERSHIPNH,MERIDIAN SHIPPING AGENCIES (CAMBODIA)PTE. LTD.,Company,,KHPNH,MERSHIPNH,,,,,,,,,,,,,,,,,,,,,,,,MERSHIPNH,,,,,,,,,,,,,,,,,,,0,,,,,,,,,,,,,,,,,,,,,,,,,,,,,,
UNIINTZGA,UNITEX INTERNATIONAL FORWARDING (GUANGZHOU) LIMITED,Company,,CNZGA,UNIINTZGA,,,,,,,,,,,,,,,,,,,,,,,,UNIINTZGA,,,,,,,,,,,,,,,,,,,0,,,,,,,,,,,,,,,,,,,,,,,,,,,,,,
SAGAIRBRU,SAGA AIR BELGIUM,Company,,BEBRU,SAGAIRBRU,,,,,,,,,,,,,,,,,,,,,,,,SAGAIRBRU,,,,,,,,,,,,,,,,,,,0,,,,,,,,,,,,,,,,,,,,,,,,,,,,,,
APRISABUE,APRILE S.A.,Company,,ARBUE,APRISABUE,,,,,,,,,,,,,,,,,,,,,,,,APRISABUE,,,,stefan.floty@viamat.com,,,,,,,,,,,,,,,0,,,,,,,,,,,,,,,,,,,,,,,,,,,,,,
KEELOGBOM,KEEL LOGISTICS PVT LTD,Company,,INBOM,KEELOGBOM,,,,,,,,,,,,,,,,,,,,,www.keellogistics.com,,,KEELOGBOM,,,,,,,,,,,,,,,,,,,0,,,,,,,,,,,,,,,,,,,,,,,,,,,,,,
EASSKYSHA,EASTERN SKY (SHANGHAI) LOGISTICS INC.,Company,,CNSHA,EASSKYSHA,,,,,,,,,,,,,,,,,,,,,,,,EASSKYSHA,,,,,,,,,,,,,,,,,,,0,,,,,,,,,,,,,,,,,,,,,,,,,,,,,,
DACHSETLS,DACHSER TOULOUSE,Company,,FRTLS,DACHSETLS,,,,,,,,,,,,,,,,,,,,,,,,DACHSETLS,,,,,,,,,,,,,,,,,,,0,,,,,,,,,,,,,,,,,,,,,,,,,,,,,,
ITOKORSEL,ITOCHU KOREA LTD C/O METRO LOGISTICS CO.,Company,,KRSEL,ITOKORSEL,,,,,,,,,,,,,,,,,,,,,,,,ITOKORSEL,,,email: see contacts,,,,,,,,,,,,,,,,0,,,,,,,,,,,,,,,,,,,,,,,,,,,,,,
JCTRADDLC,JC TRANS (DALIAN HEADQUARTER),Company,,CNDLC,JCTRADDLC,,,,,,,,,,,,,,,,,,,,,,,,JCTRADDLC,,,,overseasm@jctrans.com,,,,,,,,,,,,,,,0,,,,,,,,,,,,,,,,,,,,,,,,,,,,,,
VITINTSGN,VITRACO LTD. INT'L LOGISTIC,Company,,VNSGN,VITINTSGN,,,,,,,,,,,,,,,,,,,,,,,,VITINTSGN,,,,,,,,,,,,,,,,,,,0,,,,,,,,,,,,,,,,,,,,,,,,,,,,,,
MIDAMEXMN,MID-AMERICA OVERSEAS,Company,,CNXMN,MIDAMEXMN,,,,,,,,,,,,,,,,,,,,,,,,MIDAMEXMN,,,,mao_xmn@maoinc.com,,,,,,,,,,,,,,,0,,,,,,,,,,,,,,,,,,,,,,,,,,,,,,
KAMINTNYC,"KAMINO INTERNATIONAL TRANSPORT, INC.",Company,,USNYC,KAMINTNYC,,,,,,,,,,,,,,,,,,,,,,,,KAMINTNYC,,,,,,,,,,,,,,,,,,,0,,,,,,,,,,,,,,,,,,,,,,,,,,,,,,
CMLLON,CML  PLC,Company,,GBLON,CMLLON,,,,,,,,,,,,,,,,,,,,,,,,CMLLON,,,,,,,,,,,,,,,,,,,0,,,,,,,,,,,,,,,,,,,,,,,,,,,,,,
UNISZXAFE,UNITEX LOGISTICS LIMITED,Company,,CNSZX,UNISZXAFE,,,,,,,,,,,,,,,,,,,,,,,,UNISZXAFE,,,,op_expo@uif.com.hk,,,,,,,,,,,,,,,0,,,,,,,,,,,,,,,,,,,,,,,,,,,,,,
AIRSEASLC,AIR AND SEA INTERNATIONAL,Company,,USSLC,AIRSEASLC,,,,,,,,,,,,,,,,,,,,,,,,AIRSEASLC,,,,,,,,,,,,,,,,,,,0,,,,,,,,,,,,,,,,,,,,,,,,,,,,,,
CLARIDLUX,CLARIDON LUXEMBOURG SARL,Company,,LULUX,CLARIDLUX,,,,,,,,,,,,,,,,,,,,,,,,CLARIDLUX,,,,,,,,,,,,,,,,,,,0,,,,,,,,,,,,,,,,,,,,,,,,,,,,,,
CTILOGHKG,CTI LOGISTICS (HK) CO. LTD,Company,,HKHKG,CTILOGHKG,,,,,,,,,,,,,,,,,,,,,,,,CTILOGHKG,,,,,,,,,,,,,,,,,,,0,,,,,,,,,,,,,,,,,,,,,,,,,,,,,,
CARPARMUC,CARGO PARTNER GMBH,Company,,DEMUC,CARPARMUC,,,,,,,,,,,,,,,,,,,,,,,,CARPARMUC,,,,,,,,,,,,,,,,,,,0,,,,,,,,,,,,,,,,,,,,,,,,,,,,,,
MAPGLOBOS,MAPCARGO GLOBAL LOGISTICS (BOSTON),Company,,USBOS,MAPGLOBOS,,,,,,,,,,,,,,,,,,,,,,,,MAPGLOBOS,,,+8 (578) 91-8730,luigi@mapcargo.com,,,,,,,,,,,,,,,0,,,,,,,,,,,,,,,,,,,,,,,,,,,,,,
GEFCOSXB,GEFCO,Company,,FRSXB,GEFCOSXB,,,,,,,,,,,,,,,,,,,,,,,,GEFCOSXB,,,,,,,,,,,,,,,,,,,0,,,,,,,,,,,,,,,,,,,,,,,,,,,,,,
TARINTLAX,TARGET INTERNATIONAL SHIPPING,Company,,USLAX,TARINTLAX,,,,,,,,,,,,,,,,,,,,,,,,TARINTLAX,,,,,,,,,,,,,,,,,,,0,,,,,,,,,,,,,,,,,,,,,,,,,,,,,,
UNIINTXSA,UNITEX INT'L FORWARDING (GUANGZHOU) LTD.,Company,,CNXSA,UNIINTXSA,,,,,,,,,,,,,,,,,,,,,,,,UNIINTXSA,,,,guangzhou@uif.com.hk,,,,,,,,,,,,,,,0,,,,,,,,,,,,,,,,,,,,,,,,,,,,,,
OPTEXPKKCL,OPTEC EXPRESS (HK) LIMITED,Company,,HKCL4,OPTEXPKKCL,,,,,,,,,,,,,,,,,,,,,,,,OPTEXPKKCL,,,,,,,,,,,,,,,,,,,0,,,,,,,,,,,,,,,,,,,,,,,,,,,,,,
DEKOERLIJ,DE KOERIER,Company,,NLLIJ,DEKOERLIJ,,,,,,,,,,,,,,,,,,,,,,,,DEKOERLIJ,,,,,,,,,,,,,,,,,,,0,,,,,,,,,,,,,,,,,,,,,,,,,,,,,,
SENINTLIM,SENATOR  INTERNATIONAL (PERU),Company,,PELIM,SENINTLIM,,,,,,,,,,,,,,,,,,,,,,,,SENINTLIM,,,,,,,,,,,,,,,,,,,0,,,,,,,,,,,,,,,,,,,,,,,,,,,,,,
INTDOBSAO,INTERGLOBO DO BRASIL LOG. INT. LTDA,Company,,BRSAO,INTDOBSAO,,,,,,,,,,,,,,,,,,,,,,,,INTDOBSAO,,,,,,,,,,,,,,,,,,,0,,,,,,,,,,,,,,,,,,,,,,,,,,,,,,
KORSTASEL,KOR-STAR SHIPPING CO LTD,Company,,KRSEL,KORSTASEL,,,,,,,,,,,,,,,,,,,,,,,,KORSTASEL,,,,,,,,,,,,,,,,,,,0,,,,,,,,,,,,,,,,,,,,,,,,,,,,,,
DSVSOLSIN,DSV SOLUTIONS PTE. LTD.,Company,,SGSIN,DSVSOLSIN,,,,,,,,,,,,,,,,,,,,,www.dsv.com,,,DSVSOLSIN,,,,Ricky Bayla - DSV <ricky.bayla@dsv.com>,,,,,,,,,,,,,,,0,,,,,,,,,,,,,,,,,,,,,,,,,,,,,,
INTUSALGB,"INTERGLOBO USA, INC.",Company,,USLGB,INTUSALGB,,,,,,,,,,,,,,,,,,,,,,,,INTUSALGB,,,,,,,,,,,,,,,,,,,0,,,,,,,,,,,,,,,,,,,,,,,,,,,,,,
RHESINAFE,RHEMA EVENTS & ARTS SERVICES PTE LTD,Company,,SGSIN,RHESINAFE,,,,,,,,,,,,,,,,,,,,,,,,RHESINAFE,,,+6585189622,vincentr@rhemaevents.com,,,,,,,,,,,,,,,0,,,,,,,,,,,,,,,,,,,,,,,,,,,,,,
ATEAIRSTR,ATEGE / AIR,Company,,DESTR,ATEAIRSTR,,,,,,,,,,,,,,,,,,,,,,,,ATEAIRSTR,,,,martin.elmer@atege.e-mail.com,,,,,,,,,,,,,,,0,,,,,,,,,,,,,,,,,,,,,,,,,,,,,,
HAMTRUCEB,HAMAMOTO TRUCK SALES CORPORATION,Company,,PHCEB,HAMTRUCEB,,,,,,,,,,,,,,,,,,,,,,,,HAMTRUCEB,,,,,,,,,,,,,,,,,,,0,,,,,,,,,,,,,,,,,,,,,,,,,,,,,,
STUSHILAD,STURROCK SHIPPING ANGOLA LTD,Company,,AOLAD,STUSHILAD,,,,,,,,,,,,,,,,,,,,,,,,STUSHILAD,,,,agency.luanda@sturrockshipping.com,,,,,,,,,,,,,,,0,,,,,,,,,,,,,,,,,,,,,,,,,,,,,,
OTITPEAFE,"OTIM CO., LTD. (TAIWAN)",Company,,TWTPE,OTITPEAFE,,,,,,,,,,,,,,,,,,,,,,,,OTITPEAFE,,,+886934214645,jennifer@otim.com.tw,,,,,,,,,,,,,,,0,,,,,,,,,,,,,,,,,,,,,,,,,,,,,,
EPLSELAFE,EPLUS EXPO INC,Company,,KRSEL,EPLSELAFE,,,,,,,,,,,,,,,,,,,,,,,,EPLSELAFE,,,,justin_choi@eplusexpo.com,,,,,,,,,,,,,,,0,,,,,,,,,,,,,,,,,,,,,,,,,,,,,,
WARYUDJKT,PT. WARSUDHI YUDHA PUTRA,Company,,IDJKT,WARYUDJKT,,,,,,,,,,,,,,,,,,,,,,,,WARYUDJKT,,,,warsudhi@warsudhi.com,,,,,,,,,,,,,,,0,,,,,,,,,,,,,,,,,,,,,,,,,,,,,,
DYNWORLAX,DYNASTY WORLDWIDE LOGISTICS GROUP,Company,,USLAX,DYNWORLAX,,,,,,,,,,,,,,,,,,,,,,,,DYNWORLAX,,,,,,,,,,,,,,,,,,,0,,,,,,,,,,,,,,,,,,,,,,,,,,,,,,
SBSWORLHR,SBS WORLDWIDE LTD.,Company,,GBLHR,SBSWORLHR,,,,,,,,,,,,,,,,,,,,,,,,SBSWORLHR,,,,air@sbsworldwide.com,,,,,,,,,,,,,,,0,,,,,,,,,,,,,,,,,,,,,,,,,,,,,,
OMESHIIST,OMEGA SHIPPING TAS. VE TIC LTD STI,Company,,TRIST,OMESHIIST,,,,,,,,,,,,,,,,,,,,,,,,OMESHIIST,,,,leyla.taylan@omega-shipping.com,,,,,,,,,,,,,,,0,,,,,,,,,,,,,,,,,,,,,,,,,,,,,,
EASHARAFE,EASTMAN AUTO & POWER LTD.,Company,,INHAR,EASHARAFE,,,,,,,,,,,,,,,,,,,,,,,,EASHARAFE,,,+918587860764,ashish.saxena@eastmanglobal.com,,,,,,,,,,,,,,,0,,,,,,,,,,,,,,,,,,,,,,,,,,,,,,
QUASEABRV,QUALITAIR & SEA GERMANY GMBH,Company,,DEBRV,QUASEABRV,,,,,,,,,,,,,,,,,,,,,www.qualitairsea.com,,,QUASEABRV,,,+4915118269640,sascha.erdt@qualitairsea.com,,,,,,,,,,,,,,,0,,,,,,,,,,,,,,,,,,,,,,,,,,,,,,
HONCENCAN,HONGKONG CENTURY EXPRESS FT LOGISTICS CO,Company,,CNCAN,HONCENCAN,,,,,,,,,,,,,,,,,,,,,,,,HONCENCAN,,,,guangzhou@ceftlogistics.com,,,,,,,,,,,,,,,0,,,,,,,,,,,,,,,,,,,,,,,,,,,,,,
SBSWORNYC,SBS WORLDWIDE INC.,Company,,USNYC,SBSWORNYC,,,,,,,,,,,,,,,,,,,,,,,,SBSWORNYC,,,,,,,,,,,,,,,,,,,0,,,,,,,,,,,,,,,,,,,,,,,,,,,,,,
TRASHIORD,"TRANSCON SHIPPING CO., INC.",Company,,USORD,TRASHIORD,,,,,,,,,,,,,,,,,,,,,,,,TRASHIORD,,,,ORD@TransconShipping.com,,,,,,,,,,,,,,,0,,,,,,,,,,,,,,,,,,,,,,,,,,,,,,
CANBRIDEL,CANADA BRIGHTWAY SHIPPING LTD.,Company,,CADEL,CANBRIDEL,,,,,,,,,,,,,,,,,,,,,,,,CANBRIDEL,,,,,,,,,,,,,,,,,,,0,,,,,,,,,,,,,,,,,,,,,,,,,,,,,,
NOALOGVLC,NOATUM LOGISTICS SPAIN,Company,,ESVLC,NOALOGVLC,,,,,,,,,,,,,,,,,,,,,,,,NOALOGVLC,,,,,,,,,,,,,,,,,,,0,,,,,,,,,,,,,,,,,,,,,,,,,,,,,,
EXPFREMUB,EXPO FREIGHT PVT LTD.,Company,,INMUB,EXPFREMUB,,,,,,,,,,,,,,,,,,,,,,,,EXPFREMUB,,,,,,,,,,,,,,,,,,,0,,,,,,,,,,,,,,,,,,,,,,,,,,,,,,
ALBATRFOA,ALBATRANS INC.,Company,,USFOA,ALBATRFOA,,,,,,,,,,,,,,,,,,,,,,,,ALBATRFOA,,,,,,,,,,,,,,,,,,,0,,,,,,,,,,,,,,,,,,,,,,,,,,,,,,
TCGGLOSHA,TCG GLOBAL LOGISTICS (CHINA) CO. LTD,Company,,CNSHA,TCGGLOSHA,,,,,,,,,,,,,,,,,,,,,,,,TCGGLOSHA,,,,,,,,,,,,,,,,,,,0,,,,,,,,,,,,,,,,,,,,,,,,,,,,,,
XIAWORXMN,"XIAMEN WORLD-LINKS FREIGHT SERVICES CO., LTD",Company,,CNXMN,XIAWORXMN,,,,,,,,,,,,,,,,,,,,,,,,XIAWORXMN,,,,levine.zheng@gmail.com,,,,,,,,,,,,,,,0,,,,,,,,,,,,,,,,,,,,,,,,,,,,,,
GINLOGTSN2,GINTER LOGISTICS SERVICE INC.,Company,,CNTSN,GINLOGTSN2,,,,,,,,,,,,,,,,,,,,,,,,GINLOGTSN2,,,,,,,,,,,,,,,,,,,0,,,,,,,,,,,,,,,,,,,,,,,,,,,,,,
KEMSELAFE,"KEMI-LEE CO., LTD.",Company,,KRSEL,KEMSELAFE,,,,,,,,,,,,,,,,,,,,,,,,KEMSELAFE,,,+821065520219,lauren@kemi-lee.co.kr,,,,,,,,,,,,,,,0,,,,,,,,,,,,,,,,,,,,,,,,,,,,,,
ZHEDTWHGH,"ZHEJIANG DTW INTERNATIONAL TRANSPORTATION CO.,LTD",Company,,CNHGH,ZHEDTWHGH,,,,,,,,,,,,,,,,,,,,,,,,ZHEDTWHGH,,,,,,,,,,,,,,,,,,,0,,,,,,,,,,,,,,,,,,,,,,,,,,,,,,
SCAGLOEBJ,SCAN GLOBAL LOGISTICS,Company,,DKEBJ,SCAGLOEBJ,,,,,,,,,,,,,,,,,,,,,,,,SCAGLOEBJ,,,,,,,,,,,,,,,,,,,0,,,,,,,,,,,,,,,,,,,,,,,,,,,,,,
MEDTSAPIR,MEDTAINER SA,Company,,GRPIR,MEDTSAPIR,,,,,,,,,,,,,,,,,,,,,,,,MEDTSAPIR,,,,,,,,,,,,,,,,,,,0,,,,,,,,,,,,,,,,,,,,,,,,,,,,,,
SHESHISZX,SHENZHEN SHINING OCEAN INTERNATIONAL,Company,,CNSZX,SHESHISZX,,,,,,,,,,,,,,,,,,,,,,,,SHESHISZX,,,,,,,,,,,,,,,,,,,0,,,,,,,,,,,,,,,,,,,,,,,,,,,,,,
NOALOGMDW,"NOATUM LOGISTICS USA, LLC",Company,,USCHI,NOALOGMDW,,,,,,,,,,,,,,,,,,,,,,,,NOALOGMDW,,,,,,,,,,,,,,,,,,,0,,,,,,,,,,,,,,,,,,,,,,,,,,,,,,
WORNETBKK,"WORLD NET LOGISTICS ( THAILAND) CO., LTD",Company,,THBKK,WORNETBKK,,,,,,,,,,,,,,,,,,,,,,,,WORNETBKK,,,,,,,,,,,,,,,,,,,0,,,,,,,,,,,,,,,,,,,,,,,,,,,,,,
GLOCOUHAM,GLOBEX COURIERS 24 GMBH,Company,,DEHAM,GLOCOUHAM,,,,,,,,,,,,,,,,,,,,,,,,GLOCOUHAM,,,,,,,,,,,,,,,,,,,0,,,,,,,,,,,,,,,,,,,,,,,,,,,,,,
KSSPEDBEG,KS SPEDITION & LOGISTIC DOO,Company,,RSBEG,KSSPEDBEG,,,,,,,,,,,,,,,,,,,,,,,,KSSPEDBEG,,,,,,,,,,,,,,,,,,,0,,,,,,,,,,,,,,,,,,,,,,,,,,,,,,
EXSANLRTM,EXSAN NL,Company,,NLRTM,EXSANLRTM,,,,,,,,,,,,,,,,,,,,,www.exsan.nl,,,EXSANLRTM,,,+31650233508,,,,,,,,,,,,,,,,0,,,,,,,,,,,,,,,,,,,,,,,,,,,,,,
REALOGHKG,REALCO LOGISTICS LTD.,Company,,HKHKG,REALOGHKG,,,,,,,,,,,,,,,,,,,,,,,,REALOGHKG,,,,,,,,,,,,,,,,,,,0,,,,,,,,,,,,,,,,,,,,,,,,,,,,,,
WORLOGFOC,WORKERS LOGISTICS,Company,,CNFOC,WORLOGFOC,,,,,,,,,,,,,,,,,,,,,,,,WORLOGFOC,,,,,,,,,,,,,,,,,,,0,,,,,,,,,,,,,,,,,,,,,,,,,,,,,,
TIGUSAZFT,"TIGERS (USA) GLOBAL LOGISTICS, INC",Company,,USZFT,TIGUSAZFT,,,,,,,,,,,,,,,,,,,,,,,,TIGUSAZFT,,,,,,,,,,,,,,,,,,,0,,,,,,,,,,,,,,,,,,,,,,,,,,,,,,
QUAINTGAU,QUAD INTERNATIONAL LOGISTICS,Company,,ZAGAU,QUAINTGAU,,,,,,,,,,,,,,,,,,,,,,,,QUAINTGAU,,,,info@qilogistics.com,,,,,,,,,,,,,,,0,,,,,,,,,,,,,,,,,,,,,,,,,,,,,,
MILLOGSHA,MILLENNIUM LOGISTICS (SHENZHEN) LTD.,Company,,CNSHA,MILLOGSHA,,,,,,,,,,,,,,,,,,,,,,,,MILLOGSHA,,,,,,,,,,,,,,,,,,,0,,,,,,,,,,,,,,,,,,,,,,,,,,,,,,
SKYEXPSEL,SKYWAY EXPRESS INC.,Company,,KRSEL,SKYEXPSEL,,,,,,,,,,,,,,,,,,,,,,,,SKYEXPSEL,,,,skywy@chollian.net,,,,,,,,,,,,,,,0,,,,,,,,,,,,,,,,,,,,,,,,,,,,,,
ROHLIESIN,ROHDE & LIESENFELD PTE LTD,Company,,SGSIN,ROHLIESIN,,,,,,,,,,,,,,,,,,,,,,,,ROHLIESIN,,,,info@rlsin.com.sg,,,,,,,,,,,,,,,0,,,,,,,,,,,,,,,,,,,,,,,,,,,,,,
SENINTBKK,SENATOR INTERNATIONAL LOGISTICS LTD (BANGKOK),Company,,THBKK,SENINTBKK,,,,,,,,,,,,,,,,,,,,,,,,SENINTBKK,,,,bangkok@senator-internationa.com,,,,,,,,,,,,,,,0,,,,,,,,,,,,,,,,,,,,,,,,,,,,,,
BETFULZZU,"BETTEREAM FULL SHIPPING CO., LTD",Company,,CNZZU,BETFULZZU,,,,,,,,,,,,,,,,,,,,,,,,BETFULZZU,,,,,,,,,,,,,,,,,,,0,,,,,,,,,,,,,,,,,,,,,,,,,,,,,,
WENPARPKG,WEN PARKER LOGISTICS (M) SDN BHD,Company,,MYPKG,WENPARPKG,,,,,,,,,,,,,,,,,,,,,,,,WENPARPKG,,,,,,,,,,,,,,,,,,,0,,,,,,,,,,,,,,,,,,,,,,,,,,,,,,
UNIFREKHI,UNIVERSAL FREIGHT SYSTEMS (PVT) LIMITED,Company,,PKKHI,UNIFREKHI,,,,,,,,,,,,,,,,,,,,,,,,UNIFREKHI,,,,,,,,,,,,,,,,,,,0,,,,,,,,,,,,,,,,,,,,,,,,,,,,,,
INTUSANYC,INTERGLOBO USA,Company,,USNYC,INTUSANYC,,,,,,,,,,,,,,,,,,,,,,,,INTUSANYC,,,+15164034089,,,,,,,,,,,,,,,,0,,,,,,,,,,,,,,,,,,,,,,,,,,,,,,
CMACGMANR,CMA CGM LOG,Company,,BEANR,CMACGMANR,,,,,,,,,,,,,,,,,,,,,www.cmacgm-log.com,,,CMACGMANR,,,,ant.wdenijs@cmacgm-log.com,,,,,,,,,,,,,,,0,,,,,,,,,,,,,,,,,,,,,,,,,,,,,,
KERSPEKHH,"KERRY SPEEDY LOGISTICS CO., LTD",Company,,TWKHH,KERSPEKHH,,,,,,,,,,,,,,,,,,,,,,,,KERSPEKHH,,,,,,,,,,,,,,,,,,,0,,,,,,,,,,,,,,,,,,,,,,,,,,,,,,
APTHKGAFE,APT SHOWFREIGHT LTD. HONGKONG,Company,,HKHKG,APTHKGAFE,,,,,,,,,,,,,,,,,,,,,,,,APTHKGAFE,,,,jenny.yau@aptshowfreight.com,,,,,,,,,,,,,,,0,,,,,,,,,,,,,,,,,,,,,,,,,,,,,,
WAPLOGSHA,WAP LOGISTICS (SHANGHAI)CO.LTD.,Company,,CNSHA,WAPLOGSHA,,,,,,,,,,,,,,,,,,,,,,,,WAPLOGSHA,,,,operations.cn@wap-logistics.com,,,,,,,,,,,,,,,0,,,,,,,,,,,,,,,,,,,,,,,,,,,,,,
MAISPAMXP1,MAIMEX SPA,Company,,ITMXP,MAISPAMXP1,,,,,,,,,,,,,,,,,,,,,,,,MAISPAMXP1,,,,,,,,,,,,,,,,,,,0,,,,,,,,,,,,,,,,,,,,,,,,,,,,,,
KIMLOGSZX,KIMWARD LOGISTICS SHENZHEN LTD.,Company,,CNSZX,KIMLOGSZX,,,,,,,,,,,,,,,,,,,,,,,,KIMLOGSZX,,,,,,,,,,,,,,,,,,,0,,,,,,,,,,,,,,,,,,,,,,,,,,,,,,
BRAAIRRML,BRANDT AIR SERVICES PVT LTD,Company,,LKRML,BRAAIRRML,,,,,,,,,,,,,,,,,,,,,,,,BRAAIRRML,,,+94112599631,,,,,,,,,,,,,,,,0,,,,,,,,,,,,,,,,,,,,,,,,,,,,,,
EMBFRESIN,EMBASSY FREIGHT SERVICES PTE LTD,Company,,SGSIN,EMBFRESIN,,,,,,,,,,,,,,,,,,,,,,,,EMBFRESIN,,,,,,,,,,,,,,,,,,,0,,,,,,,,,,,,,,,,,,,,,,,,,,,,,,
MAXSZXAFE,"MAXSPEED LOGISTICS CO., LTD.",Company,,CNSZX,MAXSZXAFE,,,,,,,,,,,,,,,,,,,,,,,,MAXSZXAFE,,,,expo_pic2@szmaxspeed.com,,,,,,,,,,,,,,,0,,,,,,,,,,,,,,,,,,,,,,,,,,,,,,
TCGLOGSHA,"TCG LOGISTICS (CHINA) CO., LTD.",Company,,CNSHA,TCGLOGSHA,,,,,,,,,,,,,,,,,,,,,,,,TCGLOGSHA,,,,,,,,,,,,,,,,,,,0,,,,,,,,,,,,,,,,,,,,,,,,,,,,,,
APCREAXMN,APC-REALCO (HK) LTD/INTL COMM VIA SHA,Company,,CNXMN,APCREAXMN,,,,,,,,,,,,,,,,,,,,,,,,APCREAXMN,,,,sofiachen@realco-cn.com,,,,,,,,,,,,,,,0,,,,,,,,,,,,,,,,,,,,,,,,,,,,,,
JUMSHIJKT,JUMBO SHIPPING INDONESIA,Company,,IDJKT,JUMSHIJKT,,,,,,,,,,,,,,,,,,,,,,,,JUMSHIJKT,,,,jumbojkt@jumboindo.com,,,,,,,,,,,,,,,0,,,,,,,,,,,,,,,,,,,,,,,,,,,,,,
DECCARVLC,DECOEXSA CARGO,Company,,ESVLC,DECCARVLC,,,,,,,,,,,,,,,,,,,,,,,,DECCARVLC,,,,info.vlc@decoexsa-mediterraneo.es,,,,,,,,,,,,,,,0,,,,,,,,,,,,,,,,,,,,,,,,,,,,,,
SKYSHIKPO,SKY SHIPPING CO. LTD.,Company,,KRKPO,SKYSHIKPO,,,,,,,,,,,,,,,,,,,,,,,,SKYSHIKPO,,,,,,,,,,,,,,,,,,,0,,,,,,,,,,,,,,,,,,,,,,,,,,,,,,
SHAORICAN,SHANGHAI ORIENT INTERGROUP INT'L TRANSPORTATION,Company,,CNCAN,SHAORICAN,,,,,,,,,,,,,,,,,,,,,,,,SHAORICAN,,,,,,,,,,,,,,,,,,,0,,,,,,,,,,,,,,,,,,,,,,,,,,,,,,
SHADAZSHA,SHANGHAI DAZHONG INT’L FORW.& TRANS.CO.LTD,Company,,CNSHA,SHADAZSHA,,,,,,,,,,,,,,,,,,,,,,,,SHADAZSHA,,,,,,,,,,,,,,,,,,,0,,,,,,,,,,,,,,,,,,,,,,,,,,,,,,
KTLAUSVTP,KTL AUSTRALIA,Company,,AUVTP,KTLAUSVTP,,,,,,,,,,,,,,,,,,,,,,,,KTLAUSVTP,,,,,,,,,,,,,,,,,,,0,,,,,,,,,,,,,,,,,,,,,,,,,,,,,,
LOGPLUERI,LOGISTICS PLUS INC.,Company,,USERI,LOGPLUERI,,,,,,,,,,,,,,,,,,,,,,,,LOGPLUERI,,,,,,,,,,,,,,,,,,,0,,,,,,,,,,,,,,,,,,,,,,,,,,,,,,
TOSENGIAK,TOSEI ENGINEERING CORP,Company,,JPIAK,TOSENGIAK,,,,,,,,,,,,,,,,,,,,,,,,TOSENGIAK,,,,,,,,,,,,,,,,,,,0,,,,,,,,,,,,,,,,,,,,,,,,,,,,,,
ARCLOGDLC,ARCH LOGISTICS CO LTD,Company,,CNDLC,ARCLOGDLC,,,,,,,,,,,,,,,,,,,,,,,,ARCLOGDLC,,,,,,,,,,,,,,,,,,,0,,,,,,,,,,,,,,,,,,,,,,,,,,,,,,
BERLOJIST,BERTAN LOJISTIK SAN VE DIS TIC LTD.,Company,,TRIST,BERLOJIST,,,,,,,,,,,,,,,,,,,,,,,,BERLOJIST,,,,,,,,,,,,,,,,,,,0,,,,,,,,,,,,,,,,,,,,,,,,,,,,,,
GPLOGICHI,GP LOGISTICS INC.,Company,,USCHI,GPLOGICHI,,,,,,,,,,,,,,,,,,,,,,,,GPLOGICHI,,,,cmullner@gplogistics.com,,,,,,,,,,,,,,,0,,,,,,,,,,,,,,,,,,,,,,,,,,,,,,
LOGFREILP,LOGFRET INC.,Company,,USILP,LOGFREILP,,,,,,,,,,,,,,,,,,,,,,,,LOGFREILP,,,,,,,,,,,,,,,,,,,0,,,,,,,,,,,,,,,,,,,,,,,,,,,,,,
SAIMARHAN,SAIGON MARITIME J.S. CO. LTD.,Company,,VNHAN,SAIMARHAN,,,,,,,,,,,,,,,,,,,,,,,,SAIMARHAN,,,,,,,,,,,,,,,,,,,0,,,,,,,,,,,,,,,,,,,,,,,,,,,,,,
PLEDONMNL,PLEASE DONT USE - MAIMEX SPA,Company,,PHMNL,PLEDONMNL,,,,,,,,,,,,,,,,,,,,,,,,PLEDONMNL,,,,gsciurba@maimex.it,,,,,,,,,,,,,,,0,,,,,,,,,,,,,,,,,,,,,,,,,,,,,,
APCLOGOSL,APC LOGICSTICS AS,Company,,NOOSL,APCLOGOSL,,,,,,,,,,,,,,,,,,,,,,,,APCLOGOSL,,,,paal.enge@apclogistics.no,,,,,,,,,,,,,,,0,,,,,,,,,,,,,,,,,,,,,,,,,,,,,,
CIGISPGOA,CIGISPED SRL,Company,,ITGOA,CIGISPGOA,,,,,,,,,,,,,,,,,,,,,,,,CIGISPGOA,,,,RAMONA@CIGISPEDAIR.IT,,,,,,,,,,,,,,,0,,,,,,,,,,,,,,,,,,,,,,,,,,,,,,
JIADTWNKG,JIANGSU DTW INTERNATIONAL TRANSPORTATION CO. LTD.,Company,,CNNKG,JIADTWNKG,,,,,,,,,,,,,,,,,,,,,,,,JIADTWNKG,,,,,,,,,,,,,,,,,,,0,,,,,,,,,,,,,,,,,,,,,,,,,,,,,,
UNIINTTSN1,UNITEX INTERNATIONAL FORWARDING TIANJIN LIMITED,Company,,CNTNJ,UNIINTTSN1,,,,,,,,,,,,,,,,,,,,,,,,UNIINTTSN1,,,,,,,,,,,,,,,,,,,0,,,,,,,,,,,,,,,,,,,,,,,,,,,,,,
TNTAIRAMS,TNT AIR & OCEAN BV,Company,,NLAMS,TNTAIRAMS,,,,,,,,,,,,,,,,,,,,,,,,TNTAIRAMS,,,,schiphol@tntairocean.nl,,,,,,,,,,,,,,,0,,,,,,,,,,,,,,,,,,,,,,,,,,,,,,
VIAMATZRH,(VIA) MAT MANAGEMENT LTD (HEAD OFFICE),Company,,CHZRH,VIAMATZRH,,,,,,,,,,,,,,,,,,,,,,,,VIAMATZRH,,,,peter.guettinger@viamat.com,,,,,,,,,,,,,,,0,,,,,,,,,,,,,,,,,,,,,,,,,,,,,,
CENGLOFRA,CENTRAL GLOBAL CARGO GMBH,Company,,DEFRA,CENGLOFRA,,,,,,,,,,,,,,,,,,,,,,,,CENGLOFRA,,,,,,,,,,,,,,,,,,,0,,,,,,,,,,,,,,,,,,,,,,,,,,,,,,
SENINTSHA,SENATOR INTERNATIONAL FRT FWDG.(SHANGHAI) CO. LTD.,Company,,CNSHA,SENINTSHA,,,,,,,,,,,,,,,,,,,,,www.senator-international.com,,,SENINTSHA,,,,shanghai@senator-international.com,,,,,,,,,,,,,,,0,,,,,,,,,,,,,,,,,,,,,,,,,,,,,,
MARFREKWN,MARSHAL FREIGHT INT'L LIMITED,Company,,HKKWN,MARFREKWN,,,,,,,,,,,,,,,,,,,,,,,,MARFREKWN,,,,,,,,,,,,,,,,,,,0,,,,,,,,,,,,,,,,,,,,,,,,,,,,,,
DTLOGISGN,"DT LOGISTICS (VN) CO., LTD.",Company,,VNSGN,DTLOGISGN,,,,,,,,,,,,,,,,,,,,,www.dt-asia.net,,,DTLOGISGN,,,+84909890053,seaexport.sgn@dt-asia.net,,,,,,,,,,,,,,,0,,,,,,,,,,,,,,,,,,,,,,,,,,,,,,
JMCGLOHOU2,JMC GLOBAL,Company,,USHOU,JMCGLOHOU2,,,,,,,,,,,,,,,,,,,,,,,,JMCGLOHOU2,,,,,,,,,,,,,,,,,,,0,,,,,,,,,,,,,,,,,,,,,,,,,,,,,,
RWSOLUHKG,RWSOLUTIONS LTD,Company,,HKHKG,RWSOLUHKG,,,,,,,,,,,,,,,,,,,,,,,,RWSOLUHKG,,,,,,,,,,,,,,,,,,,0,,,,,,,,,,,,,,,,,,,,,,,,,,,,,,
MOVONEDXB,MOVE ONE FZE,Company,,AEDXB,MOVONEDXB,,,,,,,,,,,,,,,,,,,,,,,,MOVONEDXB,,,,accountsreceivable@moveoneinc.com,,,,,,,,,,,,,,,0,,,,,,,,,,,,,,,,,,,,,,,,,,,,,,
MALAUSCRG,MALTACOURT AUSTRALIA PTY LTD,Company,,AUCRG,MALAUSCRG,,,,,,,,,,,,,,,,,,,,,,,,MALAUSCRG,,,,,,,,,,,,,,,,,,,0,,,,,,,,,,,,,,,,,,,,,,,,,,,,,,
SFTGONANNR,S.F.T. GONDRAND N.V,Company,,BEANR,SFTGONANNR,,,,,,,,,,,,,,,,,,,,,,,,SFTGONANNR,,,,,,,,,,,,,,,,,,,0,,,,,,,,,,,,,,,,,,,,,,,,,,,,,,
RAFINTPNH,RAF INT’L FORWARDING (CAMBODIA) INC.,Company,,KHPNH,RAFINTPNH,,,,,,,,,,,,,,,,,,,,,,,,RAFINTPNH,,,,,,,,,,,,,,,,,,,0,,,,,,,,,,,,,,,,,,,,,,,,,,,,,,
GPLOGIZFT,GP LOGISTICS,Company,,USZFT,GPLOGIZFT,,,,,,,,,,,,,,,,,,,,,,,,GPLOGIZFT,,,,,,,,,,,,,,,,,,,0,,,,,,,,,,,,,,,,,,,,,,,,,,,,,,
CMSHIPBUE,C&M SHIP BROKER ARGENTINA S.R.L.,Company,,ARBUE,CMSHIPBUE,,,,,,,,,,,,,,,,,,,,,,,,CMSHIPBUE,,,,,,,,,,,,,,,,,,,0,,,,,,,,,,,,,,,,,,,,,,,,,,,,,,
RHOLIECHI,RHODE & LIESENFELD INC.,Company,,USCHI,RHOLIECHI,,,,,,,,,,,,,,,,,,,,,,,,RHOLIECHI,,,,nc@roli.com,,,,,,,,,,,,,,,0,,,,,,,,,,,,,,,,,,,,,,,,,,,,,,
DMUINTDLC,DMU INTERNATIONAL HOLDINGS GROUP LIMITED,Company,,CNDLC,DMUINTDLC,,,,,,,,,,,,,,,,,,,,,www.dmu.com.cn,,,DMUINTDLC,,,,,,,,,,,,,,,,,,,0,,,,,,,,,,,,,,,,,,,,,,,,,,,,,,
SHACARDXB,SHARAF CARGO  LLC,Company,,AEDXB,SHACARDXB,,,,,,,,,,,,,,,,,,,,,,,,SHACARDXB,,,,,,,,,,,,,,,,,,,0,,,,,,,,,,,,,,,,,,,,,,,,,,,,,,
HECLINOSL,HECKSHER LINJEAGENTURER AS,Company,,NOOSL,HECLINOSL,,,,,,,,,,,,,,,,,,,,,http://www.heckhser.com,,,HECLINOSL,,,+4793845981,ocean.norway@hecksher.com,,,,,,,,,,,,,,,0,,,,,,,,,,,,,,,,,,,,,,,,,,,,,,
HONLANFOC,"HONOUR LANE SHIPPING LTD.-FUZHOU, CHINA",Company,,CNFOC,HONLANFOC,,,,,,,,,,,,,,,,,,,,,,,,HONLANFOC,,,,,,,,,,,,,,,,,,,0,,,,,,,,,,,,,,,,,,,,,,,,,,,,,,
VCKAIRAMS,VCK AIR B.V,Company,,NLAMS,VCKAIRAMS,,,,,,,,,,,,,,,,,,,,,,,,VCKAIRAMS,,,,p.bouterse@vcklogistics.nl,,,,,,,,,,,,,,,0,,,,,,,,,,,,,,,,,,,,,,,,,,,,,,
APCASINAY,APC ASIA PACIFIC CARGO (CHINA) LTD. BEIJING BRANCH,Company,,CNBJS,APCASINAY,,,,,,,,,,,,,,,,,,,,,,,,APCASINAY,,,,,,,,,,,,,,,,,,,0,,,,,,,,,,,,,,,,,,,,,,,,,,,,,,
SHEBEEAFE,"SHENZHEN BEEXPO INTERNATIONAL LOGISTICS CO., LTD.",Company,,CNSZX,SHEBEEAFE,,,,,,,,,,,,,,,,,,,,,,,,SHEBEEAFE,,,,mavis@beexpo.cn,,,,,,,,,,,,,,,0,,,,,,,,,,,,,,,,,,,,,,,,,,,,,,
SAGFRALEH,SAGA FRANCE,Company,,FRLEH,SAGFRALEH,,,,,,,,,,,,,,,,,,,,,www.sag.fr,,,SAGFRALEH,,,,,,,,,,,,,,,,,,,0,,,,,,,,,,,,,,,,,,,,,,,,,,,,,,
DEPDECZAZ,"DEPOSITOS DE COMERCIO EXTERIOR, S.A",Company,,ESZAZ,DEPDECZAZ,,,,,,,,,,,,,,,,,,,,,,,,DEPDECZAZ,,,,,,,,,,,,,,,,,,,0,,,,,,,,,,,,,,,,,,,,,,,,,,,,,,
MARBOHPRG,MARITIME BOHEMIA S.R.O,Company,,CZPRG,MARBOHPRG,,,,,,,,,,,,,,,,,,,,,,,,MARBOHPRG,,,,,,,,,,,,,,,,,,,0,,,,,,,,,,,,,,,,,,,,,,,,,,,,,,
SHEXUNSZX2,SHENZHEN XUNDATONG INT'L SHIPPING AGENCY,Company,,CNSZX,SHEXUNSZX2,,,,,,,,,,,,,,,,,,,,,,,,SHEXUNSZX2,,,,,,,,,,,,,,,,,,,0,,,,,,,,,,,,,,,,,,,,,,,,,,,,,,
SEULOGSEL,"SEUM LOGISTICS CO., LTD.",Company,,KRSEL,SEULOGSEL,,,,,,,,,,,,,,,,,,,,,,,,SEULOGSEL,,,+821090301325,victoria@seumexpo.co.kr,,,,,,,,,,,,,,,0,,,,,,,,,,,,,,,,,,,,,,,,,,,,,,
VBLLOGKWN,VBL LOGISTICS LIMITED,Company,,HKKWN,VBLLOGKWN,,,,,,,,,,,,,,,,,,,,,,,,VBLLOGKWN,,,,,,,,,,,,,,,,,,,0,,,,,,,,,,,,,,,,,,,,,,,,,,,,,,
DOSMOYHEL,DOSMAR OY,Company,,FIHEL,DOSMOYHEL,,,,,,,,,,,,,,,,,,,,,,,,DOSMOYHEL,,,,,,,,,,,,,,,,,,,0,,,,,,,,,,,,,,,,,,,,,,,,,,,,,,
CANINTSHA,"CANSIN INTERNATIONAL LOGISTICS (SHANGHAI) CO., LTD",Company,,CNSHA,CANINTSHA,,,,,,,,,,,,,,,,,,,,,,,,CANINTSHA,,,,,,,,,,,,,,,,,,,0,,,,,,,,,,,,,,,,,,,,,,,,,,,,,,
FRESYSDOH,FREIGHT SYSTEMS CO. LTD. WLL,Company,,QADOH,FRESYSDOH,,,,,,,,,,,,,,,,,,,,,,,,FRESYSDOH,,,,,,,,,,,,,,,,,,,0,,,,,,,,,,,,,,,,,,,,,,,,,,,,,,
TTGEVESIN,TTG EVENTS,Company,,SGSIN,TTGEVESIN,,,,,,,,,,,,,,,,,,,,,,,,TTGEVESIN,,,,samantha.kee@ttgasia.com,,,,,,,,,,,,,,,0,,,,,,,,,,,,,,,,,,,,,,,,,,,,,,
GRAINTTLS,GRAVELEAU INTERNATIONAL,Company,,FRTLS,GRAINTTLS,,,,,,,,,,,,,,,,,,,,,,,,GRAINTTLS,,,,,,,,,,,,,,,,,,,0,,,,,,,,,,,,,,,,,,,,,,,,,,,,,,
VIDPETBOM,VIDYA PETROLEUM (INDIA) PVT. LTD.,Company,,INBOM,VIDPETBOM,,,,,,,,,,,,,,,,,,,,,,,,VIDPETBOM,,,+912227564509,sales@vidyapetroleum.com,,,,,,,,,,,,,,,0,,,,,,,,,,,,,,,,,,,,,,,,,,,,,,
SAVDELSYD,SAVINO DEL BENE,Company,,AUSYD,SAVDELSYD,,,,,,,,,,,,,,,,,,,,,,,,SAVDELSYD,,,,vic.ali@savinodelbene.com,,,,,,,,,,,,,,,0,,,,,,,,,,,,,,,,,,,,,,,,,,,,,,
ATLSHIDEL,ATLAS SHIPPING SERVICES PVT. LTD,Company,,INDEL,ATLSHIDEL,,,,,,,,,,,,,,,,,,,,,,,,ATLSHIDEL,,,+918826913636,,,,,,,,,,,,,,,,0,,,,,,,,,,,,,,,,,,,,,,,,,,,,,,
GUARHICAN,GUANGZHO R&H INTERNATINAL LOGISTICS,Company,,CNCAN,GUARHICAN,,,,,,,,,,,,,,,,,,,,,,,,GUARHICAN,,,+63861345045,karmen_overseas@gzrh.net.cn,,,,,,,,,,,,,,,0,,,,,,,,,,,,,,,,,,,,,,,,,,,,,,
ARASAKKWI,ARATRANS SAK,Company,,KWKWI,ARASAKKWI,,,,,,,,,,,,,,,,,,,,,,,,ARASAKKWI,,,,,,,,,,,,,,,,,,,0,,,,,,,,,,,,,,,,,,,,,,,,,,,,,,
TONSHISEL,TONGJIN SHIPPING CO. LTD.,Company,,KRSEL,TONSHISEL,,,,,,,,,,,,,,,,,,,,,,,,TONSHISEL,,,,,,,,,,,,,,,,,,,0,,,,,,,,,,,,,,,,,,,,,,,,,,,,,,
ILSCARMEX,ILS CARGO (INT'L LOGISTICS SPEDITION),Company,,MXMEX,ILSCARMEX,,,,,,,,,,,,,,,,,,,,,,,,ILSCARMEX,,,,ilscargomex@prodigy.net.mx,,,,,,,,,,,,,,,0,,,,,,,,,,,,,,,,,,,,,,,,,,,,,,
ACEEXPSEL,A.C.E EXPRESS KOREA (FORMERLY PAX GLOBAL),Company,,KRSEL,ACEEXPSEL,,,,,,,,,,,,,,,,,,,,,,,,ACEEXPSEL,,,,pax@paxglobalcargo.com,,,,,,,,,,,,,,,0,,,,,,,,,,,,,,,,,,,,,,,,,,,,,,
TOPTRABKK,"TOPS TRANSPORT & LOGISTICS CO., LTD.",Company,,THBKK,TOPTRABKK,,,,,,,,,,,,,,,,,,,,,,,,TOPTRABKK,,,,see contacts,,,,,,,,,,,,,,,0,,,,,,,,,,,,,,,,,,,,,,,,,,,,,,
MDMFORNAP,MDM FORWARDING SRL,Company,,ITNAP,MDMFORNAP,,,,,,,,,,,,,,,,,,,,,,,,MDMFORNAP,,,,,,,,,,,,,,,,,,,0,,,,,,,,,,,,,,,,,,,,,,,,,,,,,,
APOLOGTPE,APOLLO LOGISTICS LTD.,Company,,TWTPE,APOLOGTPE,,,,,,,,,,,,,,,,,,,,,,,,APOLOGTPE,,,,apoline@apollo-logistics.com,,,,,,,,,,,,,,,0,,,,,,,,,,,,,,,,,,,,,,,,,,,,,,
AVAEXPYQB,AVANTAGE EXPRESS,Company,,CAQUE,AVAEXPYQB,,,,,,,,,,,,,,,,,,,,,,,,AVAEXPYQB,,,,peter@avantageexpress.com,,,,,,,,,,,,,,,0,,,,,,,,,,,,,,,,,,,,,,,,,,,,,,
ROYSUVBKK,ROYAL SUVARNABHUMI LOGISTICS CO. LTD.,Company,,THBKK,ROYSUVBKK,,,,,,,,,,,,,,,,,,,,,,,,ROYSUVBKK,,,,,,,,,,,,,,,,,,,0,,,,,,,,,,,,,,,,,,,,,,,,,,,,,,
ITSOSA,ITS CORPORATION,Company,,JPOSA,ITSOSA,,,,,,,,,,,,,,,,,,,,,,,,ITSOSA,,,,itsjapan-exp@cup.ocn.ne.jp,,,,,,,,,,,,,,,0,,,,,,,,,,,,,,,,,,,,,,,,,,,,,,
INTQUENYC,INTERGLOBO QUEIROLO USA,Company,,USNYC,INTQUENYC,,,,,,,,,,,,,,,,,,,,,,,,INTQUENYC,,,,,,,,,,,,,,,,,,,0,,,,,,,,,,,,,,,,,,,,,,,,,,,,,,
ANSLOGSIN,ANSHIN LOGISTICS PTE LTD,Company,,SGSIN,ANSLOGSIN,,,,,,,,,,,,,,,,,,,,,,,,ANSLOGSIN,,,,,,,,,,,,,,,,,,,0,,,,,,,,,,,,,,,,,,,,,,,,,,,,,,
POLTRATPE,POLAR TRANS INTERNATIONAL CORP.,Company,,TWTPE,POLTRATPE,,,,,,,,,,,,,,,,,,,,,,,,POLTRATPE,,,,polartrans@m2.dj.net.tw,,,,,,,,,,,,,,,0,,,,,,,,,,,,,,,,,,,,,,,,,,,,,,
MARAIRIST,MARS AIR SEA FREIGHT FORWARDING&TOURISM,Company,,TRIST,MARAIRIST,,,,,,,,,,,,,,,,,,,,,,,,MARAIRIST,,,,airsea@marslogistics.com,,,,,,,,,,,,,,,0,,,,,,,,,,,,,,,,,,,,,,,,,,,,,,
JIAAIRNKG,JIANGSU AIR & SEA FREIGHT FORWARDING,Company,,CNNKG,JIAAIRNKG,,,,,,,,,,,,,,,,,,,,,,,,JIAAIRNKG,,,,accounting@nasfreight.com,,,,,,,,,,,,,,,0,,,,,,,,,,,,,,,,,,,,,,,,,,,,,,
IVOVIVZRH,IVOCLAR VIVADENT AG,Company,,CHZRH,IVOVIVZRH,,,,,,,,,,,,,,,,,,,,,,,,IVOVIVZRH,,,,,,,,,,,,,,,,,,,0,,,,,,,,,,,,,,,,,,,,,,,,,,,,,,
ARTNESSIN,ARTNESSY PTE LTD,Company,,SGSIN,ARTNESSIN,,,,,,,,,,,,,,,,,,,,,,,,ARTNESSIN,,,,,,,,,,,,,,,,,,,0,,,,,,,,,,,,,,,,,,,,,,,,,,,,,,
TIACITTSN,TIANJIN CITY TIANYI YONGSHENG TRADE CO.,Company,,CNTSN,TIACITTSN,,,,,,,,,,,,,,,,,,,,,,,,TIACITTSN,,,,,,,,,,,,,,,,,,,0,,,,,,,,,,,,,,,,,,,,,,,,,,,,,,
KAMINTATL,KAMINO INTERNATIONAL TRANSPORT INC.,Company,,USATL,KAMINTATL,,,,,,,,,,,,,,,,,,,,,,,,KAMINTATL,,,,,,,,,,,,,,,,,,,0,,,,,,,,,,,,,,,,,,,,,,,,,,,,,,
PETRASMAN,PETRASCO SERVICES LTD,Company,,GBMNC,PETRASMAN,,,,,,,,,,,,,,,,,,,,,,,,PETRASMAN,,,,,,,,,,,,,,,,,,,0,,,,,,,,,,,,,,,,,,,,,,,,,,,,,,
ATEISESIN,ATEIS SE PTE LTD.,Company,,SGSIN,ATEISESIN,,,,,,,,,,,,,,,,,,,,,www.ateis.com,,,ATEISESIN,,,,,,,,,,,,,,,,,,,0,,,,,,,,,,,,,,,,,,,,,,,,,,,,,,
PATINTNGB,PATENT INTERNATIONAL LOGITICS,Company,,CNNGB,PATINTNGB,,,,,,,,,,,,,,,,,,,,,,,,PATINTNGB,,,,,,,,,,,,,,,,,,,0,,,,,,,,,,,,,,,,,,,,,,,,,,,,,,
LEMINTGRV,LEMAN INTERNATIONAL SYSTEM TRANSPORT A/S,Company,,DKGRV,LEMINTGRV,,,,,,,,,,,,,,,,,,,,,,,,LEMINTGRV,,,,,,,,,,,,,,,,,,,0,,,,,,,,,,,,,,,,,,,,,,,,,,,,,,
MIQLOGEGH,MIQ LOGISTICS LIMITED,Company,,GBEGH,MIQLOGEGH,,,,,,,,,,,,,,,,,,,,,www.miq.co.uk,,,MIQLOGEGH,,,+447976923803,,,,,,,,,,,,,,,,0,,,,,,,,,,,,,,,,,,,,,,,,,,,,,,
FREEXPMEA,FREIGHT EXPERT,Company,,FRMEA,FREEXPMEA,,,,,,,,,,,,,,,,,,,,,,,,FREEXPMEA,,,,,,,,,,,,,,,,,,,0,,,,,,,,,,,,,,,,,,,,,,,,,,,,,,
QCSLOGKLA,QCS LOGISTICS SDN BHD,Company,,MYKLA,QCSLOGKLA,,,,,,,,,,,,,,,,,,,,,,,,QCSLOGKLA,,,,,,,,,,,,,,,,,,,0,,,,,,,,,,,,,,,,,,,,,,,,,,,,,,
SHATOPNGB,"SHANGHAI TOP SPEED SHIPPING CO., LTD",Company,,CNNGB,SHATOPNGB,,,,,,,,,,,,,,,,,,,,,,,,SHATOPNGB,,,,,,,,,,,,,,,,,,,0,,,,,,,,,,,,,,,,,,,,,,,,,,,,,,
SEAEVEAFE,SEA-EVER LOGISTICS LIMITED,Company,,CNGGZ,SEAEVEAFE,,,,,,,,,,,,,,,,,,,,,,,,SEAEVEAFE,,,+8617876618737,ellie@seaever.com,,,,,,,,,,,,,,,0,,,,,,,,,,,,,,,,,,,,,,,,,,,,,,
NTGGLOVAT,NTG GLOBAL FINLAND OY,Company,,FIVAT,NTGGLOVAT,,,,,,,,,,,,,,,,,,,,,,,,NTGGLOVAT,,,,,,,,,,,,,,,,,,,0,,,,,,,,,,,,,,,,,,,,,,,,,,,,,,
MIDAMEDUB,"MID-AMERICA OVERSEAS, INC.",Company,,IEDUB,MIDAMEDUB,,,,,,,,,,,,,,,,,,,,,,,,MIDAMEDUB,,,,,,,,,,,,,,,,,,,0,,,,,,,,,,,,,,,,,,,,,,,,,,,,,,
SOMMARNYC,SOMERSET MARINE,Company,,USNYC,SOMMARNYC,,,,,,,,,,,,,,,,,,,,,,,,SOMMARNYC,,,,,,,,,,,,,,,,,,,0,,,,,,,,,,,,,,,,,,,,,,,,,,,,,,
TARLOGTPE,TARGET LOGISTICS C/O SPEEDY EXPRESS,Company,,TWTPE,TARLOGTPE,,,,,,,,,,,,,,,,,,,,,,,,TARLOGTPE,,,,tpe.international@targetlogistics.com,,,,,,,,,,,,,,,0,,,,,,,,,,,,,,,,,,,,,,,,,,,,,,
NOALOJIZM,NOATUM LOJISTIK ANONIM SIRKETI,Company,,TRIZM,NOALOJIZM,,,,,,,,,,,,,,,,,,,,,,,,NOALOJIZM,,,,erayyukseker@noatumlogistics.com,,,,,,,,,,,,,,,0,,,,,,,,,,,,,,,,,,,,,,,,,,,,,,
INTSCAOSL,INTER-SCAN SEA & AIR AS,Company,,NOOSL,INTSCAOSL,,,,,,,,,,,,,,,,,,,,,,,,INTSCAOSL,,,,,,,,,,,,,,,,,,,0,,,,,,,,,,,,,,,,,,,,,,,,,,,,,,
CTOCHIHKG,CTO (CHINA) GLOBAL LOGISTICS LTD.,Company,,HKHKG,CTOCHIHKG,,,,,,,,,,,,,,,,,,,,,,,,CTOCHIHKG,,,,,,,,,,,,,,,,,,,0,,,,,,,,,,,,,,,,,,,,,,,,,,,,,,
BINGLOJKT,PT. BINA GLOBAL TRANSPORT,Company,,IDJKT,BINGLOJKT,,,,,,,,,,,,,,,,,,,,,,,,BINGLOJKT,,,,,,,,,,,,,,,,,,,0,,,,,,,,,,,,,,,,,,,,,,,,,,,,,,
SVHVAT,SVH FINLAND,Company,,FIVAT,SVHVAT,,,,,,,,,,,,,,,,,,,,,,,,SVHVAT,,,+358504665652,jl@svhfinland.fi,,,,,,,,,,,,,,,0,,,,,,,,,,,,,,,,,,,,,,,,,,,,,,
ANDSCHGHN,ANDREAS SCHMID INT.SPEDTION GMBH & CO.KG,Company,,DEGHN,ANDSCHGHN,,,,,,,,,,,,,,,,,,,,,,,,ANDSCHGHN,,,,,,,,,,,,,,,,,,,0,,,,,,,,,,,,,,,,,,,,,,,,,,,,,,
JASLOGSRG,PT. JASCO LOGISTICS,Company,,IDSRG,JASLOGSRG,,,,,,,,,,,,,,,,,,,,,,,,JASLOGSRG,,,,,,,,,,,,,,,,,,,0,,,,,,,,,,,,,,,,,,,,,,,,,,,,,,
LEMUSANYC,LEMAN USA INC.,Company,,USNYC,LEMUSANYC,,,,,,,,,,,,,,,,,,,,,,,,LEMUSANYC,,,,mikael.olesen@lemanusa.com,,,,,,,,,,,,,,,0,,,,,,,,,,,,,,,,,,,,,,,,,,,,,,
RAIHASDXB,RAIS HASSAN SAADI L.L.C,Company,,AEDXB,RAIHASDXB,,,,,,,,,,,,,,,,,,,,,,,,RAIHASDXB,,,,jenifa.d@raishassansaadi.com,,,,,,,,,,,,,,,0,,,,,,,,,,,,,,,,,,,,,,,,,,,,,,
TIEFFEPSA,TIEFFE GROUP SRL,Company,,ITPSA,TIEFFEPSA,,,,,,,,,,,,,,,,,,,,,,,,TIEFFEPSA,,,,,,,,,,,,,,,,,,,0,,,,,,,,,,,,,,,,,,,,,,,,,,,,,,
UNISTASZX,UNI-STAR INTERNATIONAL LOGISTICS SERVICE,Company,,CNSZX,UNISTASZX,,,,,,,,,,,,,,,,,,,,,,,,UNISTASZX,,,,,,,,,,,,,,,,,,,0,,,,,,,,,,,,,,,,,,,,,,,,,,,,,,
REALOGDLC,REALCO LOGISTICS LTD,Company,,CNDLC,REALOGDLC,,,,,,,,,,,,,,,,,,,,,,,,REALOGDLC,,,,,,,,,,,,,,,,,,,0,,,,,,,,,,,,,,,,,,,,,,,,,,,,,,
ESICDG,ESI,Company,,FRCDG,ESICDG,,,,,,,,,,,,,,,,,,,,,,,,ESICDG,,,+33675043557,emilie.nabais@group-esi.com,,,,,,,,,,,,,,,0,,,,,,,,,,,,,,,,,,,,,,,,,,,,,,
EVEFLORGN,EVER FLOW FORWARDING & GEN. SERVICES CO.,Company,,MMRGN,EVEFLORGN,,,,,,,,,,,,,,,,,,,,,,,,EVEFLORGN,,,,,,,,,,,,,,,,,,,0,,,,,,,,,,,,,,,,,,,,,,,,,,,,,,
IFXFREDXB,IFX FREIGHT AND LOGISTICS LLC,Company,,AEDXB,IFXFREDXB,,,,,,,,,,,,,,,,,,,,,,,,IFXFREDXB,,,,,,,,,,,,,,,,,,,0,,,,,,,,,,,,,,,,,,,,,,,,,,,,,,
FRESYSHKG,FREIGHT SYSTEMS (HK) PVT. LTD,Company,,HKHKG,FRESYSHKG,,,,,,,,,,,,,,,,,,,,,,,,FRESYSHKG,,,,,,,,,,,,,,,,,,,0,,,,,,,,,,,,,,,,,,,,,,,,,,,,,,
TRAGRAPAR,TRANSPORT GRAVELEA/HEAD OFFICE,Company,,FRPAR,TRAGRAPAR,,,,,,,,,,,,,,,,,,,,,,,,TRAGRAPAR,,,,,,,,,,,,,,,,,,,0,,,,,,,,,,,,,,,,,,,,,,,,,,,,,,
SCALOGTRG,SCALES LOGISTICS LIMTED,Company,,NZTRG,SCALOGTRG,,,,,,,,,,,,,,,,,,,,,,,,SCALOGTRG,,,,,,,,,,,,,,,,,,,0,,,,,,,,,,,,,,,,,,,,,,,,,,,,,,
VINSGNAFE,VINATRANS,Company,,VNSGN,VINSGNAFE,,,,,,,,,,,,,,,,,,,,,,,,VINSGNAFE,,,,chi-th@vinatrans.com.vn,,,,,,,,,,,,,,,0,,,,,,,,,,,,,,,,,,,,,,,,,,,,,,
HENESGYS,"HENES CO., LTD.",Company,,KRGYS,HENESGYS,,,,,,,,,,,,,,,,,,,,,,,,HENESGYS,,,,shjin@henes.co.kr,,,,,,,,,,,,,,,0,,,,,,,,,,,,,,,,,,,,,,,,,,,,,,
SLOCHAVLC,"SLOT CHARTER, SL",Company,,ESVLC,SLOCHAVLC,,,,,,,,,,,,,,,,,,,,,,,,SLOCHAVLC,,,,,,,,,,,,,,,,,,,0,,,,,,,,,,,,,,,,,,,,,,,,,,,,,,
CAREXPKKI,CARGO EXPRESS LTD.,Company,,RUKKI,CAREXPKKI,,,,,,,,,,,,,,,,,,,,,,,,CAREXPKKI,,,,,,,,,,,,,,,,,,,0,,,,,,,,,,,,,,,,,,,,,,,,,,,,,,
BLUCORJNB,BLUE CORE LOGISTICS,Company,,ZAJNB,BLUCORJNB,,,,,,,,,,,,,,,,,,,,,,,,BLUCORJNB,,,,wouter@bluecore-logistics.co.za,,,,,,,,,,,,,,,0,,,,,,,,,,,,,,,,,,,,,,,,,,,,,,
ROSCONNYC,ROSE CONTAINERLINE INC,Company,,USNYC,ROSCONNYC,,,,,,,,,,,,,,,,,,,,,,,,ROSCONNYC,,,,,,,,,,,,,,,,,,,0,,,,,,,,,,,,,,,,,,,,,,,,,,,,,,
NOVTRASOK,"NOVODELTA TRANSITARIO, S.A.",Company,,EGSOK,NOVTRASOK,,,,,,,,,,,,,,,,,,,,,,,,NOVTRASOK,,,+20 (9) 1671-5406,HMUNOZ@NOVODELTA.COM,,,,,,,,,,,,,,,0,,,,,,,,,,,,,,,,,,,,,,,,,,,,,,
LEAMUTSFO,LEADER MUTUAL FREIGHT SYSTEM INC.,Company,,USSFO,LEAMUTSFO,,,,,,,,,,,,,,,,,,,,,,,,LEAMUTSFO,,,,,,,,,,,,,,,,,,,0,,,,,,,,,,,,,,,,,,,,,,,,,,,,,,
SFTGONMAC,S.F.T. GONDRAND NV,Company,,BEMAC,SFTGONMAC,,,,,,,,,,,,,,,,,,,,,,,,SFTGONMAC,,,,Herman@gondrand.be,,,,,,,,,,,,,,,0,,,,,,,,,,,,,,,,,,,,,,,,,,,,,,
DONJOOPUS,DONG JOO INT'L SHIPPING CO LTD,Company,,KRPUS,DONJOOPUS,,,,,,,,,,,,,,,,,,,,,,,,DONJOOPUS,,,,logisticsl@djis.co.kr,,,,,,,,,,,,,,,0,,,,,,,,,,,,,,,,,,,,,,,,,,,,,,
COSLOGBJS,COSCO LOGISTICS COMPANY LTD,Company,,CNBJS,COSLOGBJS,,,,,,,,,,,,,,,,,,,,,,,,COSLOGBJS,,,,,,,,,,,,,,,,,,,0,,,,,,,,,,,,,,,,,,,,,,,,,,,,,,
SANTRACEB,SANDRAMILES  TRADING,Company,,PHCEB,SANTRACEB,,,,,,,,,,,,,,,,,,,,,,,,SANTRACEB,,,,,,,,,,,,,,,,,,,0,,,,,,,,,,,,,,,,,,,,,,,,,,,,,,
APIMXPAFE,APICE MILANO S.R.L.,Company,,ITMXP,APIMXPAFE,,,,,,,,,,,,,,,,,,,,,,,,APIMXPAFE,,,,claudia.colombini@apice.it,,,,,,,,,,,,,,,0,,,,,,,,,,,,,,,,,,,,,,,,,,,,,,
KNETSEL,KNET CO. LTD,Company,,KRSEL,KNETSEL,,,,,,,,,,,,,,,,,,,,,,,,KNETSEL,,,,,,,,,,,,,,,,,,,0,,,,,,,,,,,,,,,,,,,,,,,,,,,,,,
FASFORANR,FAST FORWARD FREIGHT BVBA - ANTWERP,Company,,BEANR,FASFORANR,,,,,,,,,,,,,,,,,,,,,,,,FASFORANR,,,,,,,,,,,,,,,,,,,0,,,,,,,,,,,,,,,,,,,,,,,,,,,,,,
PEKCARGDN,PEKAO CARGO S.P.Z.O.O,Company,,PLGDN,PEKCARGDN,,,,,,,,,,,,,,,,,,,,,,,,PEKCARGDN,,,,pekao@portnet.pl,,,,,,,,,,,,,,,0,,,,,,,,,,,,,,,,,,,,,,,,,,,,,,
LOGETTPPT,LOGISTIQUE ET TRANSIT POLYNESIE,Company,,PFPPT,LOGETTPPT,,,,,,,,,,,,,,,,,,,,,,,,LOGETTPPT,,,,,,,,,,,,,,,,,,,0,,,,,,,,,,,,,,,,,,,,,,,,,,,,,,
MODEXPTPE,MODERN EXPRESS INTERNATIONAL INC.,Company,,TWTPE,MODEXPTPE,,,,,,,,,,,,,,,,,,,,,,,,MODEXPTPE,,,,meotpe@ms7.hinet.net,,,,,,,,,,,,,,,0,,,,,,,,,,,,,,,,,,,,,,,,,,,,,,
PHOINTTPE,PHOENIX INTERNATIONAL FREIGHT SERVICES INC.,Company,,TWTPE,PHOINTTPE,,,,,,,,,,,,,,,,,,,,,,,,PHOINTTPE,,,,,,,,,,,,,,,,,,,0,,,,,,,,,,,,,,,,,,,,,,,,,,,,,,
ZHESUNHGH,"ZHEJIANG SUNMARR INT'L TRANSPORTATION CO., LTD.",Company,,CNHGH,ZHESUNHGH,,,,,,,,,,,,,,,,,,,,,www.sunmarr.com,,,ZHESUNHGH,,,,chenfei@sunmarr.com,,,,,,,,,,,,,,,0,,,,,,,,,,,,,,,,,,,,,,,,,,,,,,
DMGQNZAFE,"DMG MORI CO., LTD.",Company,,JPQNZ,DMGQNZAFE,,,,,,,,,,,,,,,,,,,,,,,,DMGQNZAFE,,,,mo-yoshikawa@dmgmori.co.jp,,,,,,,,,,,,,,,0,,,,,,,,,,,,,,,,,,,,,,,,,,,,,,
REALOGTAO,REALCO LOGISTICS LTD,Company,,CNTAO,REALOGTAO,,,,,,,,,,,,,,,,,,,,,,,,REALOGTAO,,,,,,,,,,,,,,,,,,,0,,,,,,,,,,,,,,,,,,,,,,,,,,,,,,
BAOBABCEB,BAOBAO BABIES,Company,,PHCEB,BAOBABCEB,,,,,,,,,,,,,,,,,,,,,,,,BAOBABCEB,,,,,,,,,,,,,,,,,,,0,,,,,,,,,,,,,,,,,,,,,,,,,,,,,,
MTSSKGAFE,MTS EXPO LOGISTICS LTD.,Company,,GRSKG,MTSSKGAFE,,,,,,,,,,,,,,,,,,,,,https://mtsexpolog.com,,,MTSSKGAFE,,,+306936510129,chiou@mtsexpolog.com,,,,,,,,,,,,,,,0,,,,,,,,,,,,,,,,,,,,,,,,,,,,,,
RIMLOGHAM,RIM LOGISTICS GMBH,Company,,DEHAM,RIMLOGHAM,,,,,,,,,,,,,,,,,,,,,,,,RIMLOGHAM,,,,,,,,,,,,,,,,,,,0,,,,,,,,,,,,,,,,,,,,,,,,,,,,,,
SENINTBUN,SENATOR INTERNATIONAL COLOMBIA SAS,Company,,COBUN,SENINTBUN,,,,,,,,,,,,,,,,,,,,,,,,SENINTBUN,,,,,,,,,,,,,,,,,,,0,,,,,,,,,,,,,,,,,,,,,,,,,,,,,,
SHAZHOSHA,SHANGHAI ZHONGTAI INT'L FREIGHT,Company,,CNSHA,SHAZHOSHA,,,,,,,,,,,,,,,,,,,,,,,,SHAZHOSHA,,,,,,,,,,,,,,,,,,,0,,,,,,,,,,,,,,,,,,,,,,,,,,,,,,
HEMFRELHR,HEMISPHERE FREIGHT SERVICES LIMITED,Company,,GBLHR,HEMFRELHR,,,,,,,,,,,,,,,,,,,,,,,,HEMFRELHR,,,,,,,,,,,,,,,,,,,0,,,,,,,,,,,,,,,,,,,,,,,,,,,,,,
TRAFREKUL2,TRANSOCEAN FREIGHT SERVICES/LIASON OFC,Company,,MYKUL,TRAFREKUL2,,,,,,,,,,,,,,,,,,,,,,,,TRAFREKUL2,,,,tkl@transocean.com.my,,,,,,,,,,,,,,,0,,,,,,,,,,,,,,,,,,,,,,,,,,,,,,
WELINDCEB,WELD INDUSTRIAL SALES/GNA EXIMPORT TRADING,Company,,PHCEB,WELINDCEB,,,,,,,,,,,,,,,,,,,,,,,,WELINDCEB,,,+63324206227,,,,,,,,,,,,,,,,0,,,,,,,,,,,,,,,,,,,,,,,,,,,,,,
WOREXPICN,"WORLDROAD EXPRESS CO., LTD",Company,,KRICN,WOREXPICN,,,,,,,,,,,,,,,,,,,,,,,,WOREXPICN,,,,,,,,,,,,,,,,,,,0,,,,,,,,,,,,,,,,,,,,,,,,,,,,,,
AMEEXPLAX,AMERICAN EXPORT LINES,Company,,USLAX,AMEEXPLAX,,,,,,,,,,,,,,,,,,,,,www.shipit.com,,,AMEEXPLAX,,,,james@shipit.com,,,,,,,,,,,,,,,0,,,,,,,,,,,,,,,,,,,,,,,,,,,,,,
ITRLOGTLV,ITRANS LOGISTICS LTD.,Company,,ILTLV,ITRLOGTLV,,,,,,,,,,,,,,,,,,,,,,,,ITRLOGTLV,,,,,,,,,,,,,,,,,,,0,,,,,,,,,,,,,,,,,,,,,,,,,,,,,,
5CONINBND,5 CONTINENTS INT'L TRANSPORT & AIR LINE,Company,,IRBND,5CONINBND,,,,,,,,,,,,,,,,,,,,,,,,5CONINBND,,,,,,,,,,,,,,,,,,,0,,,,,,,,,,,,,,,,,,,,,,,,,,,,,,
SPEGLOSTO,SPEDMAN GLOBAL LOGISTICS AB,Company,,SESTO,SPEGLOSTO,,,,,,,,,,,,,,,,,,,,,,,,SPEGLOSTO,,,,import@spedman.se,,,,,,,,,,,,,,,0,,,,,,,,,,,,,,,,,,,,,,,,,,,,,,
BOUFREBEY,BOUER FREIGHT SERVICES,Company,,LBBEY,BOUFREBEY,,,,,,,,,,,,,,,,,,,,,,,,BOUFREBEY,,,,,,,,,,,,,,,,,,,0,,,,,,,,,,,,,,,,,,,,,,,,,,,,,,
SUNGLOSEK,SUN GLOBAL MARKETING (M) SDN BHD,Company,,MYSEK,SUNGLOSEK,,,,,,,,,,,,,,,,,,,,,,,,SUNGLOSEK,,,,,,,,,,,,,,,,,,,0,,,,,,,,,,,,,,,,,,,,,,,,,,,,,,
DIMOVEMEA,DIMOTRANS OVERSEAS ROISSY,Company,,FRMEA,DIMOVEMEA,,,,,,,,,,,,,,,,,,,,,,,,DIMOVEMEA,,,,,,,,,,,,,,,,,,,0,,,,,,,,,,,,,,,,,,,,,,,,,,,,,,
TNTLOGSGN,"TNT LOGISTICS CO., LTD",Company,,VNSGN,TNTLOGSGN,,,,,,,,,,,,,,,,,,,,,,,,TNTLOGSGN,,,,,,,,,,,,,,,,,,,0,,,,,,,,,,,,,,,,,,,,,,,,,,,,,,
ONEWORSHA,"ONE WORLD LOGISTICS DALIAN CO., LTD.",Company,,CNSHA,ONEWORSHA,,,,,,,,,,,,,,,,,,,,,,,,ONEWORSHA,,,,,,,,,,,,,,,,,,,0,,,,,,,,,,,,,,,,,,,,,,,,,,,,,,
SNPLOGBKK,S.N.P. LOGISTICS CO. LTD.,Company,,THBKK,SNPLOGBKK,,,,,,,,,,,,,,,,,,,,,,,,SNPLOGBKK,,,,,,,,,,,,,,,,,,,0,,,,,,,,,,,,,,,,,,,,,,,,,,,,,,
MASSHJAFE,MAS PAINTS & CHEMICALS INDUSTRY,Company,,AESHJ,MASSHJAFE,,,,,,,,,,,,,,,,,,,,,,,,MASSHJAFE,,,,,,,,,,,,,,,,,,,0,,,,,,,,,,,,,,,,,,,,,,,,,,,,,,
OCELOGMLE,OCEAN LOGISTICS PVT LIMITED,Company,,MVMLE,OCELOGMLE,,,,,,,,,,,,,,,,,,,,,www.ologline.com,,,OCELOGMLE,,,,,,,,,,,,,,,,,,,0,,,,,,,,,,,,,,,,,,,,,,,,,,,,,,
PORAIRMEL,PORT AIR LOGISTICS           (SEE NOTES/,Company,,AUMEL,PORAIRMEL,,,,,,,,,,,,,,,,,,,,,,,,PORAIRMEL,,,,,,,,,,,,,,,,,,,0,,,,,,,,,,,,,,,,,,,,,,,,,,,,,,
MAIUSAOKC,MAINFREUGHT USA (FORMERLY TARGET LOGISTICS SVCS),Company,,USOKC,MAIUSAOKC,,,,,,,,,,,,,,,,,,,,,,,,MAIUSAOKC,,,,okc.international@targetlogitics.com,,,,,,,,,,,,,,,0,,,,,,,,,,,,,,,,,,,,,,,,,,,,,,
BUDSPRAFE,"BUDGET LOGISTICS SERVICES CO., LTD.",Company,,THSPR,BUDSPRAFE,,,,,,,,,,,,,,,,,,,,,,,,BUDSPRAFE,,,+66832996677,mongkol@budgetlogistics-th.com,,,,,,,,,,,,,,,0,,,,,,,,,,,,,,,,,,,,,,,,,,,,,,
MIZSINAFE,MIZUMA GALLERY,Company,,SGSIN,MIZSINAFE,,,,,,,,,,,,,,,,,,,,,,,,MIZSINAFE,,,,,,,,,,,,,,,,,,,0,,,,,,,,,,,,,,,,,,,,,,,,,,,,,,
MILLOGSZX,MILLENNIUM LOGISTICS (SHENZHEN) LTD.,Company,,CNSNZ,MILLOGSZX,,,,,,,,,,,,,,,,,,,,,,,,MILLOGSZX,,,,,,,,,,,,,,,,,,,0,,,,,,,,,,,,,,,,,,,,,,,,,,,,,,
HECFINHEL,HECKSHER FINLAND OY,Company,,FIHEL,HECFINHEL,,,,,,,,,,,,,,,,,,,,,,,,HECFINHEL,,,,,,,,,,,,,,,,,,,0,,,,,,,,,,,,,,,,,,,,,,,,,,,,,,
GROESIAFE,GROUP ESI,Company,,FRLEH,GROESIAFE,,,,,,,,,,,,,,,,,,,,,,,,GROESIAFE,,,+33139928788,,,,,,,,,,,,,,,,0,,,,,,,,,,,,,,,,,,,,,,,,,,,,,,
CARSTRSRG,CARLOS STREEGAN,Company,,IDSRG,CARSTRSRG,,,,,,,,,,,,,,,,,,,,,,,,CARSTRSRG,,,,,,,,,,,,,,,,,,,0,,,,,,,,,,,,,,,,,,,,,,,,,,,,,,
RIDINTMDW,RIDGEWAY INTERNATIONAL USA,Company,,USCHI,RIDINTMDW,,,,,,,,,,,,,,,,,,,,,,,,RIDINTMDW,,,,,,,,,,,,,,,,,,,0,,,,,,,,,,,,,,,,,,,,,,,,,,,,,,
FIBLOGBLR,FIBS LOGISTICS INDIA PVT LTD. BANGALORE,Company,,INBLR,FIBLOGBLR,,,,,,,,,,,,,,,,,,,,,,,,FIBLOGBLR,,,+919036443290,gabrial.domnic@fibs-logistics.com,,,,,,,,,,,,,,,0,,,,,,,,,,,,,,,,,,,,,,,,,,,,,,
GLODWAAFE,GLOCK GES M.B.H.,Company,,ATDWA,GLODWAAFE,,,,,,,,,,,,,,,,,,,,,,,,GLODWAAFE,,,,Elisabeth.triebel@glock.at,,,,,,,,,,,,,,,0,,,,,,,,,,,,,,,,,,,,,,,,,,,,,,
SENINTSIN,SENATOR INTERNATIONAL SINGAPORE PTE LTD,Company,,SGSIN,SENINTSIN,,,,,,,,,,,,,,,,,,,,,,,,SENINTSIN,,,,sin@senator-international.com,,,,,,,,,,,,,,,0,,,,,,,,,,,,,,,,,,,,,,,,,,,,,,
DACSPAMAD,DACHSER SPAIN AIR & SEA LOGISTICS S.A.U.,Company,,ESMAD,DACSPAMAD,,,,,,,,,,,,,,,,,,,,,,,,DACSPAMAD,,,,dachser.madrid-asl@dachser.es,,,,,,,,,,,,,,,0,,,,,,,,,,,,,,,,,,,,,,,,,,,,,,
SHEEAISZX,SHENZHEN E&A INTERNATIONAL LOGISTICS CO.,Company,,CNSZX,SHEEAISZX,,,,,,,,,,,,,,,,,,,,,,,,SHEEAISZX,,,,,,,,,,,,,,,,,,,0,,,,,,,,,,,,,,,,,,,,,,,,,,,,,,
UDELCOZDA,U. DEL CORONA & SCARDIGLI,Company,,ITZDA,UDELCOZDA,,,,,,,,,,,,,,,,,,,,,,,,UDELCOZDA,,,,,,,,,,,,,,,,,,,0,,,,,,,,,,,,,,,,,,,,,,,,,,,,,,
REASCMSHA,"REALOGISTICS SCM (SHANGHAI) CO., LTD.",Company,,CNSGH,REASCMSHA,,,,,,,,,,,,,,,,,,,,,,,,REASCMSHA,,,,,,,,,,,,,,,,,,,0,,,,,,,,,,,,,,,,,,,,,,,,,,,,,,
MAIUSAHFD,MAINFREIGHT USA (FORMERLY TARGET LOGISTICS SVCS),Company,,USHFD,MAIUSAHFD,,,,,,,,,,,,,,,,,,,,,,,,MAIUSAHFD,,,,bdl.international@targetlogistics.com,,,,,,,,,,,,,,,0,,,,,,,,,,,,,,,,,,,,,,,,,,,,,,
YUSLOGEGH,YUSEN LOGISTICS (UK) LTD,Company,,GBEGH,YUSLOGEGH,,,,,,,,,,,,,,,,,,,,,,,,YUSLOGEGH,,,+447917796898,Mohammed.Khan@uk.yusen-logistics.com,,,,,,,,,,,,,,,0,,,,,,,,,,,,,,,,,,,,,,,,,,,,,,
WANTRAHKG,WANGFOONG TRANSPORTATION LTD.,Company,,HKHKG,WANTRAHKG,,,,,,,,,,,,,,,,,,,,,,,,WANTRAHKG,,,,,,,,,,,,,,,,,,,0,,,,,,,,,,,,,,,,,,,,,,,,,,,,,,
PREBDDAFE,PREMIER SHOWFREIGHT LTD,Company,,GBBDD,PREBDDAFE,,,,,,,,,,,,,,,,,,,,,,,,PREBDDAFE,,,,zoe@premiershowfreight.com,,,,,,,,,,,,,,,0,,,,,,,,,,,,,,,,,,,,,,,,,,,,,,
COMDOOLJU,COMARK D.O.O,Company,,SILJU,COMDOOLJU,,,,,,,,,,,,,,,,,,,,,,,,COMDOOLJU,,,,,,,,,,,,,,,,,,,0,,,,,,,,,,,,,,,,,,,,,,,,,,,,,,
VERLOGHKG,VERA LOGISTICS LTD.,Company,,HKHKG,VERLOGHKG,,,,,,,,,,,,,,,,,,,,,,,,VERLOGHKG,,,,,,,,,,,,,,,,,,,0,,,,,,,,,,,,,,,,,,,,,,,,,,,,,,
INTSEASIN,INTERUNION (S.E.A.) PTE LTD.,Company,,SGSIN,INTSEASIN,,,,,,,,,,,,,,,,,,,,,,,,INTSEASIN,,,,,,,,,,,,,,,,,,,0,,,,,,,,,,,,,,,,,,,,,,,,,,,,,,
ALFKOSHAM,ALFONS KOSTER & CO. GMBH,Company,,DEHAM,ALFKOSHAM,,,,,,,,,,,,,,,,,,,,,,,,ALFKOSHAM,,,,,,,,,,,,,,,,,,,0,,,,,,,,,,,,,,,,,,,,,,,,,,,,,,
SENINTJNB,SENATOR INTERNATIONAL,Company,,ZAJNB,SENINTJNB,,,,,,,,,,,,,,,,,,,,,,,,SENINTJNB,,,,,,,,,,,,,,,,,,,0,,,,,,,,,,,,,,,,,,,,,,,,,,,,,,
TRASHIYXT,TRANSCON SHIPPING CO. INC.,Company,,CAYXT,TRASHIYXT,,,,,,,,,,,,,,,,,,,,,,,,TRASHIYXT,,,,,,,,,,,,,,,,,,,0,,,,,,,,,,,,,,,,,,,,,,,,,,,,,,
WUXWUXAFE,"WUXI SYNTRANS INTERNATIONAL LOGISTICS CO., LTD.",Company,,CNWUX,WUXWUXAFE,,,,,,,,,,,,,,,,,,,,,,,,WUXWUXAFE,,,,yuanwei.wux@syntrans.com,,,,,,,,,,,,,,,0,,,,,,,,,,,,,,,,,,,,,,,,,,,,,,
COAGLOSOU,COASTAL GLOBAL LOGISTICS (CGL) LTD,Company,,GBSOU,COAGLOSOU,,,,,,,,,,,,,,,,,,,,,,,,COAGLOSOU,,,,,,,,,,,,,,,,,,,0,,,,,,,,,,,,,,,,,,,,,,,,,,,,,,
ACTAGESAO,ACTION AGENCIAMENTO DE CARGAS,Company,,BRSAO,ACTAGESAO,,,,,,,,,,,,,,,,,,,,,,,,ACTAGESAO,,,,,,,,,,,,,,,,,,,0,,,,,,,,,,,,,,,,,,,,,,,,,,,,,,
GEFCOLYS,GEFCO,Company,,FRLYS,GEFCOLYS,,,,,,,,,,,,,,,,,,,,,,,,GEFCOLYS,,,,see contacts,,,,,,,,,,,,,,,0,,,,,,,,,,,,,,,,,,,,,,,,,,,,,,
SINJENSIN,SINGAPORE JENKAR FREIGHT SERVICES (S) PTE LTD,Company,,SGSIN,SINJENSIN,,,,,,,,,,,,,,,,,,,,,,,,SINJENSIN,,,,,,,,,,,,,,,,,,,0,,,,,,,,,,,,,,,,,,,,,,,,,,,,,,
NOALOGNYC,"NOATUM LOGISTICS USA, LLC",Company,,USNYC,NOALOGNYC,,,,,,,,,,,,,,,,,,,,,,,,NOALOGNYC,,,,,,,,,,,,,,,,,,,0,,,,,,,,,,,,,,,,,,,,,,,,,,,,,,
VININTSGN,VINAFREIGHT INTERNATIONAL,Company,,VNSGN,VININTSGN,,,,,,,,,,,,,,,,,,,,,,,,VININTSGN,,,+84902985213,,,,,,,,,,,,,,,,0,,,,,,,,,,,,,,,,,,,,,,,,,,,,,,
SUNINTCHI,SUNTRANS INT'L INC.,Company,,USCHI,SUNINTCHI,,,,,,,,,,,,,,,,,,,,,,,,SUNINTCHI,,,,,,,,,,,,,,,,,,,0,,,,,,,,,,,,,,,,,,,,,,,,,,,,,,
TRASHIHNL,TRANSCON SHIPPING CO. INC.,Company,,USHNL,TRASHIHNL,,,,,,,,,,,,,,,,,,,,,,,,TRASHIHNL,,,,LAX@TransconCargo.com,,,,,,,,,,,,,,,0,,,,,,,,,,,,,,,,,,,,,,,,,,,,,,
EMBFRERNE,EMBASSY FREIGHT SERVICES SPA - VIA G.GASPARINI,Company,,ITRNE,EMBFRERNE,,,,,,,,,,,,,,,,,,,,,www.embassyfreight.com,,,EMBFRERNE,,,,,,,,,,,,,,,,,,,0,,,,,,,,,,,,,,,,,,,,,,,,,,,,,,
ARALOGRUH,ARABCO LOGISITCS,Company,,SARUH,ARALOGRUH,,,,,,,,,,,,,,,,,,,,,,,,ARALOGRUH,,,,,,,,,,,,,,,,,,,0,,,,,,,,,,,,,,,,,,,,,,,,,,,,,,
AIRLOGPER,AIRLAND LOGISTICS,Company,,AUPER,AIRLOGPER,,,,,,,,,,,,,,,,,,,,,,,,AIRLOGPER,,,+61894526908,mtaylor@airlandlogistics.com,,,,,,,,,,,,,,,0,,,,,,,,,,,,,,,,,,,,,,,,,,,,,,
OCECARCGP,OCEANIC CARGO INT'L,Company,,BDCGP,OCECARCGP,,,,,,,,,,,,,,,,,,,,,,,,OCECARCGP,,,,ganga@colbd.com,,,,,,,,,,,,,,,0,,,,,,,,,,,,,,,,,,,,,,,,,,,,,,
SHESUNSZX,"SHENZHEN SUNSRAYS HEATING SCIENCE AND TECHNOLOGY CO., LTD.",Company,,CNSNZ,SHESUNSZX,,,,,,,,,,,,,,,,,,,,,,,,SHESUNSZX,,,,,,,,,,,,,,,,,,,0,,,,,,,,,,,,,,,,,,,,,,,,,,,,,,
DEFAGEFRA,DEF AGENT,Company,,DEFRA,DEFAGEFRA,,,,,,,,,,,,,,,,,,,,,,,,DEFAGEFRA,,,,,,,,,,,,,,,,,,,0,,,,,,,,,,,,,,,,,,,,,,,,,,,,,,
INTSPEATT,INTERFRACHT SPEDITIONS AG,Company,,CHATT,INTSPEATT,,,,,,,,,,,,,,,,,,,,,,,,INTSPEATT,,,,,,,,,,,,,,,,,,,0,,,,,,,,,,,,,,,,,,,,,,,,,,,,,,
SENINTMHG,SENATOR INTERNATIONAL SPEDITION GMBH,Company,,DEMHG,SENINTMHG,,,,,,,,,,,,,,,,,,,,,,,,SENINTMHG,,,,,,,,,,,,,,,,,,,0,,,,,,,,,,,,,,,,,,,,,,,,,,,,,,
NORLINOSL2,NOR LINES AS KNEPPESKJAERUTSTIKKEREN,Company,,NOOSL,NORLINOSL2,,,,,,,,,,,,,,,,,,,,,,,,NORLINOSL2,,,,,,,,,,,,,,,,,,,0,,,,,,,,,,,,,,,,,,,,,,,,,,,,,,
GALFREBOM,GALAXY FREIGHT PVT LTD,Company,,INBOM,GALFREBOM,,,,,,,,,,,,,,,,,,,,,,,,GALFREBOM,,,,,,,,,,,,,,,,,,,0,,,,,,,,,,,,,,,,,,,,,,,,,,,,,,
GRAINTPAR,GRAVELEAU INTERNATIONAL,Company,,FRPAR,GRAINTPAR,,,,,,,,,,,,,,,,,,,,,,,,GRAINTPAR,,,,,,,,,,,,,,,,,,,0,,,,,,,,,,,,,,,,,,,,,,,,,,,,,,
MAINFRCLT,"MAINFREIGHT, INC.",Company,,USCLT,MAINFRCLT,,,,,,,,,,,,,,,,,,,,,www.mainfreightusa.com,,,MAINFRCLT,,,,nathan.proctor@mainfreightusa.com,,,,,,,,,,,,,,,0,,,,,,,,,,,,,,,,,,,,,,,,,,,,,,
ASSTRAFRA,ASSOCIATED TRANSPORTS,Company,,FRCDG,ASSTRAFRA,,,,,,,,,,,,,,,,,,,,,,,,ASSTRAFRA,,,,,,,,,,,,,,,,,,,0,,,,,,,,,,,,,,,,,,,,,,,,,,,,,,
SOLGLOSIN,SOLAR GLOBAL LOGISTICS,Company,,SGSIN,SOLGLOSIN,,,,,,,,,,,,,,,,,,,,,,,,SOLGLOSIN,,,,,,,,,,,,,,,,,,,0,,,,,,,,,,,,,,,,,,,,,,,,,,,,,,
ADDLOGSGN1,ADDICON LOGISTICS MANAGEMENT (VN) COMPANY,Company,,VNSGN,ADDLOGSGN1,,,,,,,,,,,,,,,,,,,,,,,,ADDLOGSGN1,,,,,,,,,,,,,,,,,,,0,,,,,,,,,,,,,,,,,,,,,,,,,,,,,,
EURTPEAFE,"EUROTRAN EXPO SERVICE CO., LTD",Company,,TWTPE,EURTPEAFE,,,,,,,,,,,,,,,,,,,,,,,,EURTPEAFE,,,,miggie.lin@eurotranexpo.com,,,,,,,,,,,,,,,0,,,,,,,,,,,,,,,,,,,,,,,,,,,,,,
COECHISCL,COEXCO CHILE S.A.,Company,,CLSCL,COECHISCL,,,,,,,,,,,,,,,,,,,,,,,,COECHISCL,,,,rpolidori@coexco.cl,,,,,,,,,,,,,,,0,,,,,,,,,,,,,,,,,,,,,,,,,,,,,,
UNICARSKT,UNION CARGO (PVT) LTD,Company,,PKSKT,UNICARSKT,,,,,,,,,,,,,,,,,,,,,,,,UNICARSKT,,,,,,,,,,,,,,,,,,,0,,,,,,,,,,,,,,,,,,,,,,,,,,,,,,
PARTNEMIA,PARTNERLOG GROUP INC.,Company,,USMIA,PARTNEMIA,,,,,,,,,,,,,,,,,,,,,,,,PARTNEMIA,,,,,,,,,,,,,,,,,,,0,,,,,,,,,,,,,,,,,,,,,,,,,,,,,,
GONFREAFTLS,GONDRAND FRERES (AIRFREIGHT),Company,,FRTLS,GONFREAFTLS,,,,,,,,,,,,,,,,,,,,,,,,GONFREAFTLS,,,,gondrandtls@compuserve.com,,,,,,,,,,,,,,,0,,,,,,,,,,,,,,,,,,,,,,,,,,,,,,
MATTRAGVA,MAT TRANSPORT,Company,,CHGVA,MATTRAGVA,,,,,,,,,,,,,,,,,,,,,,,,MATTRAGVA,,,,Marc.Romano@viamat.com,,,,,,,,,,,,,,,0,,,,,,,,,,,,,,,,,,,,,,,,,,,,,,
MTMFRELON,M&TM FREIGHT (UK) LIMTED.,Company,,GBLON,MTMFRELON,,,,,,,,,,,,,,,,,,,,,,,,MTMFRELON,,,,,,,,,,,,,,,,,,,0,,,,,,,,,,,,,,,,,,,,,,,,,,,,,,
APCLOGANR,APC LOGISTICS BELGIUM,Company,,BEANR,APCLOGANR,,,,,,,,,,,,,,,,,,,,,,,,APCLOGANR,,,,,,,,,,,,,,,,,,,0,,,,,,,,,,,,,,,,,,,,,,,,,,,,,,
EFRPACSFO,EFREN PACOL MACARAYO,Company,,USSFO,EFRPACSFO,,,,,,,,,,,,,,,,,,,,,,,,EFRPACSFO,,,,,,,,,,,,,,,,,,,0,,,,,,,,,,,,,,,,,,,,,,,,,,,,,,
DACHSECAS,DACHSER MOROCCO,Company,,MACAS,DACHSECAS,,,,,,,,,,,,,,,,,,,,,,,,DACHSECAS,,,,,,,,,,,,,,,,,,,0,,,,,,,,,,,,,,,,,,,,,,,,,,,,,,
CARGSASKG,CARGOBOOK SA,Company,,GRSKG,CARGSASKG,,,,,,,,,,,,,,,,,,,,,,,,CARGSASKG,,,,,,,,,,,,,,,,,,,0,,,,,,,,,,,,,,,,,,,,,,,,,,,,,,
XIAHONXMN,XIAMEN HONGXIN LOGISTICS CO. LTD.,Company,,CNXMN,XIAHONXMN,,,,,,,,,,,,,,,,,,,,,,,,XIAHONXMN,,,,,,,,,,,,,,,,,,,0,,,,,,,,,,,,,,,,,,,,,,,,,,,,,,
GUAGLECAN,GUANGZHOU GLEAM INTERNATIONAL FORWARDING,Company,,CNCAN,GUAGLECAN,,,,,,,,,,,,,,,,,,,,,,,,GUAGLECAN,,,,monica@gleam.com.cn,,,,,,,,,,,,,,,0,,,,,,,,,,,,,,,,,,,,,,,,,,,,,,
SHAMWLSHA,SHANGHAI MW LOGISTICS CO. LTD.,Company,,CNSHA,SHAMWLSHA,,,,,,,,,,,,,,,,,,,,,,,,SHAMWLSHA,,,,,,,,,,,,,,,,,,,0,,,,,,,,,,,,,,,,,,,,,,,,,,,,,,
SYNINTHZG,SYNTRANS INTERNATIONAL LOGISTICS (HONG KONG) CO. LIMITED,Company,,CNHZG,SYNINTHZG,,,,,,,,,,,,,,,,,,,,,,,,SYNINTHZG,,,,,,,,,,,,,,,,,,,0,,,,,,,,,,,,,,,,,,,,,,,,,,,,,,
SEAWOLDAC,SEA WOLF VOYAGERS.,Company,,BDDAC,SEAWOLDAC,,,,,,,,,,,,,,,,,,,,,,,,SEAWOLDAC,,,,,,,,,,,,,,,,,,,0,,,,,,,,,,,,,,,,,,,,,,,,,,,,,,
LIOAIRTPE,LION AIRFREIGHT INC.,Company,,TWTPE,LIOAIRTPE,,,,,,,,,,,,,,,,,,,,,,,,LIOAIRTPE,,,,,,,,,,,,,,,,,,,0,,,,,,,,,,,,,,,,,,,,,,,,,,,,,,
KMSSINAFE,KMS LOGISTICS (SINGAPORE) PTE LTD,Company,,SGSIN,KMSSINAFE,,,,,,,,,,,,,,,,,,,,,,,,KMSSINAFE,,,+6587988959,nestor@kmslog.com.sg,,,,,,,,,,,,,,,0,,,,,,,,,,,,,,,,,,,,,,,,,,,,,,
JIARICTAO,"JIANGSU RICHSUNRISE INT'L LOGISTICS CO.,LTD.",Company,,CNQIN,JIARICTAO,,,,,,,,,,,,,,,,,,,,,,,,JIARICTAO,,,+862585580397,sunnysong@rich-sunrise.com,,,,,,,,,,,,,,,0,,,,,,,,,,,,,,,,,,,,,,,,,,,,,,
POSASIDLC,"POSCO ASIA CO., LTD",Company,,CNDLC,POSASIDLC,,,,,,,,,,,,,,,,,,,,,,,,POSASIDLC,,,,,,,,,,,,,,,,,,,0,,,,,,,,,,,,,,,,,,,,,,,,,,,,,,
PTGANCJKT,PT GANTARAYASA CARGOTAMA,Company,,IDJKT,PTGANCJKT,,,,,,,,,,,,,,,,,,,,,,,,PTGANCJKT,,,,,,,,,,,,,,,,,,,0,,,,,,,,,,,,,,,,,,,,,,,,,,,,,,
INTTHABKK,INTERCOSPED (THAILAND ) CO. LTD,Company,,THBKK,INTTHABKK,,,,,,,,,,,,,,,,,,,,,,,,INTTHABKK,,,,,,,,,,,,,,,,,,,0,,,,,,,,,,,,,,,,,,,,,,,,,,,,,,
DHLGGNAFE,DHL LOGISTICS PVT. LTD.,Company,,INGGN,DHLGGNAFE,,,,,,,,,,,,,,,,,,,,,,,,DHLGGNAFE,,,,,,,,,,,,,,,,,,,0,,,,,,,,,,,,,,,,,,,,,,,,,,,,,,
PRICARSKT,PRIME CARGO INTERNATIONAL,Company,,PKSKT,PRICARSKT,,,,,,,,,,,,,,,,,,,,,,,,PRICARSKT,,,,,,,,,,,,,,,,,,,0,,,,,,,,,,,,,,,,,,,,,,,,,,,,,,
PHICANGES,PHILBEST CANNING CORPORATION,Company,,PHGES,PHICANGES,,,,,,,,,,,,,,,,,,,,,,,,PHICANGES,,,,esam.documentation@philbest.com.ph,,,,,,,,,,,,,,,0,,,,,,,,,,,,,,,,,,,,,,,,,,,,,,
HESKNIPAD,HESSE & KNIPPS GMBH,Company,,DEPAD,HESKNIPAD,,,,,,,,,,,,,,,,,,,,,,,,HESKNIPAD,,,,,,,,,,,,,,,,,,,0,,,,,,,,,,,,,,,,,,,,,,,,,,,,,,
GREFREGHG,GREENCARRIER FREIGHT SERVICES SWEDEN AB,Company,,USGHG,GREFREGHG,,,,,,,,,,,,,,,,,,,,,,,,GREFREGHG,,,+46708850030,Christian.Bergdahl@greencarrier.se,,,,,,,,,,,,,,,0,,,,,,,,,,,,,,,,,,,,,,,,,,,,,,
ZHESEAZHE,ZHEJIANG SEA-WIN INTERNATIONAL FREIGHT FORWARDING,Company,,CNZHE,ZHESEAZHE,,,,,,,,,,,,,,,,,,,,,,,,ZHESEAZHE,,,,,,,,,,,,,,,,,,,0,,,,,,,,,,,,,,,,,,,,,,,,,,,,,,
VIABRAVMA,VIAMAR BRASIL,Company,,BRVMA,VIABRAVMA,,,,,,,,,,,,,,,,,,,,,,,,VIABRAVMA,,,,,,,,,,,,,,,,,,,0,,,,,,,,,,,,,,,,,,,,,,,,,,,,,,
GNSKORSEL,GNS KOREA CO LTD,Company,,KRSEL,GNSKORSEL,,,,,,,,,,,,,,,,,,,,,,,,GNSKORSEL,,,,,,,,,,,,,,,,,,,0,,,,,,,,,,,,,,,,,,,,,,,,,,,,,,
GOLFASCEB,GOLDENDRAGON FASTCRAFT BUILDER INC,Company,,PHCEB,GOLFASCEB,,,,,,,,,,,,,,,,,,,,,,,,GOLFASCEB,,,+639177790147,,,,,,,,,,,,,,,,0,,,,,,,,,,,,,,,,,,,,,,,,,,,,,,
GLOFRENUE,GLOBAL FREIGHT ALLIANCE GMBH,Company,,DENUE,GLOFRENUE,,,,,,,,,,,,,,,,,,,,,,,,GLOFRENUE,,,,,,,,,,,,,,,,,,,0,,,,,,,,,,,,,,,,,,,,,,,,,,,,,,
QUICARLHR,QUICK CARGO SERVICE UK,Company,,GBLHR,QUICARLHR,,,,,,,,,,,,,,,,,,,,,,,,QUICARLHR,,,,,,,,,,,,,,,,,,,0,,,,,,,,,,,,,,,,,,,,,,,,,,,,,,
SPISHIPIR,SPIRITWORLD SHIPPING & FORWARDING LTD,Company,,GRPIR,SPISHIPIR,,,,,,,,,,,,,,,,,,,,,www.spiritworld.gr,,,SPISHIPIR,,,,,,,,,,,,,,,,,,,0,,,,,,,,,,,,,,,,,,,,,,,,,,,,,,
MULLOGMUN,MULTI LOGISTICS GMBH,Company,,DEMUN,MULLOGMUN,,,,,,,,,,,,,,,,,,,,,,,,MULLOGMUN,,,,,,,,,,,,,,,,,,,0,,,,,,,,,,,,,,,,,,,,,,,,,,,,,,
NOVALIALC,NOVOCARGO ALICANTE S.A (ALICANTE),Company,,ESALC,NOVALIALC,,,,,,,,,,,,,,,,,,,,,,,,NOVALIALC,,,,,,,,,,,,,,,,,,,0,,,,,,,,,,,,,,,,,,,,,,,,,,,,,,
FLYEXPKWN,FLYING EXPRESS INTERNATIONAL FREIGHT,Company,,HKKWN,FLYEXPKWN,,,,,,,,,,,,,,,,,,,,,,,,FLYEXPKWN,,,,,,,,,,,,,,,,,,,0,,,,,,,,,,,,,,,,,,,,,,,,,,,,,,
TARLOGBWI,TARGET LOGISTICS SERVICES,Company,,USBWI,TARLOGBWI,,,,,,,,,,,,,,,,,,,,,,,,TARLOGBWI,,,,bwi.international@targetlogistics.com,,,,,,,,,,,,,,,0,,,,,,,,,,,,,,,,,,,,,,,,,,,,,,
TRAGMBHAM,TRANSKOMPASS GMBH,Company,,DEHAM,TRAGMBHAM,,,,,,,,,,,,,,,,,,,,,www.transkompass.de,,,TRAGMBHAM,,,,,,,,,,,,,,,,,,,0,,,,,,,,,,,,,,,,,,,,,,,,,,,,,,
AMBWORNYC,AMBER WORLDWIDE LOGISTICS,Company,,USNYC,AMBWORNYC,,,,,,,,,,,,,,,,,,,,,,,,AMBWORNYC,,,,,,,,,,,,,,,,,,,0,,,,,,,,,,,,,,,,,,,,,,,,,,,,,,
RHILOGSSZ,RHISING LOG DO BRASIL,Company,,BRSSZ,RHILOGSSZ,,,,,,,,,,,,,,,,,,,,,,,,RHILOGSSZ,,,email: see contacts,,,,,,,,,,,,,,,,0,,,,,,,,,,,,,,,,,,,,,,,,,,,,,,
CATGROSIN,CAT GROUP SINGAPORE,Company,,SGSIN,CATGROSIN,,,,,,,,,,,,,,,,,,,,,,,,CATGROSIN,,,,cat_singapore@pacific.net.sg,,,,,,,,,,,,,,,0,,,,,,,,,,,,,,,,,,,,,,,,,,,,,,
JOSDELSFO,JOSEFINA DE LEON CASTRO,Company,,USSFO,JOSDELSFO,,,,,,,,,,,,,,,,,,,,,,,,JOSDELSFO,,,,,,,,,,,,,,,,,,,0,,,,,,,,,,,,,,,,,,,,,,,,,,,,,,
APCLOGBKK,APC LOGISTICS (THAI) CO. LTD.,Company,,THBKK,APCLOGBKK,,,,,,,,,,,,,,,,,,,,,,,,APCLOGBKK,,,,apcbkk@apc.co.th,,,,,,,,,,,,,,,0,,,,,,,,,,,,,,,,,,,,,,,,,,,,,,
VIOCORVCE,VIO & C / ORMESANI,Company,,ITVCE,VIOCORVCE,,,,,,,,,,,,,,,,,,,,,,,,VIOCORVCE,,,,,,,,,,,,,,,,,,,0,,,,,,,,,,,,,,,,,,,,,,,,,,,,,,
SENINTSZX1,SENATOR INTERNATIONAL FREIGHT FORWARDING (SHENZHEN) CO. LTD.,Company,,CNSNZ,SENINTSZX1,,,,,,,,,,,,,,,,,,,,,,,,SENINTSZX1,,,,,,,,,,,,,,,,,,,0,,,,,,,,,,,,,,,,,,,,,,,,,,,,,,
NOVNEWNYC,NOVOCARGO (NEW YORK),Company,,USNYC,NOVNEWNYC,,,,,,,,,,,,,,,,,,,,,,,,NOVNEWNYC,,,,,,,,,,,,,,,,,,,0,,,,,,,,,,,,,,,,,,,,,,,,,,,,,,
RIMLOGCHI,RIM LOGISTICS,Company,,USCHI,RIMLOGCHI,,,,,,,,,,,,,,,,,,,,,,,,RIMLOGCHI,,,,,,,,,,,,,,,,,,,0,,,,,,,,,,,,,,,,,,,,,,,,,,,,,,
GRAINTSGN,GRAVELEAU INTERNATIONAL,Company,,VNSGN,GRAINTSGN,,,,,,,,,,,,,,,,,,,,,,,,GRAINTSGN,,,,,,,,,,,,,,,,,,,0,,,,,,,,,,,,,,,,,,,,,,,,,,,,,,
ALCLOGCOL,ALCO LOGISTICS (PVT) LTD.,Company,,BRCOL,ALCLOGCOL,,,,,,,,,,,,,,,,,,,,,,,,ALCLOGCOL,,,,,,,,,,,,,,,,,,,0,,,,,,,,,,,,,,,,,,,,,,,,,,,,,,
MAXFORTYO,MAXLINES FORWARDER CO. LTD.,Company,,JPTYO,MAXFORTYO,,,,,,,,,,,,,,,,,,,,,,,,MAXFORTYO,,,,,,,,,,,,,,,,,,,0,,,,,,,,,,,,,,,,,,,,,,,,,,,,,,
APCASITSN,APC ASIA PACIFIC CARGO (CHINA) LTD.,Company,,CNTSN,APCASITSN,,,,,,,,,,,,,,,,,,,,,,,,APCASITSN,,,,,,,,,,,,,,,,,,,0,,,,,,,,,,,,,,,,,,,,,,,,,,,,,,
GUCSELAFE,"GUCHANG KOREA LOGISTICS CO.,LTD.",Company,,KRSEL,GUCSELAFE,,,,,,,,,,,,,,,,,,,,,,,,GUCSELAFE,,,,,,,,,,,,,,,,,,,0,,,,,,,,,,,,,,,,,,,,,,,,,,,,,,
FORLOGBER,FORTO LOGISTICS SE & CO. KG,Company,,DEBER,FORLOGBER,,,,,,,,,,,,,,,,,,,,,,,,FORLOGBER,,,,,,,,,,,,,,,,,,,0,,,,,,,,,,,,,,,,,,,,,,,,,,,,,,
SUNWINHUA,SUNNY-WIN INTERNATIONAL LOGISTICS LIMITED,Company,,CNHUA,SUNWINHUA,,,,,,,,,,,,,,,,,,,,,www.sunny-win.com,,,SUNWINHUA,,,,sunnywin03@sunny-win.com,,,,,,,,,,,,,,,0,,,,,,,,,,,,,,,,,,,,,,,,,,,,,,
EXPFREMAA,EXPO FREIGHT PRIVATE LTD./ HQ OFFICE,Company,,INMAA,EXPFREMAA,,,,,,,,,,,,,,,,,,,,,,,,EXPFREMAA,,,,ucl.maa@ucl-india.com,,,,,,,,,,,,,,,0,,,,,,,,,,,,,,,,,,,,,,,,,,,,,,
GUAWINNNG,GUANGXI WIN-OCEAN INT’L SHIPPING CO. LTD,Company,,CNNNG,GUAWINNNG,,,,,,,,,,,,,,,,,,,,,,,,GUAWINNNG,,,,,,,,,,,,,,,,,,,0,,,,,,,,,,,,,,,,,,,,,,,,,,,,,,
ARKMARLMS,ARK MARE LOGISTICS NAVIGATION LTD.,Company,,CYLMS,ARKMARLMS,,,,,,,,,,,,,,,,,,,,,www.ark-mare.com,,,ARKMARLMS,,,,,,,,,,,,,,,,,,,0,,,,,,,,,,,,,,,,,,,,,,,,,,,,,,
ROYINTMWA,ROYAL INTERNATIONAL COURIERS GMBH,Company,,DEMWA,ROYINTMWA,,,,,,,,,,,,,,,,,,,,,,,,ROYINTMWA,,,,,,,,,,,,,,,,,,,0,,,,,,,,,,,,,,,,,,,,,,,,,,,,,,
DYNSHIKWN,DYNASTY SHIPPING LTD.,Company,,HKKWN,DYNSHIKWN,,,,,,,,,,,,,,,,,,,,,,,,DYNSHIKWN,,,,vincci@dynastyshipping.com,,,,,,,,,,,,,,,0,,,,,,,,,,,,,,,,,,,,,,,,,,,,,,
EASDRAHPH,EASTERN DRAGON CO. LTD.,Company,,VNHPH,EASDRAHPH,,,,,,,,,,,,,,,,,,,,,www.edc.vn,,,EASDRAHPH,,,,edc@edc.vn,,,,,,,,,,,,,,,0,,,,,,,,,,,,,,,,,,,,,,,,,,,,,,
VCKLOGRTM1,VCK LOGISTICS OCEANFREIGHT B.V.,Company,,NLRTM,VCKLOGRTM1,,,,,,,,,,,,,,,,,,,,,,,,VCKLOGRTM1,,,,,,,,,,,,,,,,,,,0,,,,,,,,,,,,,,,,,,,,,,,,,,,,,,
LEVEXPBEY,LEVANT EXPRESS TRANSPORT SAL,Company,,LBBEY,LEVEXPBEY,,,,,,,,,,,,,,,,,,,,,,,,LEVEXPBEY,,,,info@levantexpress.net,,,,,,,,,,,,,,,0,,,,,,,,,,,,,,,,,,,,,,,,,,,,,,
QUALOGSAO,QUANTUM LOGISTICS KTD,Company,,BRSAO,QUALOGSAO,,,,,,,,,,,,,,,,,,,,,,,,QUALOGSAO,,,,,,,,,,,,,,,,,,,0,,,,,,,,,,,,,,,,,,,,,,,,,,,,,,
GOWLOGSIN,GOWELL LOGISTICS SVS PTE LTD,Company,,SGSIN,GOWLOGSIN,,,,,,,,,,,,,,,,,,,,,www.gowelllogistics.com.sg,,,GOWLOGSIN,,,+6581011602,,,,,,,,,,,,,,,,0,,,,,,,,,,,,,,,,,,,,,,,,,,,,,,
TRANSCSGN,TRANSCON CORPORATION,Company,,VNSGN,TRANSCSGN,,,,,,,,,,,,,,,,,,,,,,,,TRANSCSGN,,,,,,,,,,,,,,,,,,,0,,,,,,,,,,,,,,,,,,,,,,,,,,,,,,
ARAESPVLC2,ARABITAL ESPANA S.L,Company,,ESVLC,ARAESPVLC2,,,,,,,,,,,,,,,,,,,,,,,,ARAESPVLC2,,,,,,,,,,,,,,,,,,,0,,,,,,,,,,,,,,,,,,,,,,,,,,,,,,
COCEANSZX,C-OCEAN INT’L SHIPPING CO LTD,Company,,CNSZX,COCEANSZX,,,,,,,,,,,,,,,,,,,,,,,,COCEANSZX,,,,,,,,,,,,,,,,,,,0,,,,,,,,,,,,,,,,,,,,,,,,,,,,,,
UNIINTTAO,UNITEX INTL FORWARDING (GZ) LTD.,Company,,CNTAO,UNIINTTAO,,,,,,,,,,,,,,,,,,,,,,,,UNIINTTAO,,,,qlngdao@un.com.hk,,,,,,,,,,,,,,,0,,,,,,,,,,,,,,,,,,,,,,,,,,,,,,
ALLPORPDX,"ALL PORTS FORWARDING, INC.",Company,,USPDX,ALLPORPDX,,,,,,,,,,,,,,,,,,,,,,,,ALLPORPDX,,,,,,,,,,,,,,,,,,,0,,,,,,,,,,,,,,,,,,,,,,,,,,,,,,
DACROICDG,DACHSER ROISSY ASL,Company,,FRCDG,DACROICDG,,,,,,,,,,,,,,,,,,,,,,,,DACROICDG,,,,,,,,,,,,,,,,,,,0,,,,,,,,,,,,,,,,,,,,,,,,,,,,,,
TARLOGTSN,TARGET LOGISTICS SERVICES (TIANJIN),Company,,CNTSN,TARLOGTSN,,,,,,,,,,,,,,,,,,,,,,,,TARLOGTSN,,,,,,,,,,,,,,,,,,,0,,,,,,,,,,,,,,,,,,,,,,,,,,,,,,
ASIPACHKG,ASIA PACIFIC ALLIANCE LTD.,Company,,HKHKG,ASIPACHKG,,,,,,,,,,,,,,,,,,,,,,,,ASIPACHKG,,,,,,,,,,,,,,,,,,,0,,,,,,,,,,,,,,,,,,,,,,,,,,,,,,
MODMARDMN,MODERN MARITIME LOGISTICS (MML),Company,,SADMN,MODMARDMN,,,,,,,,,,,,,,,,,,,,,,,,MODMARDMN,,,email: see contacts,,,,,,,,,,,,,,,,0,,,,,,,,,,,,,,,,,,,,,,,,,,,,,,
DAVTUROAK,DAVIES TURNER & CO.,Company,,USOAK,DAVTUROAK,,,,,,,,,,,,,,,,,,,,,,,,DAVTUROAK,,,,,,,,,,,,,,,,,,,0,,,,,,,,,,,,,,,,,,,,,,,,,,,,,,
REASCMWUH,"REALOGISTICS SCM (WUHAN).,LTD.",Company,,CNNHN,REASCMWUH,,,,,,,,,,,,,,,,,,,,,,,,REASCMWUH,,,,,,,,,,,,,,,,,,,0,,,,,,,,,,,,,,,,,,,,,,,,,,,,,,
INTTRASEL,INTERNATIONAL TRANSPORTATION CO. LTD.,Company,,KRSEL,INTTRASEL,,,,,,,,,,,,,,,,,,,,,,,,INTTRASEL,,,,,,,,,,,,,,,,,,,0,,,,,,,,,,,,,,,,,,,,,,,,,,,,,,
FERSPAAOI,FERCAM SPA,Company,,ITAOI,FERSPAAOI,,,,,,,,,,,,,,,,,,,,,,,,FERSPAAOI,,,,,,,,,,,,,,,,,,,0,,,,,,,,,,,,,,,,,,,,,,,,,,,,,,
SYMCRE_PH,SYMPHONY CREATIONS INC.,Company,,PHCEB,SYMCRE_PH,,,,,,,,,,,,,,,,,,,,,,,,SYMCRE_PH,,,,,,,,,,,,,,,,,,,0,,,,,,,,,,,,,,,,,,,,,,,,,,,,,,
HAWFREDXB,HAWK FREIGHT SERVICES FZE,Company,,AEDXB,HAWFREDXB,,,,,,,,,,,,,,,,,,,,,,,,HAWFREDXB,,,,,,,,,,,,,,,,,,,0,,,,,,,,,,,,,,,,,,,,,,,,,,,,,,
NEOCONSEL,NEO CONTINENTAL LOGISTICS,Company,,KRSEL,NEOCONSEL,,,,,,,,,,,,,,,,,,,,,,,,NEOCONSEL,,,,,,,,,,,,,,,,,,,0,,,,,,,,,,,,,,,,,,,,,,,,,,,,,,
JOYGLOXMN,"JOYSPEED GLOBAL CARGO CO., LTD.",Company,,CNXMN,JOYGLOXMN,,,,,,,,,,,,,,,,,,,,,,,,JOYGLOXMN,,,,,,,,,,,,,,,,,,,0,,,,,,,,,,,,,,,,,,,,,,,,,,,,,,
CHROBISYD,C.H. ROBINSON WORLDWIDE (AU) PTY LTD,Company,,AUSYD,CHROBISYD,,,,,,,,,,,,,,,,,,,,,www.chrobinson.com,,,CHROBISYD,,,,,,,,,,,,,,,,,,,0,,,,,,,,,,,,,,,,,,,,,,,,,,,,,,
ORISHIKPO,ORIENTAL SHIPPING CO. LTD.,Company,,KRKPO,ORISHIKPO,,,,,,,,,,,,,,,,,,,,,,,,ORISHIKPO,,,,,,,,,,,,,,,,,,,0,,,,,,,,,,,,,,,,,,,,,,,,,,,,,,
ALQABADXB,AL QABANDI AND PARTNERS COMPANY,Company,,AEDXB,ALQABADXB,,,,,,,,,,,,,,,,,,,,,,,,ALQABADXB,,,,qabandi@emirate.net.ae,,,,,,,,,,,,,,,0,,,,,,,,,,,,,,,,,,,,,,,,,,,,,,
TNETWOTPE,T. NETWORK INTERNATIONAL FREIGHT CO. LTD.,Company,,TWTPE,TNETWOTPE,,,,,,,,,,,,,,,,,,,,,www.tnetworkinc.com,,,TNETWOTPE,,,,joseph.wang@tnetworkinc.com,,,,,,,,,,,,,,,0,,,,,,,,,,,,,,,,,,,,,,,,,,,,,,
AGIFAIAFE,AGILITY FAIRS & EVENTS,Company,,AEDXB,AGIFAIAFE,,,,,,,,,,,,,,,,,,,,,www.agilitylogistics.com,,,AGIFAIAFE,,,,,,,,,,,,,,,,,,,0,,,,,,,,,,,,,,,,,,,,,,,,,,,,,,
SACAIRMUC,SACO GROUP AIR GMBH,Company,,DEMUC,SACAIRMUC,,,,,,,,,,,,,,,,,,,,,,,,SACAIRMUC,,,,info@fra.sacogroupair.com,,,,,,,,,,,,,,,0,,,,,,,,,,,,,,,,,,,,,,,,,,,,,,
CARWORSDQ,CARIBEX WORLDWIDE,Company,,DOSDQ,CARWORSDQ,,,,,,,,,,,,,,,,,,,,,,,,CARWORSDQ,,,,,,,,,,,,,,,,,,,0,,,,,,,,,,,,,,,,,,,,,,,,,,,,,,
FELTRAOSL,FELLES TRANSPORT,Company,,NOOSL,FELTRAOSL,,,,,,,,,,,,,,,,,,,,,,,,FELTRAOSL,,,,firmapost@fellestransport.no,,,,,,,,,,,,,,,0,,,,,,,,,,,,,,,,,,,,,,,,,,,,,,
INTSPARNE,INTERCOSPED S.P.A (CUSTOMS BROKERS OFFICE),Company,,ITRNE,INTSPARNE,,,,,,,,,,,,,,,,,,,,,,,,INTSPARNE,,,,,,,,,,,,,,,,,,,0,,,,,,,,,,,,,,,,,,,,,,,,,,,,,,
MADNOVMAD,"MADRID NOVODELTA TRANSITARIOS, S.A (MADRID)",Company,,ESMAD,MADNOVMAD,,,,,,,,,,,,,,,,,,,,,,,,MADNOVMAD,,,,,,,,,,,,,,,,,,,0,,,,,,,,,,,,,,,,,,,,,,,,,,,,,,
FRIAIRHFA,FRIDENSON AIR & OCEAN,Company,,ILHFA,FRIAIRHFA,,,,,,,,,,,,,,,,,,,,,,,,FRIAIRHFA,,,,LouizaP@fridenson.co.il,,,,,,,,,,,,,,,0,,,,,,,,,,,,,,,,,,,,,,,,,,,,,,
RAMLOGSEL,"RAMSES LOGISTICS CO., LTD",Company,,KRSEL,RAMLOGSEL,,,,,,,,,,,,,,,,,,,,,,,,RAMLOGSEL,,,,,,,,,,,,,,,,,,,0,,,,,,,,,,,,,,,,,,,,,,,,,,,,,,
HEAINTBJS,"HEADSPRING INTERNATIONAL LOGISTICS CO.,LTD",Company,,CNBJS,HEAINTBJS,,,,,,,,,,,,,,,,,,,,,,,,HEAINTBJS,,,,,,,,,,,,,,,,,,,0,,,,,,,,,,,,,,,,,,,,,,,,,,,,,,
SEAEXPBJS,SEAJET EXPRESS SERVICES INC.,Company,,CNBJS,SEAEXPBJS,,,,,,,,,,,,,,,,,,,,,,,,SEAEXPBJS,,,,,,,,,,,,,,,,,,,0,,,,,,,,,,,,,,,,,,,,,,,,,,,,,,
TIRWAHSUB,PT. TIRTA WAHANA TRANSPORTAMA,Company,,IDSUB,TIRWAHSUB,,,,,,,,,,,,,,,,,,,,,,,,TIRWAHSUB,,,,,,,,,,,,,,,,,,,0,,,,,,,,,,,,,,,,,,,,,,,,,,,,,,
PANGLOSHA,"PANDA GLOBAL (BEIJING) CO.,LTD.SHANGHAI BRANCH",Company,,CNSHA,PANGLOSHA,,,,,,,,,,,,,,,,,,,,,,,,PANGLOSHA,,,,,,,,,,,,,,,,,,,0,,,,,,,,,,,,,,,,,,,,,,,,,,,,,,
ALFSPLLJU,ALFA SP LOGISTIKA D.O.O,Company,,SILJU,ALFSPLLJU,,,,,,,,,,,,,,,,,,,,,,,,ALFSPLLJU,,,,,,,,,,,,,,,,,,,0,,,,,,,,,,,,,,,,,,,,,,,,,,,,,,
ALLTRACGP,ALL-TRANS CARGO SERVICES LTD.,Company,,BDCGP,ALLTRACGP,,,,,,,,,,,,,,,,,,,,,,,,ALLTRACGP,,,,,,,,,,,,,,,,,,,0,,,,,,,,,,,,,,,,,,,,,,,,,,,,,,
TERESHTYO,TERESHIA LTD.,Company,,JPTYO,TERESHTYO,,,,,,,,,,,,,,,,,,,,,www.tereshia.com,,,TERESHTYO,,,,,,,,,,,,,,,,,,,0,,,,,,,,,,,,,,,,,,,,,,,,,,,,,,
PTMOONJKT,PT. MOONDIA LOGISTICS INDONESIA,Company,,IDJKT,PTMOONJKT,,,,,,,,,,,,,,,,,,,,,www.moondia.com,,,PTMOONJKT,,,,,,,,,,,,,,,,,,,0,,,,,,,,,,,,,,,,,,,,,,,,,,,,,,
ARASHIBAH,ARABITAL SHIPPING BAHRAIN,Company,,BHBAH,ARASHIBAH,,,,,,,,,,,,,,,,,,,,,www.arabital.com,,,ARASHIBAH,,,,arabital.bahrain@arabital.com,,,,,,,,,,,,,,,0,,,,,,,,,,,,,,,,,,,,,,,,,,,,,,
MAGLOGTPE1,"MAGICAL LOGISTICS CO., LTD.",Company,,TWTPE,MAGLOGTPE1,,,,,,,,,,,,,,,,,,,,,,,,MAGLOGTPE1,,,,,,,,,,,,,,,,,,,0,,,,,,,,,,,,,,,,,,,,,,,,,,,,,,
GREFREAGH,GREENCARRIER FREIGHT SERVICES SWEDEN AB,Company,,SEAGH,GREFREAGH,,,,,,,,,,,,,,,,,,,,,www.greencarrier.se,,,GREFREAGH,,,,bjorn.meijer@greencarrier.se,,,,,,,,,,,,,,,0,,,,,,,,,,,,,,,,,,,,,,,,,,,,,,
FLEINTSFO,FLEXPORT INTERNATIONAL LLC,Company,,USSFO,FLEINTSFO,,,,,,,,,,,,,,,,,,,,,,,,FLEINTSFO,,,,arrivalnotice@flexport.com,,,,,,,,,,,,,,,0,,,,,,,,,,,,,,,,,,,,,,,,,,,,,,
INDSGNAFE,INDO TRANS LOGISTICS CORPORATION,Company,,VNSGN,INDSGNAFE,,,,,,,,,,,,,,,,,,,,,,,,INDSGNAFE,,,,janet.thao@itlvn.com,,,,,,,,,,,,,,,0,,,,,,,,,,,,,,,,,,,,,,,,,,,,,,
ALBATRHKG,ALBATRANS LIMITED,Company,,HKHKG,ALBATRHKG,,,,,,,,,,,,,,,,,,,,,,,,ALBATRHKG,,,,info@hkg.albatrans.com,,,,,,,,,,,,,,,0,,,,,,,,,,,,,,,,,,,,,,,,,,,,,,
SOLLOJISL,SOLIBRA LOJISTIK HIZMETLERI A.S,Company,,TRIST,SOLLOJISL,,,,,,,,,,,,,,,,,,,,,,,,SOLLOJISL,,,,,,,,,,,,,,,,,,,0,,,,,,,,,,,,,,,,,,,,,,,,,,,,,,
MARBENAAR,MARTIN BENCHER (SCANDINAVIA) A/S,Company,,DKAAR,MARBENAAR,,,,,,,,,,,,,,,,,,,,,,,,MARBENAAR,,,,,,,,,,,,,,,,,,,0,,,,,,,,,,,,,,,,,,,,,,,,,,,,,,
HECLINGOT,HECKSHER LINIEAGENTURER AB,Company,,SEGOT,HECLINGOT,,,,,,,,,,,,,,,,,,,,,,,,HECLINGOT,,,5564717238,,,,,,,,,,,,,,,,0,,,,,,,,,,,,,,,,,,,,,,,,,,,,,,
CKFORSPKG,CK FORWARDING & SHIPPING SDN BHD -,Company,,MYPKG,CKFORSPKG,,,,,,,,,,,,,,,,,,,,,,,,CKFORSPKG,,,,ckwdg@ckwdg.com.my,,,,,,,,,,,,,,,0,,,,,,,,,,,,,,,,,,,,,,,,,,,,,,
BEIHARBJS,BEIJING HARMONY SHIPPING & FORWARDING,Company,,CNBJS,BEIHARBJS,,,,,,,,,,,,,,,,,,,,,,,,BEIHARBJS,,,,,,,,,,,,,,,,,,,0,,,,,,,,,,,,,,,,,,,,,,,,,,,,,,
ESGINTHUA,E.S.G INTERNATIONAL LOGISTICS,Company,,CNHUA,ESGINTHUA,,,,,,,,,,,,,,,,,,,,,www.esgcargo.com.cn,,,ESGINTHUA,,,,sales088@esgcargo.gd.cn,,,,,,,,,,,,,,,0,,,,,,,,,,,,,,,,,,,,,,,,,,,,,,
BEINAYAFE,BEIJING SPACEFLIGHT EAST SCIENCE TECHNOLOGY,Company,,CNBJS,BEINAYAFE,,,,,,,,,,,,,,,,,,,,,,,,BEINAYAFE,,,,bhdkvincentbai@163.com,,,,,,,,,,,,,,,0,,,,,,,,,,,,,,,,,,,,,,,,,,,,,,
HANLOGSEL,"HANKYONG LOGITEC CO., LTD.",Company,,KRSEL,HANLOGSEL,,,,,,,,,,,,,,,,,,,,,,,,HANLOGSEL,,,,logitec@hankyong.com,,,,,,,,,,,,,,,0,,,,,,,,,,,,,,,,,,,,,,,,,,,,,,
HHEXPRTPE,H & H EXPRESS CO. LTD.,Company,,TWTPE,HHEXPRTPE,,,,,,,,,,,,,,,,,,,,,www.hnhexpress.com,,,HHEXPRTPE,,,,linda@hnhexpress.com,,,,,,,,,,,,,,,0,,,,,,,,,,,,,,,,,,,,,,,,,,,,,,
SINSZXAFE,"SINOTRANS AIR TRANSPORTATION DEVELOPMENT CO., LTD.",Company,,CNSZX,SINSZXAFE,,,,,,,,,,,,,,,,,,,,,,,,SINSZXAFE,,,+86 (086) 135-1030-9,ChenLS@sinoair.com,,,,,,,,,,,,,,,0,,,,,,,,,,,,,,,,,,,,,,,,,,,,,,
MULBLQAFE,MULTILOGISTICS BOLOGNA S.P.A.,Company,,ITBLQ,MULBLQAFE,,,,,,,,,,,,,,,,,,,,,,,,MULBLQAFE,,,+393498348459,amasetti@multilogistics.net,,,,,,,,,,,,,,,0,,,,,,,,,,,,,,,,,,,,,,,,,,,,,,
GRASALCEB,GRANDY SALES CORPORATION,Company,,PHCEB,GRASALCEB,,,,,,,,,,,,,,,,,,,,,,,,GRASALCEB,,,,,,,,,,,,,,,,,,,0,,,,,,,,,,,,,,,,,,,,,,,,,,,,,,
EURSTYKHH,"EURO STYLE, INC.",Company,,TWKHH,EURSTYKHH,,,,,,,,,,,,,,,,,,,,,,,,EURSTYKHH,,,,,,,,,,,,,,,,,,,0,,,,,,,,,,,,,,,,,,,,,,,,,,,,,,
ONTIMEJKT,PT. ON TIME EXPRESS,Company,,IDJKT,ONTIMEJKT,,,,,,,,,,,,,,,,,,,,,,,,ONTIMEJKT,,,,,,,,,,,,,,,,,,,0,,,,,,,,,,,,,,,,,,,,,,,,,,,,,,
MULINTBUD,MULTICONT INTERNATIONAL FORWARDING LOGISTICS CO. L,Company,,HUBUD,MULINTBUD,,,,,,,,,,,,,,,,,,,,,,,,MULINTBUD,,,,,,,,,,,,,,,,,,,0,,,,,,,,,,,,,,,,,,,,,,,,,,,,,,
VIEINTSGN,VIETCO INTERNATIONAL FORWARDING LTD.,Company,,VNSGN,VIEINTSGN,,,,,,,,,,,,,,,,,,,,,,,,VIEINTSGN,,,,vietco@hcm.vnn.vn,,,,,,,,,,,,,,,0,,,,,,,,,,,,,,,,,,,,,,,,,,,,,,
EXCFRESAO,EXCCEL FREIGHT TRANSPORTES INT'L LTDA.,Company,,BRSAO,EXCFRESAO,,,,,,,,,,,,,,,,,,,,,,,,EXCFRESAO,,,,exccel@psi.com.br,,,,,,,,,,,,,,,0,,,,,,,,,,,,,,,,,,,,,,,,,,,,,,
INTFRESIN,INTERGATEWAY FREIGHT PTE LTD,Company,,SGSIN,INTFRESIN,,,,,,,,,,,,,,,,,,,,,,,,INTFRESIN,,,,,,,,,,,,,,,,,,,0,,,,,,,,,,,,,,,,,,,,,,,,,,,,,,
AYTPOUISL,AYTAV POULTRY EQUIPMENT,Company,,TRIST,AYTPOUISL,,,,,,,,,,,,,,,,,,,,,,,,AYTPOUISL,,,,Export.man@aytav.com.tr,,,,,,,,,,,,,,,0,,,,,,,,,,,,,,,,,,,,,,,,,,,,,,
TKLSPEXWL,TKL SPEDITION & MAKLERI AB,Company,,SEGOT,TKLSPEXWL,,,,,,,,,,,,,,,,,,,,,www.tkl.nu,,,TKLSPEXWL,,,,kurt@tkl.nu,,,,,,,,,,,,,,,0,,,,,,,,,,,,,,,,,,,,,,,,,,,,,,
UNIAIRTYO,"UNITED AIRCARGO CONSOLDATORS, INC.",Company,,JPTYO,UNIAIRTYO,,,,,,,,,,,,,,,,,,,,,,,,UNIAIRTYO,,,,,,,,,,,,,,,,,,,0,,,,,,,,,,,,,,,,,,,,,,,,,,,,,,
SHAWANCTU,SHANGHAI WANTIAN INTERNATIONAL LOGISTICS CO LTD,Company,,CNCTU,SHAWANCTU,,,,,,,,,,,,,,,,,,,,,,,,SHAWANCTU,,,,,,,,,,,,,,,,,,,0,,,,,,,,,,,,,,,,,,,,,,,,,,,,,,
AIREXPHKG,AIRBUS EXPRESS LIMITED,Company,,HKHKG,AIREXPHKG,,,,,,,,,,,,,,,,,,,,,,,,AIREXPHKG,,,,,,,,,,,,,,,,,,,0,,,,,,,,,,,,,,,,,,,,,,,,,,,,,,
SENLOGMEX,"SENATOR LOGISTICS,SA DE CV (MEXICO)",Company,,MXMEX,SENLOGMEX,,,,,,,,,,,,,,,,,,,,,,,,SENLOGMEX,,,,,,,,,,,,,,,,,,,0,,,,,,,,,,,,,,,,,,,,,,,,,,,,,,
ISRCARLOD,ISRAEL CARGO LOGISTICS (ICL) LTD.,Company,,ILLOD,ISRCARLOD,,,,,,,,,,,,,,,,,,,,,,,,ISRCARLOD,,,,,,,,,,,,,,,,,,,0,,,,,,,,,,,,,,,,,,,,,,,,,,,,,,
ABCEURLJU2,ABC EUROPEAN AIR & SEA CARGO DIST. TRANS,Company,,SILJU,ABCEURLJU2,,,,,,,,,,,,,,,,,,,,,,,,ABCEURLJU2,,,,,,,,,,,,,,,,,,,0,,,,,,,,,,,,,,,,,,,,,,,,,,,,,,
STPWCALEH,STPI (WCA MEMBER),Company,,FRLEH,STPWCALEH,,,,,,,,,,,,,,,,,,,,,www.stpi.fr,,,STPWCALEH,,,,,,,,,,,,,,,,,,,0,,,,,,,,,,,,,,,,,,,,,,,,,,,,,,
FORTOSIN,FORTO PTE LTD,Company,,SGSIN,FORTOSIN,,,,,,,,,,,,,,,,,,,,,,,,FORTOSIN,,,,,,,,,,,,,,,,,,,0,,,,,,,,,,,,,,,,,,,,,,,,,,,,,,
EZCARGLGG,EZ CARGO,Company,,BELGG,EZCARGLGG,,,,,,,,,,,,,,,,,,,,,,,,EZCARGLGG,,,,Andrei.zdorovenkov@ez-cargo.eu,,,,,,,,,,,,,,,0,,,,,,,,,,,,,,,,,,,,,,,,,,,,,,
QINWINTAO,QINGDAO WIN-FAST INT'L LOGISTICS,Company,,CNTAO,QINWINTAO,,,,,,,,,,,,,,,,,,,,,,,,QINWINTAO,,,,win-fast003@hotmail.com,,,,,,,,,,,,,,,0,,,,,,,,,,,,,,,,,,,,,,,,,,,,,,
GDTLOGGOA,GDT LOGISTIC S.P.A.,Company,,ITGOA,GDTLOGGOA,,,,,,,,,,,,,,,,,,,,,,,,GDTLOGGOA,,,,,,,,,,,,,,,,,,,0,,,,,,,,,,,,,,,,,,,,,,,,,,,,,,
SENINTSZX,SENATOR INTERNATIONAL LOGISTICS LIMITED (SHENZHEN),Company,,CNSZX,SENINTSZX,,,,,,,,,,,,,,,,,,,,,,,,SENINTSZX,,,,,,,,,,,,,,,,,,,0,,,,,,,,,,,,,,,,,,,,,,,,,,,,,,
SOLLOGSGN,SOLTRANS LOGISTICS,Company,,VNSGN,SOLLOGSGN,,,,,,,,,,,,,,,,,,,,,,,,SOLLOGSGN,,,,,,,,,,,,,,,,,,,0,,,,,,,,,,,,,,,,,,,,,,,,,,,,,,
FINKGDAFE,FINE MEAT LLC,Company,,RUKGD,FINKGDAFE,,,,,,,,,,,,,,,,,,,,,,,,FINKGDAFE,,,,avax.tech@gmail.com,,,,,,,,,,,,,,,0,,,,,,,,,,,,,,,,,,,,,,,,,,,,,,
AKMSHIDXB,AKM SHIPPING AND STORAGE LLC,Company,,AEDXB,AKMSHIDXB,,,,,,,,,,,,,,,,,,,,,,,,AKMSHIDXB,,,,,,,,,,,,,,,,,,,0,,,,,,,,,,,,,,,,,,,,,,,,,,,,,,
WEIFRETPE,"WEIDA FREIGHT SYSTEM (HONGKONG) CO.,LIMITED TAIWAN",Company,,TWTPE,WEIFRETPE,,,,,,,,,,,,,,,,,,,,,,,,WEIFRETPE,,,,,,,,,,,,,,,,,,,0,,,,,,,,,,,,,,,,,,,,,,,,,,,,,,
WAFLOGHKG,WAF LOGISTICS LTD,Company,,HKHKG,WAFLOGHKG,,,,,,,,,,,,,,,,,,,,,,,,WAFLOGHKG,,,,,,,,,,,,,,,,,,,0,,,,,,,,,,,,,,,,,,,,,,,,,,,,,,
JPMCHALAX,"JPMORGAN CHASE BANK, N.A.",Company,,USLAX,JPMCHALAX,,,,,,,,,,,,,,,,,,,,,,,,JPMCHALAX,,,,,,,,,,,,,,,,,,,0,,,,,,,,,,,,,,,,,,,,,,,,,,,,,,
SENINTSSZ,SENATOR INTERNATIONAL LOGISTICA DO BRASIL LTDA.,Company,,BRSSZ,SENINTSSZ,,,,,,,,,,,,,,,,,,,,,,,,SENINTSSZ,,,,senator-sao@senator-international.com,,,,,,,,,,,,,,,0,,,,,,,,,,,,,,,,,,,,,,,,,,,,,,
INTCONMIL,INTERMODAL CONTAINERS SERVICE SRL,Company,,ITMIL,INTCONMIL,,,,,,,,,,,,,,,,,,,,,,,,INTCONMIL,,,,ics@icstransport.com,,,,,,,,,,,,,,,0,,,,,,,,,,,,,,,,,,,,,,,,,,,,,,
APCASISIN,APC ASIA PACIFIC CARGO(S) PTE LTD,Company,,SGSIN,APCASISIN,,,,,,,,,,,,,,,,,,,,,www.apc.com.sg,,,APCASISIN,,,,,,,,,,,,,,,,,,,0,,,,,,,,,,,,,,,,,,,,,,,,,,,,,,
TRAGLOSIN,TRANS GLOBAL (S) PTE LTD,Company,,SGSIN,TRAGLOSIN,,,,,,,,,,,,,,,,,,,,,,,,TRAGLOSIN,,,+6562237044,,,,,,,,,,,,,,,,0,,,,,,,,,,,,,,,,,,,,,,,,,,,,,,
ALBATRLAX,ALBATRANS INC.,Company,,USLAX,ALBATRLAX,,,,,,,,,,,,,,,,,,,,,,,,ALBATRLAX,,,,,,,,,,,,,,,,,,,0,,,,,,,,,,,,,,,,,,,,,,,,,,,,,,
KUIAIRPVT,KUIPERS AIR & SEA B.V,Company,,NLPVT,KUIAIRPVT,,,,,,,,,,,,,,,,,,,,,,,,KUIAIRPVT,,,,,,,,,,,,,,,,,,,0,,,,,,,,,,,,,,,,,,,,,,,,,,,,,,
TRAFORBCN,TRAVIMA FORWARDING S.L.,Company,,ESBCN,TRAFORBCN,,,,,,,,,,,,,,,,,,,,,,,,TRAFORBCN,,,,bcncome@travima.com,,,,,,,,,,,,,,,0,,,,,,,,,,,,,,,,,,,,,,,,,,,,,,
ATLLOGCGP,ATLAS LOGISTICS BANGLADESH (PVT) LIMITED,Company,,BDCGP,ATLLOGCGP,,,,,,,,,,,,,,,,,,,,,www.atlaslogistics.co.in,,,ATLLOGCGP,,,+8801727636138,bakul@bd.atlaslogistics.co.in,,,,,,,,,,,,,,,0,,,,,,,,,,,,,,,,,,,,,,,,,,,,,,
HERINTCYX,"HERITAGE INTERNATIONAL FREIGHT, INC.",Company,,USCYX,HERINTCYX,,,,,,,,,,,,,,,,,,,,,,,,HERINTCYX,,,,esper@heritage.com,,,,,,,,,,,,,,,0,,,,,,,,,,,,,,,,,,,,,,,,,,,,,,
COSSHIAFE,COSCO SHIPPING AIR FREIGHT (SHANGHAI) CO. LTD,Company,,CNSHA,COSSHIAFE,,,,,,,,,,,,,,,,,,,,,,,,COSSHIAFE,,,,,,,,,,,,,,,,,,,0,,,,,,,,,,,,,,,,,,,,,,,,,,,,,,
DESCANYVR,DESPRADELLE CANADA INC.,Company,,CAYVR,DESCANYVR,,,,,,,,,,,,,,,,,,,,,,,,DESCANYVR,,,,melanievigeant@despradelle.com,,,,,,,,,,,,,,,0,,,,,,,,,,,,,,,,,,,,,,,,,,,,,,
DENWOJMNL,DENIS WOJTASINSKI,Company,,PHMNL,DENWOJMNL,,,,,,,,,,,,,,,,,,,,,,,,DENWOJMNL,,,,,,,,,,,,,,,,,,,0,,,,,,,,,,,,,,,,,,,,,,,,,,,,,,
NOALOGHKG,NOATUM LOGISTICS,Company,,HKHKG,NOALOGHKG,,,,,,,,,,,,,,,,,,,,,www.noatumlogistics.com,,,NOALOGHKG,,,,Cathy.Kwong@noatumlogistics.com,,,,,,,,,,,,,,,0,,,,,,,,,,,,,,,,,,,,,,,,,,,,,,
BUCCHIGOA,BUCCHIONI SRL,Company,,ITGOA,BUCCHIGOA,,,,,,,,,,,,,,,,,,,,,,,,BUCCHIGOA,,,,,,,,,,,,,,,,,,,0,,,,,,,,,,,,,,,,,,,,,,,,,,,,,,
GLOCARTAO,GLOBE CARGO LOGISTICS (QINGDAO),Company,,CNTAO,GLOCARTAO,,,,,,,,,,,,,,,,,,,,,,,,GLOCARTAO,,,,,,,,,,,,,,,,,,,0,,,,,,,,,,,,,,,,,,,,,,,,,,,,,,
CLCPROKWN,CLC PROJECTS LIMITED,Company,,HKKWN,CLCPROKWN,,,,,,,,,,,,,,,,,,,,,,,,CLCPROKWN,,,,,,,,,,,,,,,,,,,0,,,,,,,,,,,,,,,,,,,,,,,,,,,,,,
INTTRABCN,"INTEGRAL TRANSPORT SERVICE, S.A.",Company,,ESBCN,INTTRABCN,,,,,,,,,,,,,,,,,,,,,,,,INTTRABCN,,,,itsbca@its.es,,,,,,,,,,,,,,,0,,,,,,,,,,,,,,,,,,,,,,,,,,,,,,
VIOCUSNYC,VIO & C USA INC. D B/A CARGO LINE,Company,,USNYC,VIOCUSNYC,,,,,,,,,,,,,,,,,,,,,,,,VIOCUSNYC,,,,,,,,,,,,,,,,,,,0,,,,,,,,,,,,,,,,,,,,,,,,,,,,,,
ALBATRPOL,ALBATRANS INC.,Company,,USPOL,ALBATRPOL,,,,,,,,,,,,,,,,,,,,,,,,ALBATRPOL,,,,,,,,,,,,,,,,,,,0,,,,,,,,,,,,,,,,,,,,,,,,,,,,,,
PRIGLOOXF,PRINCIPAL GLOBAL EVENTS,Company,,GBOXF,PRIGLOOXF,,,,,,,,,,,,,,,,,,,,,,,,PRIGLOOXF,,,,emma@welcometoleo.com,,,,,,,,,,,,,,,0,,,,,,,,,,,,,,,,,,,,,,,,,,,,,,
INTEASNBO,INTERFREIGHT EAST AFRICA LIMITED,Company,,KENBO,INTEASNBO,,,,,,,,,,,,,,,,,,,,,,,,INTEASNBO,,,,,,,,,,,,,,,,,,,0,,,,,,,,,,,,,,,,,,,,,,,,,,,,,,
KAMINTSHA,KAMINO INTERNATIONAL TRANSPORT LTD.,Company,,CNSHA,KAMINTSHA,,,,,,,,,,,,,,,,,,,,,www.kamino.com,,,KAMINTSHA,,,,info@kamino.com,,,,,,,,,,,,,,,0,,,,,,,,,,,,,,,,,,,,,,,,,,,,,,
APCREASGN,APC-REALCO LTD.,Company,,VNSGN,APCREASGN,,,,,,,,,,,,,,,,,,,,,,,,APCREASGN,,,,van@realco-vn.com,,,,,,,,,,,,,,,0,,,,,,,,,,,,,,,,,,,,,,,,,,,,,,
GRECHITXG,GREAT CHINA TRANSPORTATION CO.LTD.,Company,,TWTXG,GRECHITXG,,,,,,,,,,,,,,,,,,,,,,,,GRECHITXG,,,,,,,,,,,,,,,,,,,0,,,,,,,,,,,,,,,,,,,,,,,,,,,,,,
CSCINTBOG,CSC INTERNATIONAL  CARGO LTDA,Company,,COBOG,CSCINTBOG,,,,,,,,,,,,,,,,,,,,,,,,CSCINTBOG,,,,,,,,,,,,,,,,,,,0,,,,,,,,,,,,,,,,,,,,,,,,,,,,,,
MIDAMEDAL,"MID-AMERICA OVERSEAS, INC.",Company,,USDAL,MIDAMEDAL,,,,,,,,,,,,,,,,,,,,,,,,MIDAMEDAL,,,,mao_dfw@maoinc.com,,,,,,,,,,,,,,,0,,,,,,,,,,,,,,,,,,,,,,,,,,,,,,
FARLOJIST,FARGO LOJISTIK HIZMETLERI TIC. LTD. STI.,Company,,TRIST,FARLOJIST,,,,,,,,,,,,,,,,,,,,,,,,FARLOJIST,,,,,,,,,,,,,,,,,,,0,,,,,,,,,,,,,,,,,,,,,,,,,,,,,,
MBTROPCEB,MB TROPICAL MARINE LIFE/CHANIC FISH EXPORT,Company,,PHCEB,MBTROPCEB,,,,,,,,,,,,,,,,,,,,,,,,MBTROPCEB,,,+639209327315,,,,,,,,,,,,,,,,0,,,,,,,,,,,,,,,,,,,,,,,,,,,,,,
LIASZXAFE,LIAONING AIR SEA WORLDWIDE LOGISTICS LTD.,Company,,CNSZX,LIASZXAFE,,,,,,,,,,,,,,,,,,,,,,,,LIASZXAFE,,,,freya.chen@asw-shenzhen.com.cn,,,,,,,,,,,,,,,0,,,,,,,,,,,,,,,,,,,,,,,,,,,,,,
APCREADLC,APC-REALCO LTD,Company,,CNDLC,APCREADLC,,,,,,,,,,,,,,,,,,,,,,,,APCREADLC,,,,,,,,,,,,,,,,,,,0,,,,,,,,,,,,,,,,,,,,,,,,,,,,,,
FSUTRASSZ,FSUARES TRANSPORTE E LOGISTICS LTDA,Company,,BRSSZ,FSUTRASSZ,,,,,,,,,,,,,,,,,,,,,,,,FSUTRASSZ,,,,,,,,,,,,,,,,,,,0,,,,,,,,,,,,,,,,,,,,,,,,,,,,,,
SATAKEHIJ,SATAKE CORPORATION,Company,,JPHIJ,SATAKEHIJ,,,,,,,,,,,,,,,,,,,,,,,,SATAKEHIJ,,,,k-miyazawa@satake-japan.co.jp,,,,,,,,,,,,,,,0,,,,,,,,,,,,,,,,,,,,,,,,,,,,,,
AIRFORSIN,AIRCAT FORWARDING,Company,,SGSIN,AIRFORSIN,,,,,,,,,,,,,,,,,,,,,www.aircat.com.bn,,,AIRFORSIN,,,,ocean@aircat.com.bn,,,,,,,,,,,,,,,0,,,,,,,,,,,,,,,,,,,,,,,,,,,,,,
THOMERDXB,THOMSUN MERCHANTILE & MARINE LLC,Company,,AEDXB,THOMERDXB,,,,,,,,,,,,,,,,,,,,,,,,THOMERDXB,,,,sales-tmm@thomsun.ae,,,,,,,,,,,,,,,0,,,,,,,,,,,,,,,,,,,,,,,,,,,,,,
DAREXPCMB,DART EXPRESS LANKA (PVT) LTD.,Company,,LKCMB,DAREXPCMB,,,,,,,,,,,,,,,,,,,,,,,,DAREXPCMB,,,,,,,,,,,,,,,,,,,0,,,,,,,,,,,,,,,,,,,,,,,,,,,,,,
VISTRGAFE,PT. VISSASA PARAMA NATI,Company,,IDTRG,VISTRGAFE,,,,,,,,,,,,,,,,,,,,,www.vissasa.com,,,VISTRGAFE,,,,exhibition@vissasa.id,,,,,,,,,,,,,,,0,,,,,,,,,,,,,,,,,,,,,,,,,,,,,,
COMGHATEM,COMEXAS GHANA LIMITED,Company,,GHTEM,COMGHATEM,,,,,,,,,,,,,,,,,,,,,,,,COMGHATEM,,,,,,,,,,,,,,,,,,,0,,,,,,,,,,,,,,,,,,,,,,,,,,,,,,
ALBASLBCN,ALBATRANS S.L.,Company,,ESBCN,ALBASLBCN,,,,,,,,,,,,,,,,,,,,,,,,ALBASLBCN,,,,albatrans@albatrans.c.telefonica.net,,,,,,,,,,,,,,,0,,,,,,,,,,,,,,,,,,,,,,,,,,,,,,
ALBATRLEH,ALBATRANS,Company,,FRLEH,ALBATRLEH,,,,,,,,,,,,,,,,,,,,,,,,ALBATRLEH,,,,Christine Fluzat <c.fluzat.bod@albatrans.com>,,,,,,,,,,,,,,,0,,,,,,,,,,,,,,,,,,,,,,,,,,,,,,
SHSAMESIN,S.H. SAMEYEH PTE LTD.,Company,,SGSIN,SHSAMESIN,,,,,,,,,,,,,,,,,,,,,,,,SHSAMESIN,,,,,,,,,,,,,,,,,,,0,,,,,,,,,,,,,,,,,,,,,,,,,,,,,,
LEMANHER,LEMAN A/S,Company,,DKHER,LEMANHER,,,,,,,,,,,,,,,,,,,,,,,,LEMANHER,,,,,,,,,,,,,,,,,,,0,,,,,,,,,,,,,,,,,,,,,,,,,,,,,,
GRABALSYD,GRAZIOSI-BALTSHIP PTY. LTD.,Company,,AUSYD,GRABALSYD,,,,,,,,,,,,,,,,,,,,,,,,GRABALSYD,,,,mark@graziosi-baltship.com.au,,,,,,,,,,,,,,,0,,,,,,,,,,,,,,,,,,,,,,,,,,,,,,
HENHARSYD,HENNING HARDERS (AUSTRALIA) PTY LTD,Company,,AUSYD,HENHARSYD,,,,,,,,,,,,,,,,,,,,,,,,HENHARSYD,,,,,,,,,,,,,,,,,,,0,,,,,,,,,,,,,,,,,,,,,,,,,,,,,,
GEFESPBCN,GEFCO ESPANA S.A.-SEAFREIGHT DEPARTMENT,Company,,ESBCN,GEFESPBCN,,,,,,,,,,,,,,,,,,,,,,,,GEFESPBCN,,,,,,,,,,,,,,,,,,,0,,,,,,,,,,,,,,,,,,,,,,,,,,,,,,
APECARSEL,"APEX CARGO SERVICE,INC. /AIRFREIGHT OFF",Company,,KRSEL,APECARSEL,,,,,,,,,,,,,,,,,,,,,,,,APECARSEL,,,,apexcgo@apexcargo.co.kr,,,,,,,,,,,,,,,0,,,,,,,,,,,,,,,,,,,,,,,,,,,,,,
AIRDIVSRZ,AIR DIVISION MASTERLINE SRL,Company,,BOSRZ,AIRDIVSRZ,,,,,,,,,,,,,,,,,,,,,,,,AIRDIVSRZ,,,,,,,,,,,,,,,,,,,0,,,,,,,,,,,,,,,,,,,,,,,,,,,,,,
DINEXPSUB,PT. DINAMIKA EXPRESSINDO,Company,,IDSUB,DINEXPSUB,,,,,,,,,,,,,,,,,,,,,,,,DINEXPSUB,,,,,,,,,,,,,,,,,,,0,,,,,,,,,,,,,,,,,,,,,,,,,,,,,,
HXPSINAFE,H-XPO GERMAXCO INTERNATIONAL PTE LTD.,Company,,SGSIN,HXPSINAFE,,,,,,,,,,,,,,,,,,,,,,,,HXPSINAFE,,,,,,,,,,,,,,,,,,,0,,,,,,,,,,,,,,,,,,,,,,,,,,,,,,
SHELOGCMB,SHERMANS LOGISTICS (PVT) LTD.,Company,,LKCMB,SHELOGCMB,,,,,,,,,,,,,,,,,,,,,,,,SHELOGCMB,,,,shermanslog@eureka.lk,,,,,,,,,,,,,,,0,,,,,,,,,,,,,,,,,,,,,,,,,,,,,,
TOPLOGNYC,TOPSPIN LOGISTICS,Company,,USNYC,TOPLOGNYC,,,,,,,,,,,,,,,,,,,,,,,,TOPLOGNYC,,,+16462364867,,,,,,,,,,,,,,,,0,,,,,,,,,,,,,,,,,,,,,,,,,,,,,,
NATFORSIN,THE NATIONAL FORWARDER (S) PTE LTD,Company,,SGSIN,NATFORSIN,,,,,,,,,,,,,,,,,,,,,,,,NATFORSIN,,,,neffwd@singnet.com.sg,,,,,,,,,,,,,,,0,,,,,,,,,,,,,,,,,,,,,,,,,,,,,,
CHIFRESHA,CHINA FREIGHT SERVICES CO. LTD,Company,,CNSHA,CHIFRESHA,,,,,,,,,,,,,,,,,,,,,,,,CHIFRESHA,,,,,,,,,,,,,,,,,,,0,,,,,,,,,,,,,,,,,,,,,,,,,,,,,,
SISLOGDAC,SIS LOGISTICAL SYSTEM LIMITED,Company,,BDDAC,SISLOGDAC,,,,,,,,,,,,,,,,,,,,,,,,SISLOGDAC,,,+88029892468,,,,,,,,,,,,,,,,0,,,,,,,,,,,,,,,,,,,,,,,,,,,,,,
FRELINBKK,FREIGHT LINER (THAILAND) CO LTD,Company,,THBKK,FRELINBKK,,,,,,,,,,,,,,,,,,,,,,,,FRELINBKK,,,,,,,,,,,,,,,,,,,0,,,,,,,,,,,,,,,,,,,,,,,,,,,,,,
DCSDAHSZX,"DCS DAH STAR LOGISTICS (HK) CO., LTD",Company,,CNSNZ,DCSDAHSZX,,,,,,,,,,,,,,,,,,,,,,,,DCSDAHSZX,,,,,,,,,,,,,,,,,,,0,,,,,,,,,,,,,,,,,,,,,,,,,,,,,,
NINHUATAO,NINGBO  HUANJI INT'L LOGISTICS CO. LTD,Company,,CNTAO,NINHUATAO,,,,,,,,,,,,,,,,,,,,,,,,NINHUATAO,,,,gd@nb-hj.com,,,,,,,,,,,,,,,0,,,,,,,,,,,,,,,,,,,,,,,,,,,,,,
FRESYSBOM,FREIGHT SYSTEMS (INDIA) PVT. LTD.,Company,,INBOM,FRESYSBOM,,,,,,,,,,,,,,,,,,,,,,,,FRESYSBOM,,,,,,,,,,,,,,,,,,,0,,,,,,,,,,,,,,,,,,,,,,,,,,,,,,
FRELINLCH,"FREIGHT LINER (THAILAND) CO., LTD.",Company,,THLCH,FRELINLCH,,,,,,,,,,,,,,,,,,,,,,,,FRELINLCH,,,,,,,,,,,,,,,,,,,0,,,,,,,,,,,,,,,,,,,,,,,,,,,,,,
TWISUNMUB,TWINCITY SUNLIFE PVT. LTD.,Company,,INMUB,TWISUNMUB,,,,,,,,,,,,,,,,,,,,,,,,TWISUNMUB,,,,,,,,,,,,,,,,,,,0,,,,,,,,,,,,,,,,,,,,,,,,,,,,,,
PACLOGLAX,PACIFIC LOGISTICS CORP.,Company,,USLAX,PACLOGLAX,,,,,,,,,,,,,,,,,,,,,,,,PACLOGLAX,,,,winusa@pacific-logistics.com,,,,,,,,,,,,,,,0,,,,,,,,,,,,,,,,,,,,,,,,,,,,,,
FULLS1DUR,FULLSAIL 1 PTY LTD,Company,,ZADUR,FULLS1DUR,,,,,,,,,,,,,,,,,,,,,,,,FULLS1DUR,,,,,,,,,,,,,,,,,,,0,,,,,,,,,,,,,,,,,,,,,,,,,,,,,,
METASIPKG,METROPORT ASIA SDN. BHD.,Company,,MYPKG,METASIPKG,,,,,,,,,,,,,,,,,,,,,,,,METASIPKG,,,,freight@mymetroport.com,,,,,,,,,,,,,,,0,,,,,,,,,,,,,,,,,,,,,,,,,,,,,,
SEAEXPBWI,SEAGULL EXPRESS LINES,Company,,USBAL,SEAEXPBWI,,,,,,,,,,,,,,,,,,,,,,,,SEAEXPBWI,,,,,,,,,,,,,,,,,,,0,,,,,,,,,,,,,,,,,,,,,,,,,,,,,,
REAWINHKG,REACH WIN INTERNATIONAL LOGISTICS LTD.,Company,,HKHKG,REAWINHKG,,,,,,,,,,,,,,,,,,,,,,,,REAWINHKG,,,,,,,,,,,,,,,,,,,0,,,,,,,,,,,,,,,,,,,,,,,,,,,,,,
TRABILBIO,"TRAIMER BILBAO, S.A.",Company,,ESBIO,TRABILBIO,,,,,,,,,,,,,,,,,,,,,,,,TRABILBIO,,,,,,,,,,,,,,,,,,,0,,,,,,,,,,,,,,,,,,,,,,,,,,,,,,
GLOCARPTY,GLOBAL CARGO EXPRESS,Company,,PAPTY,GLOCARPTY,,,,,,,,,,,,,,,,,,,,,www.globalcargopty.com,,,GLOCARPTY,,,,,,,,,,,,,,,,,,,0,,,,,,,,,,,,,,,,,,,,,,,,,,,,,,
GLOPROBKK,GLOBAL PROJECT LOGISTICS NETWORK(GPLN),Company,,THBKK,GLOPROBKK,,,,,,,,,,,,,,,,,,,,,,,,GLOPROBKK,,,,info@gpln.net,,,,,,,,,,,,,,,0,,,,,,,,,,,,,,,,,,,,,,,,,,,,,,
EASLOGBKK,"EASTWIND LOGISTICS CO., LTD",Company,,THBKK,EASLOGBKK,,,,,,,,,,,,,,,,,,,,,,,,EASLOGBKK,,,,,,,,,,,,,,,,,,,0,,,,,,,,,,,,,,,,,,,,,,,,,,,,,,
RICSOUKHH,RICH SOU TECHNOLOGY CO. LTD,Company,,TWKHH,RICSOUKHH,,,,,,,,,,,,,,,,,,,,,,,,RICSOUKHH,,,,rich.sou@msa.hinet.net,,,,,,,,,,,,,,,0,,,,,,,,,,,,,,,,,,,,,,,,,,,,,,
TIMCARSGN,TIMES CARGO LOGISTIC CO LTD (MTG),Company,,VNSGN,TIMCARSGN,,,,,,,,,,,,,,,,,,,,,,,,TIMCARSGN,,,,,,,,,,,,,,,,,,,0,,,,,,,,,,,,,,,,,,,,,,,,,,,,,,
WAPLOGBTM,PT. WAP LOGISTIKINDO,Company,,IDBTM,WAPLOGBTM,,,,,,,,,,,,,,,,,,,,,,,,WAPLOGBTM,,,,endy@waplogistikindo.com,,,,,,,,,,,,,,,0,,,,,,,,,,,,,,,,,,,,,,,,,,,,,,
PINGLOWDD,PINPOINT GLOBAL LOGISTICS LLC,Company,,USWDD,PINGLOWDD,,,,,,,,,,,,,,,,,,,,,,,,PINGLOWDD,,,,,,,,,,,,,,,,,,,0,,,,,,,,,,,,,,,,,,,,,,,,,,,,,,
HANAIROSA,HANSHIN AIR CARGO CO. LTD.,Company,,JPOSA,HANAIROSA,,,,,,,,,,,,,,,,,,,,,,,,HANAIROSA,,,,,,,,,,,,,,,,,,,0,,,,,,,,,,,,,,,,,,,,,,,,,,,,,,
PROLINDXB,PRO LINK LOGISTIC LLC,Company,,AEDXB,PROLINDXB,,,,,,,,,,,,,,,,,,,,,,,,PROLINDXB,,,,info@prolinkdxb.com,,,,,,,,,,,,,,,0,,,,,,,,,,,,,,,,,,,,,,,,,,,,,,
HTAIRFHKG,H&T AIRFREIGHT & GLOBAL EXPRESS LTD,Company,,HKHKG,HTAIRFHKG,,,,,,,,,,,,,,,,,,,,,,,,HTAIRFHKG,,,,,,,,,,,,,,,,,,,0,,,,,,,,,,,,,,,,,,,,,,,,,,,,,,
CLASQUQZV,CLASQUIN SA,Company,,FRROI,CLASQUQZV,,,,,,,,,,,,,,,,,,,,,,,,CLASQUQZV,,,,,,,,,,,,,,,,,,,0,,,,,,,,,,,,,,,,,,,,,,,,,,,,,,
LEMUSACHI,LEMAN USA INC,Company,,USCHI,LEMUSACHI,,,,,,,,,,,,,,,,,,,,,,,,LEMUSACHI,,,,chicago@lemanusa.com,,,,,,,,,,,,,,,0,,,,,,,,,,,,,,,,,,,,,,,,,,,,,,
DSVSAMNYC,DSV SAMSON TRANSPORT USA INC.,Company,,USNYC,DSVSAMNYC,,,,,,,,,,,,,,,,,,,,,,,,DSVSAMNYC,,,,,,,,,,,,,,,,,,,0,,,,,,,,,,,,,,,,,,,,,,,,,,,,,,
ANDLOGPNH,ANDHIKA LOGISTICS CAMBODIA,Company,,KHPNH,ANDLOGPNH,,,,,,,,,,,,,,,,,,,,,,,,ANDLOGPNH,,,,,,,,,,,,,,,,,,,0,,,,,,,,,,,,,,,,,,,,,,,,,,,,,,
MGIDACKPO,MGI & DACHSER INC. O/B OF,Company,,KRKPO,MGIDACKPO,,,,,,,,,,,,,,,,,,,,,,,,MGIDACKPO,,,,,,,,,,,,,,,,,,,0,,,,,,,,,,,,,,,,,,,,,,,,,,,,,,
SENINTMAN,SENATOR INTERNATIONAL FREIGHT FORWARDING LIIMITED,Company,,GBMNC,SENINTMAN,,,,,,,,,,,,,,,,,,,,,,,,SENINTMAN,,,,,,,,,,,,,,,,,,,0,,,,,,,,,,,,,,,,,,,,,,,,,,,,,,
COMOCESWK,COMPASS OCEAN LOGISTICS COMPANY WLL,Company,,KWSWK,COMOCESWK,,,,,,,,,,,,,,,,,,,,,,,,COMOCESWK,,,,,,,,,,,,,,,,,,,0,,,,,,,,,,,,,,,,,,,,,,,,,,,,,,
MIDAMEIBSEA,"MID AMERICA OVERSEAS, INC.",Company,,USSEA,MIDAMEIBSEA,,,,,,,,,,,,,,,,,,,,,,,,MIDAMEIBSEA,,,,mao_sea@maoinc.com,,,,,,,,,,,,,,,0,,,,,,,,,,,,,,,,,,,,,,,,,,,,,,
TOPSTARMQ,"TOP STAR EXPRESS CO., LTD. TAIWAN",Company,,TWTXG,TOPSTARMQ,,,,,,,,,,,,,,,,,,,,,,,,TOPSTARMQ,,,,,,,,,,,,,,,,,,,0,,,,,,,,,,,,,,,,,,,,,,,,,,,,,,
QCSQUIHAJ,QCS - QUICK CARGO SERVICE GMBH,Company,,DEHAJ,QCSQUIHAJ,,,,,,,,,,,,,,,,,,,,,,,,QCSQUIHAJ,,,,,,,,,,,,,,,,,,,0,,,,,,,,,,,,,,,,,,,,,,,,,,,,,,
EVOLOGMAN,EVOLUTION LOGISTICS LTD.,Company,,GBMNC,EVOLOGMAN,,,,,,,,,,,,,,,,,,,,,,,,EVOLOGMAN,,,,,,,,,,,,,,,,,,,0,,,,,,,,,,,,,,,,,,,,,,,,,,,,,,
AROLOGJNB2,AROC LOGISTICS PTY. LTD.,Company,,ZAJNB,AROLOGJNB2,,,,,,,,,,,,,,,,,,,,,,,,AROLOGJNB2,,,,,,,,,,,,,,,,,,,0,,,,,,,,,,,,,,,,,,,,,,,,,,,,,,
HAMBARBND,"HAMAHANG BAR GROUP, SHIPPING & FORWARDING",Company,,IRBND,HAMBARBND,,,,,,,,,,,,,,,,,,,,,,,,HAMBARBND,,,,,,,,,,,,,,,,,,,0,,,,,,,,,,,,,,,,,,,,,,,,,,,,,,
CALSHIMCT,CALRION SHIPPING SERVICES LLC,Company,,OMMCT,CALSHIMCT,,,,,,,,,,,,,,,,,,,,,,,,CALSHIMCT,,,,clarion@omantel.net.om,,,,,,,,,,,,,,,0,,,,,,,,,,,,,,,,,,,,,,,,,,,,,,
SHASYNSHA,"SHANGHAI SYNTRANS INT'L LOGISTICS CO.,LTD",Company,,CNSHA,SHASYNSHA,,,,,,,,,,,,,,,,,,,,,,,,SHASYNSHA,,,,yuanwei.wux@syntrans.com,,,,,,,,,,,,,,,0,,,,,,,,,,,,,,,,,,,,,,,,,,,,,,
MAXXPRLGB,"MAXGLOBAL XPRESS, INC.",Company,,USLGB,MAXXPRLGB,,,,,,,,,,,,,,,,,,,,,,,,MAXXPRLGB,,,,steven@maxglobalinc.com,,,,,,,,,,,,,,,0,,,,,,,,,,,,,,,,,,,,,,,,,,,,,,
KATSTACEB,KAT STATION,Company,,PHCEB,KATSTACEB,,,,,,,,,,,,,,,,,,,,,,,,KATSTACEB,,,,,,,,,,,,,,,,,,,0,,,,,,,,,,,,,,,,,,,,,,,,,,,,,,
ASIPACCHKG,ASIA PACIFIC CARGO (H.K.) LTD.,Company,,HKHKG,ASIPACCHKG,,,,,,,,,,,,,,,,,,,,,,,,ASIPACCHKG,,,,,,,,,,,,,,,,,,,0,,,,,,,,,,,,,,,,,,,,,,,,,,,,,,
TRADEWSCL,TRADEWINGS LTD,Company,,CLSCL,TRADEWSCL,,,,,,,,,,,,,,,,,,,,,www.tradewings.cl,,,TRADEWSCL,,,,info@tradewings.cl,,,,,,,,,,,,,,,0,,,,,,,,,,,,,,,,,,,,,,,,,,,,,,
HELINTPIR,HELLENIC & INT. TRANSPORT SYSTEMS LTD.,Company,,GRPIR,HELINTPIR,,,,,,,,,,,,,,,,,,,,,,,,HELINTPIR,,,www.transhellenic.gr,info@transhellenic.gr    / website: www.transhellenic.gr,,,,,,,,,,,,,,,0,,,,,,,,,,,,,,,,,,,,,,,,,,,,,,
ALSBVAFE,A & L SERVICES,Company,,PGSBV,ALSBVAFE,,,,,,,,,,,,,,,,,,,,,,,,ALSBVAFE,,,,mkfa0711@yahoo.com,,,,,,,,,,,,,,,0,,,,,,,,,,,,,,,,,,,,,,,,,,,,,,
MALJENPKG,MALAYSIA JENKAR FREIGHT SERVICES (M) SDN BHD,Company,,MYPKG,MALJENPKG,,,,,,,,,,,,,,,,,,,,,,,,MALJENPKG,,,,,,,,,,,,,,,,,,,0,,,,,,,,,,,,,,,,,,,,,,,,,,,,,,
SHACAPSHA,"SHANGHAI CAPITAL LOGISTICS TRANSPORT CO., LTD.",Company,,CNSHA,SHACAPSHA,,,,,,,,,,,,,,,,,,,,,,,,SHACAPSHA,,,+8615850018922,paolo.jiang@capital-logistic.com.cn,,,,,,,,,,,,,,,0,,,,,,,,,,,,,,,,,,,,,,,,,,,,,,
MALTOTAKL,MALCOLM TOTAL LOGISTICS,Company,,NZAKL,MALTOTAKL,,,,,,,,,,,,,,,,,,,,,,,,MALTOTAKL,,,,,,,,,,,,,,,,,,,0,,,,,,,,,,,,,,,,,,,,,,,,,,,,,,
MIDAMECLT,"MID-AMERICA OVERSEAS, INC",Company,,USCLT,MIDAMECLT,,,,,,,,,,,,,,,,,,,,,,,,MIDAMECLT,,,,,,,,,,,,,,,,,,,0,,,,,,,,,,,,,,,,,,,,,,,,,,,,,,
ARTSELAFE,"ARTRANS CO., LTD.",Company,,KRSEL,ARTSELAFE,,,,,,,,,,,,,,,,,,,,,,,,ARTSELAFE,,,+821021141908,artrans4@gmail.com,,,,,,,,,,,,,,,0,,,,,,,,,,,,,,,,,,,,,,,,,,,,,,
CENASINBO,CENTRAL-ASIA INT'L AIR FREIGHT,Company,,CNNBO,CENASINBO,,,,,,,,,,,,,,,,,,,,,,,,CENASINBO,,,,,,,,,,,,,,,,,,,0,,,,,,,,,,,,,,,,,,,,,,,,,,,,,,
TRIEXPAFE,TRIUMPH EXPRESS SERVICE,Company,,TWTPE,TRIEXPAFE,,,,,,,,,,,,,,,,,,,,,,,,TRIEXPAFE,,,,,,,,,,,,,,,,,,,0,,,,,,,,,,,,,,,,,,,,,,,,,,,,,,
WESTRUPEK,WEST TRUE DRAGON TRANSPORTATION,Company,,CNPEK,WESTRUPEK,,,,,,,,,,,,,,,,,,,,,,,,WESTRUPEK,,,,,,,,,,,,,,,,,,,0,,,,,,,,,,,,,,,,,,,,,,,,,,,,,,
CMGQBYAFE,CMGRP LIMITED – JACK MORTON WORLDWIDE,Company,,HKQBY,CMGQBYAFE,,,,,,,,,,,,,,,,,,,,,,,,CMGQBYAFE,,,+85262558605,Tusman_Hui@jackmorton.com,,,,,,,,,,,,,,,0,,,,,,,,,,,,,,,,,,,,,,,,,,,,,,
TIGLOGBTH,"TIGER LOGISTICS CO.,LTD",Company,,VNBTH,TIGLOGBTH,,,,,,,,,,,,,,,,,,,,,,,,TIGLOGBTH,,,,,,,,,,,,,,,,,,,0,,,,,,,,,,,,,,,,,,,,,,,,,,,,,,
UNILOGCOK,UNITEX LOGISTICS INDIA PVT LTD.,Company,,INCOK,UNILOGCOK,,,,,,,,,,,,,,,,,,,,,,,,UNILOGCOK,,,,,,,,,,,,,,,,,,,0,,,,,,,,,,,,,,,,,,,,,,,,,,,,,,
ETHGENCEB,ETHEN GENERAL MERCHANDISE,Company,,PHCEB,ETHGENCEB,,,,,,,,,,,,,,,,,,,,,,,,ETHGENCEB,,,,,,,,,,,,,,,,,,,0,,,,,,,,,,,,,,,,,,,,,,,,,,,,,,
KUEDUSAFE,KUEHNE + NAGEL (AG & CO.) KG,Company,,DEDUS,KUEDUSAFE,,,,,,,,,,,,,,,,,,,,,,,,KUEDUSAFE,,,,thomas.redeleit@kuehne-nagel.com,,,,,,,,,,,,,,,0,,,,,,,,,,,,,,,,,,,,,,,,,,,,,,
SFSYSTTAO,S.F SYSTEMS (QINGDAO) LTD.,Company,,CNTAO,SFSYSTTAO,,,,,,,,,,,,,,,,,,,,,,,,SFSYSTTAO,,,,,,,,,,,,,,,,,,,0,,,,,,,,,,,,,,,,,,,,,,,,,,,,,,
MININTNGB,MINGYANG INTERNATIONAL LOGISTICS (ZHEJIANG) CO.LTD,Company,,CNNGB,MININTNGB,,,,,,,,,,,,,,,,,,,,,www.mingyang56,,,MININTNGB,,,,op_myl@mingyang56.com,,,,,,,,,,,,,,,0,,,,,,,,,,,,,,,,,,,,,,,,,,,,,,
MIDAMESIN,MID-AMERICA OVERSEAS (S) PTE.LTD.,Company,,SGSIN,MIDAMESIN,,,,,,,,,,,,,,,,,,,,,,,,MIDAMESIN,,,,general@mao.com.sg,,,,,,,,,,,,,,,0,,,,,,,,,,,,,,,,,,,,,,,,,,,,,,
AERAFRDUR,AERO AFRICA SUB SAHARAN AFRICA (PTY) LTD,Company,,ZADUR,AERAFRDUR,,,,,,,,,,,,,,,,,,,,,,,,AERAFRDUR,,,,,,,,,,,,,,,,,,,0,,,,,,,,,,,,,,,,,,,,,,,,,,,,,,
MISLOGNKG,MIS LOGISTICS (TIANJIN) CO. LTD.,Company,,CNNKG,MISLOGNKG,,,,,,,,,,,,,,,,,,,,,,,,MISLOGNKG,,,,,,,,,,,,,,,,,,,0,,,,,,,,,,,,,,,,,,,,,,,,,,,,,,
NIPEXPTYO,"NIPPON EXPRESS CO., LTD.",Company,,JPTYO,NIPEXPTYO,,,,,,,,,,,,,,,,,,,,,,,,NIPEXPTYO,,,,,,,,,,,,,,,,,,,0,,,,,,,,,,,,,,,,,,,,,,,,,,,,,,
CTSLOGGUM,CTSI LOGISTICS (GUAM),Company,,GUGUM,CTSLOGGUM,,,,,,,,,,,,,,,,,,,,,www.ctsiguam.com,,,CTSLOGGUM,,,,bonner_duenas@ctsiguam.com,,,,,,,,,,,,,,,0,,,,,,,,,,,,,,,,,,,,,,,,,,,,,,
SHEBARSZX,SHENZHEN BARGE INT'L FREIGHT LTD.,Company,,CNSZX,SHEBARSZX,,,,,,,,,,,,,,,,,,,,,,,,SHEBARSZX,,,,,,,,,,,,,,,,,,,0,,,,,,,,,,,,,,,,,,,,,,,,,,,,,,
GONFREMLH,GONDRAND FRERES,Company,,FRMLH,GONFREMLH,,,,,,,,,,,,,,,,,,,,,,,,GONFREMLH,,,,gondrand_mlh@compuserve.com,,,,,,,,,,,,,,,0,,,,,,,,,,,,,,,,,,,,,,,,,,,,,,
DACFRACDG,DACHSER FRANCE AIR & SEA LOGISTICS,Company,,FRCDG,DACFRACDG,,,,,,,,,,,,,,,,,,,,,http://www.dachser.com/fr/fr/,,,DACFRACDG,,,,Olfa.Ben_Youssef@dachser.com,,,,,,,,,,,,,,,0,,,,,,,,,,,,,,,,,,,,,,,,,,,,,,
UNILOGTUP,UNITEX LOGISTICS INDIA PVT LTD.,Company,,INTUP,UNILOGTUP,,,,,,,,,,,,,,,,,,,,,,,,UNILOGTUP,,,,,,,,,,,,,,,,,,,0,,,,,,,,,,,,,,,,,,,,,,,,,,,,,,
CENEXPTSN,CENTURY EXPRESS GLOBAL LOGISTICS CO LTD,Company,,CNTSN,CENEXPTSN,,,,,,,,,,,,,,,,,,,,,,,,CENEXPTSN,,,,tianjin@ceftlogistics.com,,,,,,,,,,,,,,,0,,,,,,,,,,,,,,,,,,,,,,,,,,,,,,
NOVOCAVLC,NOVOCARGO VALENCIA,Company,,ESVLC,NOVOCAVLC,,,,,,,,,,,,,,,,,,,,,www.novocargo.com,,,NOVOCAVLC,,,,scampos@novocargo.com,,,,,,,,,,,,,,,0,,,,,,,,,,,,,,,,,,,,,,,,,,,,,,
NORESTCEB,NOREEN ESTRADA RAMAOS,Company,,PHCEB,NORESTCEB,,,,,,,,,,,,,,,,,,,,,,,,NORESTCEB,,,,,,,,,,,,,,,,,,,0,,,,,,,,,,,,,,,,,,,,,,,,,,,,,,
DYNLOGKHI,DYNAMIC  LOGISTICS INTERNATIONAL PVT. LTD.,Company,,PKKHI,DYNLOGKHI,,,,,,,,,,,,,,,,,,,,,,,,DYNLOGKHI,,,,impocs@dynamic.com.pk,,,,,,,,,,,,,,,0,,,,,,,,,,,,,,,,,,,,,,,,,,,,,,
MMAFREPKG,MMA FREIGHT SERVICES SDN BHD,Company,,MYPKG,MMAFREPKG,,,,,,,,,,,,,,,,,,,,,,,,MMAFREPKG,,,,,,,,,,,,,,,,,,,0,,,,,,,,,,,,,,,,,,,,,,,,,,,,,,
EXPFREAUH,EXPOLANKA FREIGHT LLC,Company,,AEAUH,EXPFREAUH,,,,,,,,,,,,,,,,,,,,,www.expolankafreight.com,,,EXPFREAUH,,,,expoauh@expolankaabudhabi.com,,,,,,,,,,,,,,,0,,,,,,,,,,,,,,,,,,,,,,,,,,,,,,
EXPWORHKG,EXP-WORLDWIDE LOGISTICS (HONG KONG),Company,,HKHKG,EXPWORHKG,,,,,,,,,,,,,,,,,,,,,www.exp-worldwide.com,,,EXPWORHKG,,,+8615267876634,sales@exp-worldwide.com,,,,,,,,,,,,,,,0,,,,,,,,,,,,,,,,,,,,,,,,,,,,,,
FASFORBRU,FAST FORWARD FREIGHT BVBA BRUSSELS,Company,,BEBRU,FASFORBRU,,,,,,,,,,,,,,,,,,,,,www.fastforwardfreight.com,,,FASFORBRU,,,,,,,,,,,,,,,,,,,0,,,,,,,,,,,,,,,,,,,,,,,,,,,,,,
DELCONCEB,DELCON TRADING,Company,,PHCEB,DELCONCEB,,,,,,,,,,,,,,,,,,,,,,,,DELCONCEB,,,,,,,,,,,,,,,,,,,0,,,,,,,,,,,,,,,,,,,,,,,,,,,,,,
LUONTOHKG,LUONTOLIFE LIMITED,Company,,HKHKG,LUONTOHKG,,,,,,,,,,,,,,,,,,,,,,,,LUONTOHKG,,,,,,,,,,,,,,,,,,,0,,,,,,,,,,,,,,,,,,,,,,,,,,,,,,
OTISZXAFE,OTIM,Company,,CNSZX,OTISZXAFE,,,,,,,,,,,,,,,,,,,,,,,,OTISZXAFE,,,,,,,,,,,,,,,,,,,0,,,,,,,,,,,,,,,,,,,,,,,,,,,,,,
ASGAIRHEL,ASG AIR & SEA OY,Company,,FIHEL,ASGAIRHEL,,,,,,,,,,,,,,,,,,,,,,,,ASGAIRHEL,,,,,,,,,,,,,,,,,,,0,,,,,,,,,,,,,,,,,,,,,,,,,,,,,,
ALBLOJIST,ALBATRANS LOJISTIK A.S.,Company,,TRIST,ALBLOJIST,,,,,,,,,,,,,,,,,,,,,,,,ALBLOJIST,,,,airimport@albatrans.com.tr,,,,,,,,,,,,,,,0,,,,,,,,,,,,,,,,,,,,,,,,,,,,,,
STRTRAHAM,STRECK TRANSPORT GMBH,Company,,DEHAM,STRTRAHAM,,,,,,,,,,,,,,,,,,,,,,,,STRTRAHAM,,,,,,,,,,,,,,,,,,,0,,,,,,,,,,,,,,,,,,,,,,,,,,,,,,
NOVTRALZRH,NOVA TRAFFIC LTD,Company,,CHZRH,NOVTRALZRH,,,,,,,,,,,,,,,,,,,,,www.novatraffic.ch,,,NOVTRALZRH,,,+41448007122,,,,,,,,,,,,,,,,0,,,,,,,,,,,,,,,,,,,,,,,,,,,,,,
SHEMAXFSZX,"SHENZHEN MAXSPEED GLOBAL FORWARDING CO., LTD",Company,,CNSZX,SHEMAXFSZX,,,,,,,,,,,,,,,,,,,,,,,,SHEMAXFSZX,,,,,,,,,,,,,,,,,,,0,,,,,,,,,,,,,,,,,,,,,,,,,,,,,,
TRASHIMSP,"TRANSCON SHIPPING CO., INC.",Company,,USMSP,TRASHIMSP,,,,,,,,,,,,,,,,,,,,,,,,TRASHIMSP,,,+17084170268,JimF@TransconShipping.com,,,,,,,,,,,,,,,0,,,,,,,,,,,,,,,,,,,,,,,,,,,,,,
AMISHIKWI,AMIRAL SHIPPING CO.,Company,,KWKWI,AMISHIKWI,,,,,,,,,,,,,,,,,,,,,www.amiral.com.kw,,,AMISHIKWI,,,,sales@amiral.com.kw,,,,,,,,,,,,,,,0,,,,,,,,,,,,,,,,,,,,,,,,,,,,,,
RISSUNTSN,RISING SUN LOGISTICS (DALIAN) CO.LTD,Company,,CNTSN,RISSUNTSN,,,,,,,,,,,,,,,,,,,,,,,,RISSUNTSN,,,,,,,,,,,,,,,,,,,0,,,,,,,,,,,,,,,,,,,,,,,,,,,,,,
SHESHAAFE,SHENZHEN TALENT & SEA-EVER LOGISTICS CO. LTD.,Company,,CNSHA,SHESHAAFE,,,,,,,,,,,,,,,,,,,,,,,,SHESHAAFE,,,,esther@seaever.com,,,,,,,,,,,,,,,0,,,,,,,,,,,,,,,,,,,,,,,,,,,,,,
TIAKEYTSN,TIANJIN KEYUN INTERNATIONAL LOGISTICS GROUP CO.LTD,Company,,CNTSN,TIAKEYTSN,,,,,,,,,,,,,,,,,,,,,www.keyun.com,,,TIAKEYTSN,,,,,,,,,,,,,,,,,,,0,,,,,,,,,,,,,,,,,,,,,,,,,,,,,,
KTLOGIBDSEL,K.T. LOGISTICS CO. LTD,Company,,KRSEL,KTLOGIBDSEL,,,,,,,,,,,,,,,,,,,,,,,,KTLOGIBDSEL,,,,doc@kt-logistics.com,,,,,,,,,,,,,,,0,,,,,,,,,,,,,,,,,,,,,,,,,,,,,,
GSCLOGMIL,GSC LOGISTICS GLOBAL FREIGHT FORWARDING,Company,,ITMIL,GSCLOGMIL,,,,,,,,,,,,,,,,,,,,,,,,GSCLOGMIL,,,+393755196079,,,,,,,,,,,,,,,,0,,,,,,,,,,,,,,,,,,,,,,,,,,,,,,
PROSKYKWN,PROUD SKY COMPANY LTD.,Company,,HKKWN,PROSKYKWN,,,,,,,,,,,,,,,,,,,,,,,,PROSKYKWN,,,+85227994620,suki@proudsky.com.hk,,,,,,,,,,,,,,,0,,,,,,,,,,,,,,,,,,,,,,,,,,,,,,
CIFTRAJKT,PT. CIF TRANSPORTASI INDONESIA,Company,,IDJKT,CIFTRAJKT,,,,,,,,,,,,,,,,,,,,,,,,CIFTRAJKT,,,,,,,,,,,,,,,,,,,0,,,,,,,,,,,,,,,,,,,,,,,,,,,,,,
PCSLOGSIN,PCSL LOGISTICS PTE LTD.,Company,,SGSIN,PCSLOGSIN,,,,,,,,,,,,,,,,,,,,,,,,PCSLOGSIN,,,,,,,,,,,,,,,,,,,0,,,,,,,,,,,,,,,,,,,,,,,,,,,,,,
STUSHILON,STURROCK SHIPPING (PTY) LTD.,Company,,GBLON,STUSHILON,,,,,,,,,,,,,,,,,,,,,,,,STUSHILON,,,,ewood@uti.co.za,,,,,,,,,,,,,,,0,,,,,,,,,,,,,,,,,,,,,,,,,,,,,,
WELINTSZX,WELLSHARE INTERNATIONAL LOGISTICS CO LTD,Company,,CNSZX,WELINTSZX,,,,,,,,,,,,,,,,,,,,,www.wiflogistics.com,,,WELINTSZX,,,,ken@wiflogistics.com,,,,,,,,,,,,,,,0,,,,,,,,,,,,,,,,,,,,,,,,,,,,,,
ASTARLKHH,A-STAR LOGISTICS CORPORATION,Company,,TWKHH,ASTARLKHH,,,,,,,,,,,,,,,,,,,,,,,,ASTARLKHH,,,,,,,,,,,,,,,,,,,0,,,,,,,,,,,,,,,,,,,,,,,,,,,,,,
KUTFORDHA,KUTBI FOR INTERNATIONAL BUSINESS(KIB),Company,,SADHA,KUTFORDHA,,,,,,,,,,,,,,,,,,,,,,,,KUTFORDHA,,,,marketingjh@kib-saima.com,,,,,,,,,,,,,,,0,,,,,,,,,,,,,,,,,,,,,,,,,,,,,,
FREINTCOK,FREIGHTLINKS INTERNATIONAL (INDIA) PVT LTD,Company,,INCOK,FREINTCOK,,,,,,,,,,,,,,,,,,,,,www.freightlinksindia.com,,,FREINTCOK,,,,,,,,,,,,,,,,,,,0,,,,,,,,,,,,,,,,,,,,,,,,,,,,,,
TRAFREPEN,TRANSOCEAN FREIGHT SERVICES SDN BHD,Company,,MYPEN,TRAFREPEN,,,,,,,,,,,,,,,,,,,,,,,,TRAFREPEN,,,,enquiry@transocean.com.my,,,,,,,,,,,,,,,0,,,,,,,,,,,,,,,,,,,,,,,,,,,,,,
FOSEVEFOS,"FOSHAN EVERLASTING ENTERPRISE CO., LTD",Company,,CNFOS,FOSEVEFOS,,,,,,,,,,,,,,,,,,,,,,,,FOSEVEFOS,,,,,,,,,,,,,,,,,,,0,,,,,,,,,,,,,,,,,,,,,,,,,,,,,,
NDOSCL,NDO CHILE,Company,,CLSCL,NDOSCL,,,,,,,,,,,,,,,,,,,,,,,,NDOSCL,,,,,,,,,,,,,,,,,,,0,,,,,,,,,,,,,,,,,,,,,,,,,,,,,,
TEMRNGAFE,TEMA DESIGN BY ILLUMINATION APS,Company,,DKRNG,TEMRNGAFE,,,,,,,,,,,,,,,,,,,,,,,,TEMRNGAFE,,,,ddl@temadesign.one,,,,,,,,,,,,,,,0,,,,,,,,,,,,,,,,,,,,,,,,,,,,,,
ITELOGGOT,ITELLA LOGISTICS AB (SWEDEN OFFICE),Company,,SEGOT,ITELOGGOT,,,,,,,,,,,,,,,,,,,,,,,,ITELOGGOT,,,,,,,,,,,,,,,,,,,0,,,,,,,,,,,,,,,,,,,,,,,,,,,,,,
MANLOGVLC,MANUPORT LOGISTICS ESPANA S.L,Company,,ESVLC,MANLOGVLC,,,,,,,,,,,,,,,,,,,,,,,,MANLOGVLC,,,,r.diaz@manuport-logistics.es,,,,,,,,,,,,,,,0,,,,,,,,,,,,,,,,,,,,,,,,,,,,,,
ZHEKINHAZ,ZHEJIANG KINGONE INTERNATIONAL TRANSPORTATION CO. LTD.,Company,,CNHAZ,ZHEKINHAZ,,,,,,,,,,,,,,,,,,,,,,,,ZHEKINHAZ,,,,,,,,,,,,,,,,,,,0,,,,,,,,,,,,,,,,,,,,,,,,,,,,,,
MGFGLOKHN,MGF GLOBAL FORWARDING (NANCHANG) CO.LTD,Company,,CNNCH,MGFGLOKHN,,,,,,,,,,,,,,,,,,,,,,,,MGFGLOKHN,,,,booking@mgflog.com,,,,,,,,,,,,,,,0,,,,,,,,,,,,,,,,,,,,,,,,,,,,,,
POWJHBAFE,POWER PLUG BUSDUCT SDN BHD,Company,,MYJHB,POWJHBAFE,,,,,,,,,,,,,,,,,,,,,,,,POWJHBAFE,,,,ys@ppbc.com.my,,,,,,,,,,,,,,,0,,,,,,,,,,,,,,,,,,,,,,,,,,,,,,
ISHGUMAFE,"ISHIKAWA-GUMI, LTD.",Company,,JPTYO,ISHGUMAFE,,,,,,,,,,,,,,,,,,,,,,,,ISHGUMAFE,,,,r_tanaka@ishikawa-gumi.co.jp,,,,,,,,,,,,,,,0,,,,,,,,,,,,,,,,,,,,,,,,,,,,,,
EFTTRAVIE,E.F.T. TRANSPORTAGENTUR GMBH,Company,,ATVIE,EFTTRAVIE,,,,,,,,,,,,,,,,,,,,,,,,EFTTRAVIE,,,,,,,,,,,,,,,,,,,0,,,,,,,,,,,,,,,,,,,,,,,,,,,,,,
SFSPHAAFE,SFS PHARMA LOGISTICS PTE LTD,Company,,SGSIN,SFSPHAAFE,,,,,,,,,,,,,,,,,,,,,,,,SFSPHAAFE,,,,wendy.tan@sfsgl.com,,,,,,,,,,,,,,,0,,,,,,,,,,,,,,,,,,,,,,,,,,,,,,
RSKLOGFRA,RSK LOGISTICS & TRADING GMBH,Company,,DEFRA,RSKLOGFRA,,,,,,,,,,,,,,,,,,,,,,,,RSKLOGFRA,,,+491714177165,info@rsk-logistics.de,,,,,,,,,,,,,,,0,,,,,,,,,,,,,,,,,,,,,,,,,,,,,,
STASHISGN,STARLINE SHIPPING AGENCIES CO. LTD.,Company,,VNSGN,STASHISGN,,,,,,,,,,,,,,,,,,,,,,,,STASHISGN,,,,,,,,,,,,,,,,,,,0,,,,,,,,,,,,,,,,,,,,,,,,,,,,,,
SUNLOGHKG,SUNRISE LOGISTICS LIMITED DONGGUAN,Company,,HKHKG,SUNLOGHKG,,,,,,,,,,,,,,,,,,,,,,,,SUNLOGHKG,,,,,,,,,,,,,,,,,,,0,,,,,,,,,,,,,,,,,,,,,,,,,,,,,,
GRELINDAC,GREEN LINE SHIPPING,Company,,BDDAC,GRELINDAC,,,,,,,,,,,,,,,,,,,,,,,,GRELINDAC,,,,,,,,,,,,,,,,,,,0,,,,,,,,,,,,,,,,,,,,,,,,,,,,,,
KSAINTHNJ,KSA INTERNATIONAL INC.,Company,,JPHNJ,KSAINTHNJ,,,,,,,,,,,,,,,,,,,,,,,,KSAINTHNJ,,,,,,,,,,,,,,,,,,,0,,,,,,,,,,,,,,,,,,,,,,,,,,,,,,
INDCHIFOS,"INDO-CHINA MARITIME LTD,",Company,,CNFOS,INDCHIFOS,,,,,,,,,,,,,,,,,,,,,,,,INDCHIFOS,,,,,,,,,,,,,,,,,,,0,,,,,,,,,,,,,,,,,,,,,,,,,,,,,,
SFTGONMPL,S.F.T. GONRAND FRERES,Company,,FRMPL,SFTGONMPL,,,,,,,,,,,,,,,,,,,,,,,,SFTGONMPL,,,,,,,,,,,,,,,,,,,0,,,,,,,,,,,,,,,,,,,,,,,,,,,,,,
GLELOGSIN,GLE LOGISTICS (S) PTE LTD,Company,,SGSIN,GLELOGSIN,,,,,,,,,,,,,,,,,,,,,,,,GLELOGSIN,,,,winson.tan@glelog.com,,,,,,,,,,,,,,,0,,,,,,,,,,,,,,,,,,,,,,,,,,,,,,
CEYSHIBOM,CEYLINE SHIPPING SERVICES PVT. LTD,Company,,INBOM,CEYSHIBOM,,,,,,,,,,,,,,,,,,,,,,,,CEYSHIBOM,,,,,,,,,,,,,,,,,,,0,,,,,,,,,,,,,,,,,,,,,,,,,,,,,,
KSPWORSHG,KSP WORLDWIDE,Company,,CNSHG,KSPWORSHG,,,,,,,,,,,,,,,,,,,,,,,,KSPWORSHG,,,,,,,,,,,,,,,,,,,0,,,,,,,,,,,,,,,,,,,,,,,,,,,,,,
MEREXPSEL,MERCANTILE EXPRESS CORP.,Company,,KRSEL,MEREXPSEL,,,,,,,,,,,,,,,,,,,,,,,,MEREXPSEL,,,,,,,,,,,,,,,,,,,0,,,,,,,,,,,,,,,,,,,,,,,,,,,,,,
SHAPUFSHA,SHANGHAI PUFA FREIGHT FORWARDING CO.LTD.,Company,,CNSHA,SHAPUFSHA,,,,,,,,,,,,,,,,,,,,,,,,SHAPUFSHA,,,,,,,,,,,,,,,,,,,0,,,,,,,,,,,,,,,,,,,,,,,,,,,,,,
UNIRESSPA,UNITED RESOURCE RECOVERY CORP.,Company,,USSPA,UNIRESSPA,,,,,,,,,,,,,,,,,,,,,,,,UNIRESSPA,,,,gpage@urrc.net,,,,,,,,,,,,,,,0,,,,,,,,,,,,,,,,,,,,,,,,,,,,,,
CONSHIMAN,CONSOLIDATED SHIPPING SERVICES W.L.L.,Company,,BHMAN,CONSHIMAN,,,,,,,,,,,,,,,,,,,,,,,,CONSHIMAN,,,,narayan@cslbahrain.com,,,,,,,,,,,,,,,0,,,,,,,,,,,,,,,,,,,,,,,,,,,,,,
DBSHELAFE,"DB SCHENKER  FAIRS & EXHIBITIONS, EVENT LOGISTICS",Company,,FIHEL,DBSHELAFE,,,,,,,,,,,,,,,,,,,,,,,,DBSHELAFE,,,,events.fi@dbschenker.com,,,,,,,,,,,,,,,0,,,,,,,,,,,,,,,,,,,,,,,,,,,,,,
CARCARSGN,CARGO CARE LOGISTICS,Company,,VNSGN,CARCARSGN,,,,,,,,,,,,,,,,,,,,,,,,CARCARSGN,,,,,,,,,,,,,,,,,,,0,,,,,,,,,,,,,,,,,,,,,,,,,,,,,,
MILSPEGJS,MILSPED,Company,,SIGJS,MILSPEGJS,,,,,,,,,,,,,,,,,,,,,,,,MILSPEGJS,,,+38630641119,,,,,,,,,,,,,,,,0,,,,,,,,,,,,,,,,,,,,,,,,,,,,,,
GREFRESBG,GREENCARRIER FREIGHT SERVICES DENMARK A/S,Company,,DKSBG,GREFRESBG,,,,,,,,,,,,,,,,,,,,,,,,GREFRESBG,,,,,,,,,,,,,,,,,,,0,,,,,,,,,,,,,,,,,,,,,,,,,,,,,,
GRECARSTO,GREEN CARRIER SCANDINAVIA AB,Company,,SESTO,GRECARSTO,,,,,,,,,,,,,,,,,,,,,,,,GRECARSTO,,,,,,,,,,,,,,,,,,,0,,,,,,,,,,,,,,,,,,,,,,,,,,,,,,
ALBINTNYC,ALBATRANS INT'L FRT FORWARDERS AND CUSTOMS BROKERS,Company,,USNYC,ALBINTNYC,,,,,,,,,,,,,,,,,,,,,www.albatrans.com,,,ALBINTNYC,,,,info@albatransusa.com,,,,,,,,,,,,,,,0,,,,,,,,,,,,,,,,,,,,,,,,,,,,,,
ITELOGOSL,ITELLA LOGISTICS AS (NORWAY),Company,,NOOSL,ITELOGOSL,,,,,,,,,,,,,,,,,,,,,,,,ITELOGOSL,,,,,,,,,,,,,,,,,,,0,,,,,,,,,,,,,,,,,,,,,,,,,,,,,,
FLAINTMNL,FLAVORCREST INTERNATIONAL CORPORATION,Company,,PHMNL,FLAINTMNL,,,,,,,,,,,,,,,,,,,,,,,,FLAINTMNL,,,,johnadhel.palisoc@gmail.com,,,,,,,,,,,,,,,0,,,,,,,,,,,,,,,,,,,,,,,,,,,,,,
SENINTHAM,SENATOR INTERNATIONAL SPEDITION GMBH,Company,,DEHAM,SENINTHAM,,,,,,,,,,,,,,,,,,,,,www.senator-international.com,,,SENINTHAM,,,,info@senator-international.com,,,,,,,,,,,,,,,0,,,,,,,,,,,,,,,,,,,,,,,,,,,,,,
DTGLOBSHA,DT GLOBAL FREIGHT SDN BHD,Company,,MYSHA,DTGLOBSHA,,,,,,,,,,,,,,,,,,,,,,,,DTGLOBSHA,,,,,,,,,,,,,,,,,,,0,,,,,,,,,,,,,,,,,,,,,,,,,,,,,,
AEROCEDAC,AERO-OCEAN FREIGHT SERVICES,Company,,BDDAC,AEROCEDAC,,,,,,,,,,,,,,,,,,,,,,,,AEROCEDAC,,,,,,,,,,,,,,,,,,,0,,,,,,,,,,,,,,,,,,,,,,,,,,,,,,
FIRTIGPUS,FIRST TIGER LOGISTICS INC.,Company,,KRPUS,FIRTIGPUS,,,,,,,,,,,,,,,,,,,,,,,,FIRTIGPUS,,,+821023212030,ocean@1sttiger.com,,,,,,,,,,,,,,,0,,,,,,,,,,,,,,,,,,,,,,,,,,,,,,
RIMLOGFRA,RIM LOGISTICS GMBH,Company,,DEFRA,RIMLOGFRA,,,,,,,,,,,,,,,,,,,,,,,,RIMLOGFRA,,,,,,,,,,,,,,,,,,,0,,,,,,,,,,,,,,,,,,,,,,,,,,,,,,
ROUSINAFE,ROUTERS GLOBAL PTE LTD,Company,,SGSIN,ROUSINAFE,,,,,,,,,,,,,,,,,,,,,,,,ROUSINAFE,,,,issac@routersglobal.com,,,,,,,,,,,,,,,0,,,,,,,,,,,,,,,,,,,,,,,,,,,,,,
HKLSLIGUT,HK LS LIMTED,Company,,CNGUT,HKLSLIGUT,,,,,,,,,,,,,,,,,,,,,,,,HKLSLIGUT,,,,,,,,,,,,,,,,,,,0,,,,,,,,,,,,,,,,,,,,,,,,,,,,,,
COMLOGBAH,COMPASS LOGISTICS - BAHRAIN,Company,,BHBAH,COMLOGBAH,,,,,,,,,,,,,,,,,,,,,,,,COMLOGBAH,,,,,,,,,,,,,,,,,,,0,,,,,,,,,,,,,,,,,,,,,,,,,,,,,,
PLUTRAMEX,PLUSCARGO TRANSPORTE MEXICANA SA DE CV,Company,,PHMEX,PLUTRAMEX,,,,,,,,,,,,,,,,,,,,,,,,PLUTRAMEX,,,,Air1@pluscargomexico.com.mx,,,,,,,,,,,,,,,0,,,,,,,,,,,,,,,,,,,,,,,,,,,,,,
PTDEWFSUB,PT. DEWATA FREIGHT INTERNATIONAL,Company,,IDSUB,PTDEWFSUB,,,,,,,,,,,,,,,,,,,,,,,,PTDEWFSUB,,,,,,,,,,,,,,,,,,,0,,,,,,,,,,,,,,,,,,,,,,,,,,,,,,
MEKCARHPH,MEKONG CARGO FREIGHT - HAIPHONG REF. OFFICE,Company,,VNHPH,MEKCARHPH,,,,,,,,,,,,,,,,,,,,,,,,MEKCARHPH,,,,,,,,,,,,,,,,,,,0,,,,,,,,,,,,,,,,,,,,,,,,,,,,,,
XIAODICAN,"XIAMEN ODIN LOGISTICS CO., LTD.",Company,,CNCAN,XIAODICAN,,,,,,,,,,,,,,,,,,,,,,,,XIAODICAN,,,,,,,,,,,,,,,,,,,0,,,,,,,,,,,,,,,,,,,,,,,,,,,,,,
JOHGOOFXT,JOHN GOOD SHIPPING,Company,,GBFXT,JOHGOOFXT,,,,,,,,,,,,,,,,,,,,,,,,JOHGOOFXT,,,,,,,,,,,,,,,,,,,0,,,,,,,,,,,,,,,,,,,,,,,,,,,,,,
URSSINAFE,URSCHEL ASIA PACIFIC PTE LTD,Company,,SGSIN,URSSINAFE,,,,,,,,,,,,,,,,,,,,,,,,URSSINAFE,,,,,,,,,,,,,,,,,,,0,,,,,,,,,,,,,,,,,,,,,,,,,,,,,,
DOLLOGLON,DOLPHIN LOGISTICS,Company,,GBLON,DOLLOGLON,,,,,,,,,,,,,,,,,,,,,,,,DOLLOGLON,,,,barry.brett@dolphinlogistics.com,,,,,,,,,,,,,,,0,,,,,,,,,,,,,,,,,,,,,,,,,,,,,,
ALITRANYC,ALISON TRANSPORT,Company,,USNYC,ALITRANYC,,,,,,,,,,,,,,,,,,,,,,,,ALITRANYC,,,,,,,,,,,,,,,,,,,0,,,,,,,,,,,,,,,,,,,,,,,,,,,,,,
GAACUSCEB,GAAC CUSTOMS BROKERAGE SERVICE PHILS.,Company,,PHCEB,GAACUSCEB,,,,,,,,,,,,,,,,,,,,,,,,GAACUSCEB,,,,,,,,,,,,,,,,,,,0,,,,,,,,,,,,,,,,,,,,,,,,,,,,,,
CYCEXPPKG,CYCLONE EXPRESS SDN BHD,Company,,MYPKG,CYCEXPPKG,,,,,,,,,,,,,,,,,,,,,,,,CYCEXPPKG,,,,,,,,,,,,,,,,,,,0,,,,,,,,,,,,,,,,,,,,,,,,,,,,,,
SENINTAMS,SENATOR INTERNATIONAL BV  (AMSTERDAM),Company,,NLAMS,SENINTAMS,,,,,,,,,,,,,,,,,,,,,,,,SENINTAMS,,,,info-ned@senator-international.com,,,,,,,,,,,,,,,0,,,,,,,,,,,,,,,,,,,,,,,,,,,,,,
MAPGLONYC,MAPCARGO GLOBAL LOGISTICS (NEWYORK),Company,,USNYC,MAPGLONYC,,,,,,,,,,,,,,,,,,,,,,,,MAPGLONYC,,,,larry@mapcargo.com,,,,,,,,,,,,,,,0,,,,,,,,,,,,,,,,,,,,,,,,,,,,,,
GLOCONDXB,GLOBE CONNECTIONS SHIPPING LLC,Company,,AEDXB,GLOCONDXB,,,,,,,,,,,,,,,,,,,,,,,,GLOCONDXB,,,,,,,,,,,,,,,,,,,0,,,,,,,,,,,,,,,,,,,,,,,,,,,,,,
SFTGONMRS,S.F.T. GONDRAND MARSEILLE AIRPORT,Company,,FRMRS,SFTGONMRS,,,,,,,,,,,,,,,,,,,,,,,,SFTGONMRS,,,,,,,,,,,,,,,,,,,0,,,,,,,,,,,,,,,,,,,,,,,,,,,,,,
LHLOGISEL,L&H LOGISTICS CO LTD,Company,,KRSEL,LHLOGISEL,,,,,,,,,,,,,,,,,,,,,,,,LHLOGISEL,,,,,,,,,,,,,,,,,,,0,,,,,,,,,,,,,,,,,,,,,,,,,,,,,,
FIBLOGSIN,FIBS LOGISTICS SINGAPORE PTE LTD,Company,,SGSIN,FIBLOGSIN,,,,,,,,,,,,,,,,,,,,,,,,FIBLOGSIN,,,,TLorenz@fibs-logistics.com,,,,,,,,,,,,,,,0,,,,,,,,,,,,,,,,,,,,,,,,,,,,,,
SPEEXPKWN,SPEEDY EXPRESS FORWARDER CO. LTD (HONGKONG),Company,,HKKWN,SPEEXPKWN,,,,,,,,,,,,,,,,,,,,,,,,SPEEXPKWN,,,,inf@splspeedy.com.hk,,,,,,,,,,,,,,,0,,,,,,,,,,,,,,,,,,,,,,,,,,,,,,
MOVTRABCN,MOVILPAQ TRANSPORTS INTERNACIONAL,Company,,ESBCN,MOVTRABCN,,,,,,,,,,,,,,,,,,,,,,,,MOVTRABCN,,,,,,,,,,,,,,,,,,,0,,,,,,,,,,,,,,,,,,,,,,,,,,,,,,
HONLANDLC,HONOUR LANE SHIPPING LTD. DALIAN BRANCH,Company,,CNDLC,HONLANDLC,,,,,,,,,,,,,,,,,,,,,www.hlsholding.com,,,HONLANDLC,,,,dalian@hlsholding.com.cn,,,,,,,,,,,,,,,0,,,,,,,,,,,,,,,,,,,,,,,,,,,,,,
SENINTNYC,SENATOR INTERNATION FRT FWDG. LLC (NEW YORK),Company,,USNYC,SENINTNYC,,,,,,,,,,,,,,,,,,,,,,,,SENINTNYC,,,,,,,,,,,,,,,,,,,0,,,,,,,,,,,,,,,,,,,,,,,,,,,,,,
DACBANDAC,DACHSER BANGLADESH LIMITED,Company,,BDDAC,DACBANDAC,,,,,,,,,,,,,,,,,,,,,,,,DACBANDAC,,,,ane.dey@dachser.com.bd,,,,,,,,,,,,,,,0,,,,,,,,,,,,,,,,,,,,,,,,,,,,,,
LOOFARBKK,LOOK FAR MULTI CARGO INT'L GROUP CO. LTD,Company,,THBKK,LOOFARBKK,,,,,,,,,,,,,,,,,,,,,,,,LOOFARBKK,,,,,,,,,,,,,,,,,,,0,,,,,,,,,,,,,,,,,,,,,,,,,,,,,,
BOUSHIMUA,BOUSTEAD SHIPPING AGENCIES SDN. BHD,Company,,BNMUA,BOUSHIMUA,,,,,,,,,,,,,,,,,,,,,,,,BOUSHIMUA,,,,,,,,,,,,,,,,,,,0,,,,,,,,,,,,,,,,,,,,,,,,,,,,,,
MIDAMEBOS,"MID-AMERICA OVERSEAS, INC.",Company,,USBOS,MIDAMEBOS,,,,,,,,,,,,,,,,,,,,,,,,MIDAMEBOS,,,,mao_bos@maoinc.com,,,,,,,,,,,,,,,0,,,,,,,,,,,,,,,,,,,,,,,,,,,,,,
COLLOGOSL,COLLICARE LOGISTICS OSLO,Company,,NOOSL,COLLOGOSL,,,,,,,,,,,,,,,,,,,,,,,,COLLOGOSL,,,,,,,,,,,,,,,,,,,0,,,,,,,,,,,,,,,,,,,,,,,,,,,,,,
SUPCARCLI,"SUPER CARGO SERVICE CO., LTD.",Company,,VNCLI,SUPCARCLI,,,,,,,,,,,,,,,,,,,,,,,,SUPCARCLI,,,+842838440337,,,,,,,,,,,,,,,,0,,,,,,,,,,,,,,,,,,,,,,,,,,,,,,
EXPMILAFE,EXPOTRANS SPA,Company,,ITMIL,EXPMILAFE,,,,,,,,,,,,,,,,,,,,,,,,EXPMILAFE,,,,,,,,,,,,,,,,,,,0,,,,,,,,,,,,,,,,,,,,,,,,,,,,,,
TANANDSGN,"TAN AN DONG ST CO ., LTD",Company,,VNSGN,TANANDSGN,,,,,,,,,,,,,,,,,,,,,www.tanandong.com,,,TANANDSGN,,,,,,,,,,,,,,,,,,,0,,,,,,,,,,,,,,,,,,,,,,,,,,,,,,
ALBASGSIN,ALBATRANS (SG) PTE LTD,Company,,SGSIN,ALBASGSIN,,,,,,,,,,,,,,,,,,,,,,,,ALBASGSIN,,,,,,,,,,,,,,,,,,,0,,,,,,,,,,,,,,,,,,,,,,,,,,,,,,
MAZACEHIJ,MAZDA ACE CO.LTD.,Company,,JPHIJ,MAZACEHIJ,,,,,,,,,,,,,,,,,,,,,,,,MAZACEHIJ,,,,,,,,,,,,,,,,,,,0,,,,,,,,,,,,,,,,,,,,,,,,,,,,,,
EXPINTLTY,EXPO SERVICES INTERNATIONAL,Company,,FRLTY,EXPINTLTY,,,,,,,,,,,,,,,,,,,,,,,,EXPINTLTY,,,,,,,,,,,,,,,,,,,0,,,,,,,,,,,,,,,,,,,,,,,,,,,,,,
FCLSHISEK,FCL SHIPPING SDN BHD,Company,,MYSEK,FCLSHISEK,,,,,,,,,,,,,,,,,,,,,,,,FCLSHISEK,,,,,,,,,,,,,,,,,,,0,,,,,,,,,,,,,,,,,,,,,,,,,,,,,,
ACCFORLIM,ACCIONA FORWARDING PERU S.A,Company,,PELIM,ACCFORLIM,,,,,,,,,,,,,,,,,,,,,,,,ACCFORLIM,,,,,,,,,,,,,,,,,,,0,,,,,,,,,,,,,,,,,,,,,,,,,,,,,,
NIPEXPNNRT,NIPPON EXPRESS CO. LTD (GOTANDA AIR SERVICE BRANCH),Company,,JPTYO,NIPEXPNNRT,,,,,,,,,,,,,,,,,,,,,,,,NIPEXPNNRT,,,,,,,,,,,,,,,,,,,0,,,,,,,,,,,,,,,,,,,,,,,,,,,,,,
FLEGLOBKK,FLEET GLOBAL LOGISTICS CO. LTD.,Company,,THBKK,FLEGLOBKK,,,,,,,,,,,,,,,,,,,,,,,,FLEGLOBKK,,,,todtu-services@flego.biz,,,,,,,,,,,,,,,0,,,,,,,,,,,,,,,,,,,,,,,,,,,,,,
WSLBRUAFE,W & S LOGISTICS,Company,,FRBRU,WSLBRUAFE,,,,,,,,,,,,,,,,,,,,,,,,WSLBRUAFE,,,,contact@wslogistics.fr,,,,,,,,,,,,,,,0,,,,,,,,,,,,,,,,,,,,,,,,,,,,,,
NAVITRNYO,NAVITRANS,Company,,CHNYO,NAVITRNYO,,,,,,,,,,,,,,,,,,,,,,,,NAVITRNYO,,,,accounting.ch@navitrans.com,,,,,,,,,,,,,,,0,,,,,,,,,,,,,,,,,,,,,,,,,,,,,,
SHEPESSZX,"SHENZHEN PESTWEST TRADING CO., LTD.",Company,,CNSZX,SHEPESSZX,,,,,,,,,,,,,,,,,,,,,,,,SHEPESSZX,,,,,,,,,,,,,,,,,,,0,,,,,,,,,,,,,,,,,,,,,,,,,,,,,,
SENINTTAO,SENATOR INTERNATIONAL FREIGHT FORWARDING (SHANGHAI) CO. LTD.,Company,,CNTAO,SENINTTAO,,,,,,,,,,,,,,,,,,,,,,,,SENINTTAO,,,,Elle.zhang@tao.senator-international.com,,,,,,,,,,,,,,,0,,,,,,,,,,,,,,,,,,,,,,,,,,,,,,
APCASICAN,APC ASIA PACIFIC CARGO (CHINA) LTD.,Company,,CNCAN,APCASICAN,,,,,,,,,,,,,,,,,,,,,,,,APCASICAN,,,,,,,,,,,,,,,,,,,0,,,,,,,,,,,,,,,,,,,,,,,,,,,,,,
ALJDOHAFE,AL-JAZEERA MEDIA NETWORK,Company,,QADOH,ALJDOHAFE,,,,,,,,,,,,,,,,,,,,,,,,ALJDOHAFE,,,,,,,,,,,,,,,,,,,0,,,,,,,,,,,,,,,,,,,,,,,,,,,,,,
WILSHIJKT,WILHELMEN SHIP SERVICES/PT. TIRTA WAHANA,Company,,IDJKT,WILSHIJKT,,,,,,,,,,,,,,,,,,,,,,,,WILSHIJKT,,,,,,,,,,,,,,,,,,,0,,,,,,,,,,,,,,,,,,,,,,,,,,,,,,
PATMARHKG,PATENT MARINE (HK) LTD,Company,,HKHKG,PATMARHKG,,,,,,,,,,,,,,,,,,,,,,,,PATMARHKG,,,,,,,,,,,,,,,,,,,0,,,,,,,,,,,,,,,,,,,,,,,,,,,,,,
SENINTYTO,SENATOR INTERNATIONAL INC.,Company,,CATOR,SENINTYTO,,,,,,,,,,,,,,,,,,,,,,,,SENINTYTO,,,,,,,,,,,,,,,,,,,0,,,,,,,,,,,,,,,,,,,,,,,,,,,,,,
MIDAMECVG,"MID-AMERICA OVERSEAS, INC.",Company,,USCVG,MIDAMECVG,,,,,,,,,,,,,,,,,,,,,,,,MIDAMECVG,,,,,,,,,,,,,,,,,,,0,,,,,,,,,,,,,,,,,,,,,,,,,,,,,,
SHACANSHA,SHANGHAI CANDO LOGISTICS LTD,Company,,CNSHA,SHACANSHA,,,,,,,,,,,,,,,,,,,,,,,,SHACANSHA,,,,,,,,,,,,,,,,,,,0,,,,,,,,,,,,,,,,,,,,,,,,,,,,,,
NOVSABBIO,NOVOCARGO S.A (BILBAO),Company,,ESBIO,NOVSABBIO,,,,,,,,,,,,,,,,,,,,,,,,NOVSABBIO,,,,,,,,,,,,,,,,,,,0,,,,,,,,,,,,,,,,,,,,,,,,,,,,,,
MAJFREMAA,MAJOR FREIGHT SERVICES PVI LTD.,Company,,INMAA,MAJFREMAA,,,,,,,,,,,,,,,,,,,,,,,,MAJFREMAA,,,,syed@majorfreight.net,,,,,,,,,,,,,,,0,,,,,,,,,,,,,,,,,,,,,,,,,,,,,,
KUULOGCPH,KUUBE LOGISTICS APS,Company,,DKCPH,KUULOGCPH,,,,,,,,,,,,,,,,,,,,,,,,KUULOGCPH,,,,,,,,,,,,,,,,,,,0,,,,,,,,,,,,,,,,,,,,,,,,,,,,,,
QUASEAROI,QUALITAIR & SEA DIMOTRANS,Company,,FRROI,QUASEAROI,,,,,,,,,,,,,,,,,,,,,,,,QUASEAROI,,,,,,,,,,,,,,,,,,,0,,,,,,,,,,,,,,,,,,,,,,,,,,,,,,
TRAAIRLAX,TRANSIT AIR CARGO INC.,Company,,USLAX,TRAAIRLAX,,,,,,,,,,,,,,,,,,,,,www.transitair.com,,,TRAAIRLAX,,,,,,,,,,,,,,,,,,,0,,,,,,,,,,,,,,,,,,,,,,,,,,,,,,
RESEXPAFE,RESA EXPO LOGISTICS,Company,,ESBCN,RESEXPAFE,,,,,,,,,,,,,,,,,,,,,www.resaexpo.com,,,RESEXPAFE,,,,mkupis@resaexpo.com,,,,,,,,,,,,,,,0,,,,,,,,,,,,,,,,,,,,,,,,,,,,,,
CONTEMLIS,CONTEMAR COMPANHIA MARITIMA DE CONTENTORES LDA,Company,,PTLIS,CONTEMLIS,,,,,,,,,,,,,,,,,,,,,,,,CONTEMLIS,,,,,,,,,,,,,,,,,,,0,,,,,,,,,,,,,,,,,,,,,,,,,,,,,,
CLALOGSIN,CLARION LOGISTICS HOLDING SINGAPORE LTD,Company,,SGSIN,CLALOGSIN,,,,,,,,,,,,,,,,,,,,,www.clarionshipping.com,,,CLALOGSIN,,,+6596522876,,,,,,,,,,,,,,,,0,,,,,,,,,,,,,,,,,,,,,,,,,,,,,,
KALAIRYIP,KALITTA AIR LLC,Company,,USYPS,KALAIRYIP,,,,,,,,,,,,,,,,,,,,,,,,KALAIRYIP,,,,,,,,,,,,,,,,,,,0,,,,,,,,,,,,,,,,,,,,,,,,,,,,,,
LONSAISZX1,LONG SAIL SHIPPING LINE S.A. LIMITED,Company,,CNSZX,LONSAISZX1,,,,,,,,,,,,,,,,,,,,,,,,LONSAISZX1,,,,,,,,,,,,,,,,,,,0,,,,,,,,,,,,,,,,,,,,,,,,,,,,,,
MEDFREPIR,MEDFREIGHT LTD.,Company,,GRPIR,MEDFREPIR,,,,,,,,,,,,,,,,,,,,,,,,MEDFREPIR,,,,,,,,,,,,,,,,,,,0,,,,,,,,,,,,,,,,,,,,,,,,,,,,,,
INTERGMEL,INTERGROUP AUSTRALIA PTY LTD.,Company,,AUMEL,INTERGMEL,,,,,,,,,,,,,,,,,,,,,www.intergroupaustralia.com.au,,,INTERGMEL,,,+61411176384,larry@intergroupaustralia.com.au,,,,,,,,,,,,,,,0,,,,,,,,,,,,,,,,,,,,,,,,,,,,,,
KAMASIHKG,KAMINO ASIA LOGISTICS LTD HONGKONG,Company,,HKHKG,KAMASIHKG,,,,,,,,,,,,,,,,,,,,,,,,KAMASIHKG,,,,,,,,,,,,,,,,,,,0,,,,,,,,,,,,,,,,,,,,,,,,,,,,,,
VMULTIBKK,V. MULTIMODAL LOGISTICS CO LTD,Company,,THBKK,VMULTIBKK,,,,,,,,,,,,,,,,,,,,,,,,VMULTIBKK,,,,,,,,,,,,,,,,,,,0,,,,,,,,,,,,,,,,,,,,,,,,,,,,,,
AERFREBRF,AEROSHIP FREIGHT FORWARDING LIMITED,Company,,GBBRF,AERFREBRF,,,,,,,,,,,,,,,,,,,,,,,,AERFREBRF,,,,,,,,,,,,,,,,,,,0,,,,,,,,,,,,,,,,,,,,,,,,,,,,,,
SENINTCRU,SENATOR INTERNATIONAL FREIGHT FORWARDING LLC,Company,,USCRU,SENINTCRU,,,,,,,,,,,,,,,,,,,,,,,,SENINTCRU,,,,,,,,,,,,,,,,,,,0,,,,,,,,,,,,,,,,,,,,,,,,,,,,,,
CSESRLMIL,C/SEBI SRL  NOTIFY: TICIMPEX SRL,Company,,ITMIL,CSESRLMIL,,,,,,,,,,,,,,,,,,,,,,,,CSESRLMIL,,,,,,,,,,,,,,,,,,,0,,,,,,,,,,,,,,,,,,,,,,,,,,,,,,
HONJENHKG,HONGKONG JENKAR NOVOCARGO (HONGKONG),Company,,HKHKG,HONJENHKG,,,,,,,,,,,,,,,,,,,,,,,,HONJENHKG,,,,,,,,,,,,,,,,,,,0,,,,,,,,,,,,,,,,,,,,,,,,,,,,,,
DAIEXPPUS,"DAIJIN EXPRESS CO., LTD.",Company,,KRPUS,DAIEXPPUS,,,,,,,,,,,,,,,,,,,,,,,,DAIEXPPUS,,,,,,,,,,,,,,,,,,,0,,,,,,,,,,,,,,,,,,,,,,,,,,,,,,
DSVALVAFE,DSV A/S,Company,,ILALV,DSVALVAFE,,,,,,,,,,,,,,,,,,,,,,,,DSVALVAFE,,,,revital.halfon@hermes-exhibitions.com,,,,,,,,,,,,,,,0,,,,,,,,,,,,,,,,,,,,,,,,,,,,,,
EXPLOGDEL,EXPERT LOGISTICS (INDIA) PVT. LTD.,Company,,INDEL,EXPLOGDEL,,,,,,,,,,,,,,,,,,,,,,,,EXPLOGDEL,,,,,,,,,,,,,,,,,,,0,,,,,,,,,,,,,,,,,,,,,,,,,,,,,,
PHOINTSID,"PHOENIX INTERNATIONAL FREIGHT SERVICES, INC.",Company,,USSID,PHOINTSID,,,,,,,,,,,,,,,,,,,,,,,,PHOINTSID,,,+13127356332,frettig@phoenixlogistics.com,,,,,,,,,,,,,,,0,,,,,,,,,,,,,,,,,,,,,,,,,,,,,,
JFOMAITYO3,"JFO MAIMEX CO., LTD.C/O JAPAN FORWARDERS CO., LTD",Company,,JPTYO,JFOMAITYO3,,,,,,,,,,,,,,,,,,,,,,,,JFOMAITYO3,,,,,,,,,,,,,,,,,,,0,,,,,,,,,,,,,,,,,,,,,,,,,,,,,,
SCHFRENYC,SCHNEIDER FREIGHT (USA) INC.,Company,,USNYC,SCHFRENYC,,,,,,,,,,,,,,,,,,,,,www.schneider-transport.com,,,SCHFRENYC,,,,pjacob@schneider-transport.com,,,,,,,,,,,,,,,0,,,,,,,,,,,,,,,,,,,,,,,,,,,,,,
GLOANUSRG,PT. GLORY ANUGERAH TRANASIA,Company,,IDSRG,GLOANUSRG,,,,,,,,,,,,,,,,,,,,,,,,GLOANUSRG,,,,,,,,,,,,,,,,,,,0,,,,,,,,,,,,,,,,,,,,,,,,,,,,,,
MIDAMELAX,"MID-AMERICA OVERSEAS, INC.",Company,,USLAX,MIDAMELAX,,,,,,,,,,,,,,,,,,,,,,,,MIDAMELAX,,,,SharonCercado@maonic.com,,,,,,,,,,,,,,,0,,,,,,,,,,,,,,,,,,,,,,,,,,,,,,
LEMINTBRF,LEMAN INTERNATIONAL TRANSPORT LTD,Company,,GBBRF,LEMINTBRF,,,,,,,,,,,,,,,,,,,,,,,,LEMINTBRF,,,,,,,,,,,,,,,,,,,0,,,,,,,,,,,,,,,,,,,,,,,,,,,,,,
SAGAIRNTE,SAGA AIR NANTES,Company,,FRNTE,SAGAIRNTE,,,,,,,,,,,,,,,,,,,,,,,,SAGAIRNTE,,,,,,,,,,,,,,,,,,,0,,,,,,,,,,,,,,,,,,,,,,,,,,,,,,
SKYZTWAFE,SKY AIR (INTERNATIONAL) COMPANY LIMITED,Company,,HKZTW,SKYZTWAFE,,,,,,,,,,,,,,,,,,,,,,,,SKYZTWAFE,,,,miranda@skyairhkg.com,,,,,,,,,,,,,,,0,,,,,,,,,,,,,,,,,,,,,,,,,,,,,,
SHAHARTAO,SHANDONG HARMONY SHIPPING & FORWARDING AGENCY CO LTD,Company,,CNTAO,SHAHARTAO,,,,,,,,,,,,,,,,,,,,,,,,SHAHARTAO,,,,,,,,,,,,,,,,,,,0,,,,,,,,,,,,,,,,,,,,,,,,,,,,,,
INTOVESGN,INTERFRACHT OVERSEAS LTD. C/O KMR&D CO. LTD,Company,,VNSGN,INTOVESGN,,,,,,,,,,,,,,,,,,,,,,,,INTOVESGN,,,,,,,,,,,,,,,,,,,0,,,,,,,,,,,,,,,,,,,,,,,,,,,,,,
KAJOSA_US,KAJOSAUNA OY,Company,,USMSP,KAJOSA_US,,,,,,,,,,,,,,,,,,,,,,,,KAJOSA_US,,,,,,,,,,,,,,,,,,,0,,,,,,,,,,,,,,,,,,,,,,,,,,,,,,
ASECONANR,ASECO CONTAINER SERVICES NV,Company,,BEANR,ASECONANR,,,,,,,,,,,,,,,,,,,,,,,,ASECONANR,,,,,,,,,,,,,,,,,,,0,,,,,,,,,,,,,,,,,,,,,,,,,,,,,,
SHAMAGPVG,"SHANGHAI MAGICAL LOGISTICS CO.,LTD.",Company,,CNPVG,SHAMAGPVG,,,,,,,,,,,,,,,,,,,,,,,,SHAMAGPVG,,,,,,,,,,,,,,,,,,,0,,,,,,,,,,,,,,,,,,,,,,,,,,,,,,
GOESHAAFE,"GO-EXPRESS CO., LTD",Company,,CNSHA,GOESHAAFE,,,,,,,,,,,,,,,,,,,,,,,,GOESHAAFE,,,,emily.gong@go-express.com.cn,,,,,,,,,,,,,,,0,,,,,,,,,,,,,,,,,,,,,,,,,,,,,,
AIRSEAKWN,AIR SEA EXPRESS (HK) LTD.,Company,,HKKWN,AIRSEAKWN,,,,,,,,,,,,,,,,,,,,,,,,AIRSEAKWN,,,,,,,,,,,,,,,,,,,0,,,,,,,,,,,,,,,,,,,,,,,,,,,,,,
SUNCARSHA,SUN CARGO INTERNATIONAL (SHANGHAI) LTD.,Company,,CNSHA,SUNCARSHA,,,,,,,,,,,,,,,,,,,,,,,,SUNCARSHA,,,,,,,,,,,,,,,,,,,0,,,,,,,,,,,,,,,,,,,,,,,,,,,,,,
YOBSALCGY,YOBGOO SALES INC.,Company,,PHCGY,YOBSALCGY,,,,,,,,,,,,,,,,,,,,,,,,YOBSALCGY,,,,,,,,,,,,,,,,,,,0,,,,,,,,,,,,,,,,,,,,,,,,,,,,,,
ELPALIMJV,ELPOZO ALIMENTACION,Company,,ESMJV,ELPALIMJV,,,,,,,,,,,,,,,,,,,,,,,,ELPALIMJV,,,,,,,,,,,,,,,,,,,0,,,,,,,,,,,,,,,,,,,,,,,,,,,,,,
JKKINTDXB,JKK INTERNATIONAL FREIGHTS LLC,Company,,AEDXB,JKKINTDXB,,,,,,,,,,,,,,,,,,,,,,,,JKKINTDXB,,,+971505562565,dinesh@jkkintl.ae,,,,,,,,,,,,,,,0,,,,,,,,,,,,,,,,,,,,,,,,,,,,,,
ICALOGEKD,"ICAT LOGISTICS, INC",Company,,USEKD,ICALOGEKD,,,,,,,,,,,,,,,,,,,,,,,,ICALOGEKD,,,,,,,,,,,,,,,,,,,0,,,,,,,,,,,,,,,,,,,,,,,,,,,,,,
SHAKAYSHA,SHANGHAI KAYA INTERNATIONAL TRANSPORTATION CO. LTD,Company,,CNSHA,SHAKAYSHA,,,,,,,,,,,,,,,,,,,,,,,,SHAKAYSHA,,,,,,,,,,,,,,,,,,,0,,,,,,,,,,,,,,,,,,,,,,,,,,,,,,
BOOBKKAFE,"BOONMA MOVING AND STORAGE CO., LTD",Company,,THBKK,BOOBKKAFE,,,,,,,,,,,,,,,,,,,,,www.boonma.com,,,BOOBKKAFE,,,,service@boonma.com,,,,,,,,,,,,,,,0,,,,,,,,,,,,,,,,,,,,,,,,,,,,,,
GENNOLMOD,GENERAL NOLI SPED.NI SPA,Company,,ITMOD,GENNOLMOD,,,,,,,,,,,,,,,,,,,,,www.generalnoli.com,,,GENNOLMOD,,,,info@generalinoli.com,,,,,,,,,,,,,,,0,,,,,,,,,,,,,,,,,,,,,,,,,,,,,,
MIDAMESEA,"MID-AMERICA OVERSEAS, INC. (SEATTLE OFFICE)",Company,,USSEA,MIDAMESEA,,,,,,,,,,,,,,,,,,,,,,,,MIDAMESEA,,,,,,,,,,,,,,,,,,,0,,,,,,,,,,,,,,,,,,,,,,,,,,,,,,
TOHBUINRT,TOHTAM BUILDING 2F,Company,,JPTYO,TOHBUINRT,,,,,,,,,,,,,,,,,,,,,,,,TOHBUINRT,,,,,,,,,,,,,,,,,,,0,,,,,,,,,,,,,,,,,,,,,,,,,,,,,,
COREXPSHA,COREANA EXPRESS CO. LTD.,Company,,CNSHA,COREXPSHA,,,,,,,,,,,,,,,,,,,,,,,,COREXPSHA,,,,,,,,,,,,,,,,,,,0,,,,,,,,,,,,,,,,,,,,,,,,,,,,,,
SENINTFRA,SENATOR INTERNATIONAL SPEDITION GMBH,Company,,DEFRA,SENINTFRA,,,,,,,,,,,,,,,,,,,,,,,,SENINTFRA,,,,,,,,,,,,,,,,,,,0,,,,,,,,,,,,,,,,,,,,,,,,,,,,,,
MAIUSAMSP,MAINFREIGHT USA (FORMERLY TARGET LOGISTICS SVCS),Company,,USMES,MAIUSAMSP,,,,,,,,,,,,,,,,,,,,,,,,MAIUSAMSP,,,,msp.international@mainfreightusa.com,,,,,,,,,,,,,,,0,,,,,,,,,,,,,,,,,,,,,,,,,,,,,,
CARHARBRE,CARL HARTMANN GMBH & CO. KG,Company,,DEBRE,CARHARBRE,,,,,,,,,,,,,,,,,,,,,,,,CARHARBRE,,,,h.dopmann@carl-hartmann.de,,,,,,,,,,,,,,,0,,,,,,,,,,,,,,,,,,,,,,,,,,,,,,
INTTRABKK,INTERGLOBO TRANSUNION (THAILAND) CO. LTD.,Company,,THBKK,INTTRABKK,,,,,,,,,,,,,,,,,,,,,,,,INTTRABKK,,,,,,,,,,,,,,,,,,,0,,,,,,,,,,,,,,,,,,,,,,,,,,,,,,
JEENAMAA,JEENA AND COMPANY,Company,,INMAA,JEENAMAA,,,,,,,,,,,,,,,,,,,,,,,,JEENAMAA,,,,,,,,,,,,,,,,,,,0,,,,,,,,,,,,,,,,,,,,,,,,,,,,,,
OMNITRVAN,OMNITRANS INC.,Company,,CAVAN,OMNITRVAN,,,,,,,,,,,,,,,,,,,,,,,,OMNITRVAN,,,,,,,,,,,,,,,,,,,0,,,,,,,,,,,,,,,,,,,,,,,,,,,,,,
EURLONAFE,EUROPEAN INTERNATIONAL (FAIRS) LIMITED,Company,,GBLON,EURLONAFE,,,,,,,,,,,,,,,,,,,,,,,,EURLONAFE,,,,,,,,,,,,,,,,,,,0,,,,,,,,,,,,,,,,,,,,,,,,,,,,,,
DIASHIDKR,DIAMOND SHIPPING SERVICES,Company,,SNDKR,DIASHIDKR,,,,,,,,,,,,,,,,,,,,,,,,DIASHIDKR,,,,,,,,,,,,,,,,,,,0,,,,,,,,,,,,,,,,,,,,,,,,,,,,,,
CTOKORSEL,"CTO (KOREA) CO., LTD.",Company,,KRSEL,CTOKORSEL,,,,,,,,,,,,,,,,,,,,,,,,CTOKORSEL,,,,,,,,,,,,,,,,,,,0,,,,,,,,,,,,,,,,,,,,,,,,,,,,,,
GREMASZJG,GREAT MASTER LOGISTICS CO. LTD ( NANJING BRANCH),Company,,CNZJG,GREMASZJG,,,,,,,,,,,,,,,,,,,,,,,,GREMASZJG,,,,,,,,,,,,,,,,,,,0,,,,,,,,,,,,,,,,,,,,,,,,,,,,,,
NATEXPHKG,NATIONAL EXPRESS INT'L LTD.,Company,,HKHKG,NATEXPHKG,,,,,,,,,,,,,,,,,,,,,,,,NATEXPHKG,,,,,,,,,,,,,,,,,,,0,,,,,,,,,,,,,,,,,,,,,,,,,,,,,,
HANWORSZV,HANS WORLD LOGISTICS CO. LTD. (SUZHOU),Company,,CNSZH,HANWORSZV,,,,,,,,,,,,,,,,,,,,,www.hans-logis.com,,,HANWORSZV,,,,ZWYGY1120@HOTMAIL.COM,,,,,,,,,,,,,,,0,,,,,,,,,,,,,,,,,,,,,,,,,,,,,,
SDSTRAUJV,SDS TRANS INC.,Company,,USUJV,SDSTRAUJV,,,,,,,,,,,,,,,,,,,,,,,,SDSTRAUJV,,,,,,,,,,,,,,,,,,,0,,,,,,,,,,,,,,,,,,,,,,,,,,,,,,
COMTRABKK,COMBINED TRANSPORT AGENCIES,Company,,THBKK,COMTRABKK,,,,,,,,,,,,,,,,,,,,,,,,COMTRABKK,,,,service@cta.co.th,,,,,,,,,,,,,,,0,,,,,,,,,,,,,,,,,,,,,,,,,,,,,,
DTWLOGSHA,DTW LOGISTICS,Company,,CNSHA,DTWLOGSHA,,,,,,,,,,,,,,,,,,,,,,,,DTWLOGSHA,,,,,,,,,,,,,,,,,,,0,,,,,,,,,,,,,,,,,,,,,,,,,,,,,,
SHAMAPSHA,SHANGHAI MAPLE INT'L LOGISTICS CO. LTD.,Company,,CNSHA,SHAMAPSHA,,,,,,,,,,,,,,,,,,,,,,,,SHAMAPSHA,,,,,,,,,,,,,,,,,,,0,,,,,,,,,,,,,,,,,,,,,,,,,,,,,,
HANHIGHGH,HANGZHOU HIGH SPEED INTERTRANZ CO. LTD.,Company,,CNHGH,HANHIGHGH,,,,,,,,,,,,,,,,,,,,,,,,HANHIGHGH,,,,,,,,,,,,,,,,,,,0,,,,,,,,,,,,,,,,,,,,,,,,,,,,,,
TSLANR,TSL,Company,,BEANR,TSLANR,,,,,,,,,,,,,,,,,,,,,,,,TSLANR,,,,,,,,,,,,,,,,,,,0,,,,,,,,,,,,,,,,,,,,,,,,,,,,,,
AXXINTYMQ,AXXESS INTERNATIONAL INC.,Company,,CAMTR,AXXINTYMQ,,,,,,,,,,,,,,,,,,,,,,,,AXXINTYMQ,,,,,,,,,,,,,,,,,,,0,,,,,,,,,,,,,,,,,,,,,,,,,,,,,,
COLFRECHX,"COLE FREIGHT , INC.",Company,,CACXH,COLFRECHX,,,,,,,,,,,,,,,,,,,,,,,,COLFRECHX,,,,,,,,,,,,,,,,,,,0,,,,,,,,,,,,,,,,,,,,,,,,,,,,,,
USWORLHBN,US WORLDWIDE LOGISTICS INC.,Company,,USHBN,USWORLHBN,,,,,,,,,,,,,,,,,,,,,www.uswwl.com,,,USWORLHBN,,,,cfrisby@uswwl.com,,,,,,,,,,,,,,,0,,,,,,,,,,,,,,,,,,,,,,,,,,,,,,
APCREABJS,APC REALCO LTD  BEIJING,Company,,CNBJS,APCREABJS,,,,,,,,,,,,,,,,,,,,,,,,APCREABJS,,,,,,,,,,,,,,,,,,,0,,,,,,,,,,,,,,,,,,,,,,,,,,,,,,
HONLANSZX,HONOUR LANE SHIPPING LTD (SHENZEN),Company,,CNSZX,HONLANSZX,,,,,,,,,,,,,,,,,,,,,,,,HONLANSZX,,,,,,,,,,,,,,,,,,,0,,,,,,,,,,,,,,,,,,,,,,,,,,,,,,
PTINTIJKT,PT INTERUNION INDONESIA,Company,,IDJKT,PTINTIJKT,,,,,,,,,,,,,,,,,,,,,,,,PTINTIJKT,,,,,,,,,,,,,,,,,,,0,,,,,,,,,,,,,,,,,,,,,,,,,,,,,,
VANGLOTAO,VANSAIL GLOBAL EXPRESS,Company,,CNTAO,VANGLOTAO,,,,,,,,,,,,,,,,,,,,,,,,VANGLOTAO,,,,,,,,,,,,,,,,,,,0,,,,,,,,,,,,,,,,,,,,,,,,,,,,,,
FGLGLOSAO,FGL GLOBAL LOGÍSTICA LTDA,Company,,BRSAO,FGLGLOSAO,,,,,,,,,,,,,,,,,,,,,,,,FGLGLOSAO,,,,,,,,,,,,,,,,,,,0,,,,,,,,,,,,,,,,,,,,,,,,,,,,,,
JOAENTMUA,JOANDALE ENTERPRISE INT'L FREIGHT FORWARDER,Company,,BNMUA,JOAENTMUA,,,,,,,,,,,,,,,,,,,,,,,,JOAENTMUA,,,,,,,,,,,,,,,,,,,0,,,,,,,,,,,,,,,,,,,,,,,,,,,,,,
SHALEASHA,"SHANGHAI LEAGUE SHIPPING CO., LTD.",Company,,CNSHA,SHALEASHA,,,,,,,,,,,,,,,,,,,,,,,,SHALEASHA,,,,,,,,,,,,,,,,,,,0,,,,,,,,,,,,,,,,,,,,,,,,,,,,,,
BRIVIETPE,"BRIGHT VIEW INT’L EXPRESS CO., LTD.",Company,,TWTPE,BRIVIETPE,,,,,,,,,,,,,,,,,,,,,,,,BRIVIETPE,,,,,,,,,,,,,,,,,,,0,,,,,,,,,,,,,,,,,,,,,,,,,,,,,,
CHAKENFXT,CHARLES KENDALL FREIGHT LIMITED,Company,,GBFXT,CHAKENFXT,,,,,,,,,,,,,,,,,,,,,,,,CHAKENFXT,,,,,,,,,,,,,,,,,,,0,,,,,,,,,,,,,,,,,,,,,,,,,,,,,,
TRACARHKG,TRANSCON CARGO LIMITED,Company,,HKHKG,TRACARHKG,,,,,,,,,,,,,,,,,,,,,,,,TRACARHKG,,,,,,,,,,,,,,,,,,,0,,,,,,,,,,,,,,,,,,,,,,,,,,,,,,
MALEXPKUL,MALAYSIAN EXPRESS LOGISTICS SDN BHD,Company,,MYKUL,MALEXPKUL,,,,,,,,,,,,,,,,,,,,,,,,MALEXPKUL,,,,mxpress@po.jaring.my,,,,,,,,,,,,,,,0,,,,,,,,,,,,,,,,,,,,,,,,,,,,,,
CTCHINSGH,CT CHINA (SHANGHAI) LTD,Company,,CNSGH,CTCHINSGH,,,,,,,,,,,,,,,,,,,,,,,,CTCHINSGH,,,,,,,,,,,,,,,,,,,0,,,,,,,,,,,,,,,,,,,,,,,,,,,,,,
PALINDROR,PALAU INDEPENDENT FREIGHT FORWARDING,Company,,PWROR,PALINDROR,,,,,,,,,,,,,,,,,,,,,,,,PALINDROR,,,,palauindependentfreight@palaunet.com,,,,,,,,,,,,,,,0,,,,,,,,,,,,,,,,,,,,,,,,,,,,,,
JWORLDPUS,J WORLD LOGISTICS KOREA,Company,,KRPUS,JWORLDPUS,,,,,,,,,,,,,,,,,,,,,,,,JWORLDPUS,,,,,,,,,,,,,,,,,,,0,,,,,,,,,,,,,,,,,,,,,,,,,,,,,,
UNISEAPUS,"UNIVERSAL SEA & AIR CO., LTD",Company,,KRPUS,UNISEAPUS,,,,,,,,,,,,,,,,,,,,,,,,UNISEAPUS,,,,woojoo@univsa.com,,,,,,,,,,,,,,,0,,,,,,,,,,,,,,,,,,,,,,,,,,,,,,
FASCARKWN,FASTPORT CARGO SERVICES LTD.,Company,,HKKWN,FASCARKWN,,,,,,,,,,,,,,,,,,,,,,,,FASCARKWN,,,,,,,,,,,,,,,,,,,0,,,,,,,,,,,,,,,,,,,,,,,,,,,,,,
LOGLOGPAR,LOGFRET LOGISTIQUE FRET S.A./HQ OFFICE,Company,,FRPAR,LOGLOGPAR,,,,,,,,,,,,,,,,,,,,,,,,LOGLOGPAR,,,,,,,,,,,,,,,,,,,0,,,,,,,,,,,,,,,,,,,,,,,,,,,,,,
SENINTJAX,SENATOR INTERNATIONAL FREIGHT FORWARDING LLC.,Company,,USJAX,SENINTJAX,,,,,,,,,,,,,,,,,,,,,,,,SENINTJAX,,,,,,,,,,,,,,,,,,,0,,,,,,,,,,,,,,,,,,,,,,,,,,,,,,
FAIBAYDAC,FAIR BAY SHIPPING LINES LTD,Company,,BDDAC,FAIBAYDAC,,,,,,,,,,,,,,,,,,,,,,,,FAIBAYDAC,,,,,,,,,,,,,,,,,,,0,,,,,,,,,,,,,,,,,,,,,,,,,,,,,,
LEMUSAMKE,LEMAN USA INC,Company,,USMKE,LEMUSAMKE,,,,,,,,,,,,,,,,,,,,,,,,LEMUSAMKE,,,,,,,,,,,,,,,,,,,0,,,,,,,,,,,,,,,,,,,,,,,,,,,,,,
SENINTCLT,SENATOR INTERNATIONAL (CHARLOTTE),Company,,USCLT,SENINTCLT,,,,,,,,,,,,,,,,,,,,,,,,SENINTCLT,,,,,,,,,,,,,,,,,,,0,,,,,,,,,,,,,,,,,,,,,,,,,,,,,,
DONCONPUS,DONGSUE CONSOL CO LTD,Company,,KRPUS,DONCONPUS,,,,,,,,,,,,,,,,,,,,,,,,DONCONPUS,,,,,,,,,,,,,,,,,,,0,,,,,,,,,,,,,,,,,,,,,,,,,,,,,,
KUILOGKLW,KUIJKEN LOGISTICS GROUP EUROPE,Company,,NLKLW,KUILOGKLW,,,,,,,,,,,,,,,,,,,,,,,,KUILOGKLW,,,,,,,,,,,,,,,,,,,0,,,,,,,,,,,,,,,,,,,,,,,,,,,,,,
MAUWARBUD,MAURICE WARD NETWORKS UK LTD,Company,,HUBUD,MAUWARBUD,,,,,,,,,,,,,,,,,,,,,,,,MAUWARBUD,,,,,,,,,,,,,,,,,,,0,,,,,,,,,,,,,,,,,,,,,,,,,,,,,,
TRAINTIZM,TRANSUNION INT'L TRANSPORT AND LOGISTICS,Company,,TRIZM,TRAINTIZM,,,,,,,,,,,,,,,,,,,,,,,,TRAINTIZM,,,,,,,,,,,,,,,,,,,0,,,,,,,,,,,,,,,,,,,,,,,,,,,,,,
CMTLOXODS,C.M.T.-LTD / LOXTON TRANSPORTATION LIMITED,Company,,UAODS,CMTLOXODS,,,,,,,,,,,,,,,,,,,,,,,,CMTLOXODS,,,,,,,,,,,,,,,,,,,0,,,,,,,,,,,,,,,,,,,,,,,,,,,,,,
AWOGLOSHA,AWOT GLOBAL CORPORATION,Company,,CNSHA,AWOGLOSHA,,,,,,,,,,,,,,,,,,,,,,,,AWOGLOSHA,,,,,,,,,,,,,,,,,,,0,,,,,,,,,,,,,,,,,,,,,,,,,,,,,,
CURTPEAFE,"CURIO PACK EXPO CO., LTD.",Company,,TWTPE,CURTPEAFE,,,,,,,,,,,,,,,,,,,,,,,,CURTPEAFE,,,,tessa@cpexpotw.com,,,,,,,,,,,,,,,0,,,,,,,,,,,,,,,,,,,,,,,,,,,,,,
EXPPAKLHE,EXPOLANKA PAKISTAN (PVT) LTD,Company,,PKLHE,EXPPAKLHE,,,,,,,,,,,,,,,,,,,,,,,,EXPPAKLHE,,,,,,,,,,,,,,,,,,,0,,,,,,,,,,,,,,,,,,,,,,,,,,,,,,
GRAPORMAI,GRAVELEAU PORTUGAL S.A,Company,,PTMAI,GRAPORMAI,,,,,,,,,,,,,,,,,,,,,,,,GRAPORMAI,,,,,,,,,,,,,,,,,,,0,,,,,,,,,,,,,,,,,,,,,,,,,,,,,,
FRESYSSHA,FREIGHT SYSTEMS INT'L FORWARDING (SHANGHAI) CO LTD,Company,,CNSHA,FRESYSSHA,,,,,,,,,,,,,,,,,,,,,,,,FRESYSSHA,,,,,,,,,,,,,,,,,,,0,,,,,,,,,,,,,,,,,,,,,,,,,,,,,,
CLASQUOVE,CLASQUIN OVERSEAS FORWARDING & LOGISTICS EXPERTS,Company,,FRLIL,CLASQUOVE,,,,,,,,,,,,,,,,,,,,,,,,CLASQUOVE,,,,,,,,,,,,,,,,,,,0,,,,,,,,,,,,,,,,,,,,,,,,,,,,,,
WORLDITYO,"WORLDING CO., LTD.",Company,,JPTYO,WORLDITYO,,,,,,,,,,,,,,,,,,,,,,,,WORLDITYO,,,,,,,,,,,,,,,,,,,0,,,,,,,,,,,,,,,,,,,,,,,,,,,,,,
DCONGLJKT,PT. D-CON GLOBALINDO,Company,,IDJKT,DCONGLJKT,,,,,,,,,,,,,,,,,,,,,,,,DCONGLJKT,,,,,,,,,,,,,,,,,,,0,,,,,,,,,,,,,,,,,,,,,,,,,,,,,,
MAIUSAXWR,MAINFREIGHT USA (FORMERLY TARGET LOG.),Company,,USXWR,MAIUSAXWR,,,,,,,,,,,,,,,,,,,,,,,,MAIUSAXWR,,,,,,,,,,,,,,,,,,,0,,,,,,,,,,,,,,,,,,,,,,,,,,,,,,
DAVDIACEB,DAVAO DIAMOMD INDUSTRIAL SUPPLIES,Company,,PHCEB,DAVDIACEB,,,,,,,,,,,,,,,,,,,,,,,,DAVDIACEB,,,,,,,,,,,,,,,,,,,0,,,,,,,,,,,,,,,,,,,,,,,,,,,,,,
SENINTLON,SENATOR INTERNATIONAL FREIGHT FORWARDING LTD.,Company,,GBLON,SENINTLON,,,,,,,,,,,,,,,,,,,,,,,,SENINTLON,,,,,,,,,,,,,,,,,,,0,,,,,,,,,,,,,,,,,,,,,,,,,,,,,,
INTFREBOS,"INTERPORT FREIGHT SERVICES, INC.",Company,,USBOS,INTFREBOS,,,,,,,,,,,,,,,,,,,,,,,,INTFREBOS,,,,,,,,,,,,,,,,,,,0,,,,,,,,,,,,,,,,,,,,,,,,,,,,,,
JOYSHICAN1,JOYHIGH SHIPPING LTD.,Company,,CNCAN,JOYSHICAN1,,,,,,,,,,,,,,,,,,,,,,,,JOYSHICAN1,,,,,,,,,,,,,,,,,,,0,,,,,,,,,,,,,,,,,,,,,,,,,,,,,,
LOGPLUANR,LOGISTICS PLUS BELGIUM BV,Company,,BEANR,LOGPLUANR,,,,,,,,,,,,,,,,,,,,,,,,LOGPLUANR,,,,,,,,,,,,,,,,,,,0,,,,,,,,,,,,,,,,,,,,,,,,,,,,,,
KNIINTEWR,KNIGHT INTERNATIONAL CORP.,Company,,USEWR,KNIINTEWR,,,,,,,,,,,,,,,,,,,,,,,,KNIINTEWR,,,,,,,,,,,,,,,,,,,0,,,,,,,,,,,,,,,,,,,,,,,,,,,,,,
HENGLOMTY,"HENCO GLOBAL, S.A.DE C.V",Company,,MXMTY,HENGLOMTY,,,,,,,,,,,,,,,,,,,,,www.henco.com.mx,,,HENGLOMTY,,,,jsanchez@henco.com.mx,,,,,,,,,,,,,,,0,,,,,,,,,,,,,,,,,,,,,,,,,,,,,,
DACFRACAS,DACHSER FRANCE AIR & SEA  LOGISTICS (MOROCCO),Company,,MACAS,DACFRACAS,,,,,,,,,,,,,,,,,,,,,,,,DACFRACAS,,,,,,,,,,,,,,,,,,,0,,,,,,,,,,,,,,,,,,,,,,,,,,,,,,
SAMEXIDEL,SAMARITAN EXIM PVT. LTD. (IATA CARGO AGENTS),Company,,INDEL,SAMEXIDEL,,,,,,,,,,,,,,,,,,,,,www.samaritan.com,,,SAMEXIDEL,,,,info@samaritan.com,,,,,,,,,,,,,,,0,,,,,,,,,,,,,,,,,,,,,,,,,,,,,,
INDGLOJKT,PT. INDO GLORIA EKSPRESS,Company,,IDJKT,INDGLOJKT,,,,,,,,,,,,,,,,,,,,,,,,INDGLOJKT,,,,gie@cbn.net.id,,,,,,,,,,,,,,,0,,,,,,,,,,,,,,,,,,,,,,,,,,,,,,
ASEJKTAFE,ASEAN SECRETARIAT - INFRASTRUCTURE DIVISION,Company,,IDJKT,ASEJKTAFE,,,,,,,,,,,,,,,,,,,,,,,,ASEJKTAFE,,,,,,,,,,,,,,,,,,,0,,,,,,,,,,,,,,,,,,,,,,,,,,,,,,
OBJCARZLO,"OBJECTIVE CARGO, S.A. DE C.V",Company,,MXZLO,OBJCARZLO,,,,,,,,,,,,,,,,,,,,,,,,OBJCARZLO,,,,,,,,,,,,,,,,,,,0,,,,,,,,,,,,,,,,,,,,,,,,,,,,,,
ALPCUSAKL,ALPHA CUSTOMS AND FORWARDING,Company,,NZAKL,ALPCUSAKL,,,,,,,,,,,,,,,,,,,,,,,,ALPCUSAKL,,,,,,,,,,,,,,,,,,,0,,,,,,,,,,,,,,,,,,,,,,,,,,,,,,
MAHSHIGIN,MAHALAXMI SHIPPING SERVICES,Company,,INGIN,MAHSHIGIN,,,,,,,,,,,,,,,,,,,,,,,,MAHSHIGIN,,,,,,,,,,,,,,,,,,,0,,,,,,,,,,,,,,,,,,,,,,,,,,,,,,
LOGFSAGSV,LOGFRET S.A,Company,,FRGSV,LOGFSAGSV,,,,,,,,,,,,,,,,,,,,,www.logfret.com,,,LOGFSAGSV,,,,,,,,,,,,,,,,,,,0,,,,,,,,,,,,,,,,,,,,,,,,,,,,,,
FIBLOGCAN,FIBS LOGISTICS (CHINA GUANGZHOU) BRANCH,Company,,CNCAN,FIBLOGCAN,,,,,,,,,,,,,,,,,,,,,,,,FIBLOGCAN,,,,,,,,,,,,,,,,,,,0,,,,,,,,,,,,,,,,,,,,,,,,,,,,,,
LORNICDVO,LORENA NICHOLSON,Company,,PHDVO,LORNICDVO,,,,,,,,,,,,,,,,,,,,,,,,LORNICDVO,,,,,,,,,,,,,,,,,,,0,,,,,,,,,,,,,,,,,,,,,,,,,,,,,,
MAVLOGHKG,MAVER LOGISTICS INTERNATIONAL LTD,Company,,HKHKG,MAVLOGHKG,,,,,,,,,,,,,,,,,,,,,,,,MAVLOGHKG,,,,,,,,,,,,,,,,,,,0,,,,,,,,,,,,,,,,,,,,,,,,,,,,,,
FRETEXTUN,FRETEX LTD.,Company,,TNTUN,FRETEXTUN,,,,,,,,,,,,,,,,,,,,,www.fret-ex.net,,,FRETEXTUN,,,,commercial@fret-ex.net,,,,,,,,,,,,,,,0,,,,,,,,,,,,,,,,,,,,,,,,,,,,,,
TAFTME,TAF AUSTRALIA PTY LTD.,Company,,AUTME,TAFTME,,,,,,,,,,,,,,,,,,,,,,,,TAFTME,,,,,,,,,,,,,,,,,,,0,,,,,,,,,,,,,,,,,,,,,,,,,,,,,,
PROBROEDN,"PROFREIGHT BROKERS, INC.",Company,,USEDN,PROBROEDN,,,,,,,,,,,,,,,,,,,,,,,,PROBROEDN,,,,,,,,,,,,,,,,,,,0,,,,,,,,,,,,,,,,,,,,,,,,,,,,,,
JIECITJYG1,JIEYANG CITY HONGXING PLASTIC PRODUCT CO. LTD.,Company,,CNJYG,JIECITJYG1,,,,,,,,,,,,,,,,,,,,,,,,JIECITJYG1,,,,,,,,,,,,,,,,,,,0,,,,,,,,,,,,,,,,,,,,,,,,,,,,,,
JIASUNCAN,"JIANGSU SUNSHINE INT'L LOGISTICS CO.,LTD",Company,,CNCAN,JIASUNCAN,,,,,,,,,,,,,,,,,,,,,,,,JIASUNCAN,,,,,,,,,,,,,,,,,,,0,,,,,,,,,,,,,,,,,,,,,,,,,,,,,,
WORINTADL,WORLDLINK INTERNATIONAL,Company,,AUADL,WORINTADL,,,,,,,,,,,,,,,,,,,,,,,,WORINTADL,,,,,,,,,,,,,,,,,,,0,,,,,,,,,,,,,,,,,,,,,,,,,,,,,,
REALOGTPE,REALCO LOGISTICS LTD.,Company,,TWTPE,REALOGTPE,,,,,,,,,,,,,,,,,,,,,,,,REALOGTPE,,,,service@realco.com,,,,,,,,,,,,,,,0,,,,,,,,,,,,,,,,,,,,,,,,,,,,,,
SOBNETNYC,"SOBEL NETWORK SHIPPING CO.,INC.",Company,,USNYC,SOBNETNYC,,,,,,,,,,,,,,,,,,,,,,,,SOBNETNYC,,,,,,,,,,,,,,,,,,,0,,,,,,,,,,,,,,,,,,,,,,,,,,,,,,
GRESWEARN,GREENCARRIER SWEDEN AB,Company,,SEARN,GRESWEARN,,,,,,,,,,,,,,,,,,,,,,,,GRESWEARN,,,,,,,,,,,,,,,,,,,0,,,,,,,,,,,,,,,,,,,,,,,,,,,,,,
ALPSPLLJU,ALPHA SP LOGISTIKA D.O.O,Company,,SILJU,ALPSPLLJU,,,,,,,,,,,,,,,,,,,,,,,,ALPSPLLJU,,,,,,,,,,,,,,,,,,,0,,,,,,,,,,,,,,,,,,,,,,,,,,,,,,
PBSINTLON,PBS INTERNATIONAL FREIGHT LTD,Company,,GBLON,PBSINTLON,,,,,,,,,,,,,,,,,,,,,,,,PBSINTLON,,,,,,,,,,,,,,,,,,,0,,,,,,,,,,,,,,,,,,,,,,,,,,,,,,
KUHNAGCLM,KÜHNE + NAGEL (AG & CO.) KG,Company,,DECLM,KUHNAGCLM,,,,,,,,,,,,,,,,,,,,,,,,KUHNAGCLM,,,,Exposervice.koeln@kuehne-nagel.com,,,,,,,,,,,,,,,0,,,,,,,,,,,,,,,,,,,,,,,,,,,,,,
FIVSTABER,FIVE STAR GLOBAL LOGISTICS GMBH,Company,,DEBER,FIVSTABER,,,,,,,,,,,,,,,,,,,,,,,,FIVSTABER,,,,,,,,,,,,,,,,,,,0,,,,,,,,,,,,,,,,,,,,,,,,,,,,,,
SOOEXPLSIN,SOONEST EXPRESS (S) PTE LTD,Company,,SGSIN,SOOEXPLSIN,,,,,,,,,,,,,,,,,,,,,,,,SOOEXPLSIN,,,,,,,,,,,,,,,,,,,0,,,,,,,,,,,,,,,,,,,,,,,,,,,,,,
CURPACPKG,CURIO PACK SDN BHD,Company,,MYPKG,CURPACPKG,,,,,,,,,,,,,,,,,,,,,,,,CURPACPKG,,,,,,,,,,,,,,,,,,,0,,,,,,,,,,,,,,,,,,,,,,,,,,,,,,
UNIINTNGB,UNITEX INT'L FORWARDING (GUANGZHOU) LTD.,Company,,CNNGB,UNIINTNGB,,,,,,,,,,,,,,,,,,,,,,,,UNIINTNGB,,,,ningbo@uif.com.hk,,,,,,,,,,,,,,,0,,,,,,,,,,,,,,,,,,,,,,,,,,,,,,
MAIUSAGHDFW,MAINFREIGHT USA (FORMERLY TARGET LOG.),Company,,USDFW,MAIUSAGHDFW,,,,,,,,,,,,,,,,,,,,,,,,MAIUSAGHDFW,,,,,,,,,,,,,,,,,,,0,,,,,,,,,,,,,,,,,,,,,,,,,,,,,,
KIMAIRSEL,KIMEX AIR AND SEA CO. LTD.,Company,,KRSEL,KIMAIRSEL,,,,,,,,,,,,,,,,,,,,,,,,KIMAIRSEL,,,,,,,,,,,,,,,,,,,0,,,,,,,,,,,,,,,,,,,,,,,,,,,,,,
HELTRAHKG,"HELU-TRANS (HK) PTE, LTD.",Company,,HKHKG,HELTRAHKG,,,,,,,,,,,,,,,,,,,,,,,,HELTRAHKG,,,,,,,,,,,,,,,,,,,0,,,,,,,,,,,,,,,,,,,,,,,,,,,,,,
ABELOGTLV,ABETRANS LOGISTICS LTD FORWARDING AND CUSTOMSAGENT,Company,,ILTLV,ABELOGTLV,,,,,,,,,,,,,,,,,,,,,,,,ABELOGTLV,,,,abetrans@abetrans.net,,,,,,,,,,,,,,,0,,,,,,,,,,,,,,,,,,,,,,,,,,,,,,
ALISPEMXP,ALISPED S.P.A,Company,,ITMXP,ALISPEMXP,,,,,,,,,,,,,,,,,,,,,,,,ALISPEMXP,,,,,,,,,,,,,,,,,,,0,,,,,,,,,,,,,,,,,,,,,,,,,,,,,,
GLKAIRFRA,G.L.KAYSER AIRFREIGHT SERVICES GMBH,Company,,DEFRA,GLKAIRFRA,,,,,,,,,,,,,,,,,,,,,,,,GLKAIRFRA,,,,mailbox@glk-jfh.com,,,,,,,,,,,,,,,0,,,,,,,,,,,,,,,,,,,,,,,,,,,,,,
SHAORINGB,SHANGHAI ORIENT INTERGROUP INT'L TRANSPORTATION,Company,,CNNGB,SHAORINGB,,,,,,,,,,,,,,,,,,,,,,,,SHAORINGB,,,,,,,,,,,,,,,,,,,0,,,,,,,,,,,,,,,,,,,,,,,,,,,,,,
DDEXPRSOF,D&D EXPRESS,Company,,BGSOF,DDEXPRSOF,,,,,,,,,,,,,,,,,,,,,,,,DDEXPRSOF,,,,,,,,,,,,,,,,,,,0,,,,,,,,,,,,,,,,,,,,,,,,,,,,,,
GRUTORUIO,GRUPO TORRES & TORRES,Company,,ECUIO,GRUTORUIO,,,,,,,,,,,,,,,,,,,,,,,,GRUTORUIO,,,,,,,,,,,,,,,,,,,0,,,,,,,,,,,,,,,,,,,,,,,,,,,,,,
SHAWORSHA,SHANGHAI WORLDBEST INT'L FORWARDING CO.,Company,,CNSHA,SHAWORSHA,,,,,,,,,,,,,,,,,,,,,,,,SHAWORSHA,,,,wr@public1.wx.js.cn,,,,,,,,,,,,,,,0,,,,,,,,,,,,,,,,,,,,,,,,,,,,,,
GGLLINSIN,GGL LINE PTE  LTD,Company,,SGSIN,GGLLINSIN,,,,,,,,,,,,,,,,,,,,,,,,GGLLINSIN,,,,,,,,,,,,,,,,,,,0,,,,,,,,,,,,,,,,,,,,,,,,,,,,,,
SAUMARJED,SAUDI MARITIME CO. (JEDDAH),Company,,SAJED,SAUMARJED,,,,,,,,,,,,,,,,,,,,,,,,SAUMARJED,,,,,,,,,,,,,,,,,,,0,,,,,,,,,,,,,,,,,,,,,,,,,,,,,,
RADGLOSFO,RADIANT GLOBAL LOGISTICS - LAX,Company,,USSFO,RADGLOSFO,,,,,,,,,,,,,,,,,,,,,,,,RADGLOSFO,,,,,,,,,,,,,,,,,,,0,,,,,,,,,,,,,,,,,,,,,,,,,,,,,,
MAXSHKHKG,MAXSPEED (HK) CO LTD,Company,,HKHKG,MAXSHKHKG,,,,,,,,,,,,,,,,,,,,,,,,MAXSHKHKG,,,,,,,,,,,,,,,,,,,0,,,,,,,,,,,,,,,,,,,,,,,,,,,,,,
SMILOGMAA,SMI LOGISTICS PVT LTD,Company,,INMAA,SMILOGMAA,,,,,,,,,,,,,,,,,,,,,,,,SMILOGMAA,,,,,,,,,,,,,,,,,,,0,,,,,,,,,,,,,,,,,,,,,,,,,,,,,,
BUDFREBKK,"BUDDY FREIGHT INTERNATIONAL CO., LTD",Company,,THBKK,BUDFREBKK,,,,,,,,,,,,,,,,,,,,,,,,BUDFREBKK,,,,,,,,,,,,,,,,,,,0,,,,,,,,,,,,,,,,,,,,,,,,,,,,,,
GRACONMOD,GRAZIOSI CONTAINERS S.R.L,Company,,ITMOD,GRACONMOD,,,,,,,,,,,,,,,,,,,,,,,,GRACONMOD,,,,,,,,,,,,,,,,,,,0,,,,,,,,,,,,,,,,,,,,,,,,,,,,,,
HAWLOGMAA,HAWK LOGISTICS PVT. LTD.,Company,,INMAA,HAWLOGMAA,,,,,,,,,,,,,,,,,,,,,,,,HAWLOGMAA,,,,,,,,,,,,,,,,,,,0,,,,,,,,,,,,,,,,,,,,,,,,,,,,,,
FLYTRAKWN,FLYING TRANSPORTATION LTD.,Company,,HKKWN,FLYTRAKWN,,,,,,,,,,,,,,,,,,,,,,,,FLYTRAKWN,,,,,,,,,,,,,,,,,,,0,,,,,,,,,,,,,,,,,,,,,,,,,,,,,,
FRESYSCMB,FREIGHT SYSTEM LOGISTICS LANKA PVT LTD.,Company,,LKCMB,FRESYSCMB,,,,,,,,,,,,,,,,,,,,,www.freightsystems.com,,,FRESYSCMB,,,,,,,,,,,,,,,,,,,0,,,,,,,,,,,,,,,,,,,,,,,,,,,,,,
MAICMHOHB,MAINFREIGHT INC. (CMH),Company,,USOHB,MAICMHOHB,,,,,,,,,,,,,,,,,,,,,,,,MAICMHOHB,,,,,,,,,,,,,,,,,,,0,,,,,,,,,,,,,,,,,,,,,,,,,,,,,,
EXPFREAMD,EXPO FREIGHT PRIVATE LIMITED,Company,,INAMD,EXPFREAMD,,,,,,,,,,,,,,,,,,,,,,,,EXPFREAMD,,,,,,,,,,,,,,,,,,,0,,,,,,,,,,,,,,,,,,,,,,,,,,,,,,
GRUTRAUIO,GRUPO TRANSOCEANICA,Company,,ECUIO,GRUTRAUIO,,,,,,,,,,,,,,,,,,,,,,,,GRUTRAUIO,,,,,,,,,,,,,,,,,,,0,,,,,,,,,,,,,,,,,,,,,,,,,,,,,,
DACSHEXMN,DACHSER SHENZHEN CO LTD. XIAMEN BRANCH,Company,,CNXMN,DACSHEXMN,,,,,,,,,,,,,,,,,,,,,,,,DACSHEXMN,,,,,,,,,,,,,,,,,,,0,,,,,,,,,,,,,,,,,,,,,,,,,,,,,,
REALOGNKG,REALCO LOGISTICS LTD NANJING BRANCH,Company,,CNNKG,REALOGNKG,,,,,,,,,,,,,,,,,,,,,,,,REALOGNKG,,,,,,,,,,,,,,,,,,,0,,,,,,,,,,,,,,,,,,,,,,,,,,,,,,
EVESUMKCO,EVER SUMMIT (H.K.) LTD.,Company,,HKKCO,EVESUMKCO,,,,,,,,,,,,,,,,,,,,,,,,EVESUMKCO,,,,,,,,,,,,,,,,,,,0,,,,,,,,,,,,,,,,,,,,,,,,,,,,,,
GLOSPESIN,GLOBAL SPECIALIZED SERVICES PTE. LTD.,Company,,SGSIN,GLOSPESIN,,,,,,,,,,,,,,,,,,,,,,,,GLOSPESIN,,,,,,,,,,,,,,,,,,,0,,,,,,,,,,,,,,,,,,,,,,,,,,,,,,
SAVWORMEL,SAVI WORLD TRANSPORT PTY LTD,Company,,AUMEL,SAVWORMEL,,,,,,,,,,,,,,,,,,,,,,,,SAVWORMEL,,,,savi@saviworld.com.au,,,,,,,,,,,,,,,0,,,,,,,,,,,,,,,,,,,,,,,,,,,,,,
REALOGSHA,REALCO LOGISTICS LTD.,Company,,CNSHA,REALOGSHA,,,,,,,,,,,,,,,,,,,,,,,,REALOGSHA,,,,andyyang.sha@realcolog.com,,,,,,,,,,,,,,,0,,,,,,,,,,,,,,,,,,,,,,,,,,,,,,
EXPLINJFK,"EXPRESS LINE (USA), INC.",Company,,USJFK,EXPLINJFK,,,,,,,,,,,,,,,,,,,,,,,,EXPLINJFK,,,,elcnyjfk@aol.com,,,,,,,,,,,,,,,0,,,,,,,,,,,,,,,,,,,,,,,,,,,,,,
TCBSUPBHT,TCB SUPPLY CHAIN SOULUTIONS LIMITED,Company,,IEBHT,TCBSUPBHT,,,,,,,,,,,,,,,,,,,,,,,,TCBSUPBHT,,,,,,,,,,,,,,,,,,,0,,,,,,,,,,,,,,,,,,,,,,,,,,,,,,
BALLOGHEL,BALANCED LOGISTICS OY,Company,,FIHEL,BALLOGHEL,,,,,,,,,,,,,,,,,,,,,,,,BALLOGHEL,,,,,,,,,,,,,,,,,,,0,,,,,,,,,,,,,,,,,,,,,,,,,,,,,,
AMEROLPKG,AMERICAN ROLL ON ROLL OFF,Company,,USPKG,AMEROLPKG,,,,,,,,,,,,,,,,,,,,,,,,AMEROLPKG,,,,,,,,,,,,,,,,,,,0,,,,,,,,,,,,,,,,,,,,,,,,,,,,,,
MIGPSMAFE,MIG EXPRESS,Company,,USPSM,MIGPSMAFE,,,,,,,,,,,,,,,,,,,,,www.migexpress.com,,,MIGPSMAFE,,,,dennis@migexpress.com,,,,,,,,,,,,,,,0,,,,,,,,,,,,,,,,,,,,,,,,,,,,,,
APCAIRFRA,APC AIR & SEA GMBH,Company,,DEFRA,APCAIRFRA,,,,,,,,,,,,,,,,,,,,,,,,APCAIRFRA,,,,,,,,,,,,,,,,,,,0,,,,,,,,,,,,,,,,,,,,,,,,,,,,,,
SCHINTSIN,SCHUNK INTEC PTE. LTD.,Company,,SGSIN,SCHINTSIN,,,,,,,,,,,,,,,,,,,,,,,,SCHINTSIN,,,,info@sg.schunk.com,,,,,,,,,,,,,,,0,,,,,,,,,,,,,,,,,,,,,,,,,,,,,,
PAKLEEHKG,PAK LEE LOGISTICS INT’L LTD,Company,,HKHKG,PAKLEEHKG,,,,,,,,,,,,,,,,,,,,,,,,PAKLEEHKG,,,,,,,,,,,,,,,,,,,0,,,,,,,,,,,,,,,,,,,,,,,,,,,,,,
EXPFRECPT,EXPOLANKA FREIGHT (PTY) LIMITED,Company,,ZACPT,EXPFRECPT,,,,,,,,,,,,,,,,,,,,,,,,EXPFRECPT,,,+27 (21) 5110-8587,,,,,,,,,,,,,,,,0,,,,,,,,,,,,,,,,,,,,,,,,,,,,,,
FRELINMLE,FREIGHT LINE INTERNATIONAL (MALDIVES) PVT.LTD.,Company,,MVMLE,FRELINMLE,,,,,,,,,,,,,,,,,,,,,www.freight-links.com,,,FRELINMLE,,,,,,,,,,,,,,,,,,,0,,,,,,,,,,,,,,,,,,,,,,,,,,,,,,
INTERGGOA,INTERGLOBO SRL,Company,,ITGOA,INTERGGOA,,,,,,,,,,,,,,,,,,,,,,,,INTERGGOA,,,,,,,,,,,,,,,,,,,0,,,,,,,,,,,,,,,,,,,,,,,,,,,,,,
KORINDSEL,KOREA INDEV AEROSEA LTD.,Company,,KRSEL,KORINDSEL,,,,,,,,,,,,,,,,,,,,,www.kindas.co.kr,,,KORINDSEL,,,,,,,,,,,,,,,,,,,0,,,,,,,,,,,,,,,,,,,,,,,,,,,,,,
EURPLUMAD,EURO PLUS CARGO  SL,Company,,ESMAD,EURPLUMAD,,,,,,,,,,,,,,,,,,,,,,,,EURPLUMAD,,,,,,,,,,,,,,,,,,,0,,,,,,,,,,,,,,,,,,,,,,,,,,,,,,
EASWESTAO,EAST & WEST LOGISTICS CHINA,Company,,CNTAO,EASWESTAO,,,,,,,,,,,,,,,,,,,,,,,,EASWESTAO,,,,,,,,,,,,,,,,,,,0,,,,,,,,,,,,,,,,,,,,,,,,,,,,,,
APIGLOSIN,API GLOBAL AUTOMATION PTE LTD,Company,,SGSIN,APIGLOSIN,,,,,,,,,,,,,,,,,,,,,,,,APIGLOSIN,,,,,,,,,,,,,,,,,,,0,,,,,,,,,,,,,,,,,,,,,,,,,,,,,,
INTVIESGN,INTERGROUP (VIETNAM) INC.,Company,,VNSGN,INTVIESGN,,,,,,,,,,,,,,,,,,,,,,,,INTVIESGN,,,,enquiry@vnm.intergroup.biz,,,,,,,,,,,,,,,0,,,,,,,,,,,,,,,,,,,,,,,,,,,,,,
CARFRERGN,CARE FREIGHT SERVICES LTD.,Company,,MMRGN,CARFRERGN,,,,,,,,,,,,,,,,,,,,,,,,CARFRERGN,,,,administrator@cfs.com.mm,,,,,,,,,,,,,,,0,,,,,,,,,,,,,,,,,,,,,,,,,,,,,,
ASSCONBOM,ASSOCIATED CONTAINER LINE,Company,,INBOM,ASSCONBOM,,,,,,,,,,,,,,,,,,,,,,,,ASSCONBOM,,,,kala@acl.co.in,,,,,,,,,,,,,,,0,,,,,,,,,,,,,,,,,,,,,,,,,,,,,,
CLASQUVSR,CLASQUIN USA INC.,Company,,USVSR,CLASQUVSR,,,,,,,,,,,,,,,,,,,,,,,,CLASQUVSR,,,,,,,,,,,,,,,,,,,0,,,,,,,,,,,,,,,,,,,,,,,,,,,,,,
YCHLOGHKG,YCH LOGISTICS (HONGKONG) LTD,Company,,HKHKG,YCHLOGHKG,,,,,,,,,,,,,,,,,,,,,,,,YCHLOGHKG,,,+85224616251,,,,,,,,,,,,,,,,0,,,,,,,,,,,,,,,,,,,,,,,,,,,,,,
GCTVICVIC,G.C.T VICENZA,Company,,ITVIC,GCTVICVIC,,,,,,,,,,,,,,,,,,,,,www.gctvicenza.com,,,GCTVICVIC,,,,,,,,,,,,,,,,,,,0,,,,,,,,,,,,,,,,,,,,,,,,,,,,,,
ALTIUSMAD,ALTIUS (MADRID) S.A,Company,,ESMAD,ALTIUSMAD,,,,,,,,,,,,,,,,,,,,,,,,ALTIUSMAD,,,,,,,,,,,,,,,,,,,0,,,,,,,,,,,,,,,,,,,,,,,,,,,,,,
AGEMARMAD,"AGENCIA MARITIMA CONDEMINAS MADRID, S.A.U",Company,,ESMAD,AGEMARMAD,,,,,,,,,,,,,,,,,,,,,,,,AGEMARMAD,,,,,,,,,,,,,,,,,,,0,,,,,,,,,,,,,,,,,,,,,,,,,,,,,,
AKSTRAIST,AKSU TRANSPORT AND FOREIGN TRADE CO. LTD.(HQ),Company,,TRIST,AKSTRAIST,,,,,,,,,,,,,,,,,,,,,,,,AKSTRAIST,,,,,,,,,,,,,,,,,,,0,,,,,,,,,,,,,,,,,,,,,,,,,,,,,,
SOTINTHAN,SOTRANS INT’L FREIGHT FORWARDER,Company,,VNHAN,SOTINTHAN,,,,,,,,,,,,,,,,,,,,,,,,SOTINTHAN,,,,,,,,,,,,,,,,,,,0,,,,,,,,,,,,,,,,,,,,,,,,,,,,,,
TRAAIRTOR,TRANSIT AIR CARGO INC.,Company,,CATOR,TRAAIRTOR,,,,,,,,,,,,,,,,,,,,,,,,TRAAIRTOR,,,,,,,,,,,,,,,,,,,0,,,,,,,,,,,,,,,,,,,,,,,,,,,,,,
GALLOGHKG,GALA LOGISTICS LIMITED,Company,,HKHKG,GALLOGHKG,,,,,,,,,,,,,,,,,,,,,,,,GALLOGHKG,,,,,,,,,,,,,,,,,,,0,,,,,,,,,,,,,,,,,,,,,,,,,,,,,,
VINJOIHAN,VINAFCO JOINT STOCK CORP/VINAFCO IFTC,Company,,VNHAN,VINJOIHAN,,,,,,,,,,,,,,,,,,,,,,,,VINJOIHAN,,,,vinafco.iftc@fpt.vn,,,,,,,,,,,,,,,0,,,,,,,,,,,,,,,,,,,,,,,,,,,,,,
CARPARKBP,CARGO PARTNER LLC,Company,,UAKBP,CARPARKBP,,,,,,,,,,,,,,,,,,,,,,,,CARPARKBP,,,,,,,,,,,,,,,,,,,0,,,,,,,,,,,,,,,,,,,,,,,,,,,,,,
FRESYSAMD,FREIGHT SYSTEMS (INDIA) PVT. LTD.,Company,,INAMD,FRESYSAMD,,,,,,,,,,,,,,,,,,,,,,,,FRESYSAMD,,,,info@freightsystems.com,,,,,,,,,,,,,,,0,,,,,,,,,,,,,,,,,,,,,,,,,,,,,,
INTAGEKOP,INTERLINER AGENCIES D.O.O.,Company,,SIKOP,INTAGEKOP,,,,,,,,,,,,,,,,,,,,,,,,INTAGEKOP,,,,,,,,,,,,,,,,,,,0,,,,,,,,,,,,,,,,,,,,,,,,,,,,,,
KNIUSANXM,"KNIGHT (USA), L.L.C.",Company,,USNXM,KNIUSANXM,,,,,,,,,,,,,,,,,,,,,,,,KNIUSANXM,,,,,,,,,,,,,,,,,,,0,,,,,,,,,,,,,,,,,,,,,,,,,,,,,,
PPUSINAFE,PPURPOSE,Company,,SGSIN,PPUSINAFE,,,,,,,,,,,,,,,,,,,,,www.ppurpose.com,,,PPUSINAFE,,,,kimberly@ppurpose.com,,,,,,,,,,,,,,,0,,,,,,,,,,,,,,,,,,,,,,,,,,,,,,
GALAXLEH,GALAX,Company,,FRLEH,GALAXLEH,,,,,,,,,,,,,,,,,,,,,,,,GALAXLEH,,,,rogerville@galax.fr,,,,,,,,,,,,,,,0,,,,,,,,,,,,,,,,,,,,,,,,,,,,,,
VINSHIHKG,VINFLAIR SHIPPING LIMITED,Company,,HKHKG,VINSHIHKG,,,,,,,,,,,,,,,,,,,,,,,,VINSHIHKG,,,,,,,,,,,,,,,,,,,0,,,,,,,,,,,,,,,,,,,,,,,,,,,,,,
MXCARGPKG,MX CARGO SDN BHD,Company,,MYPKG,MXCARGPKG,,,,,,,,,,,,,,,,,,,,,,,,MXCARGPKG,,,,,,,,,,,,,,,,,,,0,,,,,,,,,,,,,,,,,,,,,,,,,,,,,,
KARGROFRA,KARL GROSS INTERNATIONALE SPEDITION GMB,Company,,DEFRA,KARGROFRA,,,,,,,,,,,,,,,,,,,,,,,,KARGROFRA,,,email: see contacts,,,,,,,,,,,,,,,,0,,,,,,,,,,,,,,,,,,,,,,,,,,,,,,
VIOCBLQ,VIO & C,Company,,ITBLQ,VIOCBLQ,,,,,,,,,,,,,,,,,,,,,,,,VIOCBLQ,,,,,,,,,,,,,,,,,,,0,,,,,,,,,,,,,,,,,,,,,,,,,,,,,,
MCJONEDVO,MC JONES  CARDENAS CUSTOMS BROKERAGE,Company,,PHDVO,MCJONEDVO,,,,,,,,,,,,,,,,,,,,,,,,MCJONEDVO,,,,,,,,,,,,,,,,,,,0,,,,,,,,,,,,,,,,,,,,,,,,,,,,,,
INTBSLAFE,INTERNATIONAL EXPO SERVICES AG,Company,,CHBSL,INTBSLAFE,,,,,,,,,,,,,,,,,,,,,,,,INTBSLAFE,,,,,,,,,,,,,,,,,,,0,,,,,,,,,,,,,,,,,,,,,,,,,,,,,,
KAMINTLON,KAMINO INT'L TRANSPORT,Company,,GBLON,KAMINTLON,,,,,,,,,,,,,,,,,,,,,www.kamino.com,,,KAMINTLON,,,,info@kamino.com,,,,,,,,,,,,,,,0,,,,,,,,,,,,,,,,,,,,,,,,,,,,,,
KTLOGINRSEL,KT LOGISTICS CO. LTD,Company,,KRSEL,KTLOGINRSEL,,,,,,,,,,,,,,,,,,,,,,,,KTLOGINRSEL,,,,,,,,,,,,,,,,,,,0,,,,,,,,,,,,,,,,,,,,,,,,,,,,,,
HUAFENSHA,"HUA FENG TRANSPORT AGENCY CO., LTD.",Company,,CNSHA,HUAFENSHA,,,,,,,,,,,,,,,,,,,,,,,,HUAFENSHA,,,,,,,,,,,,,,,,,,,0,,,,,,,,,,,,,,,,,,,,,,,,,,,,,,
LISMARDME,LISMARK HOLDING LIMITED,Company,,RUDME,LISMARDME,,,,,,,,,,,,,,,,,,,,,,,,LISMARDME,,,,,,,,,,,,,,,,,,,0,,,,,,,,,,,,,,,,,,,,,,,,,,,,,,
DTLOGISGN1,DT LOGISTICS (VN) CO. LTD,Company,,VNSGN,DTLOGISGN1,,,,,,,,,,,,,,,,,,,,,,,,DTLOGISGN1,,,,,,,,,,,,,,,,,,,0,,,,,,,,,,,,,,,,,,,,,,,,,,,,,,
INTSPAAOI,INTERCOSPED S.P.A (REGGIO EMILIA),Company,,ITAOI,INTSPAAOI,,,,,,,,,,,,,,,,,,,,,,,,INTSPAAOI,,,,,,,,,,,,,,,,,,,0,,,,,,,,,,,,,,,,,,,,,,,,,,,,,,
BOSCHMANR,BOSCHMANS & CO,Company,,BEANR,BOSCHMANR,,,,,,,,,,,,,,,,,,,,,,,,BOSCHMANR,,,,info@bosco.be,,,,,,,,,,,,,,,0,,,,,,,,,,,,,,,,,,,,,,,,,,,,,,
GUASEACAN,GUANGZHOU SEALANE TRANS LOGISTICS CO LTD,Company,,CNCAN,GUASEACAN,,,,,,,,,,,,,,,,,,,,,,,,GUASEACAN,,,,,,,,,,,,,,,,,,,0,,,,,,,,,,,,,,,,,,,,,,,,,,,,,,
SIFASICHG,SIFA ASIA PTE LTD,Company,,SGCHG,SIFASICHG,,,,,,,,,,,,,,,,,,,,,,,,SIFASICHG,,,,,,,,,,,,,,,,,,,0,,,,,,,,,,,,,,,,,,,,,,,,,,,,,,
ACTFREYYZ,ACTIVE FREIGHT SOLUTION INC.,Company,,CAYYZ,ACTFREYYZ,,,,,,,,,,,,,,,,,,,,,,,,ACTFREYYZ,,,,,,,,,,,,,,,,,,,0,,,,,,,,,,,,,,,,,,,,,,,,,,,,,,
BENTXGAFE,BENIGN ENTERPRISE CO. LTD,Company,,TWTXG,BENTXGAFE,,,,,,,,,,,,,,,,,,,,,,,,BENTXGAFE,,,,,,,,,,,,,,,,,,,0,,,,,,,,,,,,,,,,,,,,,,,,,,,,,,
SHAORISHA,SHANGHAI ORIENT INTEGROUP INT'L TRANSPORTATION CO.,Company,,CNSHA,SHAORISHA,,,,,,,,,,,,,,,,,,,,,,,,SHAORISHA,,,,,,,,,,,,,,,,,,,0,,,,,,,,,,,,,,,,,,,,,,,,,,,,,,
GRECARGOT,GREEN CARRIER SCANDINAVIAN AB,Company,,SEGOT,GRECARGOT,,,,,,,,,,,,,,,,,,,,,,,,GRECARGOT,,,,,,,,,,,,,,,,,,,0,,,,,,,,,,,,,,,,,,,,,,,,,,,,,,
CARSTATAS,CARGO STAR LLC,Company,,UZTAS,CARSTATAS,,,,,,,,,,,,,,,,,,,,,,,,CARSTATAS,,,,,,,,,,,,,,,,,,,0,,,,,,,,,,,,,,,,,,,,,,,,,,,,,,
TRAAIRSGN,TRANSIT AIR CARGO VIETNAM,Company,,VNSGN,TRAAIRSGN,,,,,,,,,,,,,,,,,,,,,,,,TRAAIRSGN,,,,,,,,,,,,,,,,,,,0,,,,,,,,,,,,,,,,,,,,,,,,,,,,,,
EXCLOGXGG,"EXCELLENT LOGISTICS CO., LTD",Company,,CNXGG,EXCLOGXGG,,,,,,,,,,,,,,,,,,,,,,,,EXCLOGXGG,,,,,,,,,,,,,,,,,,,0,,,,,,,,,,,,,,,,,,,,,,,,,,,,,,
MARGROMAD,MARMEDSA GROUP,Company,,ESMAD,MARGROMAD,,,,,,,,,,,,,,,,,,,,,www.marmedsa.com,,,MARGROMAD,,,,,,,,,,,,,,,,,,,0,,,,,,,,,,,,,,,,,,,,,,,,,,,,,,
FRESYSJEA1,FREIGHT SYSTEMS DWC LLC,Company,,AEJEA,FRESYSJEA1,,,,,,,,,,,,,,,,,,,,,,,,FRESYSJEA1,,,,Jagadeesh.aedxb@freightsystems.com,,,,,,,,,,,,,,,0,,,,,,,,,,,,,,,,,,,,,,,,,,,,,,
UVMSHICCU,UVM SHIPPING SERVICES PVT. LTD.,Company,,INCCU,UVMSHICCU,,,,,,,,,,,,,,,,,,,,,,,,UVMSHICCU,,,,,,,,,,,,,,,,,,,0,,,,,,,,,,,,,,,,,,,,,,,,,,,,,,
SOLGLOSHA,SOLAR GLOBAL LOGISTICS LTD.,Company,,CNSHA,SOLGLOSHA,,,,,,,,,,,,,,,,,,,,,,,,SOLGLOSHA,,,,,,,,,,,,,,,,,,,0,,,,,,,,,,,,,,,,,,,,,,,,,,,,,,
SKATRACPH,SKANDINAVISK TRANSPORT SYSTEMS (STS),Company,,DKCPH,SKATRACPH,,,,,,,,,,,,,,,,,,,,,,,,SKATRACPH,,,,,,,,,,,,,,,,,,,0,,,,,,,,,,,,,,,,,,,,,,,,,,,,,,
TARLOGBKK,"TARGET LOGISTICS (THAILAND) CO.,LTD.",Company,,THBKK,TARLOGBKK,,,,,,,,,,,,,,,,,,,,,,,,TARLOGBKK,,,,,,,,,,,,,,,,,,,0,,,,,,,,,,,,,,,,,,,,,,,,,,,,,,
MEKCARSGN,MEKONG CARGO FREIGHT CO. LTD,Company,,VNSGN,MEKCARSGN,,,,,,,,,,,,,,,,,,,,,www.mekongtransport.com,,,MEKCARSGN,,,,vu.tu@mekongtransport.com,,,,,,,,,,,,,,,0,,,,,,,,,,,,,,,,,,,,,,,,,,,,,,
EAGALLBJS,"EAGLE ALLIANCE INT'L FREIGHT BEIJING CO.,LTD (EAI)",Company,,CNBJS,EAGALLBJS,,,,,,,,,,,,,,,,,,,,,,,,EAGALLBJS,,,,,,,,,,,,,,,,,,,0,,,,,,,,,,,,,,,,,,,,,,,,,,,,,,
UNILOGHKG1,UNITEX LOGISTICS (ASIA) LIMITED,Company,,HKHKG,UNILOGHKG1,,,,,,,,,,,,,,,,,,,,,,,,UNILOGHKG1,,,,,,,,,,,,,,,,,,,0,,,,,,,,,,,,,,,,,,,,,,,,,,,,,,
SJINTEKWN,SJ INTERNATIONAL FREIGHT LIMITED,Company,,HKKWN,SJINTEKWN,,,,,,,,,,,,,,,,,,,,,,,,SJINTEKWN,,,,,,,,,,,,,,,,,,,0,,,,,,,,,,,,,,,,,,,,,,,,,,,,,,
PTINDGJKT,PT IND0 GLORIA EKSPRESS,Company,,IDJKT,PTINDGJKT,,,,,,,,,,,,,,,,,,,,,,,,PTINDGJKT,,,,,,,,,,,,,,,,,,,0,,,,,,,,,,,,,,,,,,,,,,,,,,,,,,
ZIOSHIDXB,ZION SHIPPING CO. L.L.C,Company,,AEDXB,ZIOSHIDXB,,,,,,,,,,,,,,,,,,,,,www.zionshipping.net,,,ZIOSHIDXB,,,+971505045868,info@zionshipping.ae,,,,,,,,,,,,,,,0,,,,,,,,,,,,,,,,,,,,,,,,,,,,,,
LOGLOGLEH,LOGFRET LOGISTIQUE FRET S.A.,Company,,FRLEH,LOGLOGLEH,,,,,,,,,,,,,,,,,,,,,,,,LOGLOGLEH,,,,,,,,,,,,,,,,,,,0,,,,,,,,,,,,,,,,,,,,,,,,,,,,,,
TOPRISHKG,TOP RISE LOGISTICS (HONG KONG) LTD.,Company,,HKHKG,TOPRISHKG,,,,,,,,,,,,,,,,,,,,,,,,TOPRISHKG,,,,,,,,,,,,,,,,,,,0,,,,,,,,,,,,,,,,,,,,,,,,,,,,,,
SMLLOGJKT,SML LOGISTICS,Company,,IDJKT,SMLLOGJKT,,,,,,,,,,,,,,,,,,,,,,,,SMLLOGJKT,,,+6285721125777,info@sml.id,,,,,,,,,,,,,,,0,,,,,,,,,,,,,,,,,,,,,,,,,,,,,,
HECLINSTO,HECKSHER LINIEAGENTURER AB,Company,,SESTO,HECLINSTO,,,,,,,,,,,,,,,,,,,,,,,,HECLINSTO,,,,,,,,,,,,,,,,,,,0,,,,,,,,,,,,,,,,,,,,,,,,,,,,,,
MIDAMEHCNYC,"MID-AMERICA OVERSEAS, INC.",Company,,USNYC,MIDAMEHCNYC,,,,,,,,,,,,,,,,,,,,,,,,MIDAMEHCNYC,,,,,,,,,,,,,,,,,,,0,,,,,,,,,,,,,,,,,,,,,,,,,,,,,,
ALQABADOH,AL QABANDI AND PARTNERS COMPANY W.L.L,Company,,QADOH,ALQABADOH,,,,,,,,,,,,,,,,,,,,,www.qabandi.com,,,ALQABADOH,,,+97433725319,,,,,,,,,,,,,,,,0,,,,,,,,,,,,,,,,,,,,,,,,,,,,,,
DAVTURBHX,DAVIES TURNER AIR CARGO LTD.,Company,,GBBHX,DAVTURBHX,,,,,,,,,,,,,,,,,,,,,,,,DAVTURBHX,,,,,,,,,,,,,,,,,,,0,,,,,,,,,,,,,,,,,,,,,,,,,,,,,,
NINKINSHA,NINGBO KING WORLD INT'L LOGISTIC LIMITED,Company,,CNSHA,NINKINSHA,,,,,,,,,,,,,,,,,,,,,,,,NINKINSHA,,,,,,,,,,,,,,,,,,,0,,,,,,,,,,,,,,,,,,,,,,,,,,,,,,
UNIFORESX,UNIQUE FORWARDING LTD,Company,,GBESX,UNIFORESX,,,,,,,,,,,,,,,,,,,,,,,,UNIFORESX,,,,,,,,,,,,,,,,,,,0,,,,,,,,,,,,,,,,,,,,,,,,,,,,,,
OMNPACRHI,OMNITRANS (PACIFIC) INC.,Company,,CARHI,OMNPACRHI,,,,,,,,,,,,,,,,,,,,,,,,OMNPACRHI,,,,,,,,,,,,,,,,,,,0,,,,,,,,,,,,,,,,,,,,,,,,,,,,,,
JINTRASHA,JINGHAI TRANSPORT CO. LTD.,Company,,CNSHA,JINTRASHA,,,,,,,,,,,,,,,,,,,,,,,,JINTRASHA,,,,,,,,,,,,,,,,,,,0,,,,,,,,,,,,,,,,,,,,,,,,,,,,,,
DACNANBOI,DACHSER NANTES ASL,Company,,FRBOI,DACNANBOI,,,,,,,,,,,,,,,,,,,,,,,,DACNANBOI,,,,,,,,,,,,,,,,,,,0,,,,,,,,,,,,,,,,,,,,,,,,,,,,,,
SHEMAXGSZX,SHENZHEN MAXSPEED GLOBAL FORWARDING CO LTD,Company,,CNSNZ,SHEMAXGSZX,,,,,,,,,,,,,,,,,,,,,,,,SHEMAXGSZX,,,,,,,,,,,,,,,,,,,0,,,,,,,,,,,,,,,,,,,,,,,,,,,,,,
ACCTERFLD,ACCO TERRAMAR,Company,,USMIA,ACCTERFLD,,,,,,,,,,,,,,,,,,,,,,,,ACCTERFLD,,,,,,,,,,,,,,,,,,,0,,,,,,,,,,,,,,,,,,,,,,,,,,,,,,
VVMTRAHAN,VVMV TRANSPORT,Company,,VNHAN,VVMTRAHAN,,,,,,,,,,,,,,,,,,,,,,,,VVMTRAHAN,,,,,,,,,,,,,,,,,,,0,,,,,,,,,,,,,,,,,,,,,,,,,,,,,,
GONSFTFOS,GONDRAND S.F.T,Company,,FRFOS,GONSFTFOS,,,,,,,,,,,,,,,,,,,,,,,,GONSFTFOS,,,,,,,,,,,,,,,,,,,0,,,,,,,,,,,,,,,,,,,,,,,,,,,,,,
ISRCARTLV,ISRAEL CARGO LOGISTICS LTD.,Company,,ILTLV,ISRCARTLV,,,,,,,,,,,,,,,,,,,,,,,,ISRCARTLV,,,,,,,,,,,,,,,,,,,0,,,,,,,,,,,,,,,,,,,,,,,,,,,,,,
HATKANOSA,"HATTENDO KANSAI CO., LTD.",Company,,JPOSA,HATKANOSA,,,,,,,,,,,,,,,,,,,,,,,,HATKANOSA,,,,baba@ti2002.co.jp,,,,,,,,,,,,,,,0,,,,,,,,,,,,,,,,,,,,,,,,,,,,,,
CARTRAVGT,CARGO TRANSPORT INC.,Company,,USVGT,CARTRAVGT,,,,,,,,,,,,,,,,,,,,,www.cargotransportinc.com,,,CARTRAVGT,,,,jbernhardt@cargotransportinc.com,,,,,,,,,,,,,,,0,,,,,,,,,,,,,,,,,,,,,,,,,,,,,,
DHLGLOAFE,DHL GLOBAL EVENT LOGISTICS GMBH,Company,,DEFRA,DHLGLOAFE,,,,,,,,,,,,,,,,,,,,,,,,DHLGLOAFE,,,,,,,,,,,,,,,,,,,0,,,,,,,,,,,,,,,,,,,,,,,,,,,,,,
ITCLOGDUS,ITC LOGISTICS GMBH,Company,,DEDUS,ITCLOGDUS,,,,,,,,,,,,,,,,,,,,,,,,ITCLOGDUS,,,,,,,,,,,,,,,,,,,0,,,,,,,,,,,,,,,,,,,,,,,,,,,,,,
FRELLCNYC,FREIGHTCAN LLC,Company,,USNYC,FRELLCNYC,,,,,,,,,,,,,,,,,,,,,,,,FRELLCNYC,,,,,,,,,,,,,,,,,,,0,,,,,,,,,,,,,,,,,,,,,,,,,,,,,,
ASEDOOKOP,ASECO D.O.O,Company,,SIKOP,ASEDOOKOP,,,,,,,,,,,,,,,,,,,,,,,,ASEDOOKOP,,,,,,,,,,,,,,,,,,,0,,,,,,,,,,,,,,,,,,,,,,,,,,,,,,
MAIUSAHDDFW,MAINFREIGHT USA (FORMERLY TARGET LOGISTIC SVCS),Company,,USDFW,MAIUSAHDDFW,,,,,,,,,,,,,,,,,,,,,www.mainfreightusa.com,,,MAIUSAHDDFW,,,,dfw.international@targetlogistics.com,,,,,,,,,,,,,,,0,,,,,,,,,,,,,,,,,,,,,,,,,,,,,,
DNFREICPT,DN FREIGHT,Company,,ZACPT,DNFREICPT,,,,,,,,,,,,,,,,,,,,,,,,DNFREICPT,,,,,,,,,,,,,,,,,,,0,,,,,,,,,,,,,,,,,,,,,,,,,,,,,,
ITELOGRIX,ITELLA LOGISTICS SIA (LATVIA OFFICE),Company,,LVRIX,ITELOGRIX,,,,,,,,,,,,,,,,,,,,,,,,ITELOGRIX,,,,inara.savicka@itella.com,,,,,,,,,,,,,,,0,,,,,,,,,,,,,,,,,,,,,,,,,,,,,,
ALBAUKGLA,ALBATRANS U.K LTD.,Company,,GBGLW,ALBAUKGLA,,,,,,,,,,,,,,,,,,,,,,,,ALBAUKGLA,,,,office@albatrans.uk.com,,,,,,,,,,,,,,,0,,,,,,,,,,,,,,,,,,,,,,,,,,,,,,
MIDAMEFKY,"MID-AMERICA OVERSEAS, INC.",Company,,USFKY,MIDAMEFKY,,,,,,,,,,,,,,,,,,,,,www.maoinc.com,,,MIDAMEFKY,,,,,,,,,,,,,,,,,,,0,,,,,,,,,,,,,,,,,,,,,,,,,,,,,,
TICSRLMIL,TICIMPEX SRL,Company,,ITMIL,TICSRLMIL,,,,,,,,,,,,,,,,,,,,,,,,TICSRLMIL,,,,,,,,,,,,,,,,,,,0,,,,,,,,,,,,,,,,,,,,,,,,,,,,,,
EMICARDXB,EMIRATES CARGO,Company,,AEDXB,EMICARDXB,,,,,,,,,,,,,,,,,,,,,,,,EMICARDXB,,,,,,,,,,,,,,,,,,,0,,,,,,,,,,,,,,,,,,,,,,,,,,,,,,
EXPFREDXB,EXPOLANKA FREIGHT FZ CO.,Company,,AEDXB,EXPFREDXB,,,,,,,,,,,,,,,,,,,,,www.expolankafreight.com,,,EXPFREDXB,,,,expodxb@expolankadubai.com,,,,,,,,,,,,,,,0,,,,,,,,,,,,,,,,,,,,,,,,,,,,,,
PACLEATXG,PACK LEADER MACHINERY INC.,Company,,TWTXG,PACLEATXG,,,,,,,,,,,,,,,,,,,,,,,,PACLEATXG,,,,,,,,,,,,,,,,,,,0,,,,,,,,,,,,,,,,,,,,,,,,,,,,,,
KUEVRNAFE,KUEHNE + NAGEL S.R.L. (KN EXPO),Company,,ITVRN,KUEVRNAFE,,,,,,,,,,,,,,,,,,,,,,,,KUEVRNAFE,,,,verona.fiere@kuehne-nagel.com,,,,,,,,,,,,,,,0,,,,,,,,,,,,,,,,,,,,,,,,,,,,,,
KAMINTBOM,KAMINO INTERNATIONAL LOGISTICS PVT. LTD.,Company,,INBOM,KAMINTBOM,,,,,,,,,,,,,,,,,,,,,www.kamino.com,,,KAMINTBOM,,,,mumbai@kamino.com,,,,,,,,,,,,,,,0,,,,,,,,,,,,,,,,,,,,,,,,,,,,,,
NOALOGSHA,NOATUM LOGISTICS (SHANGHAI) LIMITED,Company,,CNSGH,NOALOGSHA,,,,,,,,,,,,,,,,,,,,,,,,NOALOGSHA,,,,,,,,,,,,,,,,,,,0,,,,,,,,,,,,,,,,,,,,,,,,,,,,,,
PEGGLOBKK,"PEGASUS GLOBAL EXPRESS (THAILAND) CO., LTD.",Company,,THBKK,PEGGLOBKK,,,,,,,,,,,,,,,,,,,,,,,,PEGGLOBKK,,,,,,,,,,,,,,,,,,,0,,,,,,,,,,,,,,,,,,,,,,,,,,,,,,
SKYSHISEL,SKY SHIPPING CO. LTD.,Company,,KRSEL,SKYSHISEL,,,,,,,,,,,,,,,,,,,,,,,,SKYSHISEL,,,,info@skyshipping.com,,,,,,,,,,,,,,,0,,,,,,,,,,,,,,,,,,,,,,,,,,,,,,
VESMTOSEL,VESCO – MTO INTERNATIONAL (M) SDN BHD,Company,,MYSEL,VESMTOSEL,,,,,,,,,,,,,,,,,,,,,,,,VESMTOSEL,,,,vescomto@klia.plexus.net,,,,,,,,,,,,,,,0,,,,,,,,,,,,,,,,,,,,,,,,,,,,,,
HONLANTSN,HONOUR LANE SHIPPING - TIANJIN BRANCH,Company,,CNTSN,HONLANTSN,,,,,,,,,,,,,,,,,,,,,,,,HONLANTSN,,,,tianjin@hlsholding.com.cn,,,,,,,,,,,,,,,0,,,,,,,,,,,,,,,,,,,,,,,,,,,,,,
GLOEXPXMN,GLOBE EXPRESS,Company,,CNXMN,GLOEXPXMN,,,,,,,,,,,,,,,,,,,,,,,,GLOEXPXMN,,,,,,,,,,,,,,,,,,,0,,,,,,,,,,,,,,,,,,,,,,,,,,,,,,
PTASEAJKT,PT ASEAN BAHARI LINES INT'L FORWRADERS,Company,,IDJKT,PTASEAJKT,,,,,,,,,,,,,,,,,,,,,,,,PTASEAJKT,,,,ablines@centrin.net.id,,,,,,,,,,,,,,,0,,,,,,,,,,,,,,,,,,,,,,,,,,,,,,
ESEKULAFE,ES EXHIBITION SERVICES SDN BHD,Company,,MYKUL,ESEKULAFE,,,,,,,,,,,,,,,,,,,,,,,,ESEKULAFE,,,,xiaohui@es-corp.co,,,,,,,,,,,,,,,0,,,,,,,,,,,,,,,,,,,,,,,,,,,,,,
GAMFOOCGY,GAMA FOODS CORPORATION,Company,,PHCGY,GAMFOOCGY,,,,,,,,,,,,,,,,,,,,,,,,GAMFOOCGY,,,+639178828765,,,,,,,,,,,,,,,,0,,,,,,,,,,,,,,,,,,,,,,,,,,,,,,
MATTRALBSL,MAT TRANSPORT LTD. (AIRFREIGHT),Company,,CHBSL,MATTRALBSL,,,,,,,,,,,,,,,,,,,,,,,,MATTRALBSL,,,,,,,,,,,,,,,,,,,0,,,,,,,,,,,,,,,,,,,,,,,,,,,,,,
WLSSHIPKG,WLS SHIPPING AND FORWARDING (M) SDN BHD,Company,,MYPKG,WLSSHIPKG,,,,,,,,,,,,,,,,,,,,,,,,WLSSHIPKG,,,,,,,,,,,,,,,,,,,0,,,,,,,,,,,,,,,,,,,,,,,,,,,,,,
GRAINTLEH,GRAVELEAU INTERNATIONAL.(AGENCY-SEA),Company,,FRLEH,GRAINTLEH,,,,,,,,,,,,,,,,,,,,,,,,GRAINTLEH,,,,airseaverriei@graveleau.com,,,,,,,,,,,,,,,0,,,,,,,,,,,,,,,,,,,,,,,,,,,,,,
OPTEXPNRT,OPTEC EXPRESS INC.,Company,,JPNRT,OPTEXPNRT,,,,,,,,,,,,,,,,,,,,,www.optec-exp.com/,,,OPTEXPNRT,,,+8613697867867,op@optec-exp.com.cn,,,,,,,,,,,,,,,0,,,,,,,,,,,,,,,,,,,,,,,,,,,,,,
GREFREHEL,GREENCARRIER FREIGHT SERVICES FINLAND OY,Company,,FIHEL,GREFREHEL,,,,,,,,,,,,,,,,,,,,,,,,GREFREHEL,,,,,,,,,,,,,,,,,,,0,,,,,,,,,,,,,,,,,,,,,,,,,,,,,,
WESTRUCAN,WEST TRUE DRAGON TRANSPORTATION LTD.,Company,,CNCAN,WESTRUCAN,,,,,,,,,,,,,,,,,,,,,,,,WESTRUCAN,,,,wtd@westtruedragon.com,,,,,,,,,,,,,,,0,,,,,,,,,,,,,,,,,,,,,,,,,,,,,,
ORIEXPBAH,ORIENT EXPRESS LOGISTICS,Company,,BHBAH,ORIEXPBAH,,,,,,,,,,,,,,,,,,,,,,,,ORIEXPBAH,,,,,,,,,,,,,,,,,,,0,,,,,,,,,,,,,,,,,,,,,,,,,,,,,,
MITSINAFE,MITSUBISHI LOGISTICS SINGAPORE PTE LTD.,Company,,SGSIN,MITSINAFE,,,,,,,,,,,,,,,,,,,,,,,,MITSINAFE,,,,,,,,,,,,,,,,,,,0,,,,,,,,,,,,,,,,,,,,,,,,,,,,,,
LOGCHIEGE,LOGFRET CHI-FMC #007636NF,Company,,USEGE,LOGCHIEGE,,,,,,,,,,,,,,,,,,,,,,,,LOGCHIEGE,,,,,,,,,,,,,,,,,,,0,,,,,,,,,,,,,,,,,,,,,,,,,,,,,,
ASAFRENYC,"A.S.A.P. FREIGHT SYSTEMS, INC.",Company,,USNYC,ASAFRENYC,,,,,,,,,,,,,,,,,,,,,www.asapfrt.net,,,ASAFRENYC,,,,operations@asapfrt.net,,,,,,,,,,,,,,,0,,,,,,,,,,,,,,,,,,,,,,,,,,,,,,
SHAORISZX,SHANGHAI ORIENT INTERGROUP INT'L TRANSPORTATION,Company,,CNSZX,SHAORISZX,,,,,,,,,,,,,,,,,,,,,,,,SHAORISZX,,,+75 (582) 36-6321,,,,,,,,,,,,,,,,0,,,,,,,,,,,,,,,,,,,,,,,,,,,,,,
CARLOGXMN,CARGO - LOGISTICS (XIAMEN) CO. LTD.,Company,,CNXMN,CARLOGXMN,,,,,,,,,,,,,,,,,,,,,,,,CARLOGXMN,,,,,,,,,,,,,,,,,,,0,,,,,,,,,,,,,,,,,,,,,,,,,,,,,,
EASICFSEL,EASTREX - ICF (MALAYSIA) SDN BHD,Company,,MYSEL,EASICFSEL,,,,,,,,,,,,,,,,,,,,,,,,EASICFSEL,,,email: see contacts,,,,,,,,,,,,,,,,0,,,,,,,,,,,,,,,,,,,,,,,,,,,,,,
FALEXPJED,"FALCON EXPRESS LINES, INC.",Company,,SAJED,FALEXPJED,,,,,,,,,,,,,,,,,,,,,,,,FALEXPJED,,,,,,,,,,,,,,,,,,,0,,,,,,,,,,,,,,,,,,,,,,,,,,,,,,
AGILOGGVA,AGILITY LOGISTICS SA,Company,,CHGVA,AGILOGGVA,,,,,,,,,,,,,,,,,,,,,,,,AGILOGGVA,,,,,,,,,,,,,,,,,,,0,,,,,,,,,,,,,,,,,,,,,,,,,,,,,,
KORTRALAX,"KOREX TRANSPORT, INC.",Company,,USLAX,KORTRALAX,,,,,,,,,,,,,,,,,,,,,,,,KORTRALAX,,,,,,,,,,,,,,,,,,,0,,,,,,,,,,,,,,,,,,,,,,,,,,,,,,
KAMINTCHI,KAMINO INTERNATIONAL TRANSPORT INC.,Company,,USCHI,KAMINTCHI,,,,,,,,,,,,,,,,,,,,,,,,KAMINTCHI,,,,,,,,,,,,,,,,,,,0,,,,,,,,,,,,,,,,,,,,,,,,,,,,,,
MWTRANLAX,MW TRANSPORT,Company,,USLAX,MWTRANLAX,,,,,,,,,,,,,,,,,,,,,,,,MWTRANLAX,,,,,,,,,,,,,,,,,,,0,,,,,,,,,,,,,,,,,,,,,,,,,,,,,,
INTAGEBKK,INTERGROUP AGENCIES (THAILAND) LTD.,Company,,THBKK,INTAGEBKK,,,,,,,,,,,,,,,,,,,,,,,,INTAGEBKK,,,,,,,,,,,,,,,,,,,0,,,,,,,,,,,,,,,,,,,,,,,,,,,,,,
WAPLOGBKK,"WAP LOGISTICS (THAILAND) CO., LTD.",Company,,THBKK,WAPLOGBKK,,,,,,,,,,,,,,,,,,,,,,,,WAPLOGBKK,,,+66802433332,,,,,,,,,,,,,,,,0,,,,,,,,,,,,,,,,,,,,,,,,,,,,,,
FAREASZHE,FAR EAST INTERNATIONAL LINE,Company,,CNZHE,FAREASZHE,,,,,,,,,,,,,,,,,,,,,,,,FAREASZHE,,,,,,,,,,,,,,,,,,,0,,,,,,,,,,,,,,,,,,,,,,,,,,,,,,
MGIDACSEL,"MGI & DACHSER, INC.",Company,,KRSEL,MGIDACSEL,,,,,,,,,,,,,,,,,,,,,http://www.dachser.co.kr,,,MGIDACSEL,,,,ted.kim@dachser.co.kr,,,,,,,,,,,,,,,0,,,,,,,,,,,,,,,,,,,,,,,,,,,,,,
GRAINTMRS,GRAVELEAU INTERNATIONAL,Company,,FRMRS,GRAINTMRS,,,,,,,,,,,,,,,,,,,,,,,,GRAINTMRS,,,,expairseamarsi@graveleau.com,,,,,,,,,,,,,,,0,,,,,,,,,,,,,,,,,,,,,,,,,,,,,,
MIDAMEKWN,MID-AMERICA OVERSEAS CHINA LTD.,Company,,HKKWN,MIDAMEKWN,,,,,,,,,,,,,,,,,,,,,,,,MIDAMEKWN,,,,maohkbw@cyberec.com,,,,,,,,,,,,,,,0,,,,,,,,,,,,,,,,,,,,,,,,,,,,,,
AZUSHIYOK,"AZUMA SHIPPING CO., LTD",Company,,JPYOK,AZUSHIYOK,,,,,,,,,,,,,,,,,,,,,,,,AZUSHIYOK,,,,,,,,,,,,,,,,,,,0,,,,,,,,,,,,,,,,,,,,,,,,,,,,,,
DHLSINAFE,DHL GLOBAL FORWARDING (SINGAPORE) PTE LTD,Company,,SGSIN,DHLSINAFE,,,,,,,,,,,,,,,,,,,,,,,,DHLSINAFE,,,,,,,,,,,,,,,,,,,0,,,,,,,,,,,,,,,,,,,,,,,,,,,,,,
SHAYUASHG,"SHANGHAI YUANTAI-VISA INTERNATIONAL TRANSPORTATION AGENCIES CO., LTD",Company,,CNSHG,SHAYUASHG,,,,,,,,,,,,,,,,,,,,,,,,SHAYUASHG,,,,,,,,,,,,,,,,,,,0,,,,,,,,,,,,,,,,,,,,,,,,,,,,,,
MIDAMECHS,"MID-AMERICA OVERSEAS, INC",Company,,USCHS,MIDAMECHS,,,,,,,,,,,,,,,,,,,,,,,,MIDAMECHS,,,,,,,,,,,,,,,,,,,0,,,,,,,,,,,,,,,,,,,,,,,,,,,,,,
EMIMARBZA,EMITRADE MARKETING & TRANSPORTE INTERNACIONAL,Company,,USBZA,EMIMARBZA,,,,,,,,,,,,,,,,,,,,,,,,EMIMARBZA,,,,,,,,,,,,,,,,,,,0,,,,,,,,,,,,,,,,,,,,,,,,,,,,,,
COMLOGBOM,COMPASS LOGISTICS INTERNATIONAL,Company,,INBOM,COMLOGBOM,,,,,,,,,,,,,,,,,,,,,,,,COMLOGBOM,,,+919987520754,,,,,,,,,,,,,,,,0,,,,,,,,,,,,,,,,,,,,,,,,,,,,,,
STRTRAFRA,STRECK TRANSPORTGES MBH,Company,,DEFRA,STRTRAFRA,,,,,,,,,,,,,,,,,,,,,,,,STRTRAFRA,,,,,,,,,,,,,,,,,,,0,,,,,,,,,,,,,,,,,,,,,,,,,,,,,,
DAIEXPSEL,"DAIJIN EXPRESS CO., LTD.(HEAD OFFICE/SEA",Company,,KRSEL,DAIEXPSEL,,,,,,,,,,,,,,,,,,,,,,,,DAIEXPSEL,,,,daijin@daijinexpress.co.kr,,,,,,,,,,,,,,,0,,,,,,,,,,,,,,,,,,,,,,,,,,,,,,
SEAINTSHA,SEATRANS INT'L TRANSPORTATION (SHANGHAI),Company,,CNSHA,SEAINTSHA,,,,,,,,,,,,,,,,,,,,,,,,SEAINTSHA,,,,overseas2@seatrans.com.cn,,,,,,,,,,,,,,,0,,,,,,,,,,,,,,,,,,,,,,,,,,,,,,
KROINTMEX,KRONOZ INTERNACIONAL INC,Company,,MXMEX,KROINTMEX,,,,,,,,,,,,,,,,,,,,,,,,KROINTMEX,,,,,,,,,,,,,,,,,,,0,,,,,,,,,,,,,,,,,,,,,,,,,,,,,,
GONFRESFTLS,GONDRAND FRERES TOULOUSE (SEAFREIGHT),Company,,FRTLS,GONFRESFTLS,,,,,,,,,,,,,,,,,,,,,,,,GONFRESFTLS,,,,,,,,,,,,,,,,,,,0,,,,,,,,,,,,,,,,,,,,,,,,,,,,,,
CMASCAGOT,C.M.A SCANDINAVIA AB,Company,,SEGOT,CMASCAGOT,,,,,,,,,,,,,,,,,,,,,www.cmascand.se,,,CMASCAGOT,,,,info@cmascand.se,,,,,,,,,,,,,,,0,,,,,,,,,,,,,,,,,,,,,,,,,,,,,,
FSLWORKWI,FSL WORLDWIDE CO. LTD. (W.L.L),Company,,KWKWI,FSLWORKWI,,,,,,,,,,,,,,,,,,,,,,,,FSLWORKWI,,,,,,,,,,,,,,,,,,,0,,,,,,,,,,,,,,,,,,,,,,,,,,,,,,
AIRDXBAFE,AIRLINK INTERNATIONAL UAE,Company,,AEDXB,AIRDXBAFE,,,,,,,,,,,,,,,,,,,,,,,,AIRDXBAFE,,,,,,,,,,,,,,,,,,,0,,,,,,,,,,,,,,,,,,,,,,,,,,,,,,
SHYPPLRTM,SHYPPLE B.V,Company,,NLRTM,SHYPPLRTM,,,,,,,,,,,,,,,,,,,,,,,,SHYPPLRTM,,,,,,,,,,,,,,,,,,,0,,,,,,,,,,,,,,,,,,,,,,,,,,,,,,
INTINTFFSHA,INTERGLOBO INT'L FREIGHT FORWARDING,Company,,CNSHA,INTINTFFSHA,,,,,,,,,,,,,,,,,,,,,,,,INTINTFFSHA,,,,,,,,,,,,,,,,,,,0,,,,,,,,,,,,,,,,,,,,,,,,,,,,,,
CENTOTPKG,CENTURY TOTAL LOGISTICS SDN BHD.,Company,,MYPKG,CENTOTPKG,,,,,,,,,,,,,,,,,,,,,www.centurey.com.my,,,CENTOTPKG,,,+60122613775,,,,,,,,,,,,,,,,0,,,,,,,,,,,,,,,,,,,,,,,,,,,,,,
FRESYSBLR,FREIGHT SYSTEMS (INDIA) PVT. LTD.,Company,,INBLR,FRESYSBLR,,,,,,,,,,,,,,,,,,,,,,,,FRESYSBLR,,,,,,,,,,,,,,,,,,,0,,,,,,,,,,,,,,,,,,,,,,,,,,,,,,
CAREXPBGUM,CARGO EXPRESS (GUAM) INC. - WCA,Company,,GUGUM,CAREXPBGUM,,,,,,,,,,,,,,,,,,,,,,,,CAREXPBGUM,,,,ceigum@cargoexpressi.com,,,,,,,,,,,,,,,0,,,,,,,,,,,,,,,,,,,,,,,,,,,,,,
BONCANAFE,"BONDEX LOGISTICS CO., LTD.",Company,,CNCAN,BONCANAFE,,,,,,,,,,,,,,,,,,,,,,,,BONCANAFE,,,,jackie_huang@bondex.com.cn,,,,,,,,,,,,,,,0,,,,,,,,,,,,,,,,,,,,,,,,,,,,,,
ARMUSALAX,ARMADA USA LLC,Company,,USLAX,ARMUSALAX,,,,,,,,,,,,,,,,,,,,,,,,ARMUSALAX,,,,,,,,,,,,,,,,,,,0,,,,,,,,,,,,,,,,,,,,,,,,,,,,,,
ARIGLOJFK,"ARIES GLOBAL LOGISTICS, INC. (JFK)",Company,,USJFK,ARIGLOJFK,,,,,,,,,,,,,,,,,,,,,,,,ARIGLOJFK,,,,,,,,,,,,,,,,,,,0,,,,,,,,,,,,,,,,,,,,,,,,,,,,,,
CARSERIND,"CARGO SERVICE, INC.",Company,,USIND,CARSERIND,,,,,,,,,,,,,,,,,,,,,,,,CARSERIND,,,,,,,,,,,,,,,,,,,0,,,,,,,,,,,,,,,,,,,,,,,,,,,,,,
DACHEALEI,DACHSER PORTUGAL (HEAD OFFICE),Company,,PTLEI,DACHEALEI,,,,,,,,,,,,,,,,,,,,,,,,DACHEALEI,,,,,,,,,,,,,,,,,,,0,,,,,,,,,,,,,,,,,,,,,,,,,,,,,,
XIAXIAAFE,XI’AN AMCO MACHINE TOOLS,Company,,CNXIA,XIAXIAAFE,,,,,,,,,,,,,,,,,,,,,,,,XIAXIAAFE,,,,,,,,,,,,,,,,,,,0,,,,,,,,,,,,,,,,,,,,,,,,,,,,,,
GONFRENCE,GONDRAND FRERES- FRANCE,Company,,FRNCE,GONFRENCE,,,,,,,,,,,,,,,,,,,,,,,,GONFRENCE,,,,gondrand.nice@wanadoo.fr,,,,,,,,,,,,,,,0,,,,,,,,,,,,,,,,,,,,,,,,,,,,,,
WSLOGIFXT,WS LOGISTICS (PROCURUS) LTD,Company,,GBFXT,WSLOGIFXT,,,,,,,,,,,,,,,,,,,,,www.wsl-procurus.com,,,WSLOGIFXT,,,,,,,,,,,,,,,,,,,0,,,,,,,,,,,,,,,,,,,,,,,,,,,,,,
TRALINBOM,TRANSLOG LINES PVT LTD.,Company,,INBOM,TRALINBOM,,,,,,,,,,,,,,,,,,,,,,,,TRALINBOM,,,,alok@translog.in,,,,,,,,,,,,,,,0,,,,,,,,,,,,,,,,,,,,,,,,,,,,,,
OASRUHAFE,OASIS EXPRESS LOGISTICS SERVICES EST. [OTS CARGO MOVERS],Company,,SARUH,OASRUHAFE,,,,,,,,,,,,,,,,,,,,,,,,OASRUHAFE,,,,ameer@otscargo.com,,,,,,,,,,,,,,,0,,,,,,,,,,,,,,,,,,,,,,,,,,,,,,
SUGSINAFE,SUGINO MACHINE SINGAPORE PTE LTD,Company,,SGSIN,SUGSINAFE,,,,,,,,,,,,,,,,,,,,,,,,SUGSINAFE,,,+6597585240,,,,,,,,,,,,,,,,0,,,,,,,,,,,,,,,,,,,,,,,,,,,,,,
TAIQINNGB,"TAIZHOU QINJIN HOUSEWARES CO., LTD.",Company,,CNNGB,TAIQINNGB,,,,,,,,,,,,,,,,,,,,,,,,TAIQINNGB,,,,,,,,,,,,,,,,,,,0,,,,,,,,,,,,,,,,,,,,,,,,,,,,,,
ATATASISL,ATAT TASIMACILIK COZUMLERI A.S.,Company,,TRIST,ATATASISL,,,,,,,,,,,,,,,,,,,,,,,,ATATASISL,,,,,,,,,,,,,,,,,,,0,,,,,,,,,,,,,,,,,,,,,,,,,,,,,,
AMCARGBCN,A.M. CARGO BARCELONA,Company,,ESBCN,AMCARGBCN,,,,,,,,,,,,,,,,,,,,,,,,AMCARGBCN,,,,,,,,,,,,,,,,,,,0,,,,,,,,,,,,,,,,,,,,,,,,,,,,,,
HANEXPPUS,"HANSAENG EXPRESS CO.,LTD.",Company,,KRPUS,HANEXPPUS,,,,,,,,,,,,,,,,,,,,,,,,HANEXPPUS,,,+82234742671,amy@hansaeng.co.kr,,,,,,,,,,,,,,,0,,,,,,,,,,,,,,,,,,,,,,,,,,,,,,
COMMARLIS,COMPANIA MARITIMA DE CONTENTORES LTDA,Company,,PTLIS,COMMARLIS,,,,,,,,,,,,,,,,,,,,,,,,COMMARLIS,,,,contemar.lisbon@contemar.pt,,,,,,,,,,,,,,,0,,,,,,,,,,,,,,,,,,,,,,,,,,,,,,
HEBDATHEB,HEBEI DATIAN INTL TRANSPORTATION CO. LTD.,Company,,CNHEB,HEBDATHEB,,,,,,,,,,,,,,,,,,,,,,,,HEBDATHEB,,,,,,,,,,,,,,,,,,,0,,,,,,,,,,,,,,,,,,,,,,,,,,,,,,
SBSWORMID,SBS WORLDWIDE LTD.,Company,,GBMID,SBSWORMID,,,,,,,,,,,,,,,,,,,,,,,,SBSWORMID,,,,,,,,,,,,,,,,,,,0,,,,,,,,,,,,,,,,,,,,,,,,,,,,,,
COLINTYEA,COLE INTERNATIONAL INC.,Company,,CAEDM,COLINTYEA,,,,,,,,,,,,,,,,,,,,,,,,COLINTYEA,,,,kim.michalsky@cole.ca,,,,,,,,,,,,,,,0,,,,,,,,,,,,,,,,,,,,,,,,,,,,,,
INKLOGSIN,INKER LOGISTICS PTE LTD,Company,,SGSIN,INKLOGSIN,,,,,,,,,,,,,,,,,,,,,,,,INKLOGSIN,,,,,,,,,,,,,,,,,,,0,,,,,,,,,,,,,,,,,,,,,,,,,,,,,,
LEMERIPKT,LE MERIDIEN PHUKET BEACH RESORT,Company,,THPKT,LEMERIPKT,,,,,,,,,,,,,,,,,,,,,www.lemeridien.com,,,LEMERIPKT,,,,FITrsvn.phuketbeach@lemeridien.com,,,,,,,,,,,,,,,0,,,,,,,,,,,,,,,,,,,,,,,,,,,,,,
GRAINTPUF,GRAVELEAU INTERNATIONAL,Company,,FRPUF,GRAINTPUF,,,,,,,,,,,,,,,,,,,,,,,,GRAINTPUF,,,,commpaui@graveleau.com,,,,,,,,,,,,,,,0,,,,,,,,,,,,,,,,,,,,,,,,,,,,,,
MAYINTNJG,"MAYWELL INTERNATIONAL LOGISTICS CO., LTD",Company,,CNNJG,MAYINTNJG,,,,,,,,,,,,,,,,,,,,,,,,MAYINTNJG,,,,,,,,,,,,,,,,,,,0,,,,,,,,,,,,,,,,,,,,,,,,,,,,,,
UNILOGVEC1,UNIMASTER LOGISTICS KFT,Company,,HUVEC,UNILOGVEC1,,,,,,,,,,,,,,,,,,,,,,,,UNILOGVEC1,,,,,,,,,,,,,,,,,,,0,,,,,,,,,,,,,,,,,,,,,,,,,,,,,,
PIOEXPKHI,PIONEER EXPRESS (PVT) LTD. | SWIFT MOVERS (PVT) LTD,Company,,PKKHI,PIOEXPKHI,,,,,,,,,,,,,,,,,,,,,,,,PIOEXPKHI,,,,,,,,,,,,,,,,,,,0,,,,,,,,,,,,,,,,,,,,,,,,,,,,,,
USWLOGCVG,U.S.WORLDWIDE LOGISTICS INC.,Company,,USCVG,USWLOGCVG,,,,,,,,,,,,,,,,,,,,,,,,USWLOGCVG,,,,,,,,,,,,,,,,,,,0,,,,,,,,,,,,,,,,,,,,,,,,,,,,,,
CHLFREBLR,CHLORIS FREIGHT CONSOLIDATORS (I) PVT LTD,Company,,INBLR,CHLFREBLR,,,,,,,,,,,,,,,,,,,,,,,,CHLFREBLR,,,,,,,,,,,,,,,,,,,0,,,,,,,,,,,,,,,,,,,,,,,,,,,,,,
MILLOGSPL,MILESTONE LOGISTICS,Company,,NLSPL,MILLOGSPL,,,,,,,,,,,,,,,,,,,,,,,,MILLOGSPL,,,,,,,,,,,,,,,,,,,0,,,,,,,,,,,,,,,,,,,,,,,,,,,,,,
BETFULDLC,"BETTERENT FULL SHIPPING CO., LTD",Company,,CNDAL,BETFULDLC,,,,,,,,,,,,,,,,,,,,,,,,BETFULDLC,,,+8641162895782,,,,,,,,,,,,,,,,0,,,,,,,,,,,,,,,,,,,,,,,,,,,,,,
LJMLOGFDW,"LJM LOGISTICS USA, INC.",Company,,USFDW,LJMLOGFDW,,,,,,,,,,,,,,,,,,,,,,,,LJMLOGFDW,,,+206 518 7063,mark.perderson@ljmlogistics.us,,,,,,,,,,,,,,,0,,,,,,,,,,,,,,,,,,,,,,,,,,,,,,
ARASHIKWI,ARABITAL SHIPPING,Company,,KWKWI,ARASHIKWI,,,,,,,,,,,,,,,,,,,,,,,,ARASHIKWI,,,,,,,,,,,,,,,,,,,0,,,,,,,,,,,,,,,,,,,,,,,,,,,,,,
GONFREMRS,GONDRAND FRERES,Company,,FRMRS,GONFREMRS,,,,,,,,,,,,,,,,,,,,,,,,GONFREMRS,,,,gondrand_air_mrs@compuserve.com,,,,,,,,,,,,,,,0,,,,,,,,,,,,,,,,,,,,,,,,,,,,,,
INTCARCAS,INTERNATIONAL CARGO LOGISTICS,Company,,MACAS,INTCARCAS,,,,,,,,,,,,,,,,,,,,,www.intl-cargo-logistics.com,,,INTCARCAS,,,,tijani@int-cargo-logistics.com,,,,,,,,,,,,,,,0,,,,,,,,,,,,,,,,,,,,,,,,,,,,,,
FINLOGJKT,FIN LOGISTICS (HQ)NO LONGER WIN A MEMBER,Company,,IDJKT,FINLOGJKT,,,,,,,,,,,,,,,,,,,,,,,,FINLOGJKT,,,,see contacts / web site: www.finlogistics.co.id,,,,,,,,,,,,,,,0,,,,,,,,,,,,,,,,,,,,,,,,,,,,,,
FREIGHSIN,FREIGHTMEN PTE LTD,Company,,SGSIN,FREIGHSIN,,,,,,,,,,,,,,,,,,,,,http://www.freightmen.com.sg,,,FREIGHSIN,,,+6598305225,tony.tan@freightmen.com.sg,,,,,,,,,,,,,,,0,,,,,,,,,,,,,,,,,,,,,,,,,,,,,,
KAMINTMUC,KAMINO INTERNATIONAL LOGISTICS,Company,,DEMUC,KAMINTMUC,,,,,,,,,,,,,,,,,,,,,www.kamino.de,,,KAMINTMUC,,,,info@kamino.de,,,,,,,,,,,,,,,0,,,,,,,,,,,,,,,,,,,,,,,,,,,,,,
QUISILDEL,QUICK SILVER FREIGHT SYSTEMS PVT. LTD,Company,,INDEL,QUISILDEL,,,,,,,,,,,,,,,,,,,,,,,,QUISILDEL,,,+919818418077,delhi@quicksilverservices.com,,,,,,,,,,,,,,,0,,,,,,,,,,,,,,,,,,,,,,,,,,,,,,
UNIEXPTPE,UNITED EXPRESS HOLDING CO. LTD (TAIPEI),Company,,TWTPE,UNIEXPTPE,,,,,,,,,,,,,,,,,,,,,,,,UNIEXPTPE,,,,,,,,,,,,,,,,,,,0,,,,,,,,,,,,,,,,,,,,,,,,,,,,,,
KIBKUTJED,KIB KUTBI FOR INTERNATIONAL BUSINESS,Company,,SAJED,KIBKUTJED,,,,,,,,,,,,,,,,,,,,,,,,KIBKUTJED,,,,,,,,,,,,,,,,,,,0,,,,,,,,,,,,,,,,,,,,,,,,,,,,,,
UNIWORSEL,UNITED WORLD FREIGHT & LOGISTICS,Company,,MYSEL,UNIWORSEL,,,,,,,,,,,,,,,,,,,,,,,,UNIWORSEL,,,,,,,,,,,,,,,,,,,0,,,,,,,,,,,,,,,,,,,,,,,,,,,,,,
MULSHASHA,MULTIFREIGHT SHANGHAI (APC) BRANCH,Company,,CNSHA,MULSHASHA,,,,,,,,,,,,,,,,,,,,,,,,MULSHASHA,,,,,,,,,,,,,,,,,,,0,,,,,,,,,,,,,,,,,,,,,,,,,,,,,,
ARCLOGSHA,ARCH LOGISTICS CO LTD,Company,,CNSHA,ARCLOGSHA,,,,,,,,,,,,,,,,,,,,,,,,ARCLOGSHA,,,,,,,,,,,,,,,,,,,0,,,,,,,,,,,,,,,,,,,,,,,,,,,,,,
DYNEXPNYC,DYNASTY EXPRESS INT’L CORP.,Company,,USNYC,DYNEXPNYC,,,,,,,,,,,,,,,,,,,,,,,,DYNEXPNYC,,,,,,,,,,,,,,,,,,,0,,,,,,,,,,,,,,,,,,,,,,,,,,,,,,
EGEBLATLS,EGETRA TOULOUSE BLAGNAC,Company,,FRTLS,EGEBLATLS,,,,,,,,,,,,,,,,,,,,,,,,EGEBLATLS,,,,,,,,,,,,,,,,,,,0,,,,,,,,,,,,,,,,,,,,,,,,,,,,,,
ALLNIPNRT,ALL NIPPON AIRWAYS LTD,Company,,JPTYO,ALLNIPNRT,,,,,,,,,,,,,,,,,,,,,,,,ALLNIPNRT,,,,paulasantiago.mnl@asiagsa.com,,,,,,,,,,,,,,,0,,,,,,,,,,,,,,,,,,,,,,,,,,,,,,
ACTLOGWDH,ACT LOGISTICS,Company,,NAWDH,ACTLOGWDH,,,,,,,,,,,,,,,,,,,,,,,,ACTLOGWDH,,,,,,,,,,,,,,,,,,,0,,,,,,,,,,,,,,,,,,,,,,,,,,,,,,
ASSTRAROI,ASSOCIATED TRANSPORTS (AIR),Company,,FRROI,ASSTRAROI,,,,,,,,,,,,,,,,,,,,,,,,ASSTRAROI,,,,,,,,,,,,,,,,,,,0,,,,,,,,,,,,,,,,,,,,,,,,,,,,,,
SUNLOGSEL,"SUNJIN LOGISTICS CO., LTD.",Company,,KRSEL,SUNLOGSEL,,,,,,,,,,,,,,,,,,,,,,,,SUNLOGSEL,,,,,,,,,,,,,,,,,,,0,,,,,,,,,,,,,,,,,,,,,,,,,,,,,,
ASECARSYD,ASEAN CARGO PTY LIMITED,Company,,AUSYD,ASECARSYD,,,,,,,,,,,,,,,,,,,,,,,,ASECARSYD,,,,,,,,,,,,,,,,,,,0,,,,,,,,,,,,,,,,,,,,,,,,,,,,,,
MANLOGISL,"MANUPORT LOGISTICS SERVICES CO., LTD.",Company,,TRIST,MANLOGISL,,,,,,,,,,,,,,,,,,,,,,,,MANLOGISL,,,,e.ergenc@manuport-logistics.com.tr,,,,,,,,,,,,,,,0,,,,,,,,,,,,,,,,,,,,,,,,,,,,,,
REALOGNGB,REALCO LOGISTICS LTD.,Company,,CNNGB,REALOGNGB,,,,,,,,,,,,,,,,,,,,,,,,REALOGNGB,,,,,,,,,,,,,,,,,,,0,,,,,,,,,,,,,,,,,,,,,,,,,,,,,,
KNEXPOTLV,KN EXPO & EVENT LOGISTICS,Company,,ILTLV,KNEXPOTLV,,,,,,,,,,,,,,,,,,,,,,,,KNEXPOTLV,,,,,,,,,,,,,,,,,,,0,,,,,,,,,,,,,,,,,,,,,,,,,,,,,,
LOGJAPNRT,"LOGICESS JAPAN CO., LTD.",Company,,JPTYO,LOGJAPNRT,,,,,,,,,,,,,,,,,,,,,,,,LOGJAPNRT,,,,,,,,,,,,,,,,,,,0,,,,,,,,,,,,,,,,,,,,,,,,,,,,,,
UNIAIROSA,"UNITED AIR CARGO CONSOLIDATORS, INC.",Company,,JPOSA,UNIAIROSA,,,,,,,,,,,,,,,,,,,,,,,,UNIAIROSA,,,,,,,,,,,,,,,,,,,0,,,,,,,,,,,,,,,,,,,,,,,,,,,,,,
CAMINTXRX,CAMAIEU INTERNATIONAL SAS,Company,,FRROU,CAMINTXRX,,,,,,,,,,,,,,,,,,,,,,,,CAMINTXRX,,,,,,,,,,,,,,,,,,,0,,,,,,,,,,,,,,,,,,,,,,,,,,,,,,
TRISTOSHA,TRIPLE STONE INTERNATIONAL LOGISTICS COMPANY LMTD,Company,,CNSHA,TRISTOSHA,,,,,,,,,,,,,,,,,,,,,,,,TRISTOSHA,,,,,,,,,,,,,,,,,,,0,,,,,,,,,,,,,,,,,,,,,,,,,,,,,,
SEAFORCBR,SEABOURNE FORWARDING LTD,Company,,GBCBR,SEAFORCBR,,,,,,,,,,,,,,,,,,,,,,,,SEAFORCBR,,,,,,,,,,,,,,,,,,,0,,,,,,,,,,,,,,,,,,,,,,,,,,,,,,
GONDUKBOA,GONDRAND UK,Company,,GBBOA,GONDUKBOA,,,,,,,,,,,,,,,,,,,,,,,,GONDUKBOA,,,,,,,,,,,,,,,,,,,0,,,,,,,,,,,,,,,,,,,,,,,,,,,,,,
INTSPABLQ,INTERCOSPED S.P.A (BOLOGNA),Company,,ITBLQ,INTSPABLQ,,,,,,,,,,,,,,,,,,,,,,,,INTSPABLQ,,,,,,,,,,,,,,,,,,,0,,,,,,,,,,,,,,,,,,,,,,,,,,,,,,
MLMILLAMS,ML MILESTONE LOGISTICS B.V.,Company,,NLAMS,MLMILLAMS,,,,,,,,,,,,,,,,,,,,,,,,MLMILLAMS,,,,air@milestonelogistics.nl,,,,,,,,,,,,,,,0,,,,,,,,,,,,,,,,,,,,,,,,,,,,,,
DGLCLEAUH,DGL CLEARING & FORWARDING L.L.C,Company,,AEAUH,DGLCLEAUH,,,,,,,,,,,,,,,,,,,,,,,,DGLCLEAUH,,,,,,,,,,,,,,,,,,,0,,,,,,,,,,,,,,,,,,,,,,,,,,,,,,
PROCHESZX,PROFIT CHEER INTERNATIONAL FREIGHT,Company,,CNSZX,PROCHESZX,,,,,,,,,,,,,,,,,,,,,,,,PROCHESZX,,,,,,,,,,,,,,,,,,,0,,,,,,,,,,,,,,,,,,,,,,,,,,,,,,
DHLFRAAFE,DHL TRADE FAIRS & EVENTS GMBH,Company,,DEFRA,DHLFRAAFE,,,,,,,,,,,,,,,,,,,,,,,,DHLFRAAFE,,,,,,,,,,,,,,,,,,,0,,,,,,,,,,,,,,,,,,,,,,,,,,,,,,
MILOGINYC,MI LOGIX INC.,Company,,USNYC,MILOGINYC,,,,,,,,,,,,,,,,,,,,,,,,MILOGINYC,,,,,,,,,,,,,,,,,,,0,,,,,,,,,,,,,,,,,,,,,,,,,,,,,,
GREASIHKG,GREENCARRIER ASIA LTD,Company,,HKHKG,GREASIHKG,,,,,,,,,,,,,,,,,,,,,www.greencarrier.com,,,GREASIHKG,,,,,,,,,,,,,,,,,,,0,,,,,,,,,,,,,,,,,,,,,,,,,,,,,,
DACKORSEL,DACHSER KOREA INC,Company,,KRSEL,DACKORSEL,,,,,,,,,,,,,,,,,,,,,,,,DACKORSEL,,,,,,,,,,,,,,,,,,,0,,,,,,,,,,,,,,,,,,,,,,,,,,,,,,
STRTRARAU,STRECK TRANSPORTGES MBH,Company,,DERAU,STRTRARAU,,,,,,,,,,,,,,,,,,,,,www.streck-transport.com,,,STRTRARAU,,,,,,,,,,,,,,,,,,,0,,,,,,,,,,,,,,,,,,,,,,,,,,,,,,
NINHUANBO,NINGBO HUANJI INT'L FORWARDING AGENCY CO,Company,,CNNBO,NINHUANBO,,,,,,,,,,,,,,,,,,,,,,,,NINHUANBO,,,,wing.ovs@nb-hj.com,,,,,,,,,,,,,,,0,,,,,,,,,,,,,,,,,,,,,,,,,,,,,,
INTTRAKUL,INTERGLOBO TRANSUNION (M) SDN BHD,Company,,MYKUL,INTTRAKUL,,,,,,,,,,,,,,,,,,,,,,,,INTTRAKUL,,,,mymy@inter-union.com,,,,,,,,,,,,,,,0,,,,,,,,,,,,,,,,,,,,,,,,,,,,,,
SPEGLOAZS,SPEDMAN GLOBAL LOGISTICS A/S,Company,,DKAZS,SPEGLOAZS,,,,,,,,,,,,,,,,,,,,,,,,SPEGLOAZS,,,,,,,,,,,,,,,,,,,0,,,,,,,,,,,,,,,,,,,,,,,,,,,,,,
MULINDJKT1,PT. MULTIMODATRANS INDONESIA,Company,,IDJKT,MULINDJKT1,,,,,,,,,,,,,,,,,,,,,,,,MULINDJKT1,,,,,,,,,,,,,,,,,,,0,,,,,,,,,,,,,,,,,,,,,,,,,,,,,,
MIDAMEMIA,"MID-AMERICA OVERSEAS, INC.",Company,,USMIA,MIDAMEMIA,,,,,,,,,,,,,,,,,,,,,,,,MIDAMEMIA,,,,mao_mia@maoinc.com,,,,,,,,,,,,,,,0,,,,,,,,,,,,,,,,,,,,,,,,,,,,,,
ESANGLICN,E-SAN GLOBAL LOGISTICS CO. LTD.,Company,,KRICN,ESANGLICN,,,,,,,,,,,,,,,,,,,,,,,,ESANGLICN,,,,,,,,,,,,,,,,,,,0,,,,,,,,,,,,,,,,,,,,,,,,,,,,,,
AONEGLSEL,A-ONE GLOBIS CO. LTD.,Company,,KRSEL,AONEGLSEL,,,,,,,,,,,,,,,,,,,,,,,,AONEGLSEL,,,,,,,,,,,,,,,,,,,0,,,,,,,,,,,,,,,,,,,,,,,,,,,,,,
MAIUSANWMIA,MAINFREIGHT USA (FORMERLY TARGET LOGISTICS SVCS),Company,,USMIA,MAIUSANWMIA,,,,,,,,,,,,,,,,,,,,,,,,MAIUSANWMIA,,,,,,,,,,,,,,,,,,,0,,,,,,,,,,,,,,,,,,,,,,,,,,,,,,
MAPGLOATL,MAPCARGO GLOBAL LOGISTICS (ATLANTA),Company,,USATL,MAPGLOATL,,,,,,,,,,,,,,,,,,,,,,,,MAPGLOATL,,,,max@mapcargo.com,,,,,,,,,,,,,,,0,,,,,,,,,,,,,,,,,,,,,,,,,,,,,,
SFSGLOAFE,SFS GLOBAL LOGISTICS PTE LTD,Company,,SGSIN,SFSGLOAFE,,,,,,,,,,,,,,,,,,,,,,,,SFSGLOAFE,,,,wendy.tan@sfsgl.com,,,,,,,,,,,,,,,0,,,,,,,,,,,,,,,,,,,,,,,,,,,,,,
AIRCATBWN,AIR CAT FORWARDING,Company,,BNBWN,AIRCATBWN,,,,,,,,,,,,,,,,,,,,,www.aircat.com.bn,,,AIRCATBWN,,,,enquiries@aircat.com.bn,,,,,,,,,,,,,,,0,,,,,,,,,,,,,,,,,,,,,,,,,,,,,,
TARITAVMD,TARGET ITALIA SRL,Company,,ITVMD,TARITAVMD,,,,,,,,,,,,,,,,,,,,,,,,TARITAVMD,,,,,,,,,,,,,,,,,,,0,,,,,,,,,,,,,,,,,,,,,,,,,,,,,,
APCASISHA,APC ASIA PACIFIC CARGO (SHANGHAI) LTD.,Company,,CNSHA,APCASISHA,,,,,,,,,,,,,,,,,,,,,,,,APCASISHA,,,,,,,,,,,,,,,,,,,0,,,,,,,,,,,,,,,,,,,,,,,,,,,,,,
CRAWORKLA,CRANE WORLDWIDE LOGISTICS (M) SDN BHD,Company,,MYKLA,CRAWORKLA,,,,,,,,,,,,,,,,,,,,,,,,CRAWORKLA,,,,,,,,,,,,,,,,,,,0,,,,,,,,,,,,,,,,,,,,,,,,,,,,,,
FRESYSDXB,"FREIGHT SYSTEMS CO., LTD./HQ OFFICE",Company,,AEDXB,FRESYSDXB,,,,,,,,,,,,,,,,,,,,,,,,FRESYSDXB,,,,info@freightsystems.com,,,,,,,,,,,,,,,0,,,,,,,,,,,,,,,,,,,,,,,,,,,,,,
TARWORSHA,TARGET WORLDWIDE SHANGHAI INTERNATIONAL,Company,,CNSHA,TARWORSHA,,,,,,,,,,,,,,,,,,,,,,,,TARWORSHA,,,,sha.export@targetchina.com.cn,,,,,,,,,,,,,,,0,,,,,,,,,,,,,,,,,,,,,,,,,,,,,,
LAUNEGLOM,LAURENT NEGRIN,Company,,BGLOM,LAUNEGLOM,,,,,,,,,,,,,,,,,,,,,,,,LAUNEGLOM,,,+393491541196,Laurent.Negrin@stefanoricci.com,,,,,,,,,,,,,,,0,,,,,,,,,,,,,,,,,,,,,,,,,,,,,,
CTOGLOPEN,CTO GLOBAL LOGISTICS,Company,,MYPEN,CTOGLOPEN,,,,,,,,,,,,,,,,,,,,,,,,CTOGLOPEN,,,,,,,,,,,,,,,,,,,0,,,,,,,,,,,,,,,,,,,,,,,,,,,,,,
KRIZVITUG,KRISTOFFER ZVICKELL,Company,,SETUG,KRIZVITUG,,,,,,,,,,,,,,,,,,,,,,,,KRIZVITUG,,,,,,,,,,,,,,,,,,,0,,,,,,,,,,,,,,,,,,,,,,,,,,,,,,
CTSINTTAO,"CTS INTERNATIONAL LOGISTICS CO., LTD. QINGDAO BR.",Company,,CNTAO,CTSINTTAO,,,,,,,,,,,,,,,,,,,,,,,,CTSINTTAO,,,,,,,,,,,,,,,,,,,0,,,,,,,,,,,,,,,,,,,,,,,,,,,,,,
UNIFREKEL,"UNI-FREIGHT LOGISTICS CO.,LTD",Company,,TWKEL,UNIFREKEL,,,,,,,,,,,,,,,,,,,,,,,,UNIFREKEL,,,,,,,,,,,,,,,,,,,0,,,,,,,,,,,,,,,,,,,,,,,,,,,,,,
JOSTRACEB,JOSHUAFETER TRADING,Company,,PHCEB,JOSTRACEB,,,,,,,,,,,,,,,,,,,,,,,,JOSTRACEB,,,,,,,,,,,,,,,,,,,0,,,,,,,,,,,,,,,,,,,,,,,,,,,,,,
UNILOGDEL,UNITEX LOGISTICS INDIA PVT LTD.,Company,,INDEL,UNILOGDEL,,,,,,,,,,,,,,,,,,,,,,,,UNILOGDEL,,,,,,,,,,,,,,,,,,,0,,,,,,,,,,,,,,,,,,,,,,,,,,,,,,
SHASJKSHA,SHANGHAI SJK INT'L TRANSPORTATION CO LTD,Company,,CNSHA,SHASJKSHA,,,,,,,,,,,,,,,,,,,,,,,,SHASJKSHA,,,,,,,,,,,,,,,,,,,0,,,,,,,,,,,,,,,,,,,,,,,,,,,,,,
96SHIPBKK,"96 SHIPPING TRANSPORT CO.,LTD.",Company,,THBKK,96SHIPBKK,,,,,,,,,,,,,,,,,,,,,,,,96SHIPBKK,,,,,,,,,,,,,,,,,,,0,,,,,,,,,,,,,,,,,,,,,,,,,,,,,,
SOLGLOTPE,SOLAR GLOBAL LOGISTICS  LTD.,Company,,TWTPE,SOLGLOTPE,,,,,,,,,,,,,,,,,,,,,,,,SOLGLOTPE,,,,,,,,,,,,,,,,,,,0,,,,,,,,,,,,,,,,,,,,,,,,,,,,,,
INFCARSZX,INFINITY CARGO LOGISTICS (CHINA) LTD.,Company,,CNSNZ,INFCARSZX,,,,,,,,,,,,,,,,,,,,,,,,INFCARSZX,,,,,,,,,,,,,,,,,,,0,,,,,,,,,,,,,,,,,,,,,,,,,,,,,,
ALLCARSHA,ALLTRANS CARGO (HK) LTD.(SHA REP OFC),Company,,CNSHA,ALLCARSHA,,,,,,,,,,,,,,,,,,,,,,,,ALLCARSHA,,,,,,,,,,,,,,,,,,,0,,,,,,,,,,,,,,,,,,,,,,,,,,,,,,
NINDASNGB,NINGBO DASHING INTERNATIONAL LOGISTICS CO. LTD.,Company,,CNNGB,NINDASNGB,,,,,,,,,,,,,,,,,,,,,www.nbdashing.com,,,NINDASNGB,,,,,,,,,,,,,,,,,,,0,,,,,,,,,,,,,,,,,,,,,,,,,,,,,,
EFLGLOJKT,EFL GLOBAL INDONESIA,Company,,IDJKT,EFLGLOJKT,,,,,,,,,,,,,,,,,,,,,,,,EFLGLOJKT,,,,,,,,,,,,,,,,,,,0,,,,,,,,,,,,,,,,,,,,,,,,,,,,,,
LLSTEAPFO,LLS TEAM GMBH,Company,,DEPFO,LLSTEAPFO,,,,,,,,,,,,,,,,,,,,,,,,LLSTEAPFO,,,,,,,,,,,,,,,,,,,0,,,,,,,,,,,,,,,,,,,,,,,,,,,,,,
BRAINTISW,BRAHM INTERNATIONAL,Company,,USISW,BRAINTISW,,,,,,,,,,,,,,,,,,,,,,,,BRAINTISW,,,,info@brahmintl.com,,,,,,,,,,,,,,,0,,,,,,,,,,,,,,,,,,,,,,,,,,,,,,
APCASIKWN,APC ASIA PACIFIC CARGO (HK) LTD.,Company,,HKKWN,APCASIKWN,,,,,,,,,,,,,,,,,,,,,,,,APCASIKWN,,,,,,,,,,,,,,,,,,,0,,,,,,,,,,,,,,,,,,,,,,,,,,,,,,
SDVFAIQZV,SDV FAIRS & EVENTS,Company,,FRROI,SDVFAIQZV,,,,,,,,,,,,,,,,,,,,,,,,SDVFAIQZV,,,,m.sorrenti@sdv.com,,,,,,,,,,,,,,,0,,,,,,,,,,,,,,,,,,,,,,,,,,,,,,
LAMTRAZRH,LAMPRECHT TRANSPORT LTD.,Company,,CHZRH,LAMTRAZRH,,,,,,,,,,,,,,,,,,,,,,,,LAMTRAZRH,,,,anita.aschwanden@lamprecht.ch,,,,,,,,,,,,,,,0,,,,,,,,,,,,,,,,,,,,,,,,,,,,,,
SENINTBER,SENATOR INTERNATIONAL SPEDITION GMBH,Company,,DEBER,SENINTBER,,,,,,,,,,,,,,,,,,,,,,,,SENINTBER,,,,,,,,,,,,,,,,,,,0,,,,,,,,,,,,,,,,,,,,,,,,,,,,,,
GENERTQZV,GENERTRANS,Company,,FRROI,GENERTQZV,,,,,,,,,,,,,,,,,,,,,,,,GENERTQZV,,,,,,,,,,,,,,,,,,,0,,,,,,,,,,,,,,,,,,,,,,,,,,,,,,
GEICARSIN,GEIS CARGO (FAR EAST) PTE LTD.,Company,,SGSIN,GEICARSIN,,,,,,,,,,,,,,,,,,,,,,,,GEICARSIN,,,,,,,,,,,,,,,,,,,0,,,,,,,,,,,,,,,,,,,,,,,,,,,,,,
KINLOGHKG,KINGWOOD LOGISTICS LTD.,Company,,HKHKG,KINLOGHKG,,,,,,,,,,,,,,,,,,,,,,,,KINLOGHKG,,,,,,,,,,,,,,,,,,,0,,,,,,,,,,,,,,,,,,,,,,,,,,,,,,
ECXGLOPJA,ECX GLOBAL FORWARDING (M) SDN. BHD.,Company,,MYPJA,ECXGLOPJA,,,,,,,,,,,,,,,,,,,,,,,,ECXGLOPJA,,,,,,,,,,,,,,,,,,,0,,,,,,,,,,,,,,,,,,,,,,,,,,,,,,
TMCCONXWL,TMCL CONTAINER LINES AB,Company,,SEGOT,TMCCONXWL,,,,,,,,,,,,,,,,,,,,,www.tmcl.eu,,,TMCCONXWL,,,,pre-axelandersson@tmcl.eu,,,,,,,,,,,,,,,0,,,,,,,,,,,,,,,,,,,,,,,,,,,,,,
EXPFREBLR,EXPO FREIGHT PRIVATE LTD,Company,,INBLR,EXPFREBLR,,,,,,,,,,,,,,,,,,,,,,,,EXPFREBLR,,,,ucl.blr@ucl-india.com,,,,,,,,,,,,,,,0,,,,,,,,,,,,,,,,,,,,,,,,,,,,,,
SOJLOGNRT,SOJITZ LOGISTICS CORPORATION,Company,,JPTYO,SOJLOGNRT,,,,,,,,,,,,,,,,,,,,,,,,SOJLOGNRT,,,,,,,,,,,,,,,,,,,0,,,,,,,,,,,,,,,,,,,,,,,,,,,,,,
GONDOUNVE,GONDRAND DOUANE AGENCE,Company,,BENVE,GONDOUNVE,,,,,,,,,,,,,,,,,,,,,,,,GONDOUNVE,,,,,,,,,,,,,,,,,,,0,,,,,,,,,,,,,,,,,,,,,,,,,,,,,,
TRISHIPKG,TRISTAN SHIPPING AGENCIES SDN BHD,Company,,MYPKG,TRISHIPKG,,,,,,,,,,,,,,,,,,,,,,,,TRISHIPKG,,,,,,,,,,,,,,,,,,,0,,,,,,,,,,,,,,,,,,,,,,,,,,,,,,
CARMODTOA,CARGO MODULES LLC,Company,,USTOA,CARMODTOA,,,,,,,,,,,,,,,,,,,,,www.cargomodules.com,,,CARMODTOA,,,+13108970767,werner.staub@cargomodules.com,,,,,,,,,,,,,,,0,,,,,,,,,,,,,,,,,,,,,,,,,,,,,,
GBSLOGSEL,"GBS LOGISTICS CO.,LTD.",Company,,KRSEL,GBSLOGSEL,,,,,,,,,,,,,,,,,,,,,,,,GBSLOGSEL,,,,jessica@gbslogistics.co.kr,,,,,,,,,,,,,,,0,,,,,,,,,,,,,,,,,,,,,,,,,,,,,,
CLASQULYS,CLASQUIN LYS,Company,,FRLYS,CLASQULYS,,,,,,,,,,,,,,,,,,,,,,,,CLASQULYS,,,,,,,,,,,,,,,,,,,0,,,,,,,,,,,,,,,,,,,,,,,,,,,,,,
SENINTSGN,SENATOR INTERNATIONAL LOGISTICS CO LTD,Company,,VNSGN,SENINTSGN,,,,,,,,,,,,,,,,,,,,,,,,SENINTSGN,,,,,,,,,,,,,,,,,,,0,,,,,,,,,,,,,,,,,,,,,,,,,,,,,,
MOBPJAAFE,MOBA ASIA SDN BHD,Company,,MYPJA,MOBPJAAFE,,,,,,,,,,,,,,,,,,,,,,,,MOBPJAAFE,,,,yeo.gs@asia.moba.com.my,,,,,,,,,,,,,,,0,,,,,,,,,,,,,,,,,,,,,,,,,,,,,,
L98BROCEB,L98 BROKERAGE AND LOGISTICS INC.,Company,,PHCEB,L98BROCEB,,,,,,,,,,,,,,,,,,,,,,,,L98BROCEB,,,,,,,,,,,,,,,,,,,0,,,,,,,,,,,,,,,,,,,,,,,,,,,,,,
CENEXPSZX,CENTURY EXPRESS LOGISTICS CO LTD (CEFT),Company,,CNSZX,CENEXPSZX,,,,,,,,,,,,,,,,,,,,,,,,CENEXPSZX,,,,shenzhen@ceftlogistics.com,,,,,,,,,,,,,,,0,,,,,,,,,,,,,,,,,,,,,,,,,,,,,,
COMLOGBLR,COMPASS LOGISTICS PVT. LTD.,Company,,INBLR,COMLOGBLR,,,,,,,,,,,,,,,,,,,,,,,,COMLOGBLR,,,,,,,,,,,,,,,,,,,0,,,,,,,,,,,,,,,,,,,,,,,,,,,,,,
MAXGLOMNL,"MAX GLOBALTRANS, INC.",Company,,PHMNL,MAXGLOMNL,,,,,,,,,,,,,,,,,,,,,,,,MAXGLOMNL,,,,,,,,,,,,,,,,,,,0,,,,,,,,,,,,,,,,,,,,,,,,,,,,,,
THALUKLHR,THALES UK LIMITED,Company,,GBLHR,THALUKLHR,,,,,,,,,,,,,,,,,,,,,,,,THALUKLHR,,,,,,,,,,,,,,,,,,,0,,,,,,,,,,,,,,,,,,,,,,,,,,,,,,
HELWORCMB,HELLMANN WORLDWIDE LOGISTICS (PVT) LTD.(HEAD OFCE),Company,,LKCMB,HELWORCMB,,,,,,,,,,,,,,,,,,,,,www.hellmann.net,,,HELWORCMB,,,,contactus@lk.hellmann.ent,,,,,,,,,,,,,,,0,,,,,,,,,,,,,,,,,,,,,,,,,,,,,,
PRAKAMAFE,PRAN EXPORTS LTD,Company,,BDKAM,PRAKAMAFE,,,,,,,,,,,,,,,,,,,,,,,,PRAKAMAFE,,,,,,,,,,,,,,,,,,,0,,,,,,,,,,,,,,,,,,,,,,,,,,,,,,
AGIINTBNE,"AGILOC INTERNATIONAL, INC.",Company,,AUBNE,AGIINTBNE,,,,,,,,,,,,,,,,,,,,,,,,AGIINTBNE,,,,,,,,,,,,,,,,,,,0,,,,,,,,,,,,,,,,,,,,,,,,,,,,,,
REALOGCKG,REALCO LOGISTICS LTD.,Company,,CNCKG,REALOGCKG,,,,,,,,,,,,,,,,,,,,,,,,REALOGCKG,,,,,,,,,,,,,,,,,,,0,,,,,,,,,,,,,,,,,,,,,,,,,,,,,,
SAAPUBLPI,SAAB AB (PUBL) AERONAUTICS,Company,,SELPI,SAAPUBLPI,,,,,,,,,,,,,,,,,,,,,,,,SAAPUBLPI,,,,,,,,,,,,,,,,,,,0,,,,,,,,,,,,,,,,,,,,,,,,,,,,,,
MIGLOBADT,MI-GLOBAL SL,Company,,ESADT,MIGLOBADT,,,,,,,,,,,,,,,,,,,,,,,,MIGLOBADT,,,,,,,,,,,,,,,,,,,0,,,,,,,,,,,,,,,,,,,,,,,,,,,,,,
NATUSAGVA,NATURAL S.A.,Company,,CHGVA,NATUSAGVA,,,,,,,,,,,,,,,,,,,,,,,,NATUSAGVA,,,email: see contacts,,,,,,,,,,,,,,,,0,,,,,,,,,,,,,,,,,,,,,,,,,,,,,,
COMINTWCH,COMPLANT INTERNATIONAL TRANSPORTATION,Company,,CNWCH,COMINTWCH,,,,,,,,,,,,,,,,,,,,,,,,COMINTWCH,,,,,,,,,,,,,,,,,,,0,,,,,,,,,,,,,,,,,,,,,,,,,,,,,,
GHLLOGINC,G.H.L. LOGISTICS INC.,Company,,KRINC,GHLLOGINC,,,,,,,,,,,,,,,,,,,,,,,,GHLLOGINC,,,,,,,,,,,,,,,,,,,0,,,,,,,,,,,,,,,,,,,,,,,,,,,,,,
ACCGLOLCA,ACCESS GLOBAL LOGISTICS LTD.,Company,,CYLCA,ACCGLOLCA,,,,,,,,,,,,,,,,,,,,,www.accessgl.com,,,ACCGLOLCA,,,,,,,,,,,,,,,,,,,0,,,,,,,,,,,,,,,,,,,,,,,,,,,,,,
SHECORSZX,SHENZHEN CORWIN INTERNATIONAL FORWARDING AGENCY CO.,Company,,CNSZX,SHECORSZX,,,,,,,,,,,,,,,,,,,,,,,,SHECORSZX,,,+8613714272442,ann@corwin.com.cn,,,,,,,,,,,,,,,0,,,,,,,,,,,,,,,,,,,,,,,,,,,,,,
HANCONCHI,HANSEATIC CONTAINER LINE LTD.,Company,,USCHI,HANCONCHI,,,,,,,,,,,,,,,,,,,,,,,,HANCONCHI,,,,,,,,,,,,,,,,,,,0,,,,,,,,,,,,,,,,,,,,,,,,,,,,,,
AIRSEATYO,AIR SEA EXPRESS LIMITED,Company,,JPTYO,AIRSEATYO,,,,,,,,,,,,,,,,,,,,,,,,AIRSEATYO,,,,izuru_takahashi@asej.co.jp,,,,,,,,,,,,,,,0,,,,,,,,,,,,,,,,,,,,,,,,,,,,,,
GLOSINAFE,GLOBAL ACCESS TRANSPORTATION PTE LTD,Company,,SGSIN,GLOSINAFE,,,,,,,,,,,,,,,,,,,,,,,,GLOSINAFE,,,,rwong@galogistics.net,,,,,,,,,,,,,,,0,,,,,,,,,,,,,,,,,,,,,,,,,,,,,,
ALLTRAHKG,ALL TRANS CARGO (HK) LTD,Company,,HKHKG,ALLTRAHKG,,,,,,,,,,,,,,,,,,,,,,,,ALLTRAHKG,,,,,,,,,,,,,,,,,,,0,,,,,,,,,,,,,,,,,,,,,,,,,,,,,,
SUNCARTPE,SUN CARGO INTERNATIONAL (TAIWAN) LTD.,Company,,TWTPE,SUNCARTPE,,,,,,,,,,,,,,,,,,,,,www.sun-cargo.com,,,SUNCARTPE,,,,,,,,,,,,,,,,,,,0,,,,,,,,,,,,,,,,,,,,,,,,,,,,,,
RM4EHUSZX,RM 4E HUALIYUAN NORTH BLDG. TIABEI FIRST ROAD,Company,,CNSZX,RM4EHUSZX,,,,,,,,,,,,,,,,,,,,,,,,RM4EHUSZX,,,,,,,,,,,,,,,,,,,0,,,,,,,,,,,,,,,,,,,,,,,,,,,,,,
APCREASHA2,APC-REALCO (HK) LTD/AIRPORT OFFICE,Company,,CNSHA,APCREASHA2,,,,,,,,,,,,,,,,,,,,,,,,APCREASHA2,,,,andyyang@realco-cn.com,,,,,,,,,,,,,,,0,,,,,,,,,,,,,,,,,,,,,,,,,,,,,,
MAIMEXMIL,MAIMEX SRL,Company,,ITMIL,MAIMEXMIL,,,,,,,,,,,,,,,,,,,,,,,,MAIMEXMIL,,,,,,,,,,,,,,,,,,,0,,,,,,,,,,,,,,,,,,,,,,,,,,,,,,
TRASHILAX,"TRANSCON SHIPPING CO., INC.",Company,,USLAX,TRASHILAX,,,,,,,,,,,,,,,,,,,,,www.TransconShipping.com,,,TRASHILAX,,,,LAX@TransconShipping.com,,,,,,,,,,,,,,,0,,,,,,,,,,,,,,,,,,,,,,,,,,,,,,
DELINTYOK,"DELIVERY INTERNATIONAL CO, INC.",Company,,JPYOK,DELINTYOK,,,,,,,,,,,,,,,,,,,,,,,,DELINTYOK,,,,,,,,,,,,,,,,,,,0,,,,,,,,,,,,,,,,,,,,,,,,,,,,,,
NAVSHIZRH,"NAVIS SHIPPING LTD,",Company,,CHZRH,NAVSHIZRH,,,,,,,,,,,,,,,,,,,,,,,,NAVSHIZRH,,,,,,,,,,,,,,,,,,,0,,,,,,,,,,,,,,,,,,,,,,,,,,,,,,
REAINTZTW,"REALOGISTICS INT’L GROUP CO.,LTD",Company,,HKZTW,REAINTZTW,,,,,,,,,,,,,,,,,,,,,,,,REAINTZTW,,,,,,,,,,,,,,,,,,,0,,,,,,,,,,,,,,,,,,,,,,,,,,,,,,
UNIINTLAX,UNITRANS INTERNATIONAL CORPORATION,Company,,USLAX,UNIINTLAX,,,,,,,,,,,,,,,,,,,,,,,,UNIINTLAX,,,,,,,,,,,,,,,,,,,0,,,,,,,,,,,,,,,,,,,,,,,,,,,,,,
VERLOGPKG,VERA LOGISTICS LIMITED,Company,,MYPKG,VERLOGPKG,,,,,,,,,,,,,,,,,,,,,,,,VERLOGPKG,,,,,,,,,,,,,,,,,,,0,,,,,,,,,,,,,,,,,,,,,,,,,,,,,,
FRELINJKT,PT. FREIGHT LINER INDONESIA,Company,,IDJKT,FRELINJKT,,,,,,,,,,,,,,,,,,,,,,,,FRELINJKT,,,,,,,,,,,,,,,,,,,0,,,,,,,,,,,,,,,,,,,,,,,,,,,,,,
SCHITAIBO,SCHENKER ITALIANA SPA,Company,,ITIBO,SCHITAIBO,,,,,,,,,,,,,,,,,,,,,,,,SCHITAIBO,,,+393356243096,fabio.ansaloni@dbschenker.com,,,,,,,,,,,,,,,0,,,,,,,,,,,,,,,,,,,,,,,,,,,,,,
VITINTHAN,VITRACO LTD. INT'L LOGISTIC/HQ OFFICE,Company,,VNHAN,VITINTHAN,,,,,,,,,,,,,,,,,,,,,,,,VITINTHAN,,,,,,,,,,,,,,,,,,,0,,,,,,,,,,,,,,,,,,,,,,,,,,,,,,
CHROBIAKL,C.H. ROBINSON WORLDWIDE (NZ) LTD.,Company,,NZAKL,CHROBIAKL,,,,,,,,,,,,,,,,,,,,,www.apclogistics.co.nz,,,CHROBIAKL,,,,Sarah.Gordon@apclogistics.co.nz,,,,,,,,,,,,,,,0,,,,,,,,,,,,,,,,,,,,,,,,,,,,,,
VITLOGPRG,VIT LOGISTICS S.R.O,Company,,CZPRG,VITLOGPRG,,,,,,,,,,,,,,,,,,,,,,,,VITLOGPRG,,,,,,,,,,,,,,,,,,,0,,,,,,,,,,,,,,,,,,,,,,,,,,,,,,
LOGFREBMO,LOGICAL FREIGHT SOLUTIONS,Company,,AUBMO,LOGFREBMO,,,,,,,,,,,,,,,,,,,,,,,,LOGFREBMO,,,,,,,,,,,,,,,,,,,0,,,,,,,,,,,,,,,,,,,,,,,,,,,,,,
PANPROSIN,PANALOGS PROJECT PTE LTD,Company,,SGSIN,PANPROSIN,,,,,,,,,,,,,,,,,,,,,,,,PANPROSIN,,,+6598194595,Ali.Ridza@panalogs.com,,,,,,,,,,,,,,,0,,,,,,,,,,,,,,,,,,,,,,,,,,,,,,
TMFORWSGN,T & M FORWARDING LTD.,Company,,VNSGN,TMFORWSGN,,,,,,,,,,,,,,,,,,,,,,,,TMFORWSGN,,,,,,,,,,,,,,,,,,,0,,,,,,,,,,,,,,,,,,,,,,,,,,,,,,
SCANOYHEL,SCANRAPID OY,Company,,FIVAT,SCANOYHEL,,,,,,,,,,,,,,,,,,,,,,,,SCANOYHEL,,,,,,,,,,,,,,,,,,,0,,,,,,,,,,,,,,,,,,,,,,,,,,,,,,
HARLINBWN,HARBOUR LINK SHIPPING SDN BHD,Company,,BNBWN,HARLINBWN,,,,,,,,,,,,,,,,,,,,,,,,HARLINBWN,,,,,,,,,,,,,,,,,,,0,,,,,,,,,,,,,,,,,,,,,,,,,,,,,,
DACTRAJFK,DACHSER TRANSPORT OF AMERICA INC.,Company,,USJFK,DACTRAJFK,,,,,,,,,,,,,,,,,,,,,,,,DACTRAJFK,,,,,,,,,,,,,,,,,,,0,,,,,,,,,,,,,,,,,,,,,,,,,,,,,,
PETDENMAN,PETRASCO SERVICES LTD C/O DENHOLM GLOBAL LOGISTICS,Company,,GBMNC,PETDENMAN,,,,,,,,,,,,,,,,,,,,,,,,PETDENMAN,,,,,,,,,,,,,,,,,,,0,,,,,,,,,,,,,,,,,,,,,,,,,,,,,,
STUSHIRCB,STURROCK SHIPPING (PTY) LTD.,Company,,ZARCB,STUSHIRCB,,,,,,,,,,,,,,,,,,,,,,,,STUSHIRCB,,,,shipping@rb.sturrock.co.za,,,,,,,,,,,,,,,0,,,,,,,,,,,,,,,,,,,,,,,,,,,,,,
SENINTZRH,SENATOR INTERNATIONAL AG,Company,,CHZRH,SENINTZRH,,,,,,,,,,,,,,,,,,,,,,,,SENINTZRH,,,,,,,,,,,,,,,,,,,0,,,,,,,,,,,,,,,,,,,,,,,,,,,,,,
EXPROMAFE,EXPOTRANS SPA,Company,,ITROM,EXPROMAFE,,,,,,,,,,,,,,,,,,,,,,,,EXPROMAFE,,,,adriano.pasquali@expotrans.net,,,,,,,,,,,,,,,0,,,,,,,,,,,,,,,,,,,,,,,,,,,,,,
WORLINSHA,"WORLD-LINKS (XIAMEN) CO., LTD.",Company,,CNSHA,WORLINSHA,,,,,,,,,,,,,,,,,,,,,,,,WORLINSHA,,,,,,,,,,,,,,,,,,,0,,,,,,,,,,,,,,,,,,,,,,,,,,,,,,
ASBLOGKWN,"ASB LOGISTICS CO., LTD.",Company,,HKKWN,ASBLOGKWN,,,,,,,,,,,,,,,,,,,,,,,,ASBLOGKWN,,,,,,,,,,,,,,,,,,,0,,,,,,,,,,,,,,,,,,,,,,,,,,,,,,
SBSWORMAN,SBS WORLDWIDE LTD.,Company,,GBMNC,SBSWORMAN,,,,,,,,,,,,,,,,,,,,,,,,SBSWORMAN,,,,man@sbsworldwide.com,,,,,,,,,,,,,,,0,,,,,,,,,,,,,,,,,,,,,,,,,,,,,,
QUEFRELON,QUEST FREIGHT LTD,Company,,GBLON,QUEFRELON,,,,,,,,,,,,,,,,,,,,,,,,QUEFRELON,,,,,,,,,,,,,,,,,,,0,,,,,,,,,,,,,,,,,,,,,,,,,,,,,,
EESFRESIN,EES FREIGHT SERVICES PTE LTD.,Company,,SGSIN,EESFRESIN,,,,,,,,,,,,,,,,,,,,,,,,EESFRESIN,,,,general@eesfrt.com.sg,,,,,,,,,,,,,,,0,,,,,,,,,,,,,,,,,,,,,,,,,,,,,,
CONSHIDXB,CONSOLIDATED SHIPPING SERVICES,Company,,AEDXB,CONSHIDXB,,,,,,,,,,,,,,,,,,,,,,,,CONSHIDXB,,,,,,,,,,,,,,,,,,,0,,,,,,,,,,,,,,,,,,,,,,,,,,,,,,
ALIINDDEL,ALISPED INDIA PVT LTD,Company,,INDEL,ALIINDDEL,,,,,,,,,,,,,,,,,,,,,,,,ALIINDDEL,,,,raj.sharma@alisped.co.in,,,,,,,,,,,,,,,0,,,,,,,,,,,,,,,,,,,,,,,,,,,,,,
EXPFREPNQ,EXPO FREIGHT PVT LTD,Company,,INPNQ,EXPFREPNQ,,,,,,,,,,,,,,,,,,,,,,,,EXPFREPNQ,,,,expopune@vsnl.net,,,,,,,,,,,,,,,0,,,,,,,,,,,,,,,,,,,,,,,,,,,,,,
ALLWAYHKG,ALL THE WAY EXPRESS LTD.,Company,,HKHKG,ALLWAYHKG,,,,,,,,,,,,,,,,,,,,,,,,ALLWAYHKG,,,,,,,,,,,,,,,,,,,0,,,,,,,,,,,,,,,,,,,,,,,,,,,,,,
DONYIHGUA,DONGGUAN YIHUI HYDRAULIC MACHINERY CO. LTD,Company,,CNGUA,DONYIHGUA,,,,,,,,,,,,,,,,,,,,,,,,DONYIHGUA,,,,,,,,,,,,,,,,,,,0,,,,,,,,,,,,,,,,,,,,,,,,,,,,,,
HARWIRPKG,HARPER WIRA AIR FREIGHT SDN BHD,Company,,MYPKG,HARWIRPKG,,,,,,,,,,,,,,,,,,,,,,,,HARWIRPKG,,,,,,,,,,,,,,,,,,,0,,,,,,,,,,,,,,,,,,,,,,,,,,,,,,
KEYSHITSN,KEYUN SHIPPING AGENCY CO. LTD. (TIANJIN GANGXIN),Company,,CNTSN,KEYSHITSN,,,,,,,,,,,,,,,,,,,,,,,,KEYSHITSN,,,,,,,,,,,,,,,,,,,0,,,,,,,,,,,,,,,,,,,,,,,,,,,,,,
CARMARHKG,CARGO MART (HONGKONG) LTD.,Company,,HKHKG,CARMARHKG,,,,,,,,,,,,,,,,,,,,,www.cargomartgroup.com,,,CARMARHKG,,,+85296866715,heidi@cargomartgroup.com,,,,,,,,,,,,,,,0,,,,,,,,,,,,,,,,,,,,,,,,,,,,,,
HTLOGIFOS,H&T LOGISTICS FOSHAN LTD,Company,,CNFOS,HTLOGIFOS,,,,,,,,,,,,,,,,,,,,,,,,HTLOGIFOS,,,,,,,,,,,,,,,,,,,0,,,,,,,,,,,,,,,,,,,,,,,,,,,,,,
MTSSOFAFE,MTS EXPOLOGISTICS LLC,Company,,BGSOF,MTSSOFAFE,,,,,,,,,,,,,,,,,,,,,,,,MTSSOFAFE,,,,sales@mtsexpolog.com,,,,,,,,,,,,,,,0,,,,,,,,,,,,,,,,,,,,,,,,,,,,,,
CARLINYVL,CARGO LINE LTD.,Company,,ILYVL,CARLINYVL,,,,,,,,,,,,,,,,,,,,,,,,CARLINYVL,,,,c-line@actcom.net.il,,,,,,,,,,,,,,,0,,,,,,,,,,,,,,,,,,,,,,,,,,,,,,
SUGKOGNRT,"SUGATSUNE KOGYO CO.,LTD.",Company,,JPTYO,SUGKOGNRT,,,,,,,,,,,,,,,,,,,,,,,,SUGKOGNRT,,,,export@sugatsune.co.jp,,,,,,,,,,,,,,,0,,,,,,,,,,,,,,,,,,,,,,,,,,,,,,
BLAADLAFE,BLASTMASTER,Company,,AUADL,BLAADLAFE,,,,,,,,,,,,,,,,,,,,,,,,BLAADLAFE,,,,Gavin.Culbertson@blastmaster.com.au,,,,,,,,,,,,,,,0,,,,,,,,,,,,,,,,,,,,,,,,,,,,,,
DECOEXADT,DECOEXSA,Company,,ESADT,DECOEXADT,,,,,,,,,,,,,,,,,,,,,,,,DECOEXADT,,,,,,,,,,,,,,,,,,,0,,,,,,,,,,,,,,,,,,,,,,,,,,,,,,
GLOPROBOM,GLOBAL PROJEKT LOGISTIQUE PVT. LTD.,Company,,INBOM,GLOPROBOM,,,,,,,,,,,,,,,,,,,,,,,,GLOPROBOM,,,,,,,,,,,,,,,,,,,0,,,,,,,,,,,,,,,,,,,,,,,,,,,,,,
RTGLOGTPE,RTG LOGISTICSLTD.,Company,,TWTPE,RTGLOGTPE,,,,,,,,,,,,,,,,,,,,,,,,RTGLOGTPE,,,,camihe@rtg.com.tw,,,,,,,,,,,,,,,0,,,,,,,,,,,,,,,,,,,,,,,,,,,,,,
QINJETTAO,QINGDAO JETWELL LOGISTICS,Company,,CNTAO,QINJETTAO,,,,,,,,,,,,,,,,,,,,,,,,QINJETTAO,,,,,,,,,,,,,,,,,,,0,,,,,,,,,,,,,,,,,,,,,,,,,,,,,,
REROGESEK,R.E. ROGERS (MALAYSIA) SDN BHD,Company,,MYSEK,REROGESEK,,,,,,,,,,,,,,,,,,,,,,,,REROGESEK,,,,,,,,,,,,,,,,,,,0,,,,,,,,,,,,,,,,,,,,,,,,,,,,,,
INTFARHKG,INTERGLOBO FAR EAST LTD.,Company,,HKHKG,INTFARHKG,,,,,,,,,,,,,,,,,,,,,,,,INTFARHKG,,,,,,,,,,,,,,,,,,,0,,,,,,,,,,,,,,,,,,,,,,,,,,,,,,
MILLOGTPE,"MILLI LOGISTICS CO., LTD",Company,,TWTPE,MILLOGTPE,,,,,,,,,,,,,,,,,,,,,,,,MILLOGTPE,,,,,,,,,,,,,,,,,,,0,,,,,,,,,,,,,,,,,,,,,,,,,,,,,,
ALBATRSYD,ALBATRANS PTY LTD.,Company,,AUSYD,ALBATRSYD,,,,,,,,,,,,,,,,,,,,,,,,ALBATRSYD,,,,info@albatrans.com.au,,,,,,,,,,,,,,,0,,,,,,,,,,,,,,,,,,,,,,,,,,,,,,
AWOGLOHKL,AWOT GLOBAL (HK) LIMITED,Company,,HKHKG,AWOGLOHKL,,,,,,,,,,,,,,,,,,,,,www.awotglobal.com,,,AWOGLOHKL,,,,,,,,,,,,,,,,,,,0,,,,,,,,,,,,,,,,,,,,,,,,,,,,,,
VIOCROM,VIO & C,Company,,ITROM,VIOCROM,,,,,,,,,,,,,,,,,,,,,,,,VIOCROM,,,,,,,,,,,,,,,,,,,0,,,,,,,,,,,,,,,,,,,,,,,,,,,,,,
HNOLANXMN,"HNOUR LANE SHIPPING - XIAMEN, CHINA",Company,,CNXMN,HNOLANXMN,,,,,,,,,,,,,,,,,,,,,,,,HNOLANXMN,,,,,,,,,,,,,,,,,,,0,,,,,,,,,,,,,,,,,,,,,,,,,,,,,,
GRAINTBOD,GRAVELEAU INTERNATIONAL,Company,,FRBOD,GRAINTBOD,,,,,,,,,,,,,,,,,,,,,,,,GRAINTBOD,,,,airbordeaux@graveleau.com,,,,,,,,,,,,,,,0,,,,,,,,,,,,,,,,,,,,,,,,,,,,,,
PEASINAFE,PEAK LOGISTICS & TRANSPORTATION,Company,,SGSIN,PEASINAFE,,,,,,,,,,,,,,,,,,,,,,,,PEASINAFE,,,,peter.seow@peaklogtpt.com,,,,,,,,,,,,,,,0,,,,,,,,,,,,,,,,,,,,,,,,,,,,,,
GENMERTPE,"GENERAL MERCHANDISE CONSOLIDATORS, INC",Company,,TWTPE,GENMERTPE,,,,,,,,,,,,,,,,,,,,,www.gmclogistics.com,,,GENMERTPE,,,,,,,,,,,,,,,,,,,0,,,,,,,,,,,,,,,,,,,,,,,,,,,,,,
SHENEWSZX,SHENZHEN NEW CONCEPT LOGISTICS CO. LTD.,Company,,CNSZX,SHENEWSZX,,,,,,,,,,,,,,,,,,,,,,,,SHENEWSZX,,,,info@nclgroup.net,,,,,,,,,,,,,,,0,,,,,,,,,,,,,,,,,,,,,,,,,,,,,,
DATLOGHGH,DATIAN.W LOGISTICS[ZHEJIANG],Company,,CNHGH,DATLOGHGH,,,,,,,,,,,,,,,,,,,,,,,,DATLOGHGH,,,,,,,,,,,,,,,,,,,0,,,,,,,,,,,,,,,,,,,,,,,,,,,,,,
HIWTECAFE,HIWIN TECHNOLOGIES CORP.,Company,,TWTPE,HIWTECAFE,,,,,,,,,,,,,,,,,,,,,,,,HIWTECAFE,,,+886988716413,ruby@taiwtech.com.tw,,,,,,,,,,,,,,,0,,,,,,,,,,,,,,,,,,,,,,,,,,,,,,
VINLOGHKG,VINFLAIR LOGISTICS LIMITED,Company,,HKHKG,VINLOGHKG,,,,,,,,,,,,,,,,,,,,,,,,VINLOGHKG,,,,,,,,,,,,,,,,,,,0,,,,,,,,,,,,,,,,,,,,,,,,,,,,,,
INTANTANR,INTERFREIGHT ANTWERP NV,Company,,BEANR,INTANTANR,,,,,,,,,,,,,,,,,,,,,,,,INTANTANR,,,,,,,,,,,,,,,,,,,0,,,,,,,,,,,,,,,,,,,,,,,,,,,,,,
SWEGOEAFE,SWEDISH FAIR FORCE AB,Company,,SEGOE,SWEGOEAFE,,,,,,,,,,,,,,,,,,,,,,,,SWEGOEAFE,,,,chris.lilja.di@gmail.com,,,,,,,,,,,,,,,0,,,,,,,,,,,,,,,,,,,,,,,,,,,,,,
SENINTHKG,SENATOR INTERNATIONAL LOGISTICS LTD.(HONGKONG),Company,,HKHKG,SENINTHKG,,,,,,,,,,,,,,,,,,,,,,,,SENINTHKG,,,,,,,,,,,,,,,,,,,0,,,,,,,,,,,,,,,,,,,,,,,,,,,,,,
QCSQUIHAM,QCS - QUICK CARGO SERVICE GMBH,Company,,DEHAM,QCSQUIHAM,,,,,,,,,,,,,,,,,,,,,,,,QCSQUIHAM,,,,,,,,,,,,,,,,,,,0,,,,,,,,,,,,,,,,,,,,,,,,,,,,,,
SKYCARBUE,SKY CARGO S.R.L. WORLDWIDE LOGISTICS SERVICES,Company,,ARBUE,SKYCARBUE,,,,,,,,,,,,,,,,,,,,,www.skycargo.com.ar,,,SKYCARBUE,,,,,,,,,,,,,,,,,,,0,,,,,,,,,,,,,,,,,,,,,,,,,,,,,,
INTVENVCE,INTERLINEA SRL -VENICE MARCON,Company,,ITVCE,INTVENVCE,,,,,,,,,,,,,,,,,,,,,,,,INTVENVCE,,,,dezorzibarbara@interlinea-venezia.it,,,,,,,,,,,,,,,0,,,,,,,,,,,,,,,,,,,,,,,,,,,,,,
SUNEXPSEL,SUN EXPRESS CORPORATION,Company,,KRSEL,SUNEXPSEL,,,,,,,,,,,,,,,,,,,,,,,,SUNEXPSEL,,,,seain@sunexp.co.kr,,,,,,,,,,,,,,,0,,,,,,,,,,,,,,,,,,,,,,,,,,,,,,
DORBRAZRH,DORIG & BRANDL,Company,,CHZRH,DORBRAZRH,,,,,,,,,,,,,,,,,,,,,,,,DORBRAZRH,,,,,,,,,,,,,,,,,,,0,,,,,,,,,,,,,,,,,,,,,,,,,,,,,,
APEINTOSA,APEX INTERNATIONAL INC.,Company,,JPOSA,APEINTOSA,,,,,,,,,,,,,,,,,,,,,,,,APEINTOSA,,,,,,,,,,,,,,,,,,,0,,,,,,,,,,,,,,,,,,,,,,,,,,,,,,
SHANJLSHA,SHANGHAI N&J LOGISTICS CO. LTD.,Company,,CNSHA,SHANJLSHA,,,,,,,,,,,,,,,,,,,,,,,,SHANJLSHA,,,,,,,,,,,,,,,,,,,0,,,,,,,,,,,,,,,,,,,,,,,,,,,,,,
TWICANAFE,TWI GROUP CANADA,Company,,CAMIS,TWICANAFE,,,,,,,,,,,,,,,,,,,,,,,,TWICANAFE,,,,,,,,,,,,,,,,,,,0,,,,,,,,,,,,,,,,,,,,,,,,,,,,,,
NAVLOGMEL,NAVIA LOGISTICS PTY LTD,Company,,AUMEL,NAVLOGMEL,,,,,,,,,,,,,,,,,,,,,,,,NAVLOGMEL,,,,,,,,,,,,,,,,,,,0,,,,,,,,,,,,,,,,,,,,,,,,,,,,,,
MARBENHOU,MARTIN BENCHER USA,Company,,USHOU,MARBENHOU,,,,,,,,,,,,,,,,,,,,,,,,MARBENHOU,,,,,,,,,,,,,,,,,,,0,,,,,,,,,,,,,,,,,,,,,,,,,,,,,,
SPEWORKHH,SPEEDLINK WORLDWIDE TRANSPORT CO.LTD,Company,,TWKHH,SPEWORKHH,,,,,,,,,,,,,,,,,,,,,,,,SPEWORKHH,,,,swatkhh@ms45.hinet.net,,,,,,,,,,,,,,,0,,,,,,,,,,,,,,,,,,,,,,,,,,,,,,
KENLOGCUD,KENTER LOGISTICS,Company,,AUCUD,KENLOGCUD,,,,,,,,,,,,,,,,,,,,,,,,KENLOGCUD,,,,,,,,,,,,,,,,,,,0,,,,,,,,,,,,,,,,,,,,,,,,,,,,,,
SHAMAGSHA,"SHANGHAI MAGICAL LOGISTICS CO., LTD.",Company,,CNSGH,SHAMAGSHA,,,,,,,,,,,,,,,,,,,,,,,,SHAMAGSHA,,,,,,,,,,,,,,,,,,,0,,,,,,,,,,,,,,,,,,,,,,,,,,,,,,
GCSHIPMER,G & C SHIPPING AND FORWARDING,Company,,TRMER,GCSHIPMER,,,,,,,,,,,,,,,,,,,,,www.gcshippingforwarding.com,,,GCSHIPMER,,,,management@gcshippingforwarding.com,,,,,,,,,,,,,,,0,,,,,,,,,,,,,,,,,,,,,,,,,,,,,,
OBMINTBNE,OBM INT'L TRADE SERVICES,Company,,AUBNE,OBMINTBNE,,,,,,,,,,,,,,,,,,,,,,,,OBMINTBNE,,,,,,,,,,,,,,,,,,,0,,,,,,,,,,,,,,,,,,,,,,,,,,,,,,
OMACORKET,OMAX CORP,Company,,USKET,OMACORKET,,,,,,,,,,,,,,,,,,,,,,,,OMACORKET,,,,,,,,,,,,,,,,,,,0,,,,,,,,,,,,,,,,,,,,,,,,,,,,,,
SBSWORFXT2,SBS WORLDWIDE LTD.,Company,,GBFXT,SBSWORFXT2,,,,,,,,,,,,,,,,,,,,,,,,SBSWORFXT2,,,,air@sbsworldwide.com,,,,,,,,,,,,,,,0,,,,,,,,,,,,,,,,,,,,,,,,,,,,,,
CLASQUBCN,"CLASQUIN ESPAÑA, S.L.",Company,,ESBCN,CLASQUBCN,,,,,,,,,,,,,,,,,,,,,,,,CLASQUBCN,,,,,,,,,,,,,,,,,,,0,,,,,,,,,,,,,,,,,,,,,,,,,,,,,,
SHABASSHG,"SHANGHAI BA-SHI YUE XIN LOGISTICS DEVELOPMENT CO.,LTD",Company,,CNSHG,SHABASSHG,,,,,,,,,,,,,,,,,,,,,,,,SHABASSHG,,,,,,,,,,,,,,,,,,,0,,,,,,,,,,,,,,,,,,,,,,,,,,,,,,
KAMINOSOU,KAMINO LTD.,Company,,GBSOU,KAMINOSOU,,,,,,,,,,,,,,,,,,,,,www.kamino.com,,,KAMINOSOU,,,+447941528126,mike.poole@kamino.com,,,,,,,,,,,,,,,0,,,,,,,,,,,,,,,,,,,,,,,,,,,,,,
JESHKGAFE,JES LOGISTICS LIMITED,Company,,HKHKG,JESHKGAFE,,,,,,,,,,,,,,,,,,,,,www.jes.com.hk,,,JESHKGAFE,,,+85293041713,info@jes.com.hk,,,,,,,,,,,,,,,0,,,,,,,,,,,,,,,,,,,,,,,,,,,,,,
GLOEXPBEY,GLOBE EXPRESS,Company,,LBBEY,GLOEXPBEY,,,,,,,,,,,,,,,,,,,,,,,,GLOEXPBEY,,,,,,,,,,,,,,,,,,,0,,,,,,,,,,,,,,,,,,,,,,,,,,,,,,
KGLLOGDXB,KGL LOGISTICS EMIRATES (ANCHORAGE) LLC,Company,,AEDXB,KGLLOGDXB,,,,,,,,,,,,,,,,,,,,,,,,KGLLOGDXB,,,,,,,,,,,,,,,,,,,0,,,,,,,,,,,,,,,,,,,,,,,,,,,,,,
CJKSELAFE,CJ KOREA EXPRESS,Company,,KRSEL,CJKSELAFE,,,,,,,,,,,,,,,,,,,,,,,,CJKSELAFE,,,,,,,,,,,,,,,,,,,0,,,,,,,,,,,,,,,,,,,,,,,,,,,,,,
CARGOTNYC,CARGOTRANS,Company,,USNYC,CARGOTNYC,,,,,,,,,,,,,,,,,,,,,,,,CARGOTNYC,,,,,,,,,,,,,,,,,,,0,,,,,,,,,,,,,,,,,,,,,,,,,,,,,,
LOGPLUSHA,"LOGISTICS PLUS INC,",Company,,CNSHA,LOGPLUSHA,,,,,,,,,,,,,,,,,,,,,,,,LOGPLUSHA,,,,,,,,,,,,,,,,,,,0,,,,,,,,,,,,,,,,,,,,,,,,,,,,,,
CHIWHEHKG,CHINA WHEEL SHIPPING (HOLDINGS) LIMITED,Company,,HKHKG,CHIWHEHKG,,,,,,,,,,,,,,,,,,,,,www.cws.com.hk,,,CHIWHEHKG,,,,,,,,,,,,,,,,,,,0,,,,,,,,,,,,,,,,,,,,,,,,,,,,,,
FRESYSSHJ1,FREIGHT SYSTEMS,Company,,AESHJ,FRESYSSHJ1,,,,,,,,,,,,,,,,,,,,,,,,FRESYSSHJ1,,,,,,,,,,,,,,,,,,,0,,,,,,,,,,,,,,,,,,,,,,,,,,,,,,
BRULOGSIN,BRUHAT LOGISTICS PTE LIMITED,Company,,SGSIN,BRULOGSIN,,,,,,,,,,,,,,,,,,,,,,,,BRULOGSIN,,,,,,,,,,,,,,,,,,,0,,,,,,,,,,,,,,,,,,,,,,,,,,,,,,
SCANOYMOW,SCANRAPID OY,Company,,RUMOW,SCANOYMOW,,,,,,,,,,,,,,,,,,,,,,,,SCANOYMOW,,,,,,,,,,,,,,,,,,,0,,,,,,,,,,,,,,,,,,,,,,,,,,,,,,
MIDAMESFO,"MID-AMERICA OVERSEAS, INC.",Company,,USSFO,MIDAMESFO,,,,,,,,,,,,,,,,,,,,,www.maoinc.com,,,MIDAMESFO,,,,,,,,,,,,,,,,,,,0,,,,,,,,,,,,,,,,,,,,,,,,,,,,,,
RPLOGISEL,"RP LOGISTICS CO.,LTD. SEOUL OFFICE",Company,,KRSEL,RPLOGISEL,,,,,,,,,,,,,,,,,,,,,,,,RPLOGISEL,,,,,,,,,,,,,,,,,,,0,,,,,,,,,,,,,,,,,,,,,,,,,,,,,,
AGILOGSIN,AGILITY LOGISTICS SA,Company,,SGSIN,AGILOGSIN,,,,,,,,,,,,,,,,,,,,,,,,AGILOGSIN,,,,,,,,,,,,,,,,,,,0,,,,,,,,,,,,,,,,,,,,,,,,,,,,,,
MAIUSAATL,MAINFREIGHT USA (FORMERLY TARGET LOGISTICS SVCS ),Company,,USATL,MAIUSAATL,,,,,,,,,,,,,,,,,,,,,,,,MAIUSAATL,,,,,,,,,,,,,,,,,,,0,,,,,,,,,,,,,,,,,,,,,,,,,,,,,,
BOXUCLKOP,BOXLINE UCL D.O.O,Company,,SIKOP,BOXUCLKOP,,,,,,,,,,,,,,,,,,,,,,,,BOXUCLKOP,,,,ivana@boxlineucl.com,,,,,,,,,,,,,,,0,,,,,,,,,,,,,,,,,,,,,,,,,,,,,,
SENINTXMN,SENATOR INTERNATIONAL LOGISTICS LTD. (XIAMEN),Company,,CNXMN,SENINTXMN,,,,,,,,,,,,,,,,,,,,,,,,SENINTXMN,,,,,,,,,,,,,,,,,,,0,,,,,,,,,,,,,,,,,,,,,,,,,,,,,,
JETTPEAFE,JET INTERNATIONAL COURIER CO. LTD,Company,,TWTPE,JETTPEAFE,,,,,,,,,,,,,,,,,,,,,,,,JETTPEAFE,,,,joeh1226@gmail.com,,,,,,,,,,,,,,,0,,,,,,,,,,,,,,,,,,,,,,,,,,,,,,
GROUPAJNB,GROUPAIR S.A (PTY) LTD,Company,,ZAJNB,GROUPAJNB,,,,,,,,,,,,,,,,,,,,,,,,GROUPAJNB,,,,,,,,,,,,,,,,,,,0,,,,,,,,,,,,,,,,,,,,,,,,,,,,,,
MAISPAVCE,MAIMEX S.P.A,Company,,ITVCE,MAISPAVCE,,,,,,,,,,,,,,,,,,,,,,,,MAISPAVCE,,,,gsciurba@maimex.it,,,,,,,,,,,,,,,0,,,,,,,,,,,,,,,,,,,,,,,,,,,,,,
IBESHISGN,I-BE SHIPPING VIET NAM CO LTD,Company,,VNSGN,IBESHISGN,,,,,,,,,,,,,,,,,,,,,,,,IBESHISGN,,,,,,,,,,,,,,,,,,,0,,,,,,,,,,,,,,,,,,,,,,,,,,,,,,
GENYVRAFE,GENERAL NOLI CANADA INC.,Company,,CAVAN,GENYVRAFE,,,,,,,,,,,,,,,,,,,,,,,,GENYVRAFE,,,,,,,,,,,,,,,,,,,0,,,,,,,,,,,,,,,,,,,,,,,,,,,,,,
AIRFORMUA,AIRCAT FORWARDING,Company,,BNMUA,AIRFORMUA,,,,,,,,,,,,,,,,,,,,,,,,AIRFORMUA,,,,,,,,,,,,,,,,,,,0,,,,,,,,,,,,,,,,,,,,,,,,,,,,,,
ACEPAKKHI,ACE PAKISTAN (PVT) LTD.,Company,,PKKHI,ACEPAKKHI,,,,,,,,,,,,,,,,,,,,,,,,ACEPAKKHI,,,+923212082101,,,,,,,,,,,,,,,,0,,,,,,,,,,,,,,,,,,,,,,,,,,,,,,
GLOCARSHA,GLOBE CARGO LOGISTICS (SHANGHAI),Company,,CNSHA,GLOCARSHA,,,,,,,,,,,,,,,,,,,,,www.gclhk.com,,,GLOCARSHA,,,,,,,,,,,,,,,,,,,0,,,,,,,,,,,,,,,,,,,,,,,,,,,,,,
FARINAVCE,FARINATO SRL,Company,,ITVCE,FARINAVCE,,,,,,,,,,,,,,,,,,,,,,,,FARINAVCE,,,,,,,,,,,,,,,,,,,0,,,,,,,,,,,,,,,,,,,,,,,,,,,,,,
EMBFREGOA,EMBASSY FREIGHT SERVICES SPA,Company,,ITGOA,EMBFREGOA,,,,,,,,,,,,,,,,,,,,,,,,EMBFREGOA,,,,,,,,,,,,,,,,,,,0,,,,,,,,,,,,,,,,,,,,,,,,,,,,,,
CLASQUTOU,CLASQUIN SA TOULOUSE,Company,,FRMRS,CLASQUTOU,,,,,,,,,,,,,,,,,,,,,,,,CLASQUTOU,,,,,,,,,,,,,,,,,,,0,,,,,,,,,,,,,,,,,,,,,,,,,,,,,,
AIRFORKUL,AIRCAT FORWARDING,Company,,MYKUL,AIRFORKUL,,,,,,,,,,,,,,,,,,,,,www.aircat.com.bn,,,AIRFORKUL,,,,nvocc@aircat.com.bn,,,,,,,,,,,,,,,0,,,,,,,,,,,,,,,,,,,,,,,,,,,,,,
PHOINTAFE,"PHOENIX INTERNATIONAL BUSINESS LOGISTICS, INC.",Company,,USEZA,PHOINTAFE,,,,,,,,,,,,,,,,,,,,,,,,PHOINTAFE,,,,,,,,,,,,,,,,,,,0,,,,,,,,,,,,,,,,,,,,,,,,,,,,,,
REDLINHAM,RED LINE INTERN SPEDITION GMBH,Company,,DEHAM,REDLINHAM,,,,,,,,,,,,,,,,,,,,,,,,REDLINHAM,,,,,,,,,,,,,,,,,,,0,,,,,,,,,,,,,,,,,,,,,,,,,,,,,,
TULKHIBOM,TULSIDAS KHIMJI PVT. LTD.A/C KEEL LOGISTICS PV LTD,Company,,INBOM,TULKHIBOM,,,,,,,,,,,,,,,,,,,,,,,,TULKHIBOM,,,,,,,,,,,,,,,,,,,0,,,,,,,,,,,,,,,,,,,,,,,,,,,,,,
STAGLOSEL,"STAR GLOBAL LOGISTICS CO., LTD.",Company,,KRSEL,STAGLOSEL,,,,,,,,,,,,,,,,,,,,,,,,STAGLOSEL,,,+821067581542,,,,,,,,,,,,,,,,0,,,,,,,,,,,,,,,,,,,,,,,,,,,,,,
APCAIRHAM,APC AIR & SEA GMBH/HEAD - SEAFRT OFFICE,Company,,DEHAM,APCAIRHAM,,,,,,,,,,,,,,,,,,,,,,,,APCAIRHAM,,,,info@apcairsea.de,,,,,,,,,,,,,,,0,,,,,,,,,,,,,,,,,,,,,,,,,,,,,,
TOTTRACOK,TOTAL TRANSPORT SYSTEM PVT LTD,Company,,INCOK,TOTTRACOK,,,,,,,,,,,,,,,,,,,,,,,,TOTTRACOK,,,,expdoc@cok.ttspl.in,,,,,,,,,,,,,,,0,,,,,,,,,,,,,,,,,,,,,,,,,,,,,,
CARBESSZX,"CARGO BEST INTERNATIONAL FREIGHT AGENCY CO., LTD.",Company,,CNSZX,CARBESSZX,,,,,,,,,,,,,,,,,,,,,,,,CARBESSZX,,,,,,,,,,,,,,,,,,,0,,,,,,,,,,,,,,,,,,,,,,,,,,,,,,
MARMANCGP,MARINE MANAGEMENT SERVICES LTD. LOGISTICS DIVISION,Company,,BDCGP,MARMANCGP,,,,,,,,,,,,,,,,,,,,,www.marinemgt.com,,,MARMANCGP,,,,freight@marinemgt.com,,,,,,,,,,,,,,,0,,,,,,,,,,,,,,,,,,,,,,,,,,,,,,
AVIOCCDUR,AVIOCEAN CC,Company,,ZADUR,AVIOCCDUR,,,,,,,,,,,,,,,,,,,,,,,,AVIOCCDUR,,,,,,,,,,,,,,,,,,,0,,,,,,,,,,,,,,,,,,,,,,,,,,,,,,
CAPINTHAM,CAPITAL INTERNATIONAL FREIGHT FORWARDING GMBH,Company,,DEHAM,CAPINTHAM,,,,,,,,,,,,,,,,,,,,,,,,CAPINTHAM,,,,,,,,,,,,,,,,,,,0,,,,,,,,,,,,,,,,,,,,,,,,,,,,,,
FRIAIRASH,FRIDENSON AIR & OCEAN,Company,,ILASH,FRIAIRASH,,,,,,,,,,,,,,,,,,,,,www.fridenson.co.il,,,FRIAIRASH,,,,mmtrade@mmtrade.co.il,,,,,,,,,,,,,,,0,,,,,,,,,,,,,,,,,,,,,,,,,,,,,,
MOVSYSLGSEL,MOVEMAX SYSTEM LOGISTICS CO. LTD.,Company,,KRSEL,MOVSYSLGSEL,,,,,,,,,,,,,,,,,,,,,,,,MOVSYSLGSEL,,,,operation_In@movemax.net,,,,,,,,,,,,,,,0,,,,,,,,,,,,,,,,,,,,,,,,,,,,,,
CLASQUBKK,"CLASQUIN (THAILAND) CO., LTD.",Company,,THBKK,CLASQUBKK,,,,,,,,,,,,,,,,,,,,,,,,CLASQUBKK,,,,,,,,,,,,,,,,,,,0,,,,,,,,,,,,,,,,,,,,,,,,,,,,,,
EASICFKUL,EASTREX-ICF (MALAYSIA) SDN BHD,Company,,MYKUL,EASICFKUL,,,,,,,,,,,,,,,,,,,,,,,,EASICFKUL,,,,,,,,,,,,,,,,,,,0,,,,,,,,,,,,,,,,,,,,,,,,,,,,,,
EVEINTHKG,EVERGO INT'L EXPRESS LTD,Company,,HKHKG,EVEINTHKG,,,,,,,,,,,,,,,,,,,,,,,,EVEINTHKG,,,,,,,,,,,,,,,,,,,0,,,,,,,,,,,,,,,,,,,,,,,,,,,,,,
ASSFORZRH,ASSTRA FORWARDING AG,Company,,CHZRH,ASSFORZRH,,,,,,,,,,,,,,,,,,,,,,,,ASSFORZRH,,,,,,,,,,,,,,,,,,,0,,,,,,,,,,,,,,,,,,,,,,,,,,,,,,
MAPGLOCHI,MAPCARGO GLOBAL LOGISTICS (CHICAGO),Company,,USCHI,MAPGLOCHI,,,,,,,,,,,,,,,,,,,,,,,,MAPGLOCHI,,,,richard@mapcargo.com,,,,,,,,,,,,,,,0,,,,,,,,,,,,,,,,,,,,,,,,,,,,,,
EKOLOJIST,EKOL LOJISTIK AS,Company,,TRIST,EKOLOJIST,,,,,,,,,,,,,,,,,,,,,,,,EKOLOJIST,,,,,,,,,,,,,,,,,,,0,,,,,,,,,,,,,,,,,,,,,,,,,,,,,,
BOUAIRKUL,BOUSTED AIR (AIRFREIGHT),Company,,MYKUL,BOUAIRKUL,,,,,,,,,,,,,,,,,,,,,,,,BOUAIRKUL,,,,,,,,,,,,,,,,,,,0,,,,,,,,,,,,,,,,,,,,,,,,,,,,,,
OYBEWEHEL,OY BEWESHIP AB,Company,,FIHEL,OYBEWEHEL,,,,,,,,,,,,,,,,,,,,,,,,OYBEWEHEL,,,,,,,,,,,,,,,,,,,0,,,,,,,,,,,,,,,,,,,,,,,,,,,,,,
HEMFRESLO,HEMISPHERE FREIGHT SERVICES LIMITED,Company,,GBSLO,HEMFRESLO,,,,,,,,,,,,,,,,,,,,,,,,HEMFRESLO,,,,,,,,,,,,,,,,,,,0,,,,,,,,,,,,,,,,,,,,,,,,,,,,,,
KLBENJSYD,KL BENJAMIN & CO PTY LTD,Company,,AUSYD,KLBENJSYD,,,,,,,,,,,,,,,,,,,,,,,,KLBENJSYD,,,,,,,,,,,,,,,,,,,0,,,,,,,,,,,,,,,,,,,,,,,,,,,,,,
COLFREWNP,COLE FREIGHT INC.,Company,,CAWNP,COLFREWNP,,,,,,,,,,,,,,,,,,,,,,,,COLFREWNP,,,,,,,,,,,,,,,,,,,0,,,,,,,,,,,,,,,,,,,,,,,,,,,,,,
THRUEXGOA,THRUEX SRL,Company,,ITGOA,THRUEXGOA,,,,,,,,,,,,,,,,,,,,,,,,THRUEXGOA,,,,,,,,,,,,,,,,,,,0,,,,,,,,,,,,,,,,,,,,,,,,,,,,,,
TRAFORVLC,TRAVIMA FORWARDINF S.L.,Company,,ESVLC,TRAFORVLC,,,,,,,,,,,,,,,,,,,,,,,,TRAFORVLC,,,,,,,,,,,,,,,,,,,0,,,,,,,,,,,,,,,,,,,,,,,,,,,,,,
EDLOGIPLU,ED LOGISTICS LTD,Company,,MUPLU,EDLOGIPLU,,,,,,,,,,,,,,,,,,,,,,,,EDLOGIPLU,,,,yoni.soleil@edlogistics.mu,,,,,,,,,,,,,,,0,,,,,,,,,,,,,,,,,,,,,,,,,,,,,,
VIOCHQMIL,VIO & C / HQ OFFICE (APA MEMBER),Company,,ITMIL,VIOCHQMIL,,,,,,,,,,,,,,,,,,,,,,,,VIOCHQMIL,,,email: see contacts,,,,,,,,,,,,,,,,0,,,,,,,,,,,,,,,,,,,,,,,,,,,,,,
CHICONSHA,CHINA CONTAINER LINE (SHANGHAI) LIMITED,Company,,CNSHA,CHICONSHA,,,,,,,,,,,,,,,,,,,,,,,,CHICONSHA,,,,,,,,,,,,,,,,,,,0,,,,,,,,,,,,,,,,,,,,,,,,,,,,,,
EVOSUPBOM,EVO SUPPLY CHAIN PVT.LTD,Company,,INBOM,EVOSUPBOM,,,,,,,,,,,,,,,,,,,,,,,,EVOSUPBOM,,,,,,,,,,,,,,,,,,,0,,,,,,,,,,,,,,,,,,,,,,,,,,,,,,
MILSOLCEB,MILLING SOLUTION  INC.,Company,,PHCEB,MILSOLCEB,,,,,,,,,,,,,,,,,,,,,,,,MILSOLCEB,,,,,,,,,,,,,,,,,,,0,,,,,,,,,,,,,,,,,,,,,,,,,,,,,,
UNILOGDLC,UNI LOGISTICS INC.,Company,,CNDLC,UNILOGDLC,,,,,,,,,,,,,,,,,,,,,,,,UNILOGDLC,,,,,,,,,,,,,,,,,,,0,,,,,,,,,,,,,,,,,,,,,,,,,,,,,,
CARPARVIE,CARGO PARTNER AG,Company,,ATVIE,CARPARVIE,,,,,,,,,,,,,,,,,,,,,,,,CARPARVIE,,,,,,,,,,,,,,,,,,,0,,,,,,,,,,,,,,,,,,,,,,,,,,,,,,
GRALEHLEH,GRAVELEAU LEHAVRE DACHSER GROUP,Company,,FRLEH,GRALEHLEH,,,,,,,,,,,,,,,,,,,,,,,,GRALEHLEH,,,,,,,,,,,,,,,,,,,0,,,,,,,,,,,,,,,,,,,,,,,,,,,,,,
MAPGLOHOU,MAPCARGO GLOBAL LOGISTICS (HOUSTON),Company,,USHOU,MAPGLOHOU,,,,,,,,,,,,,,,,,,,,,,,,MAPGLOHOU,,,,,,,,,,,,,,,,,,,0,,,,,,,,,,,,,,,,,,,,,,,,,,,,,,
ORMESAVCE,ORMESANI SRL,Company,,ITVCE,ORMESAVCE,,,,,,,,,,,,,,,,,,,,,www.ormesani.com,,,ORMESAVCE,,,,marco.vendramin@ormesani.it,,,,,,,,,,,,,,,0,,,,,,,,,,,,,,,,,,,,,,,,,,,,,,
SHESUNSASZX,SHENZHEN SUNWORLD GROUP INT'L SHIPPING AGENCIES LT,Company,,CNSZX,SHESUNSASZX,,,,,,,,,,,,,,,,,,,,,,,,SHESUNSASZX,,,,,,,,,,,,,,,,,,,0,,,,,,,,,,,,,,,,,,,,,,,,,,,,,,
FISRECMIL,FISCHER & RECHSTEINER S.P.A.,Company,,ITMIL,FISRECMIL,,,,,,,,,,,,,,,,,,,,,,,,FISRECMIL,,,,SEE NOTES,,,,,,,,,,,,,,,0,,,,,,,,,,,,,,,,,,,,,,,,,,,,,,
DECVITVIT,DECOEXSA VITORIA,Company,,ESVIT,DECVITVIT,,,,,,,,,,,,,,,,,,,,,,,,DECVITVIT,,,,,,,,,,,,,,,,,,,0,,,,,,,,,,,,,,,,,,,,,,,,,,,,,,
GRECARGEN,GREEN CARRIER NORWAY AS,Company,,NOGEN,GRECARGEN,,,,,,,,,,,,,,,,,,,,,,,,GRECARGEN,,,,,,,,,,,,,,,,,,,0,,,,,,,,,,,,,,,,,,,,,,,,,,,,,,
ERIMAGAFE,ERIEZ MAGNETICS PTY. LTD,Company,,AUVTP,ERIMAGAFE,,,,,,,,,,,,,,,,,,,,,,,,ERIMAGAFE,,,,,,,,,,,,,,,,,,,0,,,,,,,,,,,,,,,,,,,,,,,,,,,,,,
NINOCESHNGB,NINGBO OCEAN SHIPPING CO. LTD.,Company,,CNNGB,NINOCESHNGB,,,,,,,,,,,,,,,,,,,,,,,,NINOCESHNGB,,,,,,,,,,,,,,,,,,,0,,,,,,,,,,,,,,,,,,,,,,,,,,,,,,
KNOGLOTYO,KNOT GLOBAL LIMITED,Company,,JPTYO,KNOGLOTYO,,,,,,,,,,,,,,,,,,,,,,,,KNOGLOTYO,,,,,,,,,,,,,,,,,,,0,,,,,,,,,,,,,,,,,,,,,,,,,,,,,,
CTSINTSHA,CTS INTERNATIONAL TRANSPORTATION CO LTD,Company,,CNSHA,CTSINTSHA,,,,,,,,,,,,,,,,,,,,,,,,CTSINTSHA,,,,,,,,,,,,,,,,,,,0,,,,,,,,,,,,,,,,,,,,,,,,,,,,,,
DIAGLOCWT,DIAMOND GLOBAL LOGISTICS,Company,,GBCWT,DIAGLOCWT,,,,,,,,,,,,,,,,,,,,,www.diamondgloballogistics.co.uk,,,DIAGLOCWT,,,,csmith@diamondglobal.co.uk,,,,,,,,,,,,,,,0,,,,,,,,,,,,,,,,,,,,,,,,,,,,,,
TIGGLOTHP,TIGERS GLOBAL LOGISTICS LTD,Company,,GBTHP,TIGGLOTHP,,,,,,,,,,,,,,,,,,,,,,,,TIGGLOTHP,,,,,,,,,,,,,,,,,,,0,,,,,,,,,,,,,,,,,,,,,,,,,,,,,,
ARTPRO_NO,ARTISTI PROFIL AS,Company,,NOOSL,ARTPRO_NO,,,,,,,,,,,,,,,,,,,,,,,,ARTPRO_NO,,,,,,,,,,,,,,,,,,,0,,,,,,,,,,,,,,,,,,,,,,,,,,,,,,
RISSHIHKG,RISETECH SHIPPING INT'L LTD.,Company,,HKHKG,RISSHIHKG,,,,,,,,,,,,,,,,,,,,,,,,RISSHIHKG,,,,,,,,,,,,,,,,,,,0,,,,,,,,,,,,,,,,,,,,,,,,,,,,,,
CARINTDAC,CARGOPLAN INTERNATIONAL,Company,,BDDAC,CARINTDAC,,,,,,,,,,,,,,,,,,,,,,,,CARINTDAC,,,,,,,,,,,,,,,,,,,0,,,,,,,,,,,,,,,,,,,,,,,,,,,,,,
JACLOGTLV,JACKYLINE LOGISTICS LTD,Company,,ILTLV,JACLOGTLV,,,,,,,,,,,,,,,,,,,,,www.jackyline.com,,,JACLOGTLV,,,,,,,,,,,,,,,,,,,0,,,,,,,,,,,,,,,,,,,,,,,,,,,,,,
MAUWARBTS,MAURICE WARD & CO SRO,Company,,SKBTS,MAUWARBTS,,,,,,,,,,,,,,,,,,,,,,,,MAUWARBTS,,,,,,,,,,,,,,,,,,,0,,,,,,,,,,,,,,,,,,,,,,,,,,,,,,
NYCDEPEWR,NYC DEPARTMENT OF FINANCE,Company,,USEWR,NYCDEPEWR,,,,,,,,,,,,,,,,,,,,,,,,NYCDEPEWR,,,,,,,,,,,,,,,,,,,0,,,,,,,,,,,,,,,,,,,,,,,,,,,,,,
VINLOGSIN,VINFLAIR LOGISTICS (S) PTE LTD.,Company,,SGSIN,VINLOGSIN,,,,,,,,,,,,,,,,,,,,,,,,VINLOGSIN,,,,,,,,,,,,,,,,,,,0,,,,,,,,,,,,,,,,,,,,,,,,,,,,,,
WORTRAHUA,WORLD TRADE FREIGHT AGENCIES (GUANGDONG) LTD,Company,,CNHUA,WORTRAHUA,,,,,,,,,,,,,,,,,,,,,,,,WORTRAHUA,,,,,,,,,,,,,,,,,,,0,,,,,,,,,,,,,,,,,,,,,,,,,,,,,,
UNIEXPKHH,UNITED EXPRESS HOLDING CO. LTD. (KAOSHIUNG),Company,,TWKHH,UNIEXPKHH,,,,,,,,,,,,,,,,,,,,,,,,UNIEXPKHH,,,,,,,,,,,,,,,,,,,0,,,,,,,,,,,,,,,,,,,,,,,,,,,,,,
FLYJSHSHA,"FLYING J (SHANGHAI)INTERNATIONAL LOGISTICS CO.,LTD",Company,,CNSHA,FLYJSHSHA,,,,,,,,,,,,,,,,,,,,,,,,FLYJSHSHA,,,,,,,,,,,,,,,,,,,0,,,,,,,,,,,,,,,,,,,,,,,,,,,,,,
NGUTRASGN,NGUYEN TRAN KHANH HOANG,Company,,VNSGN,NGUTRASGN,,,,,,,,,,,,,,,,,,,,,,,,NGUTRASGN,,,,,,,,,,,,,,,,,,,0,,,,,,,,,,,,,,,,,,,,,,,,,,,,,,
GREENCGOT,GREENCARRIER SWEDEN AB,Company,,SEGOT,GREENCGOT,,,,,,,,,,,,,,,,,,,,,,,,GREENCGOT,,,,,,,,,,,,,,,,,,,0,,,,,,,,,,,,,,,,,,,,,,,,,,,,,,
VENRAYCEB,VEN RAY CONSTRUCTION,Company,,PHCEB,VENRAYCEB,,,,,,,,,,,,,,,,,,,,,,,,VENRAYCEB,,,,,,,,,,,,,,,,,,,0,,,,,,,,,,,,,,,,,,,,,,,,,,,,,,
GRESCASFT,GREENCARRIER SCANDINAVIA AB,Company,,SESFT,GRESCASFT,,,,,,,,,,,,,,,,,,,,,,,,GRESCASFT,,,email:see contact,,,,,,,,,,,,,,,,0,,,,,,,,,,,,,,,,,,,,,,,,,,,,,,
MAIUSAPLMIA,MAINFREIGHT USA (FORMERLY TARGET LOG.),Company,,USMIA,MAIUSAPLMIA,,,,,,,,,,,,,,,,,,,,,,,,MAIUSAPLMIA,,,,mco.international@mainfreightusa.com,,,,,,,,,,,,,,,0,,,,,,,,,,,,,,,,,,,,,,,,,,,,,,
PACTRANYC,PACIFIC TRANSIT SERVICES INC.,Company,,USNYC,PACTRANYC,,,,,,,,,,,,,,,,,,,,,,,,PACTRANYC,,,,,,,,,,,,,,,,,,,0,,,,,,,,,,,,,,,,,,,,,,,,,,,,,,
VCKLOGAMS,VCK LOGISTICS AIRFREIGHT B.V,Company,,NLAMS,VCKLOGAMS,,,,,,,,,,,,,,,,,,,,,www.vcklogistics.nl,,,VCKLOGAMS,,,,info.air@vcklogistics.nl,,,,,,,,,,,,,,,0,,,,,,,,,,,,,,,,,,,,,,,,,,,,,,
TIAYUETSN,TIANJIN YUEXIN LOGISTICS DEVELOMENT CO,Company,,CNTSN,TIAYUETSN,,,,,,,,,,,,,,,,,,,,,,,,TIAYUETSN,,,,tsn@yuexin-logistics.com,,,,,,,,,,,,,,,0,,,,,,,,,,,,,,,,,,,,,,,,,,,,,,
ARIGLOHPL,ARIE GLOBAL LOGISTICS,Company,,USHPL,ARIGLOHPL,,,,,,,,,,,,,,,,,,,,,,,,ARIGLOHPL,,,,,,,,,,,,,,,,,,,0,,,,,,,,,,,,,,,,,,,,,,,,,,,,,,
TRAFREDXB,TRANS FREIGHT LLC - AIR DEPT,Company,,AEDXB,TRAFREDXB,,,,,,,,,,,,,,,,,,,,,www.transfreightdubai.com,,,TRAFREDXB,,,,air1@transfreightdubai.com,,,,,,,,,,,,,,,0,,,,,,,,,,,,,,,,,,,,,,,,,,,,,,
KAILOGNKG,"KAITONG LOGISTICS CO., LTD.",Company,,CNNKG,KAILOGNKG,,,,,,,,,,,,,,,,,,,,,www.kaitong.net,,,KAILOGNKG,,,,nvocc@kaitong.net,,,,,,,,,,,,,,,0,,,,,,,,,,,,,,,,,,,,,,,,,,,,,,
SHEWINSHG,SHENZHEN WINSTAR INT'L LOGISTICS CO. LTD,Company,,CNSHG,SHEWINSHG,,,,,,,,,,,,,,,,,,,,,,,,SHEWINSHG,,,,,,,,,,,,,,,,,,,0,,,,,,,,,,,,,,,,,,,,,,,,,,,,,,
MIASPAMIL,MIAMEX SPA,Company,,ITMIL,MIASPAMIL,,,,,,,,,,,,,,,,,,,,,,,,MIASPAMIL,,,,scamisaschi@maimex.it,,,,,,,,,,,,,,,0,,,,,,,,,,,,,,,,,,,,,,,,,,,,,,
KORGLSAFE,"KOREA GLS, INC.",Company,,KRSEL,KORGLSAFE,,,,,,,,,,,,,,,,,,,,,,,,KORGLSAFE,,,+821085136738,emily@koreagls.co.kr,,,,,,,,,,,,,,,0,,,,,,,,,,,,,,,,,,,,,,,,,,,,,,
MILLOGCPI,MILESTONE LOGISTICS,Company,,NLCPI,MILLOGCPI,,,,,,,,,,,,,,,,,,,,,,,,MILLOGCPI,,,,,,,,,,,,,,,,,,,0,,,,,,,,,,,,,,,,,,,,,,,,,,,,,,
ALKUTBRUH,AL-KUTBI FOR INT'L BUSINESS AS AGENT 0F SAIMA AVANDERO,Company,,SARUH,ALKUTBRUH,,,,,,,,,,,,,,,,,,,,,,,,ALKUTBRUH,,,,,,,,,,,,,,,,,,,0,,,,,,,,,,,,,,,,,,,,,,,,,,,,,,
EASINTCDG,EAS INTERNATIONAL C/O LTC,Company,,FRCDG,EASINTCDG,,,,,,,,,,,,,,,,,,,,,,,,EASINTCDG,,,,,,,,,,,,,,,,,,,0,,,,,,,,,,,,,,,,,,,,,,,,,,,,,,
SETINTIST,SETRANS INTERNATIONAL TRANSPORT GROUP,Company,,TRIST,SETINTIST,,,,,,,,,,,,,,,,,,,,,,,,SETINTIST,,,,setrans@setrans.com,,,,,,,,,,,,,,,0,,,,,,,,,,,,,,,,,,,,,,,,,,,,,,
CESFRELIV,CESARE FREMURA SRLU,Company,,ITLIV,CESFRELIV,,,,,,,,,,,,,,,,,,,,,,,,CESFRELIV,,,,,,,,,,,,,,,,,,,0,,,,,,,,,,,,,,,,,,,,,,,,,,,,,,
UNIFREVAR,UNIMASTER FREIGHT EXPRESS,Company,,BGVAR,UNIFREVAR,,,,,,,,,,,,,,,,,,,,,,,,UNIFREVAR,,,+35952665537,ocean.import@unimaster.com,,,,,,,,,,,,,,,0,,,,,,,,,,,,,,,,,,,,,,,,,,,,,,
ARRCARHAM,ARROW CARGO E.K.,Company,,DEHAM,ARRCARHAM,,,,,,,,,,,,,,,,,,,,,,,,ARRCARHAM,,,,,,,,,,,,,,,,,,,0,,,,,,,,,,,,,,,,,,,,,,,,,,,,,,
LINFORHKG,LINK FORCE CARGO LIMITED,Company,,HKHKG,LINFORHKG,,,,,,,,,,,,,,,,,,,,,,,,LINFORHKG,,,,lfc@linkforce.com.hk,,,,,,,,,,,,,,,0,,,,,,,,,,,,,,,,,,,,,,,,,,,,,,
YONGYMNGB,"YONGKANG GYM SPORTS EQUIPMENT CO., LTD",Company,,CNNGB,YONGYMNGB,,,,,,,,,,,,,,,,,,,,,,,,YONGYMNGB,,,,,,,,,,,,,,,,,,,0,,,,,,,,,,,,,,,,,,,,,,,,,,,,,,
SEBSRLVIZ,SEBI S.R.L,Company,,ITVIZ,SEBSRLVIZ,,,,,,,,,,,,,,,,,,,,,,,,SEBSRLVIZ,,,,,,,,,,,,,,,,,,,0,,,,,,,,,,,,,,,,,,,,,,,,,,,,,,
SDBSELAFE,"SD BIOSENSOR, INC.",Company,,KRSEL,SDBSELAFE,,,,,,,,,,,,,,,,,,,,,,,,SDBSELAFE,,,,gilbert@sdbiosensor.com,,,,,,,,,,,,,,,0,,,,,,,,,,,,,,,,,,,,,,,,,,,,,,
ARTFINAFE,ARTFX FINE ART SERVICES LTD,Company,,GBPME,ARTFINAFE,,,,,,,,,,,,,,,,,,,,,,,,ARTFINAFE,,,,cmc@artfxltd.com,,,,,,,,,,,,,,,0,,,,,,,,,,,,,,,,,,,,,,,,,,,,,,
CALSHISIN,CALSHIP (SINGAPORE) PTE LTD,Company,,SGSIN,CALSHISIN,,,,,,,,,,,,,,,,,,,,,,,,CALSHISIN,,,,,,,,,,,,,,,,,,,0,,,,,,,,,,,,,,,,,,,,,,,,,,,,,,
BOWLERFXT,BOWLER GROUP LTD,Company,,GBFXT,BOWLERFXT,,,,,,,,,,,,,,,,,,,,,,,,BOWLERFXT,,,,,,,,,,,,,,,,,,,0,,,,,,,,,,,,,,,,,,,,,,,,,,,,,,
TRACONBKK,TRANSACTION CONTAINER LINES THAILAND,Company,,THBKK,TRACONBKK,,,,,,,,,,,,,,,,,,,,,,,,TRACONBKK,,,,,,,,,,,,,,,,,,,0,,,,,,,,,,,,,,,,,,,,,,,,,,,,,,
BREINGMNL,BRENNTAG INGREDIENTS INC.,Company,,PHMNL,BREINGMNL,,,,,,,,,,,,,,,,,,,,,,,,BREINGMNL,,,,,,,,,,,,,,,,,,,0,,,,,,,,,,,,,,,,,,,,,,,,,,,,,,
RIMLOGMIA,RIM LOGISTICS LTD.,Company,,USMIA,RIMLOGMIA,,,,,,,,,,,,,,,,,,,,,,,,RIMLOGMIA,,,,,,,,,,,,,,,,,,,0,,,,,,,,,,,,,,,,,,,,,,,,,,,,,,
FERSPAGOA,FERCAM SPA,Company,,ITGOA,FERSPAGOA,,,,,,,,,,,,,,,,,,,,,,,,FERSPAGOA,,,,,,,,,,,,,,,,,,,0,,,,,,,,,,,,,,,,,,,,,,,,,,,,,,
TIGUSAATL,TIGERS (USA) GLOBAL LOGISTICS,Company,,USATL,TIGUSAATL,,,,,,,,,,,,,,,,,,,,,,,,TIGUSAATL,,,,,,,,,,,,,,,,,,,0,,,,,,,,,,,,,,,,,,,,,,,,,,,,,,
SHYLOGRTM,SHYPPLE LOGISTICS BV,Company,,NLRTM,SHYLOGRTM,,,,,,,,,,,,,,,,,,,,,,,,SHYLOGRTM,,,,ams.importair@shypple.com,,,,,,,,,,,,,,,0,,,,,,,,,,,,,,,,,,,,,,,,,,,,,,
QUASEADDG,QUALITAIRE & SEA,Company,,FRDDG,QUASEADDG,,,,,,,,,,,,,,,,,,,,,,,,QUASEADDG,,,,,,,,,,,,,,,,,,,0,,,,,,,,,,,,,,,,,,,,,,,,,,,,,,
ANDLOGLCO,ANDES LOGISTICS DE CHILLE S.A.,Company,,CLLCO,ANDLOGLCO,,,,,,,,,,,,,,,,,,,,,,,,ANDLOGLCO,,,,,,,,,,,,,,,,,,,0,,,,,,,,,,,,,,,,,,,,,,,,,,,,,,
HARINTAFE,HARLAS INT’L TRANSPORT SA,Company,,GRATH,HARINTAFE,,,,,,,,,,,,,,,,,,,,,,,,HARINTAFE,,,,exhibitions@harlas.gr,,,,,,,,,,,,,,,0,,,,,,,,,,,,,,,,,,,,,,,,,,,,,,
XTESINAFE,XTECH-RBN PTE LTD,Company,,SGSIN,XTESINAFE,,,,,,,,,,,,,,,,,,,,,,,,XTESINAFE,,,,,,,,,,,,,,,,,,,0,,,,,,,,,,,,,,,,,,,,,,,,,,,,,,
APTXFNAFE,"APT SHOWFREIGHT SHANGHAI CO., LTD – XIAMEN, PR CHINA",Company,,CNXIA,APTXFNAFE,,,,,,,,,,,,,,,,,,,,,,,,APTXFNAFE,,,,Jessica.wang@aptshowfreight.com,,,,,,,,,,,,,,,0,,,,,,,,,,,,,,,,,,,,,,,,,,,,,,
GENTRAIST,GENEL TRANSPORT NAKLIYAT VE TIC LTD. STI,Company,,TRIST,GENTRAIST,,,,,,,,,,,,,,,,,,,,,www.geneltransport.com.tr,,,GENTRAIST,,,,info@geneltransport.com.tr,,,,,,,,,,,,,,,0,,,,,,,,,,,,,,,,,,,,,,,,,,,,,,
KAMINTVGI,KAMINO INTERNATIONAL TRANSPORT INC.,Company,,USVGI,KAMINTVGI,,,,,,,,,,,,,,,,,,,,,,,,KAMINTVGI,,,,,,,,,,,,,,,,,,,0,,,,,,,,,,,,,,,,,,,,,,,,,,,,,,
USWORLCVG,"U.S. WORLDWIDE LOGISTICS, INC.",Company,,USCVG,USWORLCVG,,,,,,,,,,,,,,,,,,,,,,,,USWORLCVG,,,,,,,,,,,,,,,,,,,0,,,,,,,,,,,,,,,,,,,,,,,,,,,,,,
ALLWAYTPE,"ALL THE WAY EXPRESS (TAIWAN ) CO., LTD.",Company,,TWTPE,ALLWAYTPE,,,,,,,,,,,,,,,,,,,,,www.allthewayexpress.com,,,ALLWAYTPE,,,,angel@alltheway.com.tw,,,,,,,,,,,,,,,0,,,,,,,,,,,,,,,,,,,,,,,,,,,,,,
ONEWORSHE,"ONE WORLD LOGISTICS (DALIAN) CO., LTD.",Company,,CNSHE,ONEWORSHE,,,,,,,,,,,,,,,,,,,,,,,,ONEWORSHE,,,,,,,,,,,,,,,,,,,0,,,,,,,,,,,,,,,,,,,,,,,,,,,,,,
MEGSHISEL,MEGA SHIPPING & AIR FREIGHT CORP.,Company,,KRSEL,MEGSHISEL,,,,,,,,,,,,,,,,,,,,,,,,MEGSHISEL,,,,megashpg@nownuri.net,,,,,,,,,,,,,,,0,,,,,,,,,,,,,,,,,,,,,,,,,,,,,,
TMCCONHKG,TMCL CONTAINER LINE LTD.,Company,,HKHKG,TMCCONHKG,,,,,,,,,,,,,,,,,,,,,,,,TMCCONHKG,,,,,,,,,,,,,,,,,,,0,,,,,,,,,,,,,,,,,,,,,,,,,,,,,,
ATEFRAAFE,ATEGE GMBH,Company,,DEFRA,ATEFRAAFE,,,,,,,,,,,,,,,,,,,,,,,,ATEFRAAFE,,,+491736778500,Bernd.Keil@gondrand-logistics.com,,,,,,,,,,,,,,,0,,,,,,,,,,,,,,,,,,,,,,,,,,,,,,
AIRSEAHAM,AIR & SEA HADOLT GLOBAL EXPRESS AUSTRIA GMBH,Company,,DEHAM,AIRSEAHAM,,,,,,,,,,,,,,,,,,,,,,,,AIRSEAHAM,,,,,,,,,,,,,,,,,,,0,,,,,,,,,,,,,,,,,,,,,,,,,,,,,,
MIDAMEPIT1,"MID AMERICA OVERSEAS, INC.",Company,,USPIT,MIDAMEPIT1,,,,,,,,,,,,,,,,,,,,,,,,MIDAMEPIT1,,,,mao_sav@maoinc.com,,,,,,,,,,,,,,,0,,,,,,,,,,,,,,,,,,,,,,,,,,,,,,
SPALOGLIL,SPARX LOGISTICS FRANCE,Company,,FRLLE,SPALOGLIL,,,,,,,,,,,,,,,,,,,,,,,,SPALOGLIL,,,+33761723266,,,,,,,,,,,,,,,,0,,,,,,,,,,,,,,,,,,,,,,,,,,,,,,
PDSINT,PDS INTERNATIONAL PVT. LTD.,Company,,INBOM,PDSINT,,,,,,,,,,,,,,,,,,,,,,,,PDSINT,,,,,,,,,,,,,,,,,,,0,,,,,,,,,,,,,,,,,,,,,,,,,,,,,,
BEIAPCBJS,BEIJING APC INT'L A/S FORWARDING CO.LTD,Company,,CNBJS,BEIAPCBJS,,,,,,,,,,,,,,,,,,,,,,,,BEIAPCBJS,,,,jun.kang@apcbj.com.cn,,,,,,,,,,,,,,,0,,,,,,,,,,,,,,,,,,,,,,,,,,,,,,
DECOEXZAZ,DECOEXSA ZARAGOZA,Company,,ESZAZ,DECOEXZAZ,,,,,,,,,,,,,,,,,,,,,,,,DECOEXZAZ,,,,,,,,,,,,,,,,,,,0,,,,,,,,,,,,,,,,,,,,,,,,,,,,,,
CLASQUGER,CLASQUIN GERMANY GMBH,Company,,DEFRA,CLASQUGER,,,,,,,,,,,,,,,,,,,,,,,,CLASQUGER,,,,,,,,,,,,,,,,,,,0,,,,,,,,,,,,,,,,,,,,,,,,,,,,,,
ZHESUNSZX,ZHEJIANG SUNMARR INT'L TRANSPORTATION CO. LTD,Company,,CNSZX,ZHESUNSZX,,,,,,,,,,,,,,,,,,,,,,,,ZHESUNSZX,,,,,,,,,,,,,,,,,,,0,,,,,,,,,,,,,,,,,,,,,,,,,,,,,,
CERLLEH,C.E.R.L,Company,,FRLEH,CERLLEH,,,,,,,,,,,,,,,,,,,,,www.cerl.fr,,,CERLLEH,,,,,,,,,,,,,,,,,,,0,,,,,,,,,,,,,,,,,,,,,,,,,,,,,,
INTTRA_MY,INTERGLOBO TRANSUNION (M) SDN BHD,Company,,MYPEN,INTTRA_MY,,,,,,,,,,,,,,,,,,,,,,,,INTTRA_MY,,,,,,,,,,,,,,,,,,,0,,,,,,,,,,,,,,,,,,,,,,,,,,,,,,
COSLOGSWA,COSCO LOGISTICS SHANTOU,Company,,CNSWA,COSLOGSWA,,,,,,,,,,,,,,,,,,,,,,,,COSLOGSWA,,,,freight@cosco-logisticsst.com,,,,,,,,,,,,,,,0,,,,,,,,,,,,,,,,,,,,,,,,,,,,,,
DAVTURSOU,DAVIES TURNER AND CO LIMITED,Company,,GBSOU,DAVTURSOU,,,,,,,,,,,,,,,,,,,,,,,,DAVTURSOU,,,,,,,,,,,,,,,,,,,0,,,,,,,,,,,,,,,,,,,,,,,,,,,,,,
TRADRABJS,TRANS DRAGON INTERNATIONAL CO.,Company,,CNBJS,TRADRABJS,,,,,,,,,,,,,,,,,,,,,,,,TRADRABJS,,,,,,,,,,,,,,,,,,,0,,,,,,,,,,,,,,,,,,,,,,,,,,,,,,
HYLGUACAN,HYL - GUANGZHOU HAYONEX LOGISTICS CO.,Company,,CNCAN,HYLGUACAN,,,,,,,,,,,,,,,,,,,,,,,,HYLGUACAN,,,,cooperation3@hyl-logistics.com,,,,,,,,,,,,,,,0,,,,,,,,,,,,,,,,,,,,,,,,,,,,,,
VCKLOGSPL,VCK LOGISTICS AIRFREIGHT B.V,Company,,NLSPL,VCKLOGSPL,,,,,,,,,,,,,,,,,,,,,,,,VCKLOGSPL,,,,,,,,,,,,,,,,,,,0,,,,,,,,,,,,,,,,,,,,,,,,,,,,,,
GONFRENTE,GONDRAND FRERES,Company,,FRNTE,GONFRENTE,,,,,,,,,,,,,,,,,,,,,,,,GONFRENTE,,,,gondrand.nte@libertysurf.fr,,,,,,,,,,,,,,,0,,,,,,,,,,,,,,,,,,,,,,,,,,,,,,
WORSERKPO,WORLDTRANS SERVICE LTD.,Company,,KRKPO,WORSERKPO,,,,,,,,,,,,,,,,,,,,,,,,WORSERKPO,,,,worldtra@chol.com,,,,,,,,,,,,,,,0,,,,,,,,,,,,,,,,,,,,,,,,,,,,,,
ESTASHKLD,E.S.T. A.S (HEAD OFFICE),Company,,CZKLD,ESTASHKLD,,,,,,,,,,,,,,,,,,,,,,,,ESTASHKLD,,,,est@st.cz,,,,,,,,,,,,,,,0,,,,,,,,,,,,,,,,,,,,,,,,,,,,,,
TRASHISFO,TRANSCON SHIPPING CO INC.,Company,,USSFO,TRASHISFO,,,,,,,,,,,,,,,,,,,,,,,,TRASHISFO,,,,SFO@TransconShipping.com,,,,,,,,,,,,,,,0,,,,,,,,,,,,,,,,,,,,,,,,,,,,,,
DALJCTLAX,"DALIAN JCTRANS LOGISTICS NETWORK CO., LTD",Company,,USLAX,DALJCTLAX,,,,,,,,,,,,,,,,,,,,,,,,DALJCTLAX,,,,,,,,,,,,,,,,,,,0,,,,,,,,,,,,,,,,,,,,,,,,,,,,,,
QINTIETAO,"QINGDAO TIEQI INTERNATIONAL LOGISTICS CO., LTD",Company,,CNTAO,QINTIETAO,,,,,,,,,,,,,,,,,,,,,,,,QINTIETAO,,,+8615054206985,,,,,,,,,,,,,,,,0,,,,,,,,,,,,,,,,,,,,,,,,,,,,,,
CENCARRMI,CENTRAL CARGO SRL,Company,,ITRMI,CENCARRMI,,,,,,,,,,,,,,,,,,,,,,,,CENCARRMI,,,,,,,,,,,,,,,,,,,0,,,,,,,,,,,,,,,,,,,,,,,,,,,,,,
MAIUSALAX,MAINFREIGHT USA (FORMERLY TARGET LOGISTICS SVCS),Company,,USLAX,MAIUSALAX,,,,,,,,,,,,,,,,,,,,,,,,MAIUSALAX,,,,,,,,,,,,,,,,,,,0,,,,,,,,,,,,,,,,,,,,,,,,,,,,,,
TRALUCTPE,TRANS LUCK GLOBAL LOGISTICS,Company,,TWTPE,TRALUCTPE,,,,,,,,,,,,,,,,,,,,,,,,TRALUCTPE,,,,rita.hsu@transluckglobal.com,,,,,,,,,,,,,,,0,,,,,,,,,,,,,,,,,,,,,,,,,,,,,,
HONUNIKHH,HONGKONG UNITED EXPRESS HOLDING COMPANY LTD.,Company,,TWKHH,HONUNIKHH,,,,,,,,,,,,,,,,,,,,,,,,HONUNIKHH,,,,,,,,,,,,,,,,,,,0,,,,,,,,,,,,,,,,,,,,,,,,,,,,,,
MATTRABRN,MAT TRANSPORT AG,Company,,CHBRN,MATTRABRN,,,,,,,,,,,,,,,,,,,,,,,,MATTRABRN,,,,mat.transport@viamat.com,,,,,,,,,,,,,,,0,,,,,,,,,,,,,,,,,,,,,,,,,,,,,,
VILAGEVLI,VILA AGENTS LIMITED,Company,,VUVLI,VILAGEVLI,,,,,,,,,,,,,,,,,,,,,,,,VILAGEVLI,,,,,,,,,,,,,,,,,,,0,,,,,,,,,,,,,,,,,,,,,,,,,,,,,,
FIBLOGBOM,FIBS LOGISTICS INDIA PVT. LTD.,Company,,INBOM,FIBLOGBOM,,,,,,,,,,,,,,,,,,,,,,,,FIBLOGBOM,,,,swapnil.narkar@fibs-logistics.com,,,,,,,,,,,,,,,0,,,,,,,,,,,,,,,,,,,,,,,,,,,,,,
REGSHISYD,REGIONAL SHIPPING SERVICES PTY LTD,Company,,AUSYD,REGSHISYD,,,,,,,,,,,,,,,,,,,,,,,,REGSHISYD,,,,,,,,,,,,,,,,,,,0,,,,,,,,,,,,,,,,,,,,,,,,,,,,,,
SUNSHIMUB,SUNRAYS SHIPPING SERVICES PVT. LTD,Company,,INMUB,SUNSHIMUB,,,,,,,,,,,,,,,,,,,,,www.sunraysshipping.com,,,SUNSHIMUB,,,,,,,,,,,,,,,,,,,0,,,,,,,,,,,,,,,,,,,,,,,,,,,,,,
SIMCARSOF,SIMPLY CARGO LOGISTICS INTERNATIONAL,Company,,BGSOF,SIMCARSOF,,,,,,,,,,,,,,,,,,,,,,,,SIMCARSOF,,,+36204669192,tibor.biro@simply-cargo.com,,,,,,,,,,,,,,,0,,,,,,,,,,,,,,,,,,,,,,,,,,,,,,
YSLAGESEL,"YSL AGENCY CO., LTD",Company,,KRSEL,YSLAGESEL,,,,,,,,,,,,,,,,,,,,,,,,YSLAGESEL,,,,,,,,,,,,,,,,,,,0,,,,,,,,,,,,,,,,,,,,,,,,,,,,,,
DEWFRESRG,PT DEWATA FREIGHT INTERNATIONAL,Company,,IDSRG,DEWFRESRG,,,,,,,,,,,,,,,,,,,,,,,,DEWFRESRG,,,,,,,,,,,,,,,,,,,0,,,,,,,,,,,,,,,,,,,,,,,,,,,,,,
INTSPEMUC,INTERNATIONALE SPEDITION GMBH & CO. KG,Company,,DEMUC,INTSPEMUC,,,,,,,,,,,,,,,,,,,,,,,,INTSPEMUC,,,,,,,,,,,,,,,,,,,0,,,,,,,,,,,,,,,,,,,,,,,,,,,,,,
STRTRAZRH,STRECK TRANSPORT AG,Company,,CHZRH,STRTRAZRH,,,,,,,,,,,,,,,,,,,,,,,,STRTRAZRH,,,,,,,,,,,,,,,,,,,0,,,,,,,,,,,,,,,,,,,,,,,,,,,,,,
MIDAMEBJS,"MID AMERICA OVERSEAS, INC.",Company,,CNBJS,MIDAMEBJS,,,,,,,,,,,,,,,,,,,,,,,,MIDAMEBJS,,,,maobjs@mao.com.hk,,,,,,,,,,,,,,,0,,,,,,,,,,,,,,,,,,,,,,,,,,,,,,
WINCA2AFE,"WINN EXPO SPLUTIONS, INC.",Company,,USCA2,WINCA2AFE,,,,,,,,,,,,,,,,,,,,,,,,WINCA2AFE,,,,kevin@winnexpo.com,,,,,,,,,,,,,,,0,,,,,,,,,,,,,,,,,,,,,,,,,,,,,,
UNLEXPTPE,UNLIMITED EXPRESS (TAIWAN) CORP,Company,,TWTPE,UNLEXPTPE,,,,,,,,,,,,,,,,,,,,,,,,UNLEXPTPE,,,,,,,,,,,,,,,,,,,0,,,,,,,,,,,,,,,,,,,,,,,,,,,,,,
WINCARTPE,"WING CARGO SYSTEMS CO., LTD",Company,,TWTPE,WINCARTPE,,,,,,,,,,,,,,,,,,,,,,,,WINCARTPE,,,,,,,,,,,,,,,,,,,0,,,,,,,,,,,,,,,,,,,,,,,,,,,,,,
ALLPORSYD,ALL PORTS INTERNATIONAL LOGISTICS (NSW),Company,,AUSYD,ALLPORSYD,,,,,,,,,,,,,,,,,,,,,,,,ALLPORSYD,,,,syd@allports.com.au,,,,,,,,,,,,,,,0,,,,,,,,,,,,,,,,,,,,,,,,,,,,,,
WINSPTRAHKG,WINSPEED TRADING (HK) LIMITED,Company,,HKHKG,WINSPTRAHKG,,,,,,,,,,,,,,,,,,,,,,,,WINSPTRAHKG,,,,,,,,,,,,,,,,,,,0,,,,,,,,,,,,,,,,,,,,,,,,,,,,,,
ZHEJIUNGB,ZHEJIANG JIUCHONG DOORS INDUSTRY CO. LTD.,Company,,CNNGB,ZHEJIUNGB,,,,,,,,,,,,,,,,,,,,,,,,ZHEJIUNGB,,,,,,,,,,,,,,,,,,,0,,,,,,,,,,,,,,,,,,,,,,,,,,,,,,
EASIMACMN,EASIMAR,Company,,MACAS,EASIMACMN,,,,,,,,,,,,,,,,,,,,,,,,EASIMACMN,,,,,,,,,,,,,,,,,,,0,,,,,,,,,,,,,,,,,,,,,,,,,,,,,,
ESTSASKLD,E.S.T. S.A (SEAFREIGHT OFFICE),Company,,CZKLD,ESTSASKLD,,,,,,,,,,,,,,,,,,,,,,,,ESTSASKLD,,,,,,,,,,,,,,,,,,,0,,,,,,,,,,,,,,,,,,,,,,,,,,,,,,
SPEGLOGDY,SPEDMAN GLOBAL LOGISTICS S.P ZOO,Company,,PLGDY,SPEGLOGDY,,,,,,,,,,,,,,,,,,,,,,,,SPEGLOGDY,,,,,,,,,,,,,,,,,,,0,,,,,,,,,,,,,,,,,,,,,,,,,,,,,,
FRESYSNSA,FREIGHT SYSTEMS INDIA,Company,,INNSA,FRESYSNSA,,,,,,,,,,,,,,,,,,,,,,,,FRESYSNSA,,,,,,,,,,,,,,,,,,,0,,,,,,,,,,,,,,,,,,,,,,,,,,,,,,
FRESYSCCU,FREIGHT SYSTEMS (INDIA) PVT. LTD,Company,,INCCU,FRESYSCCU,,,,,,,,,,,,,,,,,,,,,,,,FRESYSCCU,,,,SOMESH.INCCU@FREIGHTSYSTEM.COM,,,,,,,,,,,,,,,0,,,,,,,,,,,,,,,,,,,,,,,,,,,,,,
UNIINTXMN,UNITEX INTERNATIONAL FORWARDING (XIAMEN) LIMITED,Company,,CNXMN,UNIINTXMN,,,,,,,,,,,,,,,,,,,,,,,,UNIINTXMN,,,,ia_xmn@uif.com.hk,,,,,,,,,,,,,,,0,,,,,,,,,,,,,,,,,,,,,,,,,,,,,,
UTLINEJED,UT LINES,Company,,SAJED,UTLINEJED,,,,,,,,,,,,,,,,,,,,,,,,UTLINEJED,,,,,,,,,,,,,,,,,,,0,,,,,,,,,,,,,,,,,,,,,,,,,,,,,,
PAXGLOTSN,"PAX GLOBAL CARGO, INC. TIANJIN BRANCH",Company,,CNTSN,PAXGLOTSN,,,,,,,,,,,,,,,,,,,,,,,,PAXGLOTSN,,,,,,,,,,,,,,,,,,,0,,,,,,,,,,,,,,,,,,,,,,,,,,,,,,
PTAMAPSUB,PT AMASNUSA PERSADA,Company,,IDSUB,PTAMAPSUB,,,,,,,,,,,,,,,,,,,,,,,,PTAMAPSUB,,,,cncsby@sby.rad.net.id,,,,,,,,,,,,,,,0,,,,,,,,,,,,,,,,,,,,,,,,,,,,,,
EXPINTHHR,EXPEDITORS INTL AXP,Company,,USHHR,EXPINTHHR,,,,,,,,,,,,,,,,,,,,,,,,EXPINTHHR,,,,,,,,,,,,,,,,,,,0,,,,,,,,,,,,,,,,,,,,,,,,,,,,,,
ALBNEWAKL,ALBATRANS NEW ZEALAND LTD.,Company,,NZAKL,ALBNEWAKL,,,,,,,,,,,,,,,,,,,,,,,,ALBNEWAKL,,,,g.patterson@albatrans.com.nz,,,,,,,,,,,,,,,0,,,,,,,,,,,,,,,,,,,,,,,,,,,,,,
UNIEXPHKG,UNITED EXPRESS HOLDING CO. LTD.,Company,,HKHKG,UNIEXPHKG,,,,,,,,,,,,,,,,,,,,,,,,UNIEXPHKG,,,,general@unitedexpress.com.hk,,,,,,,,,,,,,,,0,,,,,,,,,,,,,,,,,,,,,,,,,,,,,,
ABIMOVYYZ,ABILITY MOVING & TRANSFER LTD.,Company,,CAYYZ,ABIMOVYYZ,,,,,,,,,,,,,,,,,,,,,,,,ABIMOVYYZ,,,,,,,,,,,,,,,,,,,0,,,,,,,,,,,,,,,,,,,,,,,,,,,,,,
NAVFORAFE,"NAVIGATOR FORWARDING CO., LTD.",Company,,TWTPE,NAVFORAFE,,,,,,,,,,,,,,,,,,,,,,,,NAVFORAFE,,,,hquarter@transworldexpress.com.tw,,,,,,,,,,,,,,,0,,,,,,,,,,,,,,,,,,,,,,,,,,,,,,
KARLOJIST,KARGO LOJISTIK INT'L TRANSPORT&SHIPPING,Company,,TRIST,KARLOJIST,,,,,,,,,,,,,,,,,,,,,,,,KARLOJIST,,,,,,,,,,,,,,,,,,,0,,,,,,,,,,,,,,,,,,,,,,,,,,,,,,
TGOWOR,TGO WORLDWIDE INC.,Company,,KRBNP,TGOWOR,,,,,,,,,,,,,,,,,,,,,,,,TGOWOR,,,,,,,,,,,,,,,,,,,0,,,,,,,,,,,,,,,,,,,,,,,,,,,,,,
UNIPACCAN,UNITED PACIFIC SHIPPING LIMITED,Company,,CNCAN,UNIPACCAN,,,,,,,,,,,,,,,,,,,,,,,,UNIPACCAN,,,,,,,,,,,,,,,,,,,0,,,,,,,,,,,,,,,,,,,,,,,,,,,,,,
NINSMONGB,NINGBO SMOOTH SHIPPING CO. LTD\,Company,,CNNGB,NINSMONGB,,,,,,,,,,,,,,,,,,,,,www.66smooth.com,,,NINSMONGB,,,+8657138058439,gb@66smooth.com,,,,,,,,,,,,,,,0,,,,,,,,,,,,,,,,,,,,,,,,,,,,,,
QCSQUIDUS,QCS - QUICK CARGO SERVICE GMBH,Company,,DEDUS,QCSQUIDUS,,,,,,,,,,,,,,,,,,,,,,,,QCSQUIDUS,,,,,,,,,,,,,,,,,,,0,,,,,,,,,,,,,,,,,,,,,,,,,,,,,,
EXCEXIBOM,EXCEL EXIM SERVICES INDIA PRIVATE LIMITED,Company,,INBOM,EXCEXIBOM,,,,,,,,,,,,,,,,,,,,,,,,EXCEXIBOM,,,,,,,,,,,,,,,,,,,0,,,,,,,,,,,,,,,,,,,,,,,,,,,,,,
HELSHAAFE,HELU-TRANS (SH) PTE LTD,Company,,CNSHA,HELSHAAFE,,,,,,,,,,,,,,,,,,,,,,,,HELSHAAFE,,,,chrisfan@helutrans.cn,,,,,,,,,,,,,,,0,,,,,,,,,,,,,,,,,,,,,,,,,,,,,,
SCOLOGBKK,SCORPIO LOGISTICS CO. LTD,Company,,THBKK,SCOLOGBKK,,,,,,,,,,,,,,,,,,,,,,,,SCOLOGBKK,,,,operation@scorpiologistics.com,,,,,,,,,,,,,,,0,,,,,,,,,,,,,,,,,,,,,,,,,,,,,,
AFFENTCEB,AFFINITE ENTERPRISES,Company,,PHCEB,AFFENTCEB,,,,,,,,,,,,,,,,,,,,,,,,AFFENTCEB,,,,,,,,,,,,,,,,,,,0,,,,,,,,,,,,,,,,,,,,,,,,,,,,,,
SANSHISZX,SANCO SHIPPING LTD.,Company,,CNSZX,SANSHISZX,,,,,,,,,,,,,,,,,,,,,,,,SANSHISZX,,,,,,,,,,,,,,,,,,,0,,,,,,,,,,,,,,,,,,,,,,,,,,,,,,
NOALOGOPO,NOATUM LOGISTICS PORTUGAL UNIPESSOAL LDA,Company,,PTOPO,NOALOGOPO,,,,,,,,,,,,,,,,,,,,,,,,NOALOGOPO,,,,,,,,,,,,,,,,,,,0,,,,,,,,,,,,,,,,,,,,,,,,,,,,,,
KAUOYWHEL,KAUKOHUOLINTA OY (WIN MEMBER),Company,,FIHEL,KAUOYWHEL,,,,,,,,,,,,,,,,,,,,,,,,KAUOYWHEL,,,,Christina.Finnberg@kauko.com,,,,,,,,,,,,,,,0,,,,,,,,,,,,,,,,,,,,,,,,,,,,,,
INTCARSAKL,INTERNATIONAL CARGO SYSTEMS LIMITED,Company,,NZAKL,INTCARSAKL,,,,,,,,,,,,,,,,,,,,,,,,INTCARSAKL,,,,,,,,,,,,,,,,,,,0,,,,,,,,,,,,,,,,,,,,,,,,,,,,,,
TRAPACSGN,TRANS PACIFIC LOGISTICS JSC,Company,,VNSGN,TRAPACSGN,,,,,,,,,,,,,,,,,,,,,,,,TRAPACSGN,,,,,,,,,,,,,,,,,,,0,,,,,,,,,,,,,,,,,,,,,,,,,,,,,,
PENSHIDXB,PENINSULA SHIPPING COMPANY LLC(LOGISTICS DIVISION),Company,,AEDXB,PENSHIDXB,,,,,,,,,,,,,,,,,,,,,http://www.peninsula-shipping.com,,,PENSHIDXB,,,+971557621620,,,,,,,,,,,,,,,,0,,,,,,,,,,,,,,,,,,,,,,,,,,,,,,
GUITRANRT,GUINSHO TRADING CORPORATION,Company,,JPTYO,GUITRANRT,,,,,,,,,,,,,,,,,,,,,,,,GUITRANRT,,,,nakano@guinsho.co.jp,,,,,,,,,,,,,,,0,,,,,,,,,,,,,,,,,,,,,,,,,,,,,,
CLASHIMCT,CLARION SHIPPING SERVICES LLC,Company,,OMMCT,CLASHIMCT,,,,,,,,,,,,,,,,,,,,,,,,CLASHIMCT,,,,clarion@omantel.net.com,,,,,,,,,,,,,,,0,,,,,,,,,,,,,,,,,,,,,,,,,,,,,,
1UPCARSYD,1UP CARGO AUSTRALIA,Company,,AUSYD,1UPCARSYD,,,,,,,,,,,,,,,,,,,,,,,,1UPCARSYD,,,,,,,,,,,,,,,,,,,0,,,,,,,,,,,,,,,,,,,,,,,,,,,,,,
ALSTRAONO,ALSTOM TRANSPORT CANADA INC.,Company,,USONO,ALSTRAONO,,,,,,,,,,,,,,,,,,,,,,,,ALSTRAONO,,,,james.mahoney@transport.alstom.com,,,,,,,,,,,,,,,0,,,,,,,,,,,,,,,,,,,,,,,,,,,,,,
SENINTBUE,SENATOR INTERNATIONAL (ARGENTINA) S.A,Company,,ARBUE,SENINTBUE,,,,,,,,,,,,,,,,,,,,,,,,SENINTBUE,,,,,,,,,,,,,,,,,,,0,,,,,,,,,,,,,,,,,,,,,,,,,,,,,,
VANDERRHO,VAN DER HELM- HUDIG ROTTERDAM B.V.,Company,,NLRHO,VANDERRHO,,,,,,,,,,,,,,,,,,,,,,,,VANDERRHO,,,,,,,,,,,,,,,,,,,0,,,,,,,,,,,,,,,,,,,,,,,,,,,,,,
CYBSYSQUE,CYBERFREIGHT SYSTEMS INC.,Company,,CAQUE,CYBSYSQUE,,,,,,,,,,,,,,,,,,,,,,,,CYBSYSQUE,,,,,,,,,,,,,,,,,,,0,,,,,,,,,,,,,,,,,,,,,,,,,,,,,,
HUSZENSTM,"HUSQVARNA ZENOAH CO., LTD.",Company,,JPSTM,HUSZENSTM,,,,,,,,,,,,,,,,,,,,,,,,HUSZENSTM,,,,,,,,,,,,,,,,,,,0,,,,,,,,,,,,,,,,,,,,,,,,,,,,,,
BLSBREBRE,BLS BREMER LOGISTICS SERVICE GMBH,Company,,DEBRE,BLSBREBRE,,,,,,,,,,,,,,,,,,,,,,,,BLSBREBRE,,,,th.kuech@bls-bremen.de,,,,,,,,,,,,,,,0,,,,,,,,,,,,,,,,,,,,,,,,,,,,,,
PACINTTPE,PACIFIC INTEGRATED LOGISTICS CO. LTD.,Company,,TWTPE,PACINTTPE,,,,,,,,,,,,,,,,,,,,,,,,PACINTTPE,,,,,,,,,,,,,,,,,,,0,,,,,,,,,,,,,,,,,,,,,,,,,,,,,,
AMCARGMAD,AM CARGO REGION MANDRID S.L,Company,,ESMAD,AMCARGMAD,,,,,,,,,,,,,,,,,,,,,,,,AMCARGMAD,,,,,,,,,,,,,,,,,,,0,,,,,,,,,,,,,,,,,,,,,,,,,,,,,,
KAMINTRTM,KAMINO INT'L LOGISTICS BV,Company,,NLRTM,KAMINTRTM,,,,,,,,,,,,,,,,,,,,,,,,KAMINTRTM,,,,,,,,,,,,,,,,,,,0,,,,,,,,,,,,,,,,,,,,,,,,,,,,,,
INTSPAMOD,INTERCOSPED S.P.A (MODENA),Company,,ITMOD,INTSPAMOD,,,,,,,,,,,,,,,,,,,,,,,,INTSPAMOD,,,,,,,,,,,,,,,,,,,0,,,,,,,,,,,,,,,,,,,,,,,,,,,,,,
ALIINTHKG,ALISPED INTERNATIONAL FORWARDING LIMITED,Company,,HKHKG,ALIINTHKG,,,,,,,,,,,,,,,,,,,,,,,,ALIINTHKG,,,,,,,,,,,,,,,,,,,0,,,,,,,,,,,,,,,,,,,,,,,,,,,,,,
DAELOGICN,DAEHWA LOGISTICS,Company,,KRICN,DAELOGICN,,,,,,,,,,,,,,,,,,,,,,,,DAELOGICN,,,,,,,,,,,,,,,,,,,0,,,,,,,,,,,,,,,,,,,,,,,,,,,,,,
STEFREIST,STEIN FREIGHT LOJISTIK HIZMETLERI LIMITED SIRKETI,Company,,TRIST,STEFREIST,,,,,,,,,,,,,,,,,,,,,,,,STEFREIST,,,,,,,,,,,,,,,,,,,0,,,,,,,,,,,,,,,,,,,,,,,,,,,,,,
MFRLOGSIN,MFREIGHT LOGISTICS PTE LTD,Company,,SGSIN,MFRLOGSIN,,,,,,,,,,,,,,,,,,,,,,,,MFRLOGSIN,,,,,,,,,,,,,,,,,,,0,,,,,,,,,,,,,,,,,,,,,,,,,,,,,,
MENSCHHAM,MENZELL & CO SCHIFFSMAKLER (AGENT OF INDEPENDENT,Company,,DEHAM,MENSCHHAM,,,,,,,,,,,,,,,,,,,,,,,,MENSCHHAM,,,,,,,,,,,,,,,,,,,0,,,,,,,,,,,,,,,,,,,,,,,,,,,,,,
ROSCMECEB,ROSENDA C. MENDOZA C/O MYSTIC WATER PHILIPPINES,Company,,PHCEB,ROSCMECEB,,,,,,,,,,,,,,,,,,,,,,,,ROSCMECEB,,,,,,,,,,,,,,,,,,,0,,,,,,,,,,,,,,,,,,,,,,,,,,,,,,
MATTRAAFZRH,MAT TRANSPORT AG. (AIRFREIGHT),Company,,CHZRH,MATTRAAFZRH,,,,,,,,,,,,,,,,,,,,,www.viamat.com,,,MATTRAAFZRH,,,,mat.airfreight@viamat.com,,,,,,,,,,,,,,,0,,,,,,,,,,,,,,,,,,,,,,,,,,,,,,
DAIEXPLGB,DAIJIN EXPRESS LLC,Company,,USLGB,DAIEXPLGB,,,,,,,,,,,,,,,,,,,,,,,,DAIEXPLGB,,,,,,,,,,,,,,,,,,,0,,,,,,,,,,,,,,,,,,,,,,,,,,,,,,
CTFREIAKL,C.T. FREIGHT (N.Z.) LTD.,Company,,NZAKL,CTFREIAKL,,,,,,,,,,,,,,,,,,,,,,,,CTFREIAKL,,,,,,,,,,,,,,,,,,,0,,,,,,,,,,,,,,,,,,,,,,,,,,,,,,
POLINTIST,POLAR INTERNATIONAL TRANSPORT LTD CO.,Company,,TRIST,POLINTIST,,,,,,,,,,,,,,,,,,,,,,,,POLINTIST,,,,,,,,,,,,,,,,,,,0,,,,,,,,,,,,,,,,,,,,,,,,,,,,,,
UNILOGXMN,UNITEX LOGISTICS LIMITED,Company,,CNXMN,UNILOGXMN,,,,,,,,,,,,,,,,,,,,,www.unitex168.com,,,UNILOGXMN,,,,sandy_xmn@uif.com.hk,,,,,,,,,,,,,,,0,,,,,,,,,,,,,,,,,,,,,,,,,,,,,,
SGOLINJKT,PT SGO LINES,Company,,IDJKT,SGOLINJKT,,,,,,,,,,,,,,,,,,,,,,,,SGOLINJKT,,,,,,,,,,,,,,,,,,,0,,,,,,,,,,,,,,,,,,,,,,,,,,,,,,
STRTRAFRA1,STRECK TRANSPORTGES MBH,Company,,DEFRA,STRTRAFRA1,,,,,,,,,,,,,,,,,,,,,,,,STRTRAFRA1,,,,,,,,,,,,,,,,,,,0,,,,,,,,,,,,,,,,,,,,,,,,,,,,,,
PATINTHKG,"PATENT INTERNATIONAL LOGISTICS (HONG KONG) CO.,LTD",Company,,HKHKG,PATINTHKG,,,,,,,,,,,,,,,,,,,,,,,,PATINTHKG,,,,,,,,,,,,,,,,,,,0,,,,,,,,,,,,,,,,,,,,,,,,,,,,,,
GSASGN,G.S.A CO. LTD.,Company,,VNSGN,GSASGN,,,,,,,,,,,,,,,,,,,,,,,,GSASGN,,,,,,,,,,,,,,,,,,,0,,,,,,,,,,,,,,,,,,,,,,,,,,,,,,
MOVSYSINSEL,MOVEMAX SYSTEM INC.,Company,,KRSEL,MOVSYSINSEL,,,,,,,,,,,,,,,,,,,,,,,,MOVSYSINSEL,,,,movemax@hanmail.net,,,,,,,,,,,,,,,0,,,,,,,,,,,,,,,,,,,,,,,,,,,,,,
WELWORMIM,WEL (WORLD EXHIBITION LOGISTICS),Company,,FRMIM,WELWORMIM,,,,,,,,,,,,,,,,,,,,,,,,WELWORMIM,,,,,,,,,,,,,,,,,,,0,,,,,,,,,,,,,,,,,,,,,,,,,,,,,,
GENNOLCPQ,GENERAL NOLI DO BRASIL LTDA.,Company,,BRCPQ,GENNOLCPQ,,,,,,,,,,,,,,,,,,,,,,,,GENNOLCPQ,,,,,,,,,,,,,,,,,,,0,,,,,,,,,,,,,,,,,,,,,,,,,,,,,,
JAPCASUKB,"JAPAN CASH MACHINE CO., LTD",Company,,JPUKB,JAPCASUKB,,,,,,,,,,,,,,,,,,,,,,,,JAPCASUKB,,,,,,,,,,,,,,,,,,,0,,,,,,,,,,,,,,,,,,,,,,,,,,,,,,
ALPGLOTYO1,"ALPHA GLOBAL LOGISTICS, INC.",Company,,JPTYO,ALPGLOTYO1,,,,,,,,,,,,,,,,,,,,,,,,ALPGLOTYO1,,,,,,,,,,,,,,,,,,,0,,,,,,,,,,,,,,,,,,,,,,,,,,,,,,
CMSLOGICN,"CMS LOGISTICS GROUP KOREA CO.,LTD.",Company,,KRICN,CMSLOGICN,,,,,,,,,,,,,,,,,,,,,,,,CMSLOGICN,,,,,,,,,,,,,,,,,,,0,,,,,,,,,,,,,,,,,,,,,,,,,,,,,,
CHROBIMEL,C.H. ROBINSON WORLDWIDE (AU) PTY LTD.,Company,,AUMEL,CHROBIMEL,,,,,,,,,,,,,,,,,,,,,www.chrobinson.com,,,CHROBIMEL,,,,sarah.freame@chrobinson.com,,,,,,,,,,,,,,,0,,,,,,,,,,,,,,,,,,,,,,,,,,,,,,
DACLOGVIE,DACO LOGISTICS GMBH,Company,,ATVIE,DACLOGVIE,,,,,,,,,,,,,,,,,,,,,www.dacolog.com,,,DACLOGVIE,,,,vienna@dacolog.com,,,,,,,,,,,,,,,0,,,,,,,,,,,,,,,,,,,,,,,,,,,,,,
ANDINTSGN,ANDACSON INTERNATIONAL LTD.,Company,,VNSGN,ANDINTSGN,,,,,,,,,,,,,,,,,,,,,,,,ANDINTSGN,,,,info@andacson.com,,,,,,,,,,,,,,,0,,,,,,,,,,,,,,,,,,,,,,,,,,,,,,
JFECONARSIN,JFE CONSOLIDATORS PTE LTD (APA MEMBER),Company,,SGSIN,JFECONARSIN,,,,,,,,,,,,,,,,,,,,,,,,JFECONARSIN,,,,,,,,,,,,,,,,,,,0,,,,,,,,,,,,,,,,,,,,,,,,,,,,,,
BRIHKGAFE,BRINKS FINE ARTS SERVICES,Company,,HKHKG,BRIHKGAFE,,,,,,,,,,,,,,,,,,,,,,,,BRIHKGAFE,,,,,,,,,,,,,,,,,,,0,,,,,,,,,,,,,,,,,,,,,,,,,,,,,,
SINGUANNG,SINOTRANS GUANGXI COMPANY,Company,,CNNNG,SINGUANNG,,,,,,,,,,,,,,,,,,,,,,,,SINGUANNG,,,,,,,,,,,,,,,,,,,0,,,,,,,,,,,,,,,,,,,,,,,,,,,,,,
COMOCEDMN,COMPASS OCEAN LOGISTICS,Company,,SADMN,COMOCEDMN,,,,,,,,,,,,,,,,,,,,,,,,COMOCEDMN,,,,,,,,,,,,,,,,,,,0,,,,,,,,,,,,,,,,,,,,,,,,,,,,,,
STALOGBKK,STARLINE LOGISTICS (THAILAND) LTD,Company,,THBKK,STALOGBKK,,,,,,,,,,,,,,,,,,,,,,,,STALOGBKK,,,,,,,,,,,,,,,,,,,0,,,,,,,,,,,,,,,,,,,,,,,,,,,,,,
PEGINTSIN,PEGASUS INTELLIGENT LOGISTICS PTE LTD,Company,,SGSIN,PEGINTSIN,,,,,,,,,,,,,,,,,,,,,,,,PEGINTSIN,,,,sales@asiacargonetwork.com,,,,,,,,,,,,,,,0,,,,,,,,,,,,,,,,,,,,,,,,,,,,,,
DEUSINAFE,DEUGRO (SINGAPORE) PTE LTD,Company,,SGSIN,DEUSINAFE,,,,,,,,,,,,,,,,,,,,,,,,DEUSINAFE,,,,,,,,,,,,,,,,,,,0,,,,,,,,,,,,,,,,,,,,,,,,,,,,,,
SITCBNAFE,"SIT EXPEDICION ARTE Y SEGURIDAD, S.L",Company,,ESCBN,SITCBNAFE,,,,,,,,,,,,,,,,,,,,,,,,SITCBNAFE,,,,jose.betrian@sitspain.com,,,,,,,,,,,,,,,0,,,,,,,,,,,,,,,,,,,,,,,,,,,,,,
SAIEXPDAD,SAIGON EXPRESS AGENCY LTD.,Company,,VNDAD,SAIEXPDAD,,,,,,,,,,,,,,,,,,,,,,,,SAIEXPDAD,,,,,,,,,,,,,,,,,,,0,,,,,,,,,,,,,,,,,,,,,,,,,,,,,,
CTOGLOCRG,CTO GLOBAL LOGISTICS AUSTRALIA PTY LTD.,Company,,AUCRG,CTOGLOCRG,,,,,,,,,,,,,,,,,,,,,,,,CTOGLOCRG,,,,,,,,,,,,,,,,,,,0,,,,,,,,,,,,,,,,,,,,,,,,,,,,,,
ASGJAPTYO,ASG (JAPAN) LTD.,Company,,JPTYO,ASGJAPTYO,,,,,,,,,,,,,,,,,,,,,,,,ASGJAPTYO,,,,,,,,,,,,,,,,,,,0,,,,,,,,,,,,,,,,,,,,,,,,,,,,,,
DTLOGIHKG,DT LOGISTICS (HONG KONG) LIMITED,Company,,HKHKG,DTLOGIHKG,,,,,,,,,,,,,,,,,,,,,,,,DTLOGIHKG,,,,,,,,,,,,,,,,,,,0,,,,,,,,,,,,,,,,,,,,,,,,,,,,,,
ALRASHSAF,AL RASHED INTERNATIONAL SHIPPING CO. W.L.L,Company,,KWSAF,ALRASHSAF,,,,,,,,,,,,,,,,,,,,,,,,ALRASHSAF,,,,,,,,,,,,,,,,,,,0,,,,,,,,,,,,,,,,,,,,,,,,,,,,,,
BSLCDG,BSL,Company,,FRCDG,BSLCDG,,,,,,,,,,,,,,,,,,,,,,,,BSLCDG,,,,,,,,,,,,,,,,,,,0,,,,,,,,,,,,,,,,,,,,,,,,,,,,,,
HEMFRESOU,HEMISPHERE FREIGHT SERVICES LIMITED,Company,,GBSOU,HEMFRESOU,,,,,,,,,,,,,,,,,,,,,,,,HEMFRESOU,,,,,,,,,,,,,,,,,,,0,,,,,,,,,,,,,,,,,,,,,,,,,,,,,,
DECOEXBIO,DECOEXSA BILBAO,Company,,ESBIO,DECOEXBIO,,,,,,,,,,,,,,,,,,,,,,,,DECOEXBIO,,,,,,,,,,,,,,,,,,,0,,,,,,,,,,,,,,,,,,,,,,,,,,,,,,
VIAMATSCL,VIA MAT (AIR & SEA) LTDA.  (HEAD OFFICE),Company,,CLSCL,VIAMATSCL,,,,,,,,,,,,,,,,,,,,,,,,VIAMATSCL,,,,viamat.chile@viamat.com,,,,,,,,,,,,,,,0,,,,,,,,,,,,,,,,,,,,,,,,,,,,,,
MALAIRAMS,MALENSTEIN AIR BV,Company,,NLAMS,MALAIRAMS,,,,,,,,,,,,,,,,,,,,,www.malensteinair.nl,,,MALAIRAMS,,,,ame@malensteinair.nl,,,,,,,,,,,,,,,0,,,,,,,,,,,,,,,,,,,,,,,,,,,,,,
EASENTSHA,EASTRONG ENTERPRISE GROUP SHANGHAI CO LTD,Company,,CNSHA,EASENTSHA,,,,,,,,,,,,,,,,,,,,,,,,EASENTSHA,,,,,,,,,,,,,,,,,,,0,,,,,,,,,,,,,,,,,,,,,,,,,,,,,,
SLSINTBKK,SLS INTER TRANSPORT CO. LTD.,Company,,THBKK,SLSINTBKK,,,,,,,,,,,,,,,,,,,,,,,,SLSINTBKK,,,,,,,,,,,,,,,,,,,0,,,,,,,,,,,,,,,,,,,,,,,,,,,,,,
MAIUSAORD,MAINFREIGHT USA (FORMERLY TARGET LOGISTICS SVC.),Company,,USORD,MAIUSAORD,,,,,,,,,,,,,,,,,,,,,,,,MAIUSAORD,,,,,,,,,,,,,,,,,,,0,,,,,,,,,,,,,,,,,,,,,,,,,,,,,,
DONSHIKWN,"DONGBO SHIPPING CO., LTD. O/B OF",Company,,HKKWN,DONSHIKWN,,,,,,,,,,,,,,,,,,,,,,,,DONSHIKWN,,,,,,,,,,,,,,,,,,,0,,,,,,,,,,,,,,,,,,,,,,,,,,,,,,
UJEXPRKEL,UJ EXPRESS COMPANY LIMITED,Company,,TWKEL,UJEXPRKEL,,,,,,,,,,,,,,,,,,,,,www.ujexpress.net,,,UJEXPRKEL,,,,,,,,,,,,,,,,,,,0,,,,,,,,,,,,,,,,,,,,,,,,,,,,,,
UNIINTSHA,UNITEX INT'L FORWARDING (GZ) LTD. SHANGHAI BRANCH,Company,,CNSGH,UNIINTSHA,,,,,,,,,,,,,,,,,,,,,,,,UNIINTSHA,,,,,,,,,,,,,,,,,,,0,,,,,,,,,,,,,,,,,,,,,,,,,,,,,,
WELLOGTPE,"WELGROW LOGISTICS CO., LTD.",Company,,TWTPE,WELLOGTPE,,,,,,,,,,,,,,,,,,,,,,,,WELLOGTPE,,,,,,,,,,,,,,,,,,,0,,,,,,,,,,,,,,,,,,,,,,,,,,,,,,
SAMGROSZX,SAMHONG/KFS GROUP,Company,,CNSZX,SAMGROSZX,,,,,,,,,,,,,,,,,,,,,,,,SAMGROSZX,,,,,,,,,,,,,,,,,,,0,,,,,,,,,,,,,,,,,,,,,,,,,,,,,,
CSFLOGPKG,CSF LOGISTICS (M) SDN. BHD. (691458-V),Company,,MYPKG,CSFLOGPKG,,,,,,,,,,,,,,,,,,,,,,,,CSFLOGPKG,,,+60127001769,enquiry@csflogistics.com,,,,,,,,,,,,,,,0,,,,,,,,,,,,,,,,,,,,,,,,,,,,,,
EXPPLUQZV,EXPO PLUS,Company,,FRROI,EXPPLUQZV,,,,,,,,,,,,,,,,,,,,,,,,EXPPLUQZV,,,,,,,,,,,,,,,,,,,0,,,,,,,,,,,,,,,,,,,,,,,,,,,,,,
PTCAHAJKT,PT CAHAYA PUNDIMAS INDONUSA,Company,,IDJKT,PTCAHAJKT,,,,,,,,,,,,,,,,,,,,,,,,PTCAHAJKT,,,,,,,,,,,,,,,,,,,0,,,,,,,,,,,,,,,,,,,,,,,,,,,,,,
DOOAIRPUS,DOOKANG AIR & SEA INC.,Company,,KRPUS,DOOAIRPUS,,,,,,,,,,,,,,,,,,,,,www.dookang.co.kr,,,DOOAIRPUS,,,,,,,,,,,,,,,,,,,0,,,,,,,,,,,,,,,,,,,,,,,,,,,,,,
SENINTSGH,SENATOR INTERNATIONAL FREIGHT FORWARDING (SHANGHAI,Company,,CNSGH,SENINTSGH,,,,,,,,,,,,,,,,,,,,,,,,SENINTSGH,,,,,,,,,,,,,,,,,,,0,,,,,,,,,,,,,,,,,,,,,,,,,,,,,,
RDLOGSPKG,R & D LOGISTICS SDN BHD,Company,,MYPKG,RDLOGSPKG,,,,,,,,,,,,,,,,,,,,,,,,RDLOGSPKG,,,,see contacts/ website: www.rdforwarders.com,,,,,,,,,,,,,,,0,,,,,,,,,,,,,,,,,,,,,,,,,,,,,,
HIZAMSAFE,HIZKIA VAN KRALINGEN,Company,,NLAMS,HIZAMSAFE,,,,,,,,,,,,,,,,,,,,,,,,HIZAMSAFE,,,,robh@vankralingen.com,,,,,,,,,,,,,,,0,,,,,,,,,,,,,,,,,,,,,,,,,,,,,,
TESDIC,TESSITURA DI CREVACUORE SPA,Company,,ITMXP,TESDIC,,,,,,,,,,,,,,,,,,,,,,,,TESDIC,,,,,,,,,,,,,,,,,,,0,,,,,,,,,,,,,,,,,,,,,,,,,,,,,,
DUBKENDXB,DUBAI KENNELS & CATTERY,Company,,AEDXB,DUBKENDXB,,,,,,,,,,,,,,,,,,,,,,,,DUBKENDXB,,,,otherstuff@dkc.ae,,,,,,,,,,,,,,,0,,,,,,,,,,,,,,,,,,,,,,,,,,,,,,
WATFRESIN,WATERMAN FREIGHT LOGISTIC PTE LTD,Company,,SGSIN,WATFRESIN,,,,,,,,,,,,,,,,,,,,,,,,WATFRESIN,,,+6598390282,,,,,,,,,,,,,,,,0,,,,,,,,,,,,,,,,,,,,,,,,,,,,,,
FTSLOGHKG,FTS LOGISTICS (HK) LIMITED,Company,,HKHKG,FTSLOGHKG,,,,,,,,,,,,,,,,,,,,,,,,FTSLOGHKG,,,,,,,,,,,,,,,,,,,0,,,,,,,,,,,,,,,,,,,,,,,,,,,,,,
GLOFREPKG,MS GLOBAL FREIGHT SOLUTION SDN.BHD.,Company,,MYPKG,GLOFREPKG,,,,,,,,,,,,,,,,,,,,,,,,GLOFREPKG,,,,kelvin.leong@msglobal.com.my,,,,,,,,,,,,,,,0,,,,,,,,,,,,,,,,,,,,,,,,,,,,,,
BIANCCGOA,BIANCHI & C. SRL,Company,,ITGOA,BIANCCGOA,,,,,,,,,,,,,,,,,,,,,,,,BIANCCGOA,,,,,,,,,,,,,,,,,,,0,,,,,,,,,,,,,,,,,,,,,,,,,,,,,,
TIMATGOA,TIMAT SERVICE SRL,Company,,ITGOA,TIMATGOA,,,,,,,,,,,,,,,,,,,,,,,,TIMATGOA,,,,,,,,,,,,,,,,,,,0,,,,,,,,,,,,,,,,,,,,,,,,,,,,,,
AIRJFKLAX,AIRGROUP - JFK,Company,,USLAX,AIRJFKLAX,,,,,,,,,,,,,,,,,,,,,,,,AIRJFKLAX,,,,,,,,,,,,,,,,,,,0,,,,,,,,,,,,,,,,,,,,,,,,,,,,,,
NORCONARN,NORDIC CONSOLIDATORS,Company,,SEARN,NORCONARN,,,,,,,,,,,,,,,,,,,,,,,,NORCONARN,,,,,,,,,,,,,,,,,,,0,,,,,,,,,,,,,,,,,,,,,,,,,,,,,,
PEKCARWAW,PEKAO CARGO S.P.Z.O.O,Company,,PLWAW,PEKCARWAW,,,,,,,,,,,,,,,,,,,,,www.pekao.pl,,,PEKCARWAW,,,,cargo@pekao.pl,,,,,,,,,,,,,,,0,,,,,,,,,,,,,,,,,,,,,,,,,,,,,,
SHEDUOSZX,"SHENZHEN DUODATOON TRADE & LOGISTICS CO.,LTD",Company,,CNSZX,SHEDUOSZX,,,,,,,,,,,,,,,,,,,,,,,,SHEDUOSZX,,,,,,,,,,,,,,,,,,,0,,,,,,,,,,,,,,,,,,,,,,,,,,,,,,
SUNINTHKG,SUNSHINE INT'L DEVELOPMENT (HK) LIMITED,Company,,HKHKG,SUNINTHKG,,,,,,,,,,,,,,,,,,,,,,,,SUNINTHKG,,,+020 8426-2516,,,,,,,,,,,,,,,,0,,,,,,,,,,,,,,,,,,,,,,,,,,,,,,
AWOGLOCAN,AWOT GLOBAL CORPORATION GUANGZHOU BRANCH,Company,,CNCAN,AWOGLOCAN,,,,,,,,,,,,,,,,,,,,,,,,AWOGLOCAN,,,,,,,,,,,,,,,,,,,0,,,,,,,,,,,,,,,,,,,,,,,,,,,,,,
CHIASISZX,CHINA ASIA INT'L TRANSPORTATION LTD.,Company,,CNSZX,CHIASISZX,,,,,,,,,,,,,,,,,,,,,,,,CHIASISZX,,,,,,,,,,,,,,,,,,,0,,,,,,,,,,,,,,,,,,,,,,,,,,,,,,
INFRANGHG,INFRANORDIC  AB,Company,,USGHG,INFRANGHG,,,,,,,,,,,,,,,,,,,,,,,,INFRANGHG,,,,,,,,,,,,,,,,,,,0,,,,,,,,,,,,,,,,,,,,,,,,,,,,,,
LEMUSALAX,LEMAN USA INC.,Company,,USLAX,LEMUSALAX,,,,,,,,,,,,,,,,,,,,,,,,LEMUSALAX,,,,losangeles@lemanusa.com,,,,,,,,,,,,,,,0,,,,,,,,,,,,,,,,,,,,,,,,,,,,,,
SEFACQZV,SEFAC,Company,,FRROI,SEFACQZV,,,,,,,,,,,,,,,,,,,,,,,,SEFACQZV,,,,,,,,,,,,,,,,,,,0,,,,,,,,,,,,,,,,,,,,,,,,,,,,,,
KAMINTSFO,KAMINO INTERNATIONAL TRANSPORT INC,Company,,USSFO,KAMINTSFO,,,,,,,,,,,,,,,,,,,,,,,,KAMINTSFO,,,,,,,,,,,,,,,,,,,0,,,,,,,,,,,,,,,,,,,,,,,,,,,,,,
LAGWIEWLVIE,LAGERMAX WIEN INTERNATIONALE SPEDITION GMBH,Company,,ATVDD,LAGWIEWLVIE,,,,,,,,,,,,,,,,,,,,,,,,LAGWIEWLVIE,,,,,,,,,,,,,,,,,,,0,,,,,,,,,,,,,,,,,,,,,,,,,,,,,,
SSLLOGBKK,SSL LOGISTICS CO. LTD.,Company,,THBKK,SSLLOGBKK,,,,,,,,,,,,,,,,,,,,,,,,SSLLOGBKK,,,,,,,,,,,,,,,,,,,0,,,,,,,,,,,,,,,,,,,,,,,,,,,,,,
DACFARKWN,DACHSER FAR EAST LTD/AIR OPERATION OFC,Company,,HKKWN,DACFARKWN,,,,,,,,,,,,,,,,,,,,,,,,DACFARKWN,,,,info@dachser.com.hk,,,,,,,,,,,,,,,0,,,,,,,,,,,,,,,,,,,,,,,,,,,,,,
GRECARAGH,GREEN CARRIER SCANDINAVIA AB,Company,,SEAGH,GRECARAGH,,,,,,,,,,,,,,,,,,,,,,,,GRECARAGH,,,,,,,,,,,,,,,,,,,0,,,,,,,,,,,,,,,,,,,,,,,,,,,,,,
NOVTRAAFE,NOVA TRAFFIC LTD.,Company,,CHGVA,NOVTRAAFE,,,,,,,,,,,,,,,,,,,,,www.novatraffic.ch,,,NOVTRAAFE,,,+41793126446,info@novatraffic.ch,,,,,,,,,,,,,,,0,,,,,,,,,,,,,,,,,,,,,,,,,,,,,,
ARTNYCAFE,ARTA SHIPPING INC.,Company,,USNYC,ARTNYCAFE,,,,,,,,,,,,,,,,,,,,,,,,ARTNYCAFE,,,,dakota@shiparta.com,,,,,,,,,,,,,,,0,,,,,,,,,,,,,,,,,,,,,,,,,,,,,,
SHAORIDLC,SHANGHAI ORIENT INTERGROUP INT'L TRANSPORT CO.,Company,,CNDLC,SHAORIDLC,,,,,,,,,,,,,,,,,,,,,,,,SHAORIDLC,,,,,,,,,,,,,,,,,,,0,,,,,,,,,,,,,,,,,,,,,,,,,,,,,,
CNTLOGDEL,CNT LOGISTICS INDIA PVT LTD. A/C TARGET FREIGHT,Company,,INDEL,CNTLOGDEL,,,,,,,,,,,,,,,,,,,,,www.targetfs.com,,,CNTLOGDEL,,,,,,,,,,,,,,,,,,,0,,,,,,,,,,,,,,,,,,,,,,,,,,,,,,
POWSTASEK,POWER STAR FREIGHT SDN BHD,Company,,MYSEK,POWSTASEK,,,,,,,,,,,,,,,,,,,,,,,,POWSTASEK,,,,,,,,,,,,,,,,,,,0,,,,,,,,,,,,,,,,,,,,,,,,,,,,,,
MODMARRUH,MODERN MARITIME LOGISTICS (MML),Company,,SARUH,MODMARRUH,,,,,,,,,,,,,,,,,,,,,,,,MODMARRUH,,,,mmlryd@mml.com.sa,,,,,,,,,,,,,,,0,,,,,,,,,,,,,,,,,,,,,,,,,,,,,,
FLEINTYNT,FLEXPORT INTERNATIONAL LLC,Company,,CNYAT,FLEINTYNT,,,,,,,,,,,,,,,,,,,,,,,,FLEINTYNT,,,,,,,,,,,,,,,,,,,0,,,,,,,,,,,,,,,,,,,,,,,,,,,,,,
SBSWORDFD,SBS WORLDWIDE LTD.,Company,,GBDFD,SBSWORDFD,,,,,,,,,,,,,,,,,,,,,,,,SBSWORDFD,,,,ocean@sbsworldwide.com,,,,,,,,,,,,,,,0,,,,,,,,,,,,,,,,,,,,,,,,,,,,,,
ASIGOITOL,"ASIA GOING SUPPLY CHAIN SERVICE CHINA CO., LTD.",Company,,CNTOL,ASIGOITOL,,,,,,,,,,,,,,,,,,,,,,,,ASIGOITOL,,,,,,,,,,,,,,,,,,,0,,,,,,,,,,,,,,,,,,,,,,,,,,,,,,
ASGLOGLHR,ASG LOGISTICS LTD.,Company,,GBLHR,ASGLOGLHR,,,,,,,,,,,,,,,,,,,,,,,,ASGLOGLHR,,,,,,,,,,,,,,,,,,,0,,,,,,,,,,,,,,,,,,,,,,,,,,,,,,
SHEDACSZX,"SHENZHEN DACHUAN INTERNATIONAL FREIGHT CO., LTD",Company,,CNSZX,SHEDACSZX,,,,,,,,,,,,,,,,,,,,,,,,SHEDACSZX,,,,,,,,,,,,,,,,,,,0,,,,,,,,,,,,,,,,,,,,,,,,,,,,,,
GRALOGPKG,GRANDCONTINENTAL LOGISTICS SDN BHD,Company,,MYPKG,GRALOGPKG,,,,,,,,,,,,,,,,,,,,,,,,GRALOGPKG,,,,,,,,,,,,,,,,,,,0,,,,,,,,,,,,,,,,,,,,,,,,,,,,,,
AMGHSSDVO,AMG HSS ENTERPRISES,Company,,PHDVO,AMGHSSDVO,,,,,,,,,,,,,,,,,,,,,,,,AMGHSSDVO,,,,,,,,,,,,,,,,,,,0,,,,,,,,,,,,,,,,,,,,,,,,,,,,,,
ALPGLOTYO,"ALPHA GLOBAL LOGISTICS, INC.",Company,,JPTYO,ALPGLOTYO,,,,,,,,,,,,,,,,,,,,,www.aglog.jp,,,ALPGLOTYO,,,,fukase@aglog.jp,,,,,,,,,,,,,,,0,,,,,,,,,,,,,,,,,,,,,,,,,,,,,,
HUASUPNGB,"HUANJI SUPPLY CHAIN MANAGEMENT CO.,LTD.",Company,,CNNBO,HUASUPNGB,,,,,,,,,,,,,,,,,,,,,http://www.nb-hj.com,,,HUASUPNGB,,,,Joyce@nb-hj.com,,,,,,,,,,,,,,,0,,,,,,,,,,,,,,,,,,,,,,,,,,,,,,
MARZHAVIST,MARZ HAVA DENIZ KARGO TASIMACILIGIA.SS,Company,,TRIST,MARZHAVIST,,,,,,,,,,,,,,,,,,,,,,,,MARZHAVIST,,,,,,,,,,,,,,,,,,,0,,,,,,,,,,,,,,,,,,,,,,,,,,,,,,
HONLANXMN,HONOUR LANE (XIAMEN),Company,,CNXMN,HONLANXMN,,,,,,,,,,,,,,,,,,,,,,,,HONLANXMN,,,,,,,,,,,,,,,,,,,0,,,,,,,,,,,,,,,,,,,,,,,,,,,,,,
TRASHINYC,"TRANSCON SHIPPING CO., INC.",Company,,USNYC,TRASHINYC,,,,,,,,,,,,,,,,,,,,,,,,TRASHINYC,,,,NYC@TransconShipping.com,,,,,,,,,,,,,,,0,,,,,,,,,,,,,,,,,,,,,,,,,,,,,,
HASFRAAFE,HASENKAMP RELOCATION SERVICES GMBH,Company,,DEFRA,HASFRAAFE,,,,,,,,,,,,,,,,,,,,,,,,HASFRAAFE,,,,F.Grosse@hasenkamp.com,,,,,,,,,,,,,,,0,,,,,,,,,,,,,,,,,,,,,,,,,,,,,,
MAKTRATPE,"MAKO TRANSPORT CO., LTD",Company,,TWTPE,MAKTRATPE,,,,,,,,,,,,,,,,,,,,,,,,MAKTRATPE,,,,makotpe@ms18.hinet.net,,,,,,,,,,,,,,,0,,,,,,,,,,,,,,,,,,,,,,,,,,,,,,
MLAMBEANR,M. LAMBERIGTS & A. VAN DAELEN N.V.,Company,,BEANR,MLAMBEANR,,,,,,,,,,,,,,,,,,,,,,,,MLAMBEANR,,,,,,,,,,,,,,,,,,,0,,,,,,,,,,,,,,,,,,,,,,,,,,,,,,
EXCSERBOG,EXCEL SERVICIOS LOGISTICOS LTDA,Company,,COBOG,EXCSERBOG,,,,,,,,,,,,,,,,,,,,,,,,EXCSERBOG,,,+5715428752,,,,,,,,,,,,,,,,0,,,,,,,,,,,,,,,,,,,,,,,,,,,,,,
GFLSERSSZ,GFL SERVICE DO BRASIL LTDA LOGISTICA,Company,,BRSSZ,GFLSERSSZ,,,,,,,,,,,,,,,,,,,,,,,,GFLSERSSZ,,,,ccastillo@gfbrasil.com.br,,,,,,,,,,,,,,,0,,,,,,,,,,,,,,,,,,,,,,,,,,,,,,
AFRSHITUN,AFRICAN SHIPPING AGENCY,Company,,TNTUN,AFRSHITUN,,,,,,,,,,,,,,,,,,,,,,,,AFRSHITUN,,,,,,,,,,,,,,,,,,,0,,,,,,,,,,,,,,,,,,,,,,,,,,,,,,
SHAVABAMS,SHARE VABIX SSL AIRFREIGHT B.V,Company,,NLAMS,SHAVABAMS,,,,,,,,,,,,,,,,,,,,,,,,SHAVABAMS,,,,,,,,,,,,,,,,,,,0,,,,,,,,,,,,,,,,,,,,,,,,,,,,,,
UIFLOGHKG,UIF LOGISTICS LTD.,Company,,HKHKG,UIFLOGHKG,,,,,,,,,,,,,,,,,,,,,,,,UIFLOGHKG,,,,,,,,,,,,,,,,,,,0,,,,,,,,,,,,,,,,,,,,,,,,,,,,,,
UNIINT_CN,"UNIQUORN INT'L LOGISTICS (SHENZHEN) CO., LTD.",Company,,CNSNZ,UNIINT_CN,,,,,,,,,,,,,,,,,,,,,,,,UNIINT_CN,,,,,,,,,,,,,,,,,,,0,,,,,,,,,,,,,,,,,,,,,,,,,,,,,,
SOLOSASCL,SOLOT S.A,Company,,CLSCL,SOLOSASCL,,,,,,,,,,,,,,,,,,,,,,,,SOLOSASCL,,,,amonsalve@solotlogistics.com,,,,,,,,,,,,,,,0,,,,,,,,,,,,,,,,,,,,,,,,,,,,,,
KLGEURRTM,KLG EUROPE ROTTERDAM B.V.,Company,,NLRTM,KLGEURRTM,,,,,,,,,,,,,,,,,,,,,,,,KLGEURRTM,,,,,,,,,,,,,,,,,,,0,,,,,,,,,,,,,,,,,,,,,,,,,,,,,,
WORLINXMN,WORLD- LINKS FREIGHT SERVICES CO. LTD.,Company,,CNXMN,WORLINXMN,,,,,,,,,,,,,,,,,,,,,,,,WORLINXMN,,,,,,,,,,,,,,,,,,,0,,,,,,,,,,,,,,,,,,,,,,,,,,,,,,
FCDTLVAFE,FC/DHL GLOBAL FORWARDING ISRAEL,Company,,ILBGA,FCDTLVAFE,,,,,,,,,,,,,,,,,,,,,,,,FCDTLVAFE,,,,,,,,,,,,,,,,,,,0,,,,,,,,,,,,,,,,,,,,,,,,,,,,,,
STAOCEBKK,STAR OCEAN LOGISTICS CO. LTD.,Company,,THBKK,STAOCEBKK,,,,,,,,,,,,,,,,,,,,,,,,STAOCEBKK,,,+66804408087,,,,,,,,,,,,,,,,0,,,,,,,,,,,,,,,,,,,,,,,,,,,,,,
DCLLOGHKG,DCL LOGISTICS LIMITED,Company,,HKHKG,DCLLOGHKG,,,,,,,,,,,,,,,,,,,,,,,,DCLLOGHKG,,,,,,,,,,,,,,,,,,,0,,,,,,,,,,,,,,,,,,,,,,,,,,,,,,
ABCEURBUD,ABC EUROPEAN AIR & SEA CARGO,Company,,HUBUD,ABCEURBUD,,,,,,,,,,,,,,,,,,,,,,,,ABCEURBUD,,,,,,,,,,,,,,,,,,,0,,,,,,,,,,,,,,,,,,,,,,,,,,,,,,
FERCAMAOI,FERCAM SPA,Company,,ITAOI,FERCAMAOI,,,,,,,,,,,,,,,,,,,,,,,,FERCAMAOI,,,,,,,,,,,,,,,,,,,0,,,,,,,,,,,,,,,,,,,,,,,,,,,,,,
SENINTCHI,SENATOR INTERNATIONAL FRT FOR. LLC (CHICAGO),Company,,USCHI,SENINTCHI,,,,,,,,,,,,,,,,,,,,,,,,SENINTCHI,,,,,,,,,,,,,,,,,,,0,,,,,,,,,,,,,,,,,,,,,,,,,,,,,,
SUMGLOSYD,SUMMIT GLOBAL LOGISTICS,Company,,AUSYD,SUMGLOSYD,,,,,,,,,,,,,,,,,,,,,,,,SUMGLOSYD,,,,,,,,,,,,,,,,,,,0,,,,,,,,,,,,,,,,,,,,,,,,,,,,,,
XLIGLOBNE,XLI GLOBAL NETWORK,Company,,AUBNE,XLIGLOBNE,,,,,,,,,,,,,,,,,,,,,,,,XLIGLOBNE,,,,,,,,,,,,,,,,,,,0,,,,,,,,,,,,,,,,,,,,,,,,,,,,,,
MARFRESHA,MARSHALL FREIGHT SHANGHAI CO. LTD,Company,,CNSHA,MARFRESHA,,,,,,,,,,,,,,,,,,,,,,,,MARFRESHA,,,,,,,,,,,,,,,,,,,0,,,,,,,,,,,,,,,,,,,,,,,,,,,,,,
GFREIGLEI,"G-FREIGHT UNIPESSOAL, LDA",Company,,PTLEI,GFREIGLEI,,,,,,,,,,,,,,,,,,,,,www.g-freight.com,,,GFREIGLEI,,,,,,,,,,,,,,,,,,,0,,,,,,,,,,,,,,,,,,,,,,,,,,,,,,
INTAIRHKG,INTERGROUP LIMITED /AIRFREIGHT OFFICE,Company,,HKHKG,INTAIRHKG,,,,,,,,,,,,,,,,,,,,,,,,INTAIRHKG,,,,airfreight@hkg.intergroup.biz,,,,,,,,,,,,,,,0,,,,,,,,,,,,,,,,,,,,,,,,,,,,,,
ZENLOGSIN,ZENSHIN LOGISTICS (S) PTE LTD,Company,,SGSIN,ZENLOGSIN,,,,,,,,,,,,,,,,,,,,,,,,ZENLOGSIN,,,,info@zenshin.sg,,,,,,,,,,,,,,,0,,,,,,,,,,,,,,,,,,,,,,,,,,,,,,
SLASHIHOU,SLADE SHIPPING INC.,Company,,USHOU,SLASHIHOU,,,,,,,,,,,,,,,,,,,,,www.sladeshipping.com,,,SLASHIHOU,,,,,,,,,,,,,,,,,,,0,,,,,,,,,,,,,,,,,,,,,,,,,,,,,,
MERJATSEK,MERGE JATI ENGINEERING SDN BHD,Company,,MYSEK,MERJATSEK,,,,,,,,,,,,,,,,,,,,,,,,MERJATSEK,,,,,,,,,,,,,,,,,,,0,,,,,,,,,,,,,,,,,,,,,,,,,,,,,,
MATTRAFTZRH,MAT TRANSPORT AG,Company,,CHZRH,MATTRAFTZRH,,,,,,,,,,,,,,,,,,,,,,,,MATTRAFTZRH,,,,,,,,,,,,,,,,,,,0,,,,,,,,,,,,,,,,,,,,,,,,,,,,,,
SCACONGDY,SCAN CONSULT GLOBAL LOGISTICS SP. Z.O.O,Company,,PLGDY,SCACONGDY,,,,,,,,,,,,,,,,,,,,,www.scanconsult.pl,,,SCACONGDY,,,+48586620280,miklosz@scanconsult.pl,,,,,,,,,,,,,,,0,,,,,,,,,,,,,,,,,,,,,,,,,,,,,,
SCALOGCMB,SCANWELL LOGISTICS COLOMBO (PVT) LTD.,Company,,LKCMB,SCALOGCMB,,,,,,,,,,,,,,,,,,,,,,,,SCALOGCMB,,,,,,,,,,,,,,,,,,,0,,,,,,,,,,,,,,,,,,,,,,,,,,,,,,
INTLAIRFRA,INTERNATIONAL AIRFREIGHT ASSOCIATES,Company,,DEFRA,INTLAIRFRA,,,,,,,,,,,,,,,,,,,,,,,,INTLAIRFRA,,,,,,,,,,,,,,,,,,,0,,,,,,,,,,,,,,,,,,,,,,,,,,,,,,
SIMINTSHA,SIMEND INTERNATIONAL LOGISTICS CO LTD,Company,,CNSHA,SIMINTSHA,,,,,,,,,,,,,,,,,,,,,,,,SIMINTSHA,,,,,,,,,,,,,,,,,,,0,,,,,,,,,,,,,,,,,,,,,,,,,,,,,,
GR8FR8MAN,GR8 FR8 LTD,Company,,GBMNC,GR8FR8MAN,,,,,,,,,,,,,,,,,,,,,,,,GR8FR8MAN,,,,,,,,,,,,,,,,,,,0,,,,,,,,,,,,,,,,,,,,,,,,,,,,,,
ALLLOGCSN,ALLTRANS LOGISTICS LLC,Company,,USCSN,ALLLOGCSN,,,,,,,,,,,,,,,,,,,,,,,,ALLLOGCSN,,,,,,,,,,,,,,,,,,,0,,,,,,,,,,,,,,,,,,,,,,,,,,,,,,
TFIINTKUL,TFI INTERNATIONAL SDN BHD,Company,,MYKUL,TFIINTKUL,,,,,,,,,,,,,,,,,,,,,,,,TFIINTKUL,,,,,,,,,,,,,,,,,,,0,,,,,,,,,,,,,,,,,,,,,,,,,,,,,,
FOCENEDEL,FOCUS ENERGY LIMITED,Company,,INDEL,FOCENEDEL,,,,,,,,,,,,,,,,,,,,,,,,FOCENEDEL,,,,,,,,,,,,,,,,,,,0,,,,,,,,,,,,,,,,,,,,,,,,,,,,,,
RCJEXPJNB,RCJ EXPRESS,Company,,ZAJNB,RCJEXPJNB,,,,,,,,,,,,,,,,,,,,,,,,RCJEXPJNB,,,,,,,,,,,,,,,,,,,0,,,,,,,,,,,,,,,,,,,,,,,,,,,,,,
GENSINAFE,GENESIS ARTECH PTE LTD.,Company,,SGSIN,GENSINAFE,,,,,,,,,,,,,,,,,,,,,,,,GENSINAFE,,,,ops@genesisartech.com,,,,,,,,,,,,,,,0,,,,,,,,,,,,,,,,,,,,,,,,,,,,,,
NVOWORSEL,NVOCC WORLD CO. LTD.,Company,,KRSEL,NVOWORSEL,,,,,,,,,,,,,,,,,,,,,,,,NVOWORSEL,,,,ykum@nvoccworld.co.kr,,,,,,,,,,,,,,,0,,,,,,,,,,,,,,,,,,,,,,,,,,,,,,
SAVDELSIN,SAVINO DEL BENE,Company,,SGSIN,SAVDELSIN,,,,,,,,,,,,,,,,,,,,,www.savinodelbene.com,,,SAVDELSIN,,,+6592223101,,,,,,,,,,,,,,,,0,,,,,,,,,,,,,,,,,,,,,,,,,,,,,,
KAMINTMAN,KAMINO INTERNATIONAL TRANSPORT,Company,,GBMNC,KAMINTMAN,,,,,,,,,,,,,,,,,,,,,www.kamino.com,,,KAMINTMAN,,,,,,,,,,,,,,,,,,,0,,,,,,,,,,,,,,,,,,,,,,,,,,,,,,
HEMFREMAN,HEMISPHERE FREIGHT SERVICES LIMITED,Company,,GBMNC,HEMFREMAN,,,,,,,,,,,,,,,,,,,,,,,,HEMFREMAN,,,,,,,,,,,,,,,,,,,0,,,,,,,,,,,,,,,,,,,,,,,,,,,,,,
OCETRACHI,OCEAN TRACK (CHICAGO) INC.,Company,,USCHI,OCETRACHI,,,,,,,,,,,,,,,,,,,,,,,,OCETRACHI,,,,,,,,,,,,,,,,,,,0,,,,,,,,,,,,,,,,,,,,,,,,,,,,,,
HECDENNHN,HECKSHER DENMARK A/S,Company,,DKNHN,HECDENNHN,,,,,,,,,,,,,,,,,,,,,,,,HECDENNHN,,,,,,,,,,,,,,,,,,,0,,,,,,,,,,,,,,,,,,,,,,,,,,,,,,
APCASISZX,APC ASIA PACIFIC CARGO (SHENZHEN) LTD.,Company,,CNSZX,APCASISZX,,,,,,,,,,,,,,,,,,,,,,,,APCASISZX,,,,,,,,,,,,,,,,,,,0,,,,,,,,,,,,,,,,,,,,,,,,,,,,,,
EVALOGTPE,"EVATRANS LOGISTICS CO., LTD.",Company,,TWTPE,EVALOGTPE,,,,,,,,,,,,,,,,,,,,,,,,EVALOGTPE,,,,,,,,,,,,,,,,,,,0,,,,,,,,,,,,,,,,,,,,,,,,,,,,,,
VERGLOSHA,VERUS GLOBAL LIMITED,Company,,CNSHA,VERGLOSHA,,,,,,,,,,,,,,,,,,,,,,,,VERGLOSHA,,,,,,,,,,,,,,,,,,,0,,,,,,,,,,,,,,,,,,,,,,,,,,,,,,
SPECARSEA,SPECIALTY CARGO INC.,Company,,USSEA,SPECARSEA,,,,,,,,,,,,,,,,,,,,,,,,SPECARSEA,,,,,,,,,,,,,,,,,,,0,,,,,,,,,,,,,,,,,,,,,,,,,,,,,,
LAGSPEPRG,LAGERMAX SPEDICE A LOGISTICKA S.R.O,Company,,CZPRG,LAGSPEPRG,,,,,,,,,,,,,,,,,,,,,,,,LAGSPEPRG,,,,info@lagermax.cz,,,,,,,,,,,,,,,0,,,,,,,,,,,,,,,,,,,,,,,,,,,,,,
PATINTSZX,PATENT INT'L LOGISTICS (SHENZHEN)CO LTD,Company,,CNSZX,PATINTSZX,,,,,,,,,,,,,,,,,,,,,,,,PATINTSZX,,,,,,,,,,,,,,,,,,,0,,,,,,,,,,,,,,,,,,,,,,,,,,,,,,
AMSGLOSHA,AMS GLOBAL TRANSPORTATION(MORISSON XPRES,Company,,CNSHA,AMSGLOSHA,,,,,,,,,,,,,,,,,,,,,,,,AMSGLOSHA,,,,yunlong_fang@morrisonexpress.com,,,,,,,,,,,,,,,0,,,,,,,,,,,,,,,,,,,,,,,,,,,,,,
TOKSANTYO,TOKYO SANYU SHIPPING CO LTD./HQ OFFICE,Company,,JPTYO,TOKSANTYO,,,,,,,,,,,,,,,,,,,,,,,,TOKSANTYO,,,,,,,,,,,,,,,,,,,0,,,,,,,,,,,,,,,,,,,,,,,,,,,,,,
DTPROJDFW,DT PROJECT AMERICA,Company,,USDFW,DTPROJDFW,,,,,,,,,,,,,,,,,,,,,,,,DTPROJDFW,,,,,,,,,,,,,,,,,,,0,,,,,,,,,,,,,,,,,,,,,,,,,,,,,,
METSHIBHX,METRO SHIPPING LTD,Company,,GBBHM,METSHIBHX,,,,,,,,,,,,,,,,,,,,,http://www.metroshipping.co.uk,,,METSHIBHX,,,,,,,,,,,,,,,,,,,0,,,,,,,,,,,,,,,,,,,,,,,,,,,,,,
WORXIAAFE,WORLD PRECISE MACHINERY (NANJING) CO. LTD.,Company,,CNXIA,WORXIAAFE,,,,,,,,,,,,,,,,,,,,,,,,WORXIAAFE,,,,sales2@worldgrouppress.com,,,,,,,,,,,,,,,0,,,,,,,,,,,,,,,,,,,,,,,,,,,,,,
SINFRESIN,SIN-FREIGHT INTERNATIONAL PTE. LTD.,Company,,SGSIN,SINFRESIN,,,,,,,,,,,,,,,,,,,,,www.sinfreight.com,,,SINFRESIN,,,,general@sinfreight.com,,,,,,,,,,,,,,,0,,,,,,,,,,,,,,,,,,,,,,,,,,,,,,
GONDUKSBY,GONDRAND UK,Company,,GBSBY,GONDUKSBY,,,,,,,,,,,,,,,,,,,,,,,,GONDUKSBY,,,,,,,,,,,,,,,,,,,0,,,,,,,,,,,,,,,,,,,,,,,,,,,,,,
KODSOLAJM,KODAN SOLUTIONS PVT. LTD.,Company,,INAJM,KODSOLAJM,,,,,,,,,,,,,,,,,,,,,,,,KODSOLAJM,,,,customercare@kodansolutions.com,,,,,,,,,,,,,,,0,,,,,,,,,,,,,,,,,,,,,,,,,,,,,,
ALLTRACAI,ALLIED TRANSPORT & TRADE CO.,Company,,EGCAI,ALLTRACAI,,,,,,,,,,,,,,,,,,,,,,,,ALLTRACAI,,,,allied@allied-egypt.com,,,,,,,,,,,,,,,0,,,,,,,,,,,,,,,,,,,,,,,,,,,,,,
SNGLOGHKG,SNG LOGISTICS LIMITED,Company,,HKHKG,SNGLOGHKG,,,,,,,,,,,,,,,,,,,,,,,,SNGLOGHKG,,,,,,,,,,,,,,,,,,,0,,,,,,,,,,,,,,,,,,,,,,,,,,,,,,
NABSHAAFE,NABEL ASIA SDN. BHD.,Company,,MYSHA,NABSHAAFE,,,,,,,,,,,,,,,,,,,,,,,,NABSHAAFE,,,,teeboonhan@mail.nabel.co.jp,,,,,,,,,,,,,,,0,,,,,,,,,,,,,,,,,,,,,,,,,,,,,,
FORGLSPUS,"FORTRA GLS CO.,LTD.",Company,,KRPUS,FORGLSPUS,,,,,,,,,,,,,,,,,,,,,,,,FORGLSPUS,,,,,,,,,,,,,,,,,,,0,,,,,,,,,,,,,,,,,,,,,,,,,,,,,,
UNIINTNSA,UNITEX INT'L FORWARDING (GZ) LTD. (QINGDAO BRANCH),Company,,CNNSA,UNIINTNSA,,,,,,,,,,,,,,,,,,,,,,,,UNIINTNSA,,,,qingdao@uif.com.hk,,,,,,,,,,,,,,,0,,,,,,,,,,,,,,,,,,,,,,,,,,,,,,
ISRWEARAM,ISRAEL WEAPON INDUSTRIES (IWI) LTD.,Company,,ILRAM,ISRWEARAM,,,,,,,,,,,,,,,,,,,,,,,,ISRWEARAM,,,,itzikm@iwi.net,,,,,,,,,,,,,,,0,,,,,,,,,,,,,,,,,,,,,,,,,,,,,,
YOKARTYOK,YOKOHAMA ARTS FOUNDATION,Company,,JPYOK,YOKARTYOK,,,,,,,,,,,,,,,,,,,,,,,,YOKARTYOK,,,,,,,,,,,,,,,,,,,0,,,,,,,,,,,,,,,,,,,,,,,,,,,,,,
ARIINTGOA,ARIMAR INTERNATIONAL SPA,Company,,ITGOA,ARIINTGOA,,,,,,,,,,,,,,,,,,,,,,,,ARIINTGOA,,,,,,,,,,,,,,,,,,,0,,,,,,,,,,,,,,,,,,,,,,,,,,,,,,
CLASQUMUL,CLASQUIN MULHOUSE,Company,,FRBTM,CLASQUMUL,,,,,,,,,,,,,,,,,,,,,,,,CLASQUMUL,,,,,,,,,,,,,,,,,,,0,,,,,,,,,,,,,,,,,,,,,,,,,,,,,,
SHESENIFSZX,SHENZEN SENBANG INT'L FREIGHT CO. LTD,Company,,CNSZX,SHESENIFSZX,,,,,,,,,,,,,,,,,,,,,,,,SHESENIFSZX,,,,,,,,,,,,,,,,,,,0,,,,,,,,,,,,,,,,,,,,,,,,,,,,,,
NEWCHAMXP,NEW CHARTER SRL,Company,,ITMXP,NEWCHAMXP,,,,,,,,,,,,,,,,,,,,,,,,NEWCHAMXP,,,,,,,,,,,,,,,,,,,0,,,,,,,,,,,,,,,,,,,,,,,,,,,,,,
TCIINTDUS,TCI INTERNATIONAL LOGISTICS GMBH,Company,,DEDUS,TCIINTDUS,,,,,,,,,,,,,,,,,,,,,,,,TCIINTDUS,,,,,,,,,,,,,,,,,,,0,,,,,,,,,,,,,,,,,,,,,,,,,,,,,,
KEMINDSIN,KEMIN INDUSTRIES (ASIA) PTE LIMITED,Company,,SGSIN,KEMINDSIN,,,,,,,,,,,,,,,,,,,,,,,,KEMINDSIN,,,,,,,,,,,,,,,,,,,0,,,,,,,,,,,,,,,,,,,,,,,,,,,,,,
EXPCONTME,EXPORT CONSOLIDATION SERVICES PTY. LTD.,Company,,AUTME,EXPCONTME,,,,,,,,,,,,,,,,,,,,,,,,EXPCONTME,,,,,,,,,,,,,,,,,,,0,,,,,,,,,,,,,,,,,,,,,,,,,,,,,,
OHSOHEMNL,OH SO HEALTHY CORPORATION,Company,,PHMNL,OHSOHEMNL,,,,,,,,,,,,,,,,,,,,,,,,OHSOHEMNL,,,,,,,,,,,,,,,,,,,0,,,,,,,,,,,,,,,,,,,,,,,,,,,,,,
HORISAPIR,HORIZON SA,Company,,GRPIR,HORISAPIR,,,,,,,,,,,,,,,,,,,,,,,,HORISAPIR,,,,,,,,,,,,,,,,,,,0,,,,,,,,,,,,,,,,,,,,,,,,,,,,,,
KRIALBTLV,KRIEF ALBATROS LTD,Company,,ILTLV,KRIALBTLV,,,,,,,,,,,,,,,,,,,,,,,,KRIALBTLV,,,,,,,,,,,,,,,,,,,0,,,,,,,,,,,,,,,,,,,,,,,,,,,,,,
PARSHIALK,PARAGON SHIPPING LOGISTICS,Company,,SAALK,PARSHIALK,,,,,,,,,,,,,,,,,,,,,www.pslqatar.com,,,PARSHIALK,,,,,,,,,,,,,,,,,,,0,,,,,,,,,,,,,,,,,,,,,,,,,,,,,,
UNISTASHK,UNI-STAR INTERNATIONAL LOGISTICS SERVICES,Company,,CNSHK,UNISTASHK,,,,,,,,,,,,,,,,,,,,,,,,UNISTASHK,,,,,,,,,,,,,,,,,,,0,,,,,,,,,,,,,,,,,,,,,,,,,,,,,,
PANTRALIS,"PANTRANS TRANSITARIOS, S.A",Company,,PTLIS,PANTRALIS,,,,,,,,,,,,,,,,,,,,,,,,PANTRALIS,,,,,,,,,,,,,,,,,,,0,,,,,,,,,,,,,,,,,,,,,,,,,,,,,,
PHIFAUREZ,PHILIPPINE FAUVEDER AND CIE ESPACE OCEANE,Company,,FRREZ,PHIFAUREZ,,,,,,,,,,,,,,,,,,,,,,,,PHIFAUREZ,,,,,,,,,,,,,,,,,,,0,,,,,,,,,,,,,,,,,,,,,,,,,,,,,,
NTGAIRGOT,NTG AIR & OCEAN AB,Company,,SEGOT,NTGAIRGOT,,,,,,,,,,,,,,,,,,,,,www.ntgairocean.com,,,NTGAIRGOT,,,+46730774418,msa@ntgairocean.com,,,,,,,,,,,,,,,0,,,,,,,,,,,,,,,,,,,,,,,,,,,,,,
TRAGRALEH,TRANSPORT GRAVELEAU  DACHSER GROUP,Company,,FRLEH,TRAGRALEH,,,,,,,,,,,,,,,,,,,,,,,,TRAGRALEH,,,,airseaverriei@graveleau.com,,,,,,,,,,,,,,,0,,,,,,,,,,,,,,,,,,,,,,,,,,,,,,
COSLOGTSN,COSCO LOGISTICS TIANJIN (TIAJIN TIANRONG,Company,,CNTSN,COSLOGTSN,,,,,,,,,,,,,,,,,,,,,,,,COSLOGTSN,,,,,,,,,,,,,,,,,,,0,,,,,,,,,,,,,,,,,,,,,,,,,,,,,,
INOULUCKZ,INO ULUSLARARASI NAKLIYE ORGANIZASYON LTD STI,Company,,TRCKZ,INOULUCKZ,,,,,,,,,,,,,,,,,,,,,,,,INOULUCKZ,,,,,,,,,,,,,,,,,,,0,,,,,,,,,,,,,,,,,,,,,,,,,,,,,,
PIOOCEBKK,PIONEER OCEAN FREIGHT CO LTD.,Company,,THBKK,PIOOCEBKK,,,,,,,,,,,,,,,,,,,,,,,,PIOOCEBKK,,,,freight@pioneergroup.in.th,,,,,,,,,,,,,,,0,,,,,,,,,,,,,,,,,,,,,,,,,,,,,,
TRALOGSZX,"TRANSWORLD LOGISTICS  CO., LTD.",Company,,CNSZX,TRALOGSZX,,,,,,,,,,,,,,,,,,,,,,,,TRALOGSZX,,,,,,,,,,,,,,,,,,,0,,,,,,,,,,,,,,,,,,,,,,,,,,,,,,
VICLINHKG,VIC-LINKS EXPRESS INT'L (H.K) LTD.,Company,,HKHKG,VICLINHKG,,,,,,,,,,,,,,,,,,,,,,,,VICLINHKG,,,,,,,,,,,,,,,,,,,0,,,,,,,,,,,,,,,,,,,,,,,,,,,,,,
SHAORIXMN,SHANGHAI ORIENT INTERGROUP INT'L TRANSPORTATION,Company,,CNXMN,SHAORIXMN,,,,,,,,,,,,,,,,,,,,,,,,SHAORIXMN,,,,,,,,,,,,,,,,,,,0,,,,,,,,,,,,,,,,,,,,,,,,,,,,,,
SBSWORATL,SBS WORLDWIDE INC.,Company,,USATL,SBSWORATL,,,,,,,,,,,,,,,,,,,,,,,,SBSWORATL,,,,atlanta@sbsworldwide.com,,,,,,,,,,,,,,,0,,,,,,,,,,,,,,,,,,,,,,,,,,,,,,
DEVINTSEL,DEVELOP INTERNATIONAL CO LTD,Company,,KRSEL,DEVINTSEL,,,,,,,,,,,,,,,,,,,,,,,,DEVINTSEL,,,,,,,,,,,,,,,,,,,0,,,,,,,,,,,,,,,,,,,,,,,,,,,,,,
FSLFREAUH,FSL FREIGHT & LOGISTICS,Company,,AEAUH,FSLFREAUH,,,,,,,,,,,,,,,,,,,,,,,,FSLFREAUH,,,,,,,,,,,,,,,,,,,0,,,,,,,,,,,,,,,,,,,,,,,,,,,,,,
PRALINKUT,PT. PRATHAMA LINE LOGISTICS,Company,,IDKUT,PRALINKUT,,,,,,,,,,,,,,,,,,,,,,,,PRALINKUT,,,,,,,,,,,,,,,,,,,0,,,,,,,,,,,,,,,,,,,,,,,,,,,,,,
NORTRAKRS,NORWEGIAN TRANSPORT NETWORK,Company,,NOKRS,NORTRAKRS,,,,,,,,,,,,,,,,,,,,,,,,NORTRAKRS,,,,,,,,,,,,,,,,,,,0,,,,,,,,,,,,,,,,,,,,,,,,,,,,,,
JOUFREYUL,JOURNEY FREIGHT INTERNATIONAL,Company,,CAYUL,JOUFREYUL,,,,,,,,,,,,,,,,,,,,,,,,JOUFREYUL,,,,,,,,,,,,,,,,,,,0,,,,,,,,,,,,,,,,,,,,,,,,,,,,,,
SWESHIALY,SWEDISH SHIPPING SERVICES,Company,,EGALY,SWESHIALY,,,,,,,,,,,,,,,,,,,,,,,,SWESHIALY,,,,,,,,,,,,,,,,,,,0,,,,,,,,,,,,,,,,,,,,,,,,,,,,,,
LAMTRAGVA,LAMPRECHT TRANSPORTS SA,Company,,CHGVA,LAMTRAGVA,,,,,,,,,,,,,,,,,,,,,,,,LAMTRAGVA,,,,,,,,,,,,,,,,,,,0,,,,,,,,,,,,,,,,,,,,,,,,,,,,,,
WICLOGPKG,WICE LOGISTICS (KL) SDN BHD,Company,,MYPKG,WICLOGPKG,,,,,,,,,,,,,,,,,,,,,,,,WICLOGPKG,,,+60129352273,anuar.kul@wice-logistics.com,,,,,,,,,,,,,,,0,,,,,,,,,,,,,,,,,,,,,,,,,,,,,,
SPLSPEHKG,SPL SPEEDY LOGISTICS (HK) LTD.,Company,,HKHKG,SPLSPEHKG,,,,,,,,,,,,,,,,,,,,,,,,SPLSPEHKG,,,,,,,,,,,,,,,,,,,0,,,,,,,,,,,,,,,,,,,,,,,,,,,,,,
KANGARTGH,KANGAROO GROUP,Company,,VNTGH,KANGARTGH,,,,,,,,,,,,,,,,,,,,,,,,KANGARTGH,,,,,,,,,,,,,,,,,,,0,,,,,,,,,,,,,,,,,,,,,,,,,,,,,,
RUSCARBUE,RUSH CARGO S.R.L,Company,,ARBUE,RUSCARBUE,,,,,,,,,,,,,,,,,,,,,,,,RUSCARBUE,,,,diego_fernandez@rushcargo.com.ar,,,,,,,,,,,,,,,0,,,,,,,,,,,,,,,,,,,,,,,,,,,,,,
JOHGATDVO,JOHN GATTINGER,Company,,PHDVO,JOHGATDVO,,,,,,,,,,,,,,,,,,,,,,,,JOHGATDVO,,,,,,,,,,,,,,,,,,,0,,,,,,,,,,,,,,,,,,,,,,,,,,,,,,
PTGHIIJKT,PT GHITA INDOTRANS SENTOSA,Company,,IDJKT,PTGHIIJKT,,,,,,,,,,,,,,,,,,,,,,,,PTGHIIJKT,,,,administration@ghita.co.id,,,,,,,,,,,,,,,0,,,,,,,,,,,,,,,,,,,,,,,,,,,,,,
WESTRUBJS,WEST TRUE DRAGON TRANSPORTATION LTD.,Company,,CNBJS,WESTRUBJS,,,,,,,,,,,,,,,,,,,,,,,,WESTRUBJS,,,,wtdbj@westtruedragon.com,,,,,,,,,,,,,,,0,,,,,,,,,,,,,,,,,,,,,,,,,,,,,,
XIAUNIXAM,XIAMEN UNI LOGISTICS INC.,Company,,CNXAM,XIAUNIXAM,,,,,,,,,,,,,,,,,,,,,,,,XIAUNIXAM,,,,,,,,,,,,,,,,,,,0,,,,,,,,,,,,,,,,,,,,,,,,,,,,,,
TRAUNICAS,TRANS UNION S.A CST,Company,,ESCAS,TRAUNICAS,,,,,,,,,,,,,,,,,,,,,,,,TRAUNICAS,,,,,,,,,,,,,,,,,,,0,,,,,,,,,,,,,,,,,,,,,,,,,,,,,,
MASCARMAA,MASS CARGO SERVICES,Company,,INMAA,MASCARMAA,,,,,,,,,,,,,,,,,,,,,,,,MASCARMAA,,,,mass@md5.vsnl.net.in,,,,,,,,,,,,,,,0,,,,,,,,,,,,,,,,,,,,,,,,,,,,,,
APCREANBO,APC-REALCO (H.K.) LTD,Company,,CNNBO,APCREANBO,,,,,,,,,,,,,,,,,,,,,,,,APCREANBO,,,,joshjiang@realco-cn.com,,,,,,,,,,,,,,,0,,,,,,,,,,,,,,,,,,,,,,,,,,,,,,
SEEMACTXG,SEEDTEC MACHINERY CO. LTD,Company,,TWTXG,SEEMACTXG,,,,,,,,,,,,,,,,,,,,,,,,SEEMACTXG,,,,,,,,,,,,,,,,,,,0,,,,,,,,,,,,,,,,,,,,,,,,,,,,,,
SCAINTMCI,SCARBROUGH INTERNATIONAL LTD.,Company,,USMKC,SCAINTMCI,,,,,,,,,,,,,,,,,,,,,,,,SCAINTMCI,,,,,,,,,,,,,,,,,,,0,,,,,,,,,,,,,,,,,,,,,,,,,,,,,,
MAC1GLLAX,"MACH 1 GLOBAL SERVICES, INC.",Company,,USLAX,MAC1GLLAX,,,,,,,,,,,,,,,,,,,,,,,,MAC1GLLAX,,,,,,,,,,,,,,,,,,,0,,,,,,,,,,,,,,,,,,,,,,,,,,,,,,
VERGLONGB,VERSUS GLOBAL LIMITED,Company,,CNNBO,VERGLONGB,,,,,,,,,,,,,,,,,,,,,,,,VERGLONGB,,,,,,,,,,,,,,,,,,,0,,,,,,,,,,,,,,,,,,,,,,,,,,,,,,
MIDAMEDET,"MID-AMERICA OVERSEAS, INC",Company,,USDET,MIDAMEDET,,,,,,,,,,,,,,,,,,,,,,,,MIDAMEDET,,,,,,,,,,,,,,,,,,,0,,,,,,,,,,,,,,,,,,,,,,,,,,,,,,
DACTURADB,DACHSER TURKEY LOJISTIK HIZMETLERI A.S.,Company,,TRIZM,DACTURADB,,,,,,,,,,,,,,,,,,,,,,,,DACTURADB,,,,,,,,,,,,,,,,,,,0,,,,,,,,,,,,,,,,,,,,,,,,,,,,,,
TRAGRAMRS,TRANSPORTS GRAVELEAU,Company,,FRMRS,TRAGRAMRS,,,,,,,,,,,,,,,,,,,,,,,,TRAGRAMRS,,,,,,,,,,,,,,,,,,,0,,,,,,,,,,,,,,,,,,,,,,,,,,,,,,
GRAINTFOS,GRAVELEAU INTERNATIONAL,Company,,FRFOS,GRAINTFOS,,,,,,,,,,,,,,,,,,,,,,,,GRAINTFOS,,,,,,,,,,,,,,,,,,,0,,,,,,,,,,,,,,,,,,,,,,,,,,,,,,
DATIANBJS,DA TIAN.W. AIR SERVICE CORPORATION,Company,,CNBJS,DATIANBJS,,,,,,,,,,,,,,,,,,,,,www.dtw.com.cn,,,DATIANBJS,,,,,,,,,,,,,,,,,,,0,,,,,,,,,,,,,,,,,,,,,,,,,,,,,,
AMSGLOTSN,"AMS GLOBAL TRANSPORTATION CO., LTD.",Company,,CNTSN,AMSGLOTSN,,,,,,,,,,,,,,,,,,,,,,,,AMSGLOTSN,,,,tsn_mec@jupiter.morr.sonexpress.com,,,,,,,,,,,,,,,0,,,,,,,,,,,,,,,,,,,,,,,,,,,,,,
MAIFARHKG,MAIMEX FAR EAST LTD.,Company,,HKHKG,MAIFARHKG,,,,,,,,,,,,,,,,,,,,,www.maimexfareast.com,,,MAIFARHKG,,,,,,,,,,,,,,,,,,,0,,,,,,,,,,,,,,,,,,,,,,,,,,,,,,
UCSLOGSEL,UCS LOGISTICS SDN BHD,Company,,MYSEL,UCSLOGSEL,,,,,,,,,,,,,,,,,,,,,,,,UCSLOGSEL,,,,info@myucs.com,,,,,,,,,,,,,,,0,,,,,,,,,,,,,,,,,,,,,,,,,,,,,,
SOLDRATPE,SOLAR DRAGON GLOBAL LOGISTICS LTD.,Company,,TWTPE,SOLDRATPE,,,,,,,,,,,,,,,,,,,,,,,,SOLDRATPE,,,,,,,,,,,,,,,,,,,0,,,,,,,,,,,,,,,,,,,,,,,,,,,,,,
STUSHIJNB,STURROCK SHIPPING (PTY) LTD.,Company,,ZAJNB,STUSHIJNB,,,,,,,,,,,,,,,,,,,,,,,,STUSHIJNB,,,,shipping@jb.sturrock.co.za,,,,,,,,,,,,,,,0,,,,,,,,,,,,,,,,,,,,,,,,,,,,,,
TRAFASMFM,TRANS-FAST LOGISTICS LIMITED,Company,,MOMFM,TRAFASMFM,,,,,,,,,,,,,,,,,,,,,,,,TRAFASMFM,,,,,,,,,,,,,,,,,,,0,,,,,,,,,,,,,,,,,,,,,,,,,,,,,,
SKYAIRMNL,SKYWAY AIRLINES INC.,Company,,PHMNL,SKYAIRMNL,,,,,,,,,,,,,,,,,,,,,,,,SKYAIRMNL,,,,,,,,,,,,,,,,,,,0,,,,,,,,,,,,,,,,,,,,,,,,,,,,,,
GLOLOGNSA,GLOSHIPPING & LOGISTICS PRIVATE LIMITED,Company,,INNSA,GLOLOGNSA,,,,,,,,,,,,,,,,,,,,,,,,GLOLOGNSA,,,,,,,,,,,,,,,,,,,0,,,,,,,,,,,,,,,,,,,,,,,,,,,,,,
MANFRERID,MANNIX FREIGHT SERVICES,Company,,USRID,MANFRERID,,,,,,,,,,,,,,,,,,,,,,,,MANFRERID,,,,,,,,,,,,,,,,,,,0,,,,,,,,,,,,,,,,,,,,,,,,,,,,,,
FRESYSYYZ,FREIGHT SYSTEMS (CANADA) INC.,Company,,CAYYZ,FRESYSYYZ,,,,,,,,,,,,,,,,,,,,,,,,FRESYSYYZ,,,email: see contacts,,,,,,,,,,,,,,,,0,,,,,,,,,,,,,,,,,,,,,,,,,,,,,,
MKCSHIBOM,MKCL SHIPPING P. LTD.,Company,,INBOM,MKCSHIBOM,,,,,,,,,,,,,,,,,,,,,,,,MKCSHIBOM,,,,kcl@vsnl.net  / kclship@vsnl.net  / web site : www.kclshippi,,,,,,,,,,,,,,,0,,,,,,,,,,,,,,,,,,,,,,,,,,,,,,
FLACARMVD,FLASH CARGO S.R.L.,Company,,UYMVD,FLACARMVD,,,,,,,,,,,,,,,,,,,,,,,,FLACARMVD,,,,,,,,,,,,,,,,,,,0,,,,,,,,,,,,,,,,,,,,,,,,,,,,,,
SKYAIRHKG,SKY AIR (INTERNATIONAL) CO LTD,Company,,HKHKG,SKYAIRHKG,,,,,,,,,,,,,,,,,,,,,,,,SKYAIRHKG,,,,,,,,,,,,,,,,,,,0,,,,,,,,,,,,,,,,,,,,,,,,,,,,,,
TRAINTSGN,TRANSPORTER INTERNATIONAL LOGISTICS,Company,,VNSGN,TRAINTSGN,,,,,,,,,,,,,,,,,,,,,,,,TRAINTSGN,,,+84909458435,,,,,,,,,,,,,,,,0,,,,,,,,,,,,,,,,,,,,,,,,,,,,,,
TAKHOSMNL,TAKEFUMI HOSOMI,Company,,PHMNL,TAKHOSMNL,,,,,,,,,,,,,,,,,,,,,,,,TAKHOSMNL,,,,,,,,,,,,,,,,,,,0,,,,,,,,,,,,,,,,,,,,,,,,,,,,,,
UNLEXPBKK,UNLIMITED EXPRESS (THAILAND) CORP LTD,Company,,THBKK,UNLEXPBKK,,,,,,,,,,,,,,,,,,,,,,,,UNLEXPBKK,,,,,,,,,,,,,,,,,,,0,,,,,,,,,,,,,,,,,,,,,,,,,,,,,,
PTHARMJKT,PT. HARMEIR INTI TRANSLOG INDONESIA,Company,,IDJKT,PTHARMJKT,,,,,,,,,,,,,,,,,,,,,www.htl-indinternational.com,,,PTHARMJKT,,,,,,,,,,,,,,,,,,,0,,,,,,,,,,,,,,,,,,,,,,,,,,,,,,
AWOGLOCZX,AWOT GLOBAL CORPORATION SHENZHEN BRANCH,Company,,CNCZX,AWOGLOCZX,,,,,,,,,,,,,,,,,,,,,,,,AWOGLOCZX,,,,,,,,,,,,,,,,,,,0,,,,,,,,,,,,,,,,,,,,,,,,,,,,,,
NOALOGBIO,NOATUM LOGISTICS,Company,,ESBIO,NOALOGBIO,,,,,,,,,,,,,,,,,,,,,,,,NOALOGBIO,,,,,,,,,,,,,,,,,,,0,,,,,,,,,,,,,,,,,,,,,,,,,,,,,,
UNISTAHUA,UNI-STAR INTERNATIONAOL LOGISTICS SERVICE,Company,,CNHUA,UNISTAHUA,,,,,,,,,,,,,,,,,,,,,,,,UNISTAHUA,,,,,,,,,,,,,,,,,,,0,,,,,,,,,,,,,,,,,,,,,,,,,,,,,,
MILOGISEL,"MI LOGIX CO.,LTD",Company,,KRSEL,MILOGISEL,,,,,,,,,,,,,,,,,,,,,,,,MILOGISEL,,,,,,,,,,,,,,,,,,,0,,,,,,,,,,,,,,,,,,,,,,,,,,,,,,
CLCPROHKG,CLC PROJECTS,Company,,HKHKG,CLCPROHKG,,,,,,,,,,,,,,,,,,,,,,,,CLCPROHKG,,,,,,,,,,,,,,,,,,,0,,,,,,,,,,,,,,,,,,,,,,,,,,,,,,
PARFRELON,PARK FREIGHT FORWARDING,Company,,GBLON,PARFRELON,,,,,,,,,,,,,,,,,,,,,,,,PARFRELON,,,,,,,,,,,,,,,,,,,0,,,,,,,,,,,,,,,,,,,,,,,,,,,,,,
COGPRIHYD,COGOPORT PRIVATE LTD.,Company,,INHYD,COGPRIHYD,,,,,,,,,,,,,,,,,,,,,,,,COGPRIHYD,,,,,,,,,,,,,,,,,,,0,,,,,,,,,,,,,,,,,,,,,,,,,,,,,,
FRESYSKWI,FREIGHT SYSTEMS CO. (WLL) KUWAIT,Company,,KWKWI,FRESYSKWI,,,,,,,,,,,,,,,,,,,,,,,,FRESYSKWI,,,,,,,,,,,,,,,,,,,0,,,,,,,,,,,,,,,,,,,,,,,,,,,,,,
HAINATASH,HAIM NATANIEL LTD.,Company,,ILASH,HAINATASH,,,,,,,,,,,,,,,,,,,,,WWW.NATHANIEL.CO.IL,,,HAINATASH,,,,,,,,,,,,,,,,,,,0,,,,,,,,,,,,,,,,,,,,,,,,,,,,,,
ASECABXWL,ASECO AB,Company,,SEGOT,ASECABXWL,,,,,,,,,,,,,,,,,,,,,,,,ASECABXWL,,,,,,,,,,,,,,,,,,,0,,,,,,,,,,,,,,,,,,,,,,,,,,,,,,
FREMANDAC,FREIGHT MANAGEMENT LTD,Company,,BDDAC,FREMANDAC,,,,,,,,,,,,,,,,,,,,,www.fml-bd.com,,,FREMANDAC,,,,muqtadeer@fml-bd.com,,,,,,,,,,,,,,,0,,,,,,,,,,,,,,,,,,,,,,,,,,,,,,
DRATPEAFE,DRAGON TRANS CONSOLIDATION LTD.,Company,,TWTPE,DRATPEAFE,,,,,,,,,,,,,,,,,,,,,,,,DRATPEAFE,,,,,,,,,,,,,,,,,,,0,,,,,,,,,,,,,,,,,,,,,,,,,,,,,,
LAMTRASPE,LAMPRECHT TRANSPORT AG DEP BASEL MARITIME,Company,,ITSPE,LAMTRASPE,,,,,,,,,,,,,,,,,,,,,,,,LAMTRASPE,,,,,,,,,,,,,,,,,,,0,,,,,,,,,,,,,,,,,,,,,,,,,,,,,,
KUENAGBRE,KUEHNE + NAGEL (AG & CO.) KG,Company,,DEBRE,KUENAGBRE,,,,,,,,,,,,,,,,,,,,,,,,KUENAGBRE,,,,,,,,,,,,,,,,,,,0,,,,,,,,,,,,,,,,,,,,,,,,,,,,,,
ELOGLLDXB,E-LOGISTICS LLC,Company,,AEDXB,ELOGLLDXB,,,,,,,,,,,,,,,,,,,,,,,,ELOGLLDXB,,,,seema@elogistics.ae,,,,,,,,,,,,,,,0,,,,,,,,,,,,,,,,,,,,,,,,,,,,,,
UNILOGNAY,UNITEX LOGISTICS (BEIJING) LTD.,Company,,CNBJS,UNILOGNAY,,,,,,,,,,,,,,,,,,,,,,,,UNILOGNAY,,,,,,,,,,,,,,,,,,,0,,,,,,,,,,,,,,,,,,,,,,,,,,,,,,
SUPASIDLC,"SUPER ASIA LOGISTICS (DALIAN) CO.,LTD",Company,,CNDLC,SUPASIDLC,,,,,,,,,,,,,,,,,,,,,,,,SUPASIDLC,,,,,,,,,,,,,,,,,,,0,,,,,,,,,,,,,,,,,,,,,,,,,,,,,,
DECOSLVLC,DECOTRANSIT S.L.,Company,,ESVLC,DECOSLVLC,,,,,,,,,,,,,,,,,,,,,,,,DECOSLVLC,,,,,,,,,,,,,,,,,,,0,,,,,,,,,,,,,,,,,,,,,,,,,,,,,,
NOALOGBCN,NOATUM LOGISTICS S.A.U.,Company,,ESBCN,NOALOGBCN,,,,,,,,,,,,,,,,,,,,,,,,NOALOGBCN,,,,japozon@noatumlogistics.com,,,,,,,,,,,,,,,0,,,,,,,,,,,,,,,,,,,,,,,,,,,,,,
NINYUYQSE,NINGBO YUYAO INTERNATIONAL FREIGHT FORWARDING CO. LTD.,Company,,CNQSE,NINYUYQSE,,,,,,,,,,,,,,,,,,,,,,,,NINYUYQSE,,,,,,,,,,,,,,,,,,,0,,,,,,,,,,,,,,,,,,,,,,,,,,,,,,
SGWORLLMS,S.G. WORLDWIDE MEDIA COMPANY LTD,Company,,CYLMS,SGWORLLMS,,,,,,,,,,,,,,,,,,,,,,,,SGWORLLMS,,,,,,,,,,,,,,,,,,,0,,,,,,,,,,,,,,,,,,,,,,,,,,,,,,
UNIINTSSZX,UNITEX INT'L FORWARDING (GUANGZHOU) LTD.,Company,,CNSZX,UNIINTSSZX,,,,,,,,,,,,,,,,,,,,,,,,UNIINTSSZX,,,+8675527772682,airport_szx@uif.com.hk,,,,,,,,,,,,,,,0,,,,,,,,,,,,,,,,,,,,,,,,,,,,,,
AMCARGZAZ,A.M. CARGO ARAGON S.L.,Company,,ESZAZ,AMCARGZAZ,,,,,,,,,,,,,,,,,,,,,,,,AMCARGZAZ,,,,,,,,,,,,,,,,,,,0,,,,,,,,,,,,,,,,,,,,,,,,,,,,,,
IMEEXPSHA,IMEX EXPORT ASIA SDN BHD,Company,,MYSHA,IMEEXPSHA,,,,,,,,,,,,,,,,,,,,,,,,IMEEXPSHA,,,,,,,,,,,,,,,,,,,0,,,,,,,,,,,,,,,,,,,,,,,,,,,,,,
PANLOGSZX,"PANDA LOGISTICS CO., LTD",Company,,CNSZX,PANLOGSZX,,,,,,,,,,,,,,,,,,,,,,,,PANLOGSZX,,,,,,,,,,,,,,,,,,,0,,,,,,,,,,,,,,,,,,,,,,,,,,,,,,
SENINTMIA,SENATOR INTERNATIONAL FREIGHT FORWARDING LLC,Company,,USMIA,SENINTMIA,,,,,,,,,,,,,,,,,,,,,,,,SENINTMIA,,,,,,,,,,,,,,,,,,,0,,,,,,,,,,,,,,,,,,,,,,,,,,,,,,
PETRASABZ,PETRASCO,Company,,GBABD,PETRASABZ,,,,,,,,,,,,,,,,,,,,,,,,PETRASABZ,,,,michelle.neish@petrasco.co.uk,,,,,,,,,,,,,,,0,,,,,,,,,,,,,,,,,,,,,,,,,,,,,,
DONEXPSEL,DONGBO EXPRESS CO. LTD.,Company,,KRSEL,DONEXPSEL,,,,,,,,,,,,,,,,,,,,,,,,DONEXPSEL,,,,,,,,,,,,,,,,,,,0,,,,,,,,,,,,,,,,,,,,,,,,,,,,,,
LEMANAGH,LEMAN AB,Company,,SEHEL,LEMANAGH,,,,,,,,,,,,,,,,,,,,,,,,LEMANAGH,,,,,,,,,,,,,,,,,,,0,,,,,,,,,,,,,,,,,,,,,,,,,,,,,,
ALBSPAMIL,ALBATRANS S.P.A,Company,,ITMIL,ALBSPAMIL,,,,,,,,,,,,,,,,,,,,,,,,ALBSPAMIL,,,,almi102@albatrans.com,,,,,,,,,,,,,,,0,,,,,,,,,,,,,,,,,,,,,,,,,,,,,,
APCREASEL,APC REALCO LTD. /KOREA OFFICE,Company,,KRSEL,APCREASEL,,,,,,,,,,,,,,,,,,,,,,,,APCREASEL,,,,,,,,,,,,,,,,,,,0,,,,,,,,,,,,,,,,,,,,,,,,,,,,,,
INTSPALIV,INTERCOSPED S.P.A,Company,,ITLIV,INTSPALIV,,,,,,,,,,,,,,,,,,,,,,,,INTSPALIV,,,,,,,,,,,,,,,,,,,0,,,,,,,,,,,,,,,,,,,,,,,,,,,,,,
BOLLOGSZX,"BOLLORE LOGISTICS CHINA CO., LTD-SHENZHEN BRANCH",Company,,CNSNZ,BOLLOGSZX,,,,,,,,,,,,,,,,,,,,,,,,BOLLOGSZX,,,,,,,,,,,,,,,,,,,0,,,,,,,,,,,,,,,,,,,,,,,,,,,,,,
APCLOGARN,APC LOGISTICS AB,Company,,SEARN,APCLOGARN,,,,,,,,,,,,,,,,,,,,,,,,APCLOGARN,,,,,,,,,,,,,,,,,,,0,,,,,,,,,,,,,,,,,,,,,,,,,,,,,,
ARASHIDXB,ARABITAL SHIPPING,Company,,AEDXB,ARASHIDXB,,,,,,,,,,,,,,,,,,,,,www.arabital.com,,,ARASHIDXB,,,,,,,,,,,,,,,,,,,0,,,,,,,,,,,,,,,,,,,,,,,,,,,,,,
RHSFREDXB,RHS FREIGHT SERVICES,Company,,AEDXB,RHSFREDXB,,,,,,,,,,,,,,,,,,,,,www.rhsfreightservices.com,,,RHSFREDXB,,,,,,,,,,,,,,,,,,,0,,,,,,,,,,,,,,,,,,,,,,,,,,,,,,
DTWDATNKG,DTW DATIAN W OCEAN,Company,,CNNKG,DTWDATNKG,,,,,,,,,,,,,,,,,,,,,,,,DTWDATNKG,,,,,,,,,,,,,,,,,,,0,,,,,,,,,,,,,,,,,,,,,,,,,,,,,,
GRUINTAFE,GRUPTRANS INT’L TRANSPORT CO. INC,Company,,TRANK,GRUINTAFE,,,,,,,,,,,,,,,,,,,,,,,,GRUINTAFE,,,,oznur@gruptrans.com,,,,,,,,,,,,,,,0,,,,,,,,,,,,,,,,,,,,,,,,,,,,,,
SAGFRANTE,SAGA FRANCE,Company,,FRNTE,SAGFRANTE,,,,,,,,,,,,,,,,,,,,,www.saga.fr,,,SAGFRANTE,,,,contact@sagactl.com,,,,,,,,,,,,,,,0,,,,,,,,,,,,,,,,,,,,,,,,,,,,,,
CLASQUTII,CLASQUIN TI INTERCARGO,Company,,ESMAD,CLASQUTII,,,,,,,,,,,,,,,,,,,,,,,,CLASQUTII,,,,,,,,,,,,,,,,,,,0,,,,,,,,,,,,,,,,,,,,,,,,,,,,,,
SILEXPNRT,SILK EXPRESS FREIGHT  JAPAN LTD.,Company,,JPTYO,SILEXPNRT,,,,,,,,,,,,,,,,,,,,,,,,SILEXPNRT,,,,sh@silkexp.co.jp,,,,,,,,,,,,,,,0,,,,,,,,,,,,,,,,,,,,,,,,,,,,,,
TOTCARASH,TOTAL CARGO LTD.,Company,,ILASH,TOTCARASH,,,,,,,,,,,,,,,,,,,,,,,,TOTCARASH,,,,,,,,,,,,,,,,,,,0,,,,,,,,,,,,,,,,,,,,,,,,,,,,,,
ALBASASCL,ALBATRANS S.A.,Company,,CLSCL,ALBASASCL,,,,,,,,,,,,,,,,,,,,,,,,ALBASASCL,,,,,,,,,,,,,,,,,,,0,,,,,,,,,,,,,,,,,,,,,,,,,,,,,,
DELCONMAR,DELTA CONTAINER SERVICES CO LTD,Company,,MTMAR,DELCONMAR,,,,,,,,,,,,,,,,,,,,,,,,DELCONMAR,,,,,,,,,,,,,,,,,,,0,,,,,,,,,,,,,,,,,,,,,,,,,,,,,,
LOGPOLGDN,LOGFRET POLAND SP. Z O.O.,Company,,PLGDN,LOGPOLGDN,,,,,,,,,,,,,,,,,,,,,,,,LOGPOLGDN,,,,agnieszka.jodlowska@logfret.com,,,,,,,,,,,,,,,0,,,,,,,,,,,,,,,,,,,,,,,,,,,,,,
ILOGCONGO,I-LOGISTICS CORP.,Company,,JPNGO,ILOGCONGO,,,,,,,,,,,,,,,,,,,,,,,,ILOGCONGO,,,,,,,,,,,,,,,,,,,0,,,,,,,,,,,,,,,,,,,,,,,,,,,,,,
SAGAIRPAR,SAGA AIR CDG,Company,,FRPAR,SAGAIRPAR,,,,,,,,,,,,,,,,,,,,,www.saga.fr,,,SAGAIRPAR,,,,c.rumeaul@sagactl.com,,,,,,,,,,,,,,,0,,,,,,,,,,,,,,,,,,,,,,,,,,,,,,
STEOTSIZM,STEINWEG-OTS TASIMACILIK DENIZCILIK TIC. LTD. STI.,Company,,TRIZM,STEOTSIZM,,,,,,,,,,,,,,,,,,,,,,,,STEOTSIZM,,,,,,,,,,,,,,,,,,,0,,,,,,,,,,,,,,,,,,,,,,,,,,,,,,
TRAAIRCPH,TRANS-AIR DANMARK A/S,Company,,DKCPH,TRAAIRCPH,,,,,,,,,,,,,,,,,,,,,,,,TRAAIRCPH,,,,,,,,,,,,,,,,,,,0,,,,,,,,,,,,,,,,,,,,,,,,,,,,,,
LOGPLUBOM,LOGISTICS PLUS PRIVATE LIMITED,Company,,INBOM,LOGPLUBOM,,,,,,,,,,,,,,,,,,,,,,,,LOGPLUBOM,,,,,,,,,,,,,,,,,,,0,,,,,,,,,,,,,,,,,,,,,,,,,,,,,,
MAIUSAJFK,MAINFREIGHT USA (FOMERLY TARGET LOGISTIC SVCS),Company,,USJFK,MAIUSAJFK,,,,,,,,,,,,,,,,,,,,,,,,MAIUSAJFK,,,,ewr.international@targetlogistics.com,,,,,,,,,,,,,,,0,,,,,,,,,,,,,,,,,,,,,,,,,,,,,,
GILNAVYVR,GILLSHIP NAVIGATION,Company,,CAVAN,GILNAVYVR,,,,,,,,,,,,,,,,,,,,,,,,GILNAVYVR,,,,,,,,,,,,,,,,,,,0,,,,,,,,,,,,,,,,,,,,,,,,,,,,,,
MAIUSAHOU2,MAINFREIGHT USA (DO NOT USE),Company,,USHOU,MAIUSAHOU2,,,,,,,,,,,,,,,,,,,,,,,,MAIUSAHOU2,,,,,,,,,,,,,,,,,,,0,,,,,,,,,,,,,,,,,,,,,,,,,,,,,,
MACAPPCEB,"MACTAN APPARELS, INC.",Company,,PHCEB,MACAPPCEB,,,,,,,,,,,,,,,,,,,,,,,,MACAPPCEB,,,+639173026079,sheryl.tejana@sportscity.com.ph,,,,,,,,,,,,,,,0,,,,,,,,,,,,,,,,,,,,,,,,,,,,,,
HERSHIHAM,HERMES SHIPPING,Company,,DEHAM,HERSHIHAM,,,,,,,,,,,,,,,,,,,,,www.hermeslogistics.com,,,HERSHIHAM,,,,service@hermesship.com,,,,,,,,,,,,,,,0,,,,,,,,,,,,,,,,,,,,,,,,,,,,,,
BALOGIPLU,BA LOGISTICS,Company,,MUPLU,BALOGIPLU,,,,,,,,,,,,,,,,,,,,,,,,BALOGIPLU,,,,,,,,,,,,,,,,,,,0,,,,,,,,,,,,,,,,,,,,,,,,,,,,,,
AIRFREPPA,"AIRBRIDGE FREIGHT INTERNATIONAL CO.,INC",Company,,PHPPA,AIRFREPPA,,,,,,,,,,,,,,,,,,,,,,,,AIRFREPPA,,,,,,,,,,,,,,,,,,,0,,,,,,,,,,,,,,,,,,,,,,,,,,,,,,
FRASPARSC,FRASCOLD SPA,Company,,ITRSC,FRASPARSC,,,,,,,,,,,,,,,,,,,,,,,,FRASPARSC,,,,,,,,,,,,,,,,,,,0,,,,,,,,,,,,,,,,,,,,,,,,,,,,,,
EMBTRAMUB,EMBASSY TRANSPORTATION INDIA PVT LTD,Company,,INMUB,EMBTRAMUB,,,,,,,,,,,,,,,,,,,,,,,,EMBTRAMUB,,,,,,,,,,,,,,,,,,,0,,,,,,,,,,,,,,,,,,,,,,,,,,,,,,
LOGAERCDG,LOGAERO SERVICES,Company,,FRCDG,LOGAERCDG,,,,,,,,,,,,,,,,,,,,,,,,LOGAERCDG,,,,,,,,,,,,,,,,,,,0,,,,,,,,,,,,,,,,,,,,,,,,,,,,,,
ALQABAKWI,AL QABANDI AND PARTNERS COMPANY,Company,,KWKWI,ALQABAKWI,,,,,,,,,,,,,,,,,,,,,www.al-qabandi.net,,,ALQABAKWI,,,,aqabandi@qualitynet.net,,,,,,,,,,,,,,,0,,,,,,,,,,,,,,,,,,,,,,,,,,,,,,
DAHINTQZQ,DAHER INTERNATIONAL FOOD CO. S.A.L (LEBANON),Company,,LBQZQ,DAHINTQZQ,,,,,,,,,,,,,,,,,,,,,,,,DAHINTQZQ,,,,,,,,,,,,,,,,,,,0,,,,,,,,,,,,,,,,,,,,,,,,,,,,,,
CHEGLOCEB,CHEMTRUST GLOBAL MARKET INC.,Company,,PHCEB,CHEGLOCEB,,,,,,,,,,,,,,,,,,,,,,,,CHEGLOCEB,,,,,,,,,,,,,,,,,,,0,,,,,,,,,,,,,,,,,,,,,,,,,,,,,,
EXPLOGCMB,EXPEDIA LOGISTICS PVT LTD,Company,,LKCMB,EXPLOGCMB,,,,,,,,,,,,,,,,,,,,,,,,EXPLOGCMB,,,,,,,,,,,,,,,,,,,0,,,,,,,,,,,,,,,,,,,,,,,,,,,,,,
JINSHAAFE,"JINAN BODOR CNC MACHINE CO., LTD.",Company,,CNSHA,JINSHAAFE,,,,,,,,,,,,,,,,,,,,,,,,JINSHAAFE,,,,sales@bodor.com,,,,,,,,,,,,,,,0,,,,,,,,,,,,,,,,,,,,,,,,,,,,,,
TIGUSADAL,"TIGERS (USA) GLOBAL LOGISTICS , INC",Company,,USDAL,TIGUSADAL,,,,,,,,,,,,,,,,,,,,,,,,TIGUSADAL,,,,,,,,,,,,,,,,,,,0,,,,,,,,,,,,,,,,,,,,,,,,,,,,,,
MIEXPEBCN,MIEXPERT,Company,,ESBCN,MIEXPEBCN,,,,,,,,,,,,,,,,,,,,,www.miexpert.net,,,MIEXPEBCN,,,,evelyne.vandyck@miexpert.net,,,,,,,,,,,,,,,0,,,,,,,,,,,,,,,,,,,,,,,,,,,,,,
VAROVAHEL,VAROVA OY,Company,,FIHEL,VAROVAHEL,,,,,,,,,,,,,,,,,,,,,,,,VAROVAHEL,,,,,,,,,,,,,,,,,,,0,,,,,,,,,,,,,,,,,,,,,,,,,,,,,,
GONNVSBON,GONDRAND N.V. SEAFREIGHT DIVISION BELGIUM,Company,,BEBON,GONNVSBON,,,,,,,,,,,,,,,,,,,,,www.gondrand.be,,,GONNVSBON,,,,,,,,,,,,,,,,,,,0,,,,,,,,,,,,,,,,,,,,,,,,,,,,,,
GRADACPAB,"GRAVELEAU, DACHSER GROUP",Company,,FRPAB,GRADACPAB,,,,,,,,,,,,,,,,,,,,,,,,GRADACPAB,,,,,,,,,,,,,,,,,,,0,,,,,,,,,,,,,,,,,,,,,,,,,,,,,,
FORFOONYC,FOREAL FOODS LLC,Company,,USNYC,FORFOONYC,,,,,,,,,,,,,,,,,,,,,https://www.forealfoods.com/,,,FORFOONYC,,,+12028488954,Mohammed Al Hagri <mohammed@forealfoods.com>,,,,,,,,,,,,,,,0,,,,,,,,,,,,,,,,,,,,,,,,,,,,,,
LOGCDGCDG,LOGFRET CDG,Company,,FRCDG,LOGCDGCDG,,,,,,,,,,,,,,,,,,,,,,,,LOGCDGCDG,,,,ediaz@logfret.com,,,,,,,,,,,,,,,0,,,,,,,,,,,,,,,,,,,,,,,,,,,,,,
PRIFRELAX,PRIMARY FREIGHT SERVICES INC.,Company,,USLAX,PRIFRELAX,,,,,,,,,,,,,,,,,,,,,,,,PRIFRELAX,,,,,,,,,,,,,,,,,,,0,,,,,,,,,,,,,,,,,,,,,,,,,,,,,,
INTCARAAKL,INTERNATIONAL CARGO SYSTEMS,Company,,NZAKL,INTCARAAKL,,,,,,,,,,,,,,,,,,,,,,,,INTCARAAKL,,,,,,,,,,,,,,,,,,,0,,,,,,,,,,,,,,,,,,,,,,,,,,,,,,
LLOMANLON,LLOYD MANEX LTD. INTERNATIONAL LOGISTICS,Company,,UKLON,LLOMANLON,,,,,,,,,,,,,,,,,,,,,,,,LLOMANLON,,,,,,,,,,,,,,,,,,,0,,,,,,,,,,,,,,,,,,,,,,,,,,,,,,
SHEDONSXG,SHENZHEN DONGHONG LOGISTICS CO. LTD.,Company,,CNSXG,SHEDONSXG,,,,,,,,,,,,,,,,,,,,,,,,SHEDONSXG,,,,,,,,,,,,,,,,,,,0,,,,,,,,,,,,,,,,,,,,,,,,,,,,,,
INTERTBRU,INTERTRANS,Company,,BEBRU,INTERTBRU,,,,,,,,,,,,,,,,,,,,,,,,INTERTBRU,,,,,,,,,,,,,,,,,,,0,,,,,,,,,,,,,,,,,,,,,,,,,,,,,,
CHAFREBLR,CHANNEL FREIGHT SERVICES (I)PVT LTD.,Company,,INBLR,CHAFREBLR,,,,,,,,,,,,,,,,,,,,,,,,CHAFREBLR,,,,,,,,,,,,,,,,,,,0,,,,,,,,,,,,,,,,,,,,,,,,,,,,,,
TRAAIRNGB,TRANSIT AIR CARGO INC.,Company,,CNNGB,TRAAIRNGB,,,,,,,,,,,,,,,,,,,,,,,,TRAAIRNGB,,,+8657487115488,ningbo@transitair.com.cn,,,,,,,,,,,,,,,0,,,,,,,,,,,,,,,,,,,,,,,,,,,,,,
MAIUSABNV,MAINFREIGHT USA (FORMERLY TARGET LOGISTICS SVCS),Company,,USBNV,MAIUSABNV,,,,,,,,,,,,,,,,,,,,,,,,MAIUSABNV,,,,,,,,,,,,,,,,,,,0,,,,,,,,,,,,,,,,,,,,,,,,,,,,,,
DJGMTCAFE,D.J.G. EXHIBITION FREIGHT SERVICES LIMITED,Company,,GBMTC,DJGMTCAFE,,,,,,,,,,,,,,,,,,,,,,,,DJGMTCAFE,,,,info@djgefsl.co.uk,,,,,,,,,,,,,,,0,,,,,,,,,,,,,,,,,,,,,,,,,,,,,,
MAIUSAFLO,MAINFREIGHT USA (FORMERLY TARGET LOGISTICS SVCS),Company,,USFLO,MAIUSAFLO,,,,,,,,,,,,,,,,,,,,,,,,MAIUSAFLO,,,,tpa.international@targetlogistics.com,,,,,,,,,,,,,,,0,,,,,,,,,,,,,,,,,,,,,,,,,,,,,,
ALPGLOOSA,ALPHA GLOBAL LOGISTICS INC.,Company,,JPOSA,ALPGLOOSA,,,,,,,,,,,,,,,,,,,,,,,,ALPGLOOSA,,,,,,,,,,,,,,,,,,,0,,,,,,,,,,,,,,,,,,,,,,,,,,,,,,
MORINTRMQ,MORRIS INTERNATIONAL RECREATION TECHNOLOGY CO LTD,Company,,TWTXG,MORINTRMQ,,,,,,,,,,,,,,,,,,,,,,,,MORINTRMQ,,,,,,,,,,,,,,,,,,,0,,,,,,,,,,,,,,,,,,,,,,,,,,,,,,
OCEMARKPO,OCEAN MARITIME CO. LTD,Company,,KRKPO,OCEMARKPO,,,,,,,,,,,,,,,,,,,,,,,,OCEMARKPO,,,,,,,,,,,,,,,,,,,0,,,,,,,,,,,,,,,,,,,,,,,,,,,,,,
LAMTRABSL,LAMPRECHT TRANSPORT AG,Company,,CHBSL,LAMTRABSL,,,,,,,,,,,,,,,,,,,,,,,,LAMTRABSL,,,,Christoph.Reichenstein@lamprecht.ch,,,,,,,,,,,,,,,0,,,,,,,,,,,,,,,,,,,,,,,,,,,,,,
DIMFRESIN,DIMENSION FREIGHT & LOGISTICS PTE LTD,Company,,SGSIN,DIMFRESIN,,,,,,,,,,,,,,,,,,,,,,,,DIMFRESIN,,,,,,,,,,,,,,,,,,,0,,,,,,,,,,,,,,,,,,,,,,,,,,,,,,
JNINTESHA,JN  INTERNATIONAL FORWARDING CO. LTD.,Company,,CNSHA,JNINTESHA,,,,,,,,,,,,,,,,,,,,,www.jnif.com,,,JNINTESHA,,,,,,,,,,,,,,,,,,,0,,,,,,,,,,,,,,,,,,,,,,,,,,,,,,
AVILOGHAN,AVINA LOGISTICS JSC,Company,,VNHAN,AVILOGHAN,,,,,,,,,,,,,,,,,,,,,,,,AVILOGHAN,,,,,,,,,,,,,,,,,,,0,,,,,,,,,,,,,,,,,,,,,,,,,,,,,,
COMESABGU,COMELEC SA,Company,,USBGU,COMESABGU,,,,,,,,,,,,,,,,,,,,,,,,COMESABGU,,,,,,,,,,,,,,,,,,,0,,,,,,,,,,,,,,,,,,,,,,,,,,,,,,
ABCINTVAN,"ABCO INTERNATIONAL FREIGHT, INC.",Company,,CAVAN,ABCINTVAN,,,,,,,,,,,,,,,,,,,,,www.abcofreight.com,,,ABCINTVAN,,,,abcovcr@aicompro.com,,,,,,,,,,,,,,,0,,,,,,,,,,,,,,,,,,,,,,,,,,,,,,
G4SDXBAFE,G4S INTERNATIONAL LOGISTICS,Company,,AEDXB,G4SDXBAFE,,,,,,,,,,,,,,,,,,,,,,,,G4SDXBAFE,,,,michelle.mannas@g4si.com,,,,,,,,,,,,,,,0,,,,,,,,,,,,,,,,,,,,,,,,,,,,,,
INTFARSGN,INTERGLOBO FAR EAST HCM REPRESENTATIVE,Company,,VNSGN,INTFARSGN,,,,,,,,,,,,,,,,,,,,,,,,INTFARSGN,,,,,,,,,,,,,,,,,,,0,,,,,,,,,,,,,,,,,,,,,,,,,,,,,,
AELBERKWN,AEL-BERKMAN FORWARDING (HK) LIMITED,Company,,HKKWN,AELBERKWN,,,,,,,,,,,,,,,,,,,,,,,,AELBERKWN,,,,,,,,,,,,,,,,,,,0,,,,,,,,,,,,,,,,,,,,,,,,,,,,,,
CSSLOGDXB,CSS LOGISTICS,Company,,AEDXB,CSSLOGDXB,,,,,,,,,,,,,,,,,,,,,,,,CSSLOGDXB,,,,,,,,,,,,,,,,,,,0,,,,,,,,,,,,,,,,,,,,,,,,,,,,,,
PAUYUPCEB,PAUL-YU PHILIPPINES CORPORATION,Company,,PHCEB,PAUYUPCEB,,,,,,,,,,,,,,,,,,,,,,,,PAUYUPCEB,,,+639352412070,shipping@paulyu.com.tw,,,,,,,,,,,,,,,0,,,,,,,,,,,,,,,,,,,,,,,,,,,,,,
PTKUMCJKT,PT KUMAITU CARGO,Company,,IDJKT,PTKUMCJKT,,,,,,,,,,,,,,,,,,,,,,,,PTKUMCJKT,,,,forwarding@kumaitucargo.co.id,,,,,,,,,,,,,,,0,,,,,,,,,,,,,,,,,,,,,,,,,,,,,,
ASONICKLA,A-SONIC LOGISTICS (MALAYSIA) SDN BHD,Company,,MYKLA,ASONICKLA,,,,,,,,,,,,,,,,,,,,,http://www.asonic-logistics.com,,,ASONICKLA,,,,niza.kul@asonic-logistics.com,,,,,,,,,,,,,,,0,,,,,,,,,,,,,,,,,,,,,,,,,,,,,,
WIILOGTLL,WIIMA LOGISTICS OÜ,Company,,EETLL,WIILOGTLL,,,,,,,,,,,,,,,,,,,,,,,,WIILOGTLL,,,,,,,,,,,,,,,,,,,0,,,,,,,,,,,,,,,,,,,,,,,,,,,,,,
XLLMARMAA,XLLENT MARINE LINE PVT LTD,Company,,INMAA,XLLMARMAA,,,,,,,,,,,,,,,,,,,,,,,,XLLMARMAA,,,,,,,,,,,,,,,,,,,0,,,,,,,,,,,,,,,,,,,,,,,,,,,,,,
GNTLOGICD,GNT LOGISTICS PVT. LTD.,Company,,INICD,GNTLOGICD,,,,,,,,,,,,,,,,,,,,,,,,GNTLOGICD,,,,,,,,,,,,,,,,,,,0,,,,,,,,,,,,,,,,,,,,,,,,,,,,,,
SYLYUMDVO,SYLVESTER YUMANG,Company,,PHDVO,SYLYUMDVO,,,,,,,,,,,,,,,,,,,,,,,,SYLYUMDVO,,,,,,,,,,,,,,,,,,,0,,,,,,,,,,,,,,,,,,,,,,,,,,,,,,
CARGOMPRG,CARGOMIND S.R.O,Company,,CZPRG,CARGOMPRG,,,,,,,,,,,,,,,,,,,,,,,,CARGOMPRG,,,,,,,,,,,,,,,,,,,0,,,,,,,,,,,,,,,,,,,,,,,,,,,,,,
STRTRAFBG,STRECK TRANSPORTGES MBH,Company,,DEFBG,STRTRAFBG,,,,,,,,,,,,,,,,,,,,,,,,STRTRAFBG,,,,,,,,,,,,,,,,,,,0,,,,,,,,,,,,,,,,,,,,,,,,,,,,,,
MAPGLOLGB,MAPCARGO GLOBAL LOGISTICS (LOS ANGELES),Company,,USLGB,MAPGLOLGB,,,,,,,,,,,,,,,,,,,,,www.mapcargo.com,,,MAPGLOLGB,,,,,,,,,,,,,,,,,,,0,,,,,,,,,,,,,,,,,,,,,,,,,,,,,,
LEMUSATOA,LEMAN USA INC,Company,,USTOA,LEMUSATOA,,,,,,,,,,,,,,,,,,,,,www.lemanusa.com,,,LEMUSATOA,,,,homan.mathews@lemanusa.com,,,,,,,,,,,,,,,0,,,,,,,,,,,,,,,,,,,,,,,,,,,,,,
NOALOGSEL,NOATUM LOGISTICS KOREA LTD,Company,,KRSEL,NOALOGSEL,,,,,,,,,,,,,,,,,,,,,,,,NOALOGSEL,,,,,,,,,,,,,,,,,,,0,,,,,,,,,,,,,,,,,,,,,,,,,,,,,,
SCHVIEHAN,"SCHENKER VIETNAM CO., LTD.",Company,,VNHAN,SCHVIEHAN,,,,,,,,,,,,,,,,,,,,,,,,SCHVIEHAN,,,,,,,,,,,,,,,,,,,0,,,,,,,,,,,,,,,,,,,,,,,,,,,,,,
SKYLOGBKK,SKYWIN LOGISTICS (THAILAND) CO. LTD.,Company,,THBKK,SKYLOGBKK,,,,,,,,,,,,,,,,,,,,,,,,SKYLOGBKK,,,,operations@skywin.co.th,,,,,,,,,,,,,,,0,,,,,,,,,,,,,,,,,,,,,,,,,,,,,,
RIMLOGLON,RIM LOGISTICS UK LTD.,Company,,GBLON,RIMLOGLON,,,,,,,,,,,,,,,,,,,,,,,,RIMLOGLON,,,,,,,,,,,,,,,,,,,0,,,,,,,,,,,,,,,,,,,,,,,,,,,,,,
SAIEXPHAN,SAIGON EXPRESS AGENCY LTD.,Company,,VNHAN,SAIEXPHAN,,,,,,,,,,,,,,,,,,,,,,,,SAIEXPHAN,,,,dvl@fmail.vnn.vn,,,,,,,,,,,,,,,0,,,,,,,,,,,,,,,,,,,,,,,,,,,,,,
EMBFRESGN,EMBASSY FREIGHT SERVICES,Company,,VNSGN,EMBFRESGN,,,,,,,,,,,,,,,,,,,,,,,,EMBFRESGN,,,,,,,,,,,,,,,,,,,0,,,,,,,,,,,,,,,,,,,,,,,,,,,,,,
CRENNKAFE,CREATION WORLD WILD WOOD CO. LTD,Company,,THNNK,CRENNKAFE,,,,,,,,,,,,,,,,,,,,,,,,CRENNKAFE,,,,,,,,,,,,,,,,,,,0,,,,,,,,,,,,,,,,,,,,,,,,,,,,,,
TRISTABWN,TRI-STAR SHIPPING & TRADING CO. SDN BHD,Company,,BNBWN,TRISTABWN,,,,,,,,,,,,,,,,,,,,,www.tristarbrunei.com,,,TRISTABWN,,,,enquiry@tristarbrunei.com,,,,,,,,,,,,,,,0,,,,,,,,,,,,,,,,,,,,,,,,,,,,,,
TIGUSANYC,"TIGERS (USA) GLOBAL LOGISTICS, INC.",Company,,USNYC,TIGUSANYC,,,,,,,,,,,,,,,,,,,,,www.go2tigers.com,,,TIGUSANYC,,,,contact.jfk@go2tigers.com,,,,,,,,,,,,,,,0,,,,,,,,,,,,,,,,,,,,,,,,,,,,,,
ZHESUNNGB,"ZHEJIANG SUNMARR INT'L TRANSPORTATION CO., LTD",Company,,CNNGB,ZHESUNNGB,,,,,,,,,,,,,,,,,,,,,www.sunmarr.com,,,ZHESUNNGB,,,,,,,,,,,,,,,,,,,0,,,,,,,,,,,,,,,,,,,,,,,,,,,,,,
KOTRANSEL,KOTRANS,Company,,KRSEL,KOTRANSEL,,,,,,,,,,,,,,,,,,,,,,,,KOTRANSEL,,,,NO E-MAIL,,,,,,,,,,,,,,,0,,,,,,,,,,,,,,,,,,,,,,,,,,,,,,
GREENCMMX,GREENCARRIER SWEDEN AB,Company,,SEMMA,GREENCMMX,,,,,,,,,,,,,,,,,,,,,,,,GREENCMMX,,,,,,,,,,,,,,,,,,,0,,,,,,,,,,,,,,,,,,,,,,,,,,,,,,
FRESYSHAR,FREIGHT SYSTEMS (INDIA) (P) LTD,Company,,INHAR,FRESYSHAR,,,,,,,,,,,,,,,,,,,,,,,,FRESYSHAR,,,,,,,,,,,,,,,,,,,0,,,,,,,,,,,,,,,,,,,,,,,,,,,,,,
SENINTSAN,SENATOR INTERNATION FRT. FWDG. LLC (SAN DIEGO),Company,,USSAN,SENINTSAN,,,,,,,,,,,,,,,,,,,,,www.senator-international.com,,,SENINTSAN,,,,,,,,,,,,,,,,,,,0,,,,,,,,,,,,,,,,,,,,,,,,,,,,,,
TWIYVRAFE,"TWI EXHIBITION LOGISTICS, INC.",Company,,CAVAN,TWIYVRAFE,,,,,,,,,,,,,,,,,,,,,,,,TWIYVRAFE,,,,jshaw@twigroup.com,,,,,,,,,,,,,,,0,,,,,,,,,,,,,,,,,,,,,,,,,,,,,,
STERIGLEH,STERIGERMS,Company,,FRLEH,STERIGLEH,,,,,,,,,,,,,,,,,,,,,,,,STERIGLEH,,,,,,,,,,,,,,,,,,,0,,,,,,,,,,,,,,,,,,,,,,,,,,,,,,
EMBFREKOP,EMBASSY FREIGHT SERVICES LOGISTIKA,Company,,SIKOP,EMBFREKOP,,,,,,,,,,,,,,,,,,,,,,,,EMBFREKOP,,,,,,,,,,,,,,,,,,,0,,,,,,,,,,,,,,,,,,,,,,,,,,,,,,
CSPLOGBKK,CSP LOGISTICS CO. LTD.,Company,,THBKK,CSPLOGBKK,,,,,,,,,,,,,,,,,,,,,,,,CSPLOGBKK,,,,csplog@cscoms.com,,,,,,,,,,,,,,,0,,,,,,,,,,,,,,,,,,,,,,,,,,,,,,
DTWGROBJS,DTW GROUP,Company,,CNBJS,DTWGROBJS,,,,,,,,,,,,,,,,,,,,,,,,DTWGROBJS,,,,qim@dtw.com.cn,,,,,,,,,,,,,,,0,,,,,,,,,,,,,,,,,,,,,,,,,,,,,,
TRILOGMAA,TRIPATH LOGISTICS PVT LTD.,Company,,INMAA,TRILOGMAA,,,,,,,,,,,,,,,,,,,,,,,,TRILOGMAA,,,,,,,,,,,,,,,,,,,0,,,,,,,,,,,,,,,,,,,,,,,,,,,,,,
MIDAMEPOL,MID-AMERICA OVERSEAS INC  (PORTLAND),Company,,USPOL,MIDAMEPOL,,,,,,,,,,,,,,,,,,,,,,,,MIDAMEPOL,,,,,,,,,,,,,,,,,,,0,,,,,,,,,,,,,,,,,,,,,,,,,,,,,,
DONGAGYNG,"DONGAGNE CO., LTD",Company,,KRYNG,DONGAGYNG,,,,,,,,,,,,,,,,,,,,,,,,DONGAGYNG,,,,master@dongagne.com,,,,,,,,,,,,,,,0,,,,,,,,,,,,,,,,,,,,,,,,,,,,,,
KAMINTMIA,KAMINO INTERNATIONAL TRANSPORT INC.,Company,,USMIA,KAMINTMIA,,,,,,,,,,,,,,,,,,,,,,,,KAMINTMIA,,,,,,,,,,,,,,,,,,,0,,,,,,,,,,,,,,,,,,,,,,,,,,,,,,
LEAMUTNYC,LEADER MUTUAL FREIGHT SYSTEM INC.,Company,,USNYC,LEAMUTNYC,,,,,,,,,,,,,,,,,,,,,,,,LEAMUTNYC,,,,,,,,,,,,,,,,,,,0,,,,,,,,,,,,,,,,,,,,,,,,,,,,,,
WINWORZRH,WIN WORLDWIDE INDEPENDENT NETWORK ASSOCIATION,Company,,CHZRH,WINWORZRH,,,,,,,,,,,,,,,,,,,,,,,,WINWORZRH,,,,,,,,,,,,,,,,,,,0,,,,,,,,,,,,,,,,,,,,,,,,,,,,,,
HEMBROYYZ,HEMISPHERE BROKERAGE,Company,,CAYYZ,HEMBROYYZ,,,,,,,,,,,,,,,,,,,,,,,,HEMBROYYZ,,,,,,,,,,,,,,,,,,,0,,,,,,,,,,,,,,,,,,,,,,,,,,,,,,
NOALOGBKK,NOATUM LOGISTICS (THAILAND) CO. LTD,Company,,THBKK,NOALOGBKK,,,,,,,,,,,,,,,,,,,,,,,,NOALOGBKK,,,,,,,,,,,,,,,,,,,0,,,,,,,,,,,,,,,,,,,,,,,,,,,,,,
AMCARGVLC,"A.M. CARGO LOGISTIC, S.L.",Company,,ESVLC,AMCARGVLC,,,,,,,,,,,,,,,,,,,,,www.amcargoes,,,AMCARGVLC,,,,info@amcargo.es,,,,,,,,,,,,,,,0,,,,,,,,,,,,,,,,,,,,,,,,,,,,,,
NORDENSAO,NORBERT DENTRESSANGLE,Company,,BRSAO,NORDENSAO,,,,,,,,,,,,,,,,,,,,,,,,NORDENSAO,,,,,,,,,,,,,,,,,,,0,,,,,,,,,,,,,,,,,,,,,,,,,,,,,,
MULLOGBER,MULTI LOGISTICS GMBH,Company,,DEBER,MULLOGBER,,,,,,,,,,,,,,,,,,,,,,,,MULLOGBER,,,,m.wollitz@multi-logistics.de,,,,,,,,,,,,,,,0,,,,,,,,,,,,,,,,,,,,,,,,,,,,,,
INTNORJEC,INTERGLOBO NORTH AMERICA INC.,Company,,USJEC,INTNORJEC,,,,,,,,,,,,,,,,,,,,,,,,INTNORJEC,,,,,,,,,,,,,,,,,,,0,,,,,,,,,,,,,,,,,,,,,,,,,,,,,,
GONBRUZAV,GONDRAND BRUCARGO/AIRFREIGHT DEPT (SFT GONDRAND),Company,,BEZAV,GONBRUZAV,,,,,,,,,,,,,,,,,,,,,,,,GONBRUZAV,,,,,,,,,,,,,,,,,,,0,,,,,,,,,,,,,,,,,,,,,,,,,,,,,,
UPMINTTPE,UPMOC INT'L FORWARDERS CO. LTD,Company,,TWTPE,UPMINTTPE,,,,,,,,,,,,,,,,,,,,,,,,UPMINTTPE,,,,upmocifc@ms22.hinet.net,,,,,,,,,,,,,,,0,,,,,,,,,,,,,,,,,,,,,,,,,,,,,,
GRAINTCAS,GRAVELEAU INTERNATIONAL,Company,,MACAS,GRAINTCAS,,,,,,,,,,,,,,,,,,,,,,,,GRAINTCAS,,,,,,,,,,,,,,,,,,,0,,,,,,,,,,,,,,,,,,,,,,,,,,,,,,
LONSUPXAO,"LONGSAIL SUPPLY CHAIN CO.,LTD.",Company,,CNXAO,LONSUPXAO,,,,,,,,,,,,,,,,,,,,,,,,LONSUPXAO,,,,,,,,,,,,,,,,,,,0,,,,,,,,,,,,,,,,,,,,,,,,,,,,,,
STUSHIAOCPT,STURROCK SHIPPING (PTY) LTD. (AIRFREIGHT OFFICE),Company,,ZACPT,STUSHIAOCPT,,,,,,,,,,,,,,,,,,,,,,,,STUSHIAOCPT,,,,shipping@ct.sturrock.co.za,,,,,,,,,,,,,,,0,,,,,,,,,,,,,,,,,,,,,,,,,,,,,,
COLFREYVR,COLE FREIGHT INC,Company,,CAYVR,COLFREYVR,,,,,,,,,,,,,,,,,,,,,,,,COLFREYVR,,,,,,,,,,,,,,,,,,,0,,,,,,,,,,,,,,,,,,,,,,,,,,,,,,
GONDUKTHP,GONDRAND UK,Company,,GBTHP,GONDUKTHP,,,,,,,,,,,,,,,,,,,,,,,,GONDUKTHP,,,,,,,,,,,,,,,,,,,0,,,,,,,,,,,,,,,,,,,,,,,,,,,,,,
PENXINNGB,PENAVICO NINGBO XINYANG SHIPPING CO.LTD.,Company,,CNNGB,PENXINNGB,,,,,,,,,,,,,,,,,,,,,,,,PENXINNGB,,,,,,,,,,,,,,,,,,,0,,,,,,,,,,,,,,,,,,,,,,,,,,,,,,
CDINTFXMN,C&D INTERNATIONAL FREIGHT FORWARDING INC,Company,,CNXMN,CDINTFXMN,,,,,,,,,,,,,,,,,,,,,,,,CDINTFXMN,,,,,,,,,,,,,,,,,,,0,,,,,,,,,,,,,,,,,,,,,,,,,,,,,,
OPPFREBOM,OPPEX FREIGHT SYSTEM PVT. LTD. A/C EXPORT LOGISTIC,Company,,INBOM,OPPFREBOM,,,,,,,,,,,,,,,,,,,,,,,,OPPFREBOM,,,,,,,,,,,,,,,,,,,0,,,,,,,,,,,,,,,,,,,,,,,,,,,,,,
SPEEXPSHA,SPEEDY EXPRESS FORWARDER  CO. LTD. (SHANGHAI),Company,,CNSHA,SPEEXPSHA,,,,,,,,,,,,,,,,,,,,,,,,SPEEXPSHA,,,+86 (52) 53-0612,inf@speedy-sha.com.cn,,,,,,,,,,,,,,,0,,,,,,,,,,,,,,,,,,,,,,,,,,,,,,
KAMINTPNQ,KAMINO INTERNATIONAL LOGISTICS PVT LTD.,Company,,INPNQ,KAMINTPNQ,,,,,,,,,,,,,,,,,,,,,,,,KAMINTPNQ,,,,pune@kamino.com,,,,,,,,,,,,,,,0,,,,,,,,,,,,,,,,,,,,,,,,,,,,,,
KACEPOSHA,K ACE PORT INTERNATIONAL LOGISTICS (SHANGHAI) CO.,Company,,CNSHA,KACEPOSHA,,,,,,,,,,,,,,,,,,,,,,,,KACEPOSHA,,,,abby.huo@ksp-worldwide.com,,,,,,,,,,,,,,,0,,,,,,,,,,,,,,,,,,,,,,,,,,,,,,
JMSUNISIN,JMS UNION FREIGHT PTE LTD,Company,,SGSIN,JMSUNISIN,,,,,,,,,,,,,,,,,,,,,,,,JMSUNISIN,,,,,,,,,,,,,,,,,,,0,,,,,,,,,,,,,,,,,,,,,,,,,,,,,,
INTTRASIN,INTERGLOBO TRANSUNION (S.E.A.) PTE LTD.,Company,,SGSIN,INTTRASIN,,,,,,,,,,,,,,,,,,,,,,,,INTTRASIN,,,+6564544608,sgsg@inter-union.com,,,,,,,,,,,,,,,0,,,,,,,,,,,,,,,,,,,,,,,,,,,,,,
AIRINTSNZ,AIRSUPPLY INTERNATIONAL LOGISTICS GROUP LIMITED,Company,,CNSNZ,AIRINTSNZ,,,,,,,,,,,,,,,,,,,,,,,,AIRINTSNZ,,,,,,,,,,,,,,,,,,,0,,,,,,,,,,,,,,,,,,,,,,,,,,,,,,
TNTFRESRK,TNT FREIGHT MANAGEMENT,Company,,NLSRK,TNTFRESRK,,,,,,,,,,,,,,,,,,,,,,,,TNTFRESRK,,,,,,,,,,,,,,,,,,,0,,,,,,,,,,,,,,,,,,,,,,,,,,,,,,
QCSQUIFRA,QCS - QUICK CARGO SERVICE GMBH,Company,,DEFRA,QCSQUIFRA,,,,,,,,,,,,,,,,,,,,,,,,QCSQUIFRA,,,,,,,,,,,,,,,,,,,0,,,,,,,,,,,,,,,,,,,,,,,,,,,,,,
MAPGLOSFO,MAPCARGO GLOBAL LOGISTICS (SAN FRANCISCO),Company,,USSFO,MAPGLOSFO,,,,,,,,,,,,,,,,,,,,,,,,MAPGLOSFO,,,+6 (507) 72-9878,max@mapcargo.com,,,,,,,,,,,,,,,0,,,,,,,,,,,,,,,,,,,,,,,,,,,,,,
KNIINTNFK,KNIGHTS INTERNATIONAL CORPORATION,Company,,USNFK,KNIINTNFK,,,,,,,,,,,,,,,,,,,,,,,,KNIINTNFK,,,,,,,,,,,,,,,,,,,0,,,,,,,,,,,,,,,,,,,,,,,,,,,,,,
BLULOGUJV,BLUE LOGISTICS,Company,,USUJV,BLULOGUJV,,,,,,,,,,,,,,,,,,,,,,,,BLULOGUJV,,,+63 (024) 0-6265,,,,,,,,,,,,,,,,0,,,,,,,,,,,,,,,,,,,,,,,,,,,,,,
PRIFREBKK,"PRIORITY FREIGHT CO., LTD",Company,,THBKK,PRIFREBKK,,,,,,,,,,,,,,,,,,,,,,,,PRIFREBKK,,,,,,,,,,,,,,,,,,,0,,,,,,,,,,,,,,,,,,,,,,,,,,,,,,
FTILOGSGN,FTI LOGISTICS CORP.,Company,,VNSGN,FTILOGSGN,,,,,,,,,,,,,,,,,,,,,,,,FTILOGSGN,,,,,,,,,,,,,,,,,,,0,,,,,,,,,,,,,,,,,,,,,,,,,,,,,,
POSTI_FI,POSTI OY,Company,,FITUU,POSTI_FI,,,,,,,,,,,,,,,,,,,,,www.posti.fi,,,POSTI_FI,,,,,,,,,,,,,,,,,,,0,,,,,,,,,,,,,,,,,,,,,,,,,,,,,,
UNIINTHKG,UNITEX INT'L FORWARDING (HK) LTD.,Company,,HKHKG,UNIINTHKG,,,,,,,,,,,,,,,,,,,,,www.unitexlogistics.com,,,UNIINTHKG,,,,hongkong@uif.com.hk,,,,,,,,,,,,,,,0,,,,,,,,,,,,,,,,,,,,,,,,,,,,,,
ITELOGAAR,ITELLA LOGISTICS A/S (DENMARK),Company,,DKAAR,ITELOGAAR,,,,,,,,,,,,,,,,,,,,,,,,ITELOGAAR,,,,logistics.7400.dk@itella.com,,,,,,,,,,,,,,,0,,,,,,,,,,,,,,,,,,,,,,,,,,,,,,
HEMFREFXT,HEMISPHERE FREIGHT SERVICES LTD/SEAFRT,Company,,GBFXT,HEMFREFXT,,,,,,,,,,,,,,,,,,,,,,,,HEMFREFXT,,,,,,,,,,,,,,,,,,,0,,,,,,,,,,,,,,,,,,,,,,,,,,,,,,
NOVHANSCL,"NOVOCARGO HANSEATICA, S.A (SANTIAGO)",Company,,CLSCL,NOVHANSCL,,,,,,,,,,,,,,,,,,,,,,,,NOVHANSCL,,,,,,,,,,,,,,,,,,,0,,,,,,,,,,,,,,,,,,,,,,,,,,,,,,
AGXGLOCEB,AGX GLOBAL EXPRESS INC,Company,,PHCEB,AGXGLOCEB,,,,,,,,,,,,,,,,,,,,,,,,AGXGLOCEB,,,,,,,,,,,,,,,,,,,0,,,,,,,,,,,,,,,,,,,,,,,,,,,,,,
COLCARVIE,COLUMBUS-CARGO INTERN. SPEDITIONS GMBH,Company,,ATVIE,COLCARVIE,,,,,,,,,,,,,,,,,,,,,,,,COLCARVIE,,,,,,,,,,,,,,,,,,,0,,,,,,,,,,,,,,,,,,,,,,,,,,,,,,
ALPGLOYOK,ALPHA GLOBAL LOGISTICS INC.,Company,,JPYOK,ALPGLOYOK,,,,,,,,,,,,,,,,,,,,,www.aglog.jp,,,ALPGLOYOK,,,,arai@aglog.jp,,,,,,,,,,,,,,,0,,,,,,,,,,,,,,,,,,,,,,,,,,,,,,
UNILOGOTI,UNIMASTERS LOGISTICS SRL,Company,,ROOTI,UNILOGOTI,,,,,,,,,,,,,,,,,,,,,www.unimasters.com,,,UNILOGOTI,,,,julieta.karazlateva@unimaster.com,,,,,,,,,,,,,,,0,,,,,,,,,,,,,,,,,,,,,,,,,,,,,,
LOYGENDXB,LOYALPUR GENERAL TRADING LLC,Company,,AEDXB,LOYGENDXB,,,,,,,,,,,,,,,,,,,,,,,,LOYGENDXB,,,,,,,,,,,,,,,,,,,0,,,,,,,,,,,,,,,,,,,,,,,,,,,,,,
MIDAMEATL,"MID-AMERICA OVERSEAS, INC.",Company,,USATL,MIDAMEATL,,,,,,,,,,,,,,,,,,,,,,,,MIDAMEATL,,,,mao_atl@maoinc.com,,,,,,,,,,,,,,,0,,,,,,,,,,,,,,,,,,,,,,,,,,,,,,
MIDAMENTL,MID-AMERICA OVERSEAS (M) SDN BHD,Company,,MYNTL,MIDAMENTL,,,,,,,,,,,,,,,,,,,,,,,,MIDAMENTL,,,,,,,,,,,,,,,,,,,0,,,,,,,,,,,,,,,,,,,,,,,,,,,,,,
EXPYMQAFE,EXPORTATIONS RHEA,Company,,CAMTR,EXPYMQAFE,,,,,,,,,,,,,,,,,,,,,,,,EXPYMQAFE,,,,rhea.cofreros@exportationsrhea.com,,,,,,,,,,,,,,,0,,,,,,,,,,,,,,,,,,,,,,,,,,,,,,
MERMAUBUE,MERCOLOG ARGENTINA SRL C/O MAURICIO MUNTANE,Company,,ARBUE,MERMAUBUE,,,,,,,,,,,,,,,,,,,,,,,,MERMAUBUE,,,,,,,,,,,,,,,,,,,0,,,,,,,,,,,,,,,,,,,,,,,,,,,,,,
WICLOGBKK,WICE LOGISTICS PUBLIC COMPANY LIMITED,Company,,THBKK,WICLOGBKK,,,,,,,,,,,,,,,,,,,,,,,,WICLOGBKK,,,,marketing2@wice.co.th,,,,,,,,,,,,,,,0,,,,,,,,,,,,,,,,,,,,,,,,,,,,,,
WELINDJKT,WELGROW INDOPERSADA PT,Company,,IDJKT,WELINDJKT,,,,,,,,,,,,,,,,,,,,,,,,WELINDJKT,,,,,,,,,,,,,,,,,,,0,,,,,,,,,,,,,,,,,,,,,,,,,,,,,,
EXPFRECMB,EXPOLANKA FREIGHT LIMITED (SRI LANKA),Company,,LKCMB,EXPFRECMB,,,,,,,,,,,,,,,,,,,,,,,,EXPFRECMB,,,,expocmb@expolanka.com,,,,,,,,,,,,,,,0,,,,,,,,,,,,,,,,,,,,,,,,,,,,,,
COMOCEDXB,COMPASS OCEAN LOGISTICS,Company,,AEDXB,COMOCEDXB,,,,,,,,,,,,,,,,,,,,,www.compasslog.com,,,COMOCEDXB,,,,,,,,,,,,,,,,,,,0,,,,,,,,,,,,,,,,,,,,,,,,,,,,,,
SUNCARSZX,"SUN CARGO INTERNATIONAL (SHANGHAI) LTD., SHENZHEN",Company,,CNSZX,SUNCARSZX,,,,,,,,,,,,,,,,,,,,,,,,SUNCARSZX,,,,info@szx.sun-cargo.com,,,,,,,,,,,,,,,0,,,,,,,,,,,,,,,,,,,,,,,,,,,,,,
FASFOR_WW,FAST FORWARD FREIGHT,Company,,NLRTM,FASFOR_WW,,,,,,,,,,,,,,,,,,,,,,,,FASFOR_WW,,,,,,,,,,,,,,,,,,,0,,,,,,,,,,,,,,,,,,,,,,,,,,,,,,
SHAGRASISHA,SHANGHAI GRAND SOUND INTERNATIONAL,Company,,CNSHA,SHAGRASISHA,,,,,,,,,,,,,,,,,,,,,,,,SHAGRASISHA,,,,,,,,,,,,,,,,,,,0,,,,,,,,,,,,,,,,,,,,,,,,,,,,,,
NOALOGLAX,"NOATUM LOGISTICS USA, LLC",Company,,USLAX,NOALOGLAX,,,,,,,,,,,,,,,,,,,,,,,,NOALOGLAX,,,,,,,,,,,,,,,,,,,0,,,,,,,,,,,,,,,,,,,,,,,,,,,,,,
STRTRASTR,STRECK TRANSPORT GMBH,Company,,DESTR,STRTRASTR,,,,,,,,,,,,,,,,,,,,,,,,STRTRASTR,,,,,,,,,,,,,,,,,,,0,,,,,,,,,,,,,,,,,,,,,,,,,,,,,,
KACPORSHA,K'ACE-PORT INTERNATIONAL LOGISTICS (SHANGHAI),Company,,CNSHA,KACPORSHA,,,,,,,,,,,,,,,,,,,,,,,,KACPORSHA,,,,,,,,,,,,,,,,,,,0,,,,,,,,,,,,,,,,,,,,,,,,,,,,,,
NVDACTANR,NV DACHSER TRANSPORT BELGIE(AIR/SEA OFC),Company,,BEANR,NVDACTANR,,,,,,,,,,,,,,,,,,,,,,,,NVDACTANR,,,,,,,,,,,,,,,,,,,0,,,,,,,,,,,,,,,,,,,,,,,,,,,,,,
SUNCARHKG,SUN CARGO INTERNATIONAL LTD.,Company,,HKHKG,SUNCARHKG,,,,,,,,,,,,,,,,,,,,,www.sun-cargo.com,,,SUNCARHKG,,,,info@hkg.sun-cargo.com,,,,,,,,,,,,,,,0,,,,,,,,,,,,,,,,,,,,,,,,,,,,,,
MILFRESJO,MILESTONE FRESH COSTA RICA SRL,Company,,CRSJO,MILFRESJO,,,,,,,,,,,,,,,,,,,,,,,,MILFRESJO,,,,fe@milestonecostarica.com,,,,,,,,,,,,,,,0,,,,,,,,,,,,,,,,,,,,,,,,,,,,,,
OLIDESVCP,O.LISBOA DESPACHOS INTERNACIONAIS LTDA,Company,,BRVCP,OLIDESVCP,,,,,,,,,,,,,,,,,,,,,,,,OLIDESVCP,,,,,,,,,,,,,,,,,,,0,,,,,,,,,,,,,,,,,,,,,,,,,,,,,,
SANLOGVEN,SANTOVA LOGISTICS,Company,,NLVEN,SANLOGVEN,,,,,,,,,,,,,,,,,,,,,,,,SANLOGVEN,,,,expair@santova.eu,,,,,,,,,,,,,,,0,,,,,,,,,,,,,,,,,,,,,,,,,,,,,,
APCAIRSTR,APC AIR & SEA GMBH / AIRFREIGHT OFFICE,Company,,DESTR,APCAIRSTR,,,,,,,,,,,,,,,,,,,,,,,,APCAIRSTR,,,,airfreight@apcairsea.de,,,,,,,,,,,,,,,0,,,,,,,,,,,,,,,,,,,,,,,,,,,,,,
MUNESEBCN,"MUNDI EST 93, S.L",Company,,ESBCN,MUNESEBCN,,,,,,,,,,,,,,,,,,,,,,,,MUNESEBCN,,,,,,,,,,,,,,,,,,,0,,,,,,,,,,,,,,,,,,,,,,,,,,,,,,
GONFREBOD,GONDRAND FRERES,Company,,FRBOD,GONFREBOD,,,,,,,,,,,,,,,,,,,,,,,,GONFREBOD,,,,gondrand.bod@wanadoo.fr,,,,,,,,,,,,,,,0,,,,,,,,,,,,,,,,,,,,,,,,,,,,,,
HENHARMEL,HENNING HARDERS (AUSTRALIA) PTY LTD.,Company,,AUMEL,HENHARMEL,,,,,,,,,,,,,,,,,,,,,,,,HENHARMEL,,,,,,,,,,,,,,,,,,,0,,,,,,,,,,,,,,,,,,,,,,,,,,,,,,
SANSANRAO,SANCHES & SANCHES TRANSP E LOGISTICS,Company,,BRRAO,SANSANRAO,,,,,,,,,,,,,,,,,,,,,,,,SANSANRAO,,,,,,,,,,,,,,,,,,,0,,,,,,,,,,,,,,,,,,,,,,,,,,,,,,
JFECONAASIN,JFE CONSOLIDATORS PTE LTD.(APA MEMBER),Company,,SGSIN,JFECONAASIN,,,,,,,,,,,,,,,,,,,,,,,,JFECONAASIN,,,+6565422684,chiatw@jfesin.com,,,,,,,,,,,,,,,0,,,,,,,,,,,,,,,,,,,,,,,,,,,,,,
ICALOGHOU,"ICAT LOGISTICS, INC.",Company,,USHOU,ICALOGHOU,,,,,,,,,,,,,,,,,,,,,,,,ICALOGHOU,,,,,,,,,,,,,,,,,,,0,,,,,,,,,,,,,,,,,,,,,,,,,,,,,,
TARLOGNRT,TARGET LOGISTICS SERVICES C/O JTB CARGO,Company,,JPNRT,TARLOGNRT,,,,,,,,,,,,,,,,,,,,,,,,TARLOGNRT,,,,,,,,,,,,,,,,,,,0,,,,,,,,,,,,,,,,,,,,,,,,,,,,,,
WINLOGCMB,WINGS LOGISTICS (PVT) LT,Company,,LKCMB,WINLOGCMB,,,,,,,,,,,,,,,,,,,,,,,,WINLOGCMB,,,,wings.cmb@wingslogistics.com,,,,,,,,,,,,,,,0,,,,,,,,,,,,,,,,,,,,,,,,,,,,,,
SUCGLOLCH,"SUCCESS GLOBAL LOGISTICS CO., LTD",Company,,THLCH,SUCGLOLCH,,,,,,,,,,,,,,,,,,,,,,,,SUCGLOLCH,,,,,,,,,,,,,,,,,,,0,,,,,,,,,,,,,,,,,,,,,,,,,,,,,,
NEPTRASHA,NEPTUNE TRANS HONGKONG LTD.,Company,,CNSHA,NEPTRASHA,,,,,,,,,,,,,,,,,,,,,,,,NEPTRASHA,,,,,,,,,,,,,,,,,,,0,,,,,,,,,,,,,,,,,,,,,,,,,,,,,,
SAMHELAFE,SAMEHCO INT'L FORWARDING & EXHIBITION SERVICES,Company,,EGHEL,SAMHELAFE,,,,,,,,,,,,,,,,,,,,,,,,SAMHELAFE,,,,info@samehco.com,,,,,,,,,,,,,,,0,,,,,,,,,,,,,,,,,,,,,,,,,,,,,,
MIDAMESAO,MID AMERICA OVERSEAS DO BRASIL LOGISTICA LTDA,Company,,BRSAO,MIDAMESAO,,,,,,,,,,,,,,,,,,,,,,,,MIDAMESAO,,,,,,,,,,,,,,,,,,,0,,,,,,,,,,,,,,,,,,,,,,,,,,,,,,
INTFREMIA,INTERWORLD FREIGHT,Company,,USMIA,INTFREMIA,,,,,,,,,,,,,,,,,,,,,,,,INTFREMIA,,,,,,,,,,,,,,,,,,,0,,,,,,,,,,,,,,,,,,,,,,,,,,,,,,
UNIDONHAM,UNIPARTS (DO NOT USE),Company,,DEHAM,UNIDONHAM,,,,,,,,,,,,,,,,,,,,,,,,UNIDONHAM,,,,,,,,,,,,,,,,,,,0,,,,,,,,,,,,,,,,,,,,,,,,,,,,,,
TRABILBIO2,TRANSUNION BILBAO,Company,,ESBIO,TRABILBIO2,,,,,,,,,,,,,,,,,,,,,,,,TRABILBIO2,,,,,,,,,,,,,,,,,,,0,,,,,,,,,,,,,,,,,,,,,,,,,,,,,,
CARKORSEL,CARGOBRIDGE KOREA CO. LTD,Company,,KRSEL,CARKORSEL,,,,,,,,,,,,,,,,,,,,,,,,CARKORSEL,,,,cargobridge@korea.com,,,,,,,,,,,,,,,0,,,,,,,,,,,,,,,,,,,,,,,,,,,,,,
SUNINTSSZ,SUNTRAN INTERNATIONAL SANTOS OFFICE,Company,,BRSSZ,SUNINTSSZ,,,,,,,,,,,,,,,,,,,,,,,,SUNINTSSZ,,,,,,,,,,,,,,,,,,,0,,,,,,,,,,,,,,,,,,,,,,,,,,,,,,
AGEMARVLC,AGENCIA MARITIMA CONDEMINAS,Company,,ESVLC,AGEMARVLC,,,,,,,,,,,,,,,,,,,,,,,,AGEMARVLC,,,,,,,,,,,,,,,,,,,0,,,,,,,,,,,,,,,,,,,,,,,,,,,,,,
AIRLOGSTO,AIR LOGISTICS AB,Company,,SESTO,AIRLOGSTO,,,,,,,,,,,,,,,,,,,,,,,,AIRLOGSTO,,,,,,,,,,,,,,,,,,,0,,,,,,,,,,,,,,,,,,,,,,,,,,,,,,
MAIEXPSHA,MAINFREIGHT EXPRESS LINES,Company,,CNSHA,MAIEXPSHA,,,,,,,,,,,,,,,,,,,,,,,,MAIEXPSHA,,,,,,,,,,,,,,,,,,,0,,,,,,,,,,,,,,,,,,,,,,,,,,,,,,
TRALTPEAFE,"TRANS-LINK EXHIBITION SERVICES CO., LTD",Company,,TWTPE,TRALTPEAFE,,,,,,,,,,,,,,,,,,,,,,,,TRALTPEAFE,,,,nelson@trans-link.com.tw,,,,,,,,,,,,,,,0,,,,,,,,,,,,,,,,,,,,,,,,,,,,,,
ENTGLOROS,ENTER GLOBAL LOGISTICS AB,Company,,SEROS,ENTGLOROS,,,,,,,,,,,,,,,,,,,,,,,,ENTGLOROS,,,+46733152957,dhiggins@enterlogistics.com,,,,,,,,,,,,,,,0,,,,,,,,,,,,,,,,,,,,,,,,,,,,,,
SHEBESSZX2,SHENZHEN BEST INTERNATIONAL FREIGHT FORWARDING CO. LTD.,Company,,CNSNZ,SHEBESSZX2,,,,,,,,,,,,,,,,,,,,,,,,SHEBESSZX2,,,,,,,,,,,,,,,,,,,0,,,,,,,,,,,,,,,,,,,,,,,,,,,,,,
MAIUSAGSO,MAINFREIGHT USA (FORMERLYTARGET LOGISTICS SRVC),Company,,USGSO,MAIUSAGSO,,,,,,,,,,,,,,,,,,,,,,,,MAIUSAGSO,,,,,,,,,,,,,,,,,,,0,,,,,,,,,,,,,,,,,,,,,,,,,,,,,,
SFTGONANR,S.F.T. GONDRAND  FRERES NV,Company,,BEANR,SFTGONANR,,,,,,,,,,,,,,,,,,,,,www.gondrand.be,,,SFTGONANR,,,,,,,,,,,,,,,,,,,0,,,,,,,,,,,,,,,,,,,,,,,,,,,,,,
DFDLOJIST,DFD LOJISTIK HIZMETLERI SANAYI,Company,,TRIST,DFDLOJIST,,,,,,,,,,,,,,,,,,,,,,,,DFDLOJIST,,,,,,,,,,,,,,,,,,,0,,,,,,,,,,,,,,,,,,,,,,,,,,,,,,
FLYLOGBLR,FLYJAC LOGISTICS PVT. LTD.,Company,,INBLR,FLYLOGBLR,,,,,,,,,,,,,,,,,,,,,http://www.flyjaclogistics.com,,,FLYLOGBLR,,,+917829917443,latha.blr@flyjac.com,,,,,,,,,,,,,,,0,,,,,,,,,,,,,,,,,,,,,,,,,,,,,,
CTOGLOKUA,CTO GLOBAL LOGISTICS (M) SDN BHD,Company,,MYKUA,CTOGLOKUA,,,,,,,,,,,,,,,,,,,,,,,,CTOGLOKUA,,,,,,,,,,,,,,,,,,,0,,,,,,,,,,,,,,,,,,,,,,,,,,,,,,
KAUOYSTKU,KAUKOHUOLINTA OY/SALES OFC-WESTERN FIN,Company,,FITKU,KAUOYSTKU,,,,,,,,,,,,,,,,,,,,,,,,KAUOYSTKU,,,email: see contacts,,,,,,,,,,,,,,,,0,,,,,,,,,,,,,,,,,,,,,,,,,,,,,,
AIRINDAMD,AIRLIFT (INDIA) PRIVATE LIMITED,Company,,INAMD,AIRINDAMD,,,,,,,,,,,,,,,,,,,,,,,,AIRINDAMD,,,,,,,,,,,,,,,,,,,0,,,,,,,,,,,,,,,,,,,,,,,,,,,,,,
JFOMAIOSA,JFO-MAIMEX CO. LTD. C/O TATSUMI SHOKAI CO. LTD.,Company,,JPOSA,JFOMAIOSA,,,,,,,,,,,,,,,,,,,,,,,,JFOMAIOSA,,,,,,,,,,,,,,,,,,,0,,,,,,,,,,,,,,,,,,,,,,,,,,,,,,
UNIMARMRS,UNITED MARITIME ALLIANCE,Company,,FRMRS,UNIMARMRS,,,,,,,,,,,,,,,,,,,,,,,,UNIMARMRS,,,,,,,,,,,,,,,,,,,0,,,,,,,,,,,,,,,,,,,,,,,,,,,,,,
VINTRASHA,VINFLAIR TRANSPORT LIMITED,Company,,CNSHA,VINTRASHA,,,,,,,,,,,,,,,,,,,,,,,,VINTRASHA,,,,,,,,,,,,,,,,,,,0,,,,,,,,,,,,,,,,,,,,,,,,,,,,,,
ZURCSAGVA,ZURCHER & CO. SA,Company,,CHGVA,ZURCSAGVA,,,,,,,,,,,,,,,,,,,,,,,,ZURCSAGVA,,,,,,,,,,,,,,,,,,,0,,,,,,,,,,,,,,,,,,,,,,,,,,,,,,
SAELOGSEL,"SAEHAN LOGIX CO.,LTD.",Company,,KRSEL,SAELOGSEL,,,,,,,,,,,,,,,,,,,,,,,,SAELOGSEL,,,,,,,,,,,,,,,,,,,0,,,,,,,,,,,,,,,,,,,,,,,,,,,,,,
KAMINTAMS,KAMINO INTERNATIONAL TRANSPORT BV,Company,,NLAMS,KAMINTAMS,,,,,,,,,,,,,,,,,,,,,,,,KAMINTAMS,,,,amsterdam@kamino.com,,,,,,,,,,,,,,,0,,,,,,,,,,,,,,,,,,,,,,,,,,,,,,
FRESYSMAA,FREIGHT SYSTEMS (INDIA) PVT. LTD.,Company,,INMAA,FRESYSMAA,,,,,,,,,,,,,,,,,,,,,,,,FRESYSMAA,,,,vinod.inmaa@freightsystems.com,,,,,,,,,,,,,,,0,,,,,,,,,,,,,,,,,,,,,,,,,,,,,,
COMTRACEI,COMBINED TRANSPORT AGENCIES,Company,,THCEI,COMTRACEI,,,,,,,,,,,,,,,,,,,,,,,,COMTRACEI,,,,ctacm@cm.ksc.co.th,,,,,,,,,,,,,,,0,,,,,,,,,,,,,,,,,,,,,,,,,,,,,,
DACFARHKG,DACHSER FAR EAST LTD/HEAD OFFICE,Company,,HKHKG,DACFARHKG,,,,,,,,,,,,,,,,,,,,,,,,DACFARHKG,,,,,,,,,,,,,,,,,,,0,,,,,,,,,,,,,,,,,,,,,,,,,,,,,,
STUSHIHOCPT,STURROCK SHIPPING (PTY) LTD. (HEAD OFC),Company,,ZACPT,STUSHIHOCPT,,,,,,,,,,,,,,,,,,,,,,,,STUSHIHOCPT,,,,shipping@ct.sturrock.co.za,,,,,,,,,,,,,,,0,,,,,,,,,,,,,,,,,,,,,,,,,,,,,,
AIRCONSIN,AIRLIFT CONTAINER LINE  (S) PTE LTD.,Company,,SGSIN,AIRCONSIN,,,,,,,,,,,,,,,,,,,,,,,,AIRCONSIN,,,,,,,,,,,,,,,,,,,0,,,,,,,,,,,,,,,,,,,,,,,,,,,,,,
TRAEXPKWN,"TRANSWORLD EXPRESS CO., LTD.",Company,,HKKWN,TRAEXPKWN,,,,,,,,,,,,,,,,,,,,,,,,TRAEXPKWN,,,,,,,,,,,,,,,,,,,0,,,,,,,,,,,,,,,,,,,,,,,,,,,,,,
ASTPACSIN,ASTRO PACIFIC PTE LTD,Company,,SGSIN,ASTPACSIN,,,,,,,,,,,,,,,,,,,,,,,,ASTPACSIN,,,,,,,,,,,,,,,,,,,0,,,,,,,,,,,,,,,,,,,,,,,,,,,,,,
TRACOROSA,TRADIA CORP. KOBE,Company,,JPOSA,TRACOROSA,,,,,,,,,,,,,,,,,,,,,,,,TRACOROSA,,,,,,,,,,,,,,,,,,,0,,,,,,,,,,,,,,,,,,,,,,,,,,,,,,
ALLCARKWN,ALLTRANS CARGO (HK) LIMITED,Company,,HKKWN,ALLCARKWN,,,,,,,,,,,,,,,,,,,,,,,,ALLCARKWN,,,,airfrt@alltrans.com.hk,,,,,,,,,,,,,,,0,,,,,,,,,,,,,,,,,,,,,,,,,,,,,,
MIDAMETPE,"MID-AMERICA OVERSEAS, LTD",Company,,TWTPE,MIDAMETPE,,,,,,,,,,,,,,,,,,,,,,,,MIDAMETPE,,,,,,,,,,,,,,,,,,,0,,,,,,,,,,,,,,,,,,,,,,,,,,,,,,
SULGENDVO,SULUANS GENERAL MDSE,Company,,PHDVO,SULGENDVO,,,,,,,,,,,,,,,,,,,,,,,,SULGENDVO,,,,,,,,,,,,,,,,,,,0,,,,,,,,,,,,,,,,,,,,,,,,,,,,,,
SBABULSOF,SBA BULGARIA LTD,Company,,BGSOF,SBABULSOF,,,,,,,,,,,,,,,,,,,,,,,,SBABULSOF,,,,,,,,,,,,,,,,,,,0,,,,,,,,,,,,,,,,,,,,,,,,,,,,,,
OVEFORBEY,OVERSEAS FORWARDING SAL,Company,,LBBEY,OVEFORBEY,,,,,,,,,,,,,,,,,,,,,,,,OVEFORBEY,,,,,,,,,,,,,,,,,,,0,,,,,,,,,,,,,,,,,,,,,,,,,,,,,,
SAIEXPHPH,SAIGON EXPRESS AGENCY LTD.,Company,,VNHPH,SAIEXPHPH,,,,,,,,,,,,,,,,,,,,,,,,SAIEXPHPH,,,,dvl@fmail.vnn.vn,,,,,,,,,,,,,,,0,,,,,,,,,,,,,,,,,,,,,,,,,,,,,,
OPEFORRTM,OPERASIA FORWARDING LTD.,Company,,NLRTM,OPEFORRTM,,,,,,,,,,,,,,,,,,,,,,,,OPEFORRTM,,,,,,,,,,,,,,,,,,,0,,,,,,,,,,,,,,,,,,,,,,,,,,,,,,
G10LOGBLR,G10 LOGISTICS PRIVATE LIMITED,Company,,INBLR,G10LOGBLR,,,,,,,,,,,,,,,,,,,,,,,,G10LOGBLR,,,+919449005608,,,,,,,,,,,,,,,,0,,,,,,,,,,,,,,,,,,,,,,,,,,,,,,
ITSSABCN,ITS S.A,Company,,ESBCN,ITSSABCN,,,,,,,,,,,,,,,,,,,,,www.itssa.es,,,ITSSABCN,,,+34626982086,,,,,,,,,,,,,,,,0,,,,,,,,,,,,,,,,,,,,,,,,,,,,,,
TRITRABKK,"TRIPLE TRANS INTERNATIONAL CO., LTD",Company,,THBKK,TRITRABKK,,,,,,,,,,,,,,,,,,,,,,,,TRITRABKK,,,,,,,,,,,,,,,,,,,0,,,,,,,,,,,,,,,,,,,,,,,,,,,,,,
SAVDELGOA,SAVINO DEL BENE S.P.A. - MILAN,Company,,ITGOA,SAVDELGOA,,,,,,,,,,,,,,,,,,,,,,,,SAVDELGOA,,,,,,,,,,,,,,,,,,,0,,,,,,,,,,,,,,,,,,,,,,,,,,,,,,
WINLOGSHA,WINTOP LOGISTICS CO. LTD,Company,,CNSHA,WINLOGSHA,,,,,,,,,,,,,,,,,,,,,,,,WINLOGSHA,,,,,,,,,,,,,,,,,,,0,,,,,,,,,,,,,,,,,,,,,,,,,,,,,,
DACASLLIL,DACHSER ASL LILLE/LESQUIN,Company,,FRLLE,DACASLLIL,,,,,,,,,,,,,,,,,,,,,,,,DACASLLIL,,,,,,,,,,,,,,,,,,,0,,,,,,,,,,,,,,,,,,,,,,,,,,,,,,
PTWPMBJKT,PT. WPM  BARYU PRATAMA LOGISTICS,Company,,IDJKT,PTWPMBJKT,,,,,,,,,,,,,,,,,,,,,,,,PTWPMBJKT,,,,wpm@wpmmgglobal.com.my,,,,,,,,,,,,,,,0,,,,,,,,,,,,,,,,,,,,,,,,,,,,,,
CLASQUZDB,CLASQUIN FRANCE,Company,,FRZDB,CLASQUZDB,,,,,,,,,,,,,,,,,,,,,,,,CLASQUZDB,,,,,,,,,,,,,,,,,,,0,,,,,,,,,,,,,,,,,,,,,,,,,,,,,,
NIUPHAHAN,"NIU PHAO MINING CO., LTD (SUBSIDIARY OF MASAN RESO",Company,,VNHAN,NIUPHAHAN,,,,,,,,,,,,,,,,,,,,,,,,NIUPHAHAN,,,,,,,,,,,,,,,,,,,0,,,,,,,,,,,,,,,,,,,,,,,,,,,,,,
CITCAKJKT,CITTADINANZA CAKRA SEMESTA PT.,Company,,IDJKT,CITCAKJKT,,,,,,,,,,,,,,,,,,,,,,,,CITCAKJKT,,,,,,,,,,,,,,,,,,,0,,,,,,,,,,,,,,,,,,,,,,,,,,,,,,
STELOJIST,STEINWEG LOJISTIK DEPOLAMA HIZM.TIC.LTD.STI.,Company,,TRIST,STELOJIST,,,,,,,,,,,,,,,,,,,,,,,,STELOJIST,,,,,,,,,,,,,,,,,,,0,,,,,,,,,,,,,,,,,,,,,,,,,,,,,,
TARLOGSGN,TARGET LOGISTICS SERVICES,Company,,VNSGN,TARLOGSGN,,,,,,,,,,,,,,,,,,,,,,,,TARLOGSGN,,,,sgn.sales@targetlogistics.com,,,,,,,,,,,,,,,0,,,,,,,,,,,,,,,,,,,,,,,,,,,,,,
EESFREBKK,EES FREIGHT SERVICES/SEE IMPORTNT NOTES,Company,,THBKK,EESFREBKK,,,,,,,,,,,,,,,,,,,,,,,,EESFREBKK,,,,eesthai@loxinfo.co.th,,,,,,,,,,,,,,,0,,,,,,,,,,,,,,,,,,,,,,,,,,,,,,
KUENAGMSP,KUEHNE + NAGEL ISRAEL,Company,,ILMSP,KUENAGMSP,,,,,,,,,,,,,,,,,,,,,,,,KUENAGMSP,,,,,,,,,,,,,,,,,,,0,,,,,,,,,,,,,,,,,,,,,,,,,,,,,,
APCLOGLYS,APC LOGISTICS AS,Company,,NOLYS,APCLOGLYS,,,,,,,,,,,,,,,,,,,,,,,,APCLOGLYS,,,+4792289982,Pernille.paulsen@apclogistics.no,,,,,,,,,,,,,,,0,,,,,,,,,,,,,,,,,,,,,,,,,,,,,,
DEBTRALYN,DEBEAUX TRANSIT S.A.S.,Company,,FRLYN,DEBTRALYN,,,,,,,,,,,,,,,,,,,,,,,,DEBTRALYN,,,,,,,,,,,,,,,,,,,0,,,,,,,,,,,,,,,,,,,,,,,,,,,,,,
BEXHKGAFE,BEX LOGISTICS COMPANY LIMITED,Company,,HKHKG,BEXHKGAFE,,,,,,,,,,,,,,,,,,,,,,,,BEXHKGAFE,,,,eric@bexlog.com.hk,,,,,,,,,,,,,,,0,,,,,,,,,,,,,,,,,,,,,,,,,,,,,,
SEVOCETXG,SEVEN OCEAN MARITIME TRANSPORT CO. LTD.,Company,,TWTXG,SEVOCETXG,,,,,,,,,,,,,,,,,,,,,,,,SEVOCETXG,,,,,,,,,,,,,,,,,,,0,,,,,,,,,,,,,,,,,,,,,,,,,,,,,,
RAYCARJKT,PT. RAY CARGO,Company,,IDJKT,RAYCARJKT,,,,,,,,,,,,,,,,,,,,,,,,RAYCARJKT,,,,,,,,,,,,,,,,,,,0,,,,,,,,,,,,,,,,,,,,,,,,,,,,,,
WORLINHKG,WORLD-LINKS CONTAINERS SERVICE CO. LTD.,Company,,HKHKG,WORLINHKG,,,,,,,,,,,,,,,,,,,,,,,,WORLINHKG,,,,cus@world-links.com.cn,,,,,,,,,,,,,,,0,,,,,,,,,,,,,,,,,,,,,,,,,,,,,,
HOEAUTNYC,"HOEGH AUTOLINES, INC.",Company,,USNYC,HOEAUTNYC,,,,,,,,,,,,,,,,,,,,,,,,HOEAUTNYC,,,,,,,,,,,,,,,,,,,0,,,,,,,,,,,,,,,,,,,,,,,,,,,,,,
NORAIRMLV,NORDCARRIER AIR & SEA A/S,Company,,DKMLV,NORAIRMLV,,,,,,,,,,,,,,,,,,,,,,,,NORAIRMLV,,,,,,,,,,,,,,,,,,,0,,,,,,,,,,,,,,,,,,,,,,,,,,,,,,
TRANSISGN,TRANSIMEX,Company,,VNSGN,TRANSISGN,,,,,,,,,,,,,,,,,,,,,,,,TRANSISGN,,,,,,,,,,,,,,,,,,,0,,,,,,,,,,,,,,,,,,,,,,,,,,,,,,
GONFREFOS,GONDRAND FRERES,Company,,FRFOS,GONFREFOS,,,,,,,,,,,,,,,,,,,,,,,,GONFREFOS,,,,gonrandfos@compuserve.com,,,,,,,,,,,,,,,0,,,,,,,,,,,,,,,,,,,,,,,,,,,,,,
WTCLOGKWN,WTC LOGISTICS LIMITED,Company,,HKKWN,WTCLOGKWN,,,,,,,,,,,,,,,,,,,,,,,,WTCLOGKWN,,,,,,,,,,,,,,,,,,,0,,,,,,,,,,,,,,,,,,,,,,,,,,,,,,
UNIEXPFOC,UNITED EXPRESS HOLDING CO. LTD.,Company,,CNFOC,UNIEXPFOC,,,,,,,,,,,,,,,,,,,,,,,,UNIEXPFOC,,,,,,,,,,,,,,,,,,,0,,,,,,,,,,,,,,,,,,,,,,,,,,,,,,
KTLULUMER,KTL ULUSLARARASI TASIMACILIK VE TICARET,Company,,TRMER,KTLULUMER,,,,,,,,,,,,,,,,,,,,,,,,KTLULUMER,,,,cigdem.tomrukcu@kinaygroup.com,,,,,,,,,,,,,,,0,,,,,,,,,,,,,,,,,,,,,,,,,,,,,,
KIBKUTRUH,KIB KUTBI FOR INT'L BUSINESS,Company,,SARUH,KIBKUTRUH,,,,,,,,,,,,,,,,,,,,,,,,KIBKUTRUH,,,,operation@kib-riyadh.com.sa,,,,,,,,,,,,,,,0,,,,,,,,,,,,,,,,,,,,,,,,,,,,,,
GTEXHIDXB,GT EXHIBITION ME,Company,,AEDXB,GTEXHIDXB,,,,,,,,,,,,,,,,,,,,,,,,GTEXHIDXB,,,+97143213235,tybanogowray@gtexhibitions.com,,,,,,,,,,,,,,,0,,,,,,,,,,,,,,,,,,,,,,,,,,,,,,
HONLANNGB,HONOUR LANE SHIPPING - NINGBO BRANCH,Company,,CNNGB,HONLANNGB,,,,,,,,,,,,,,,,,,,,,,,,HONLANNGB,,,,,,,,,,,,,,,,,,,0,,,,,,,,,,,,,,,,,,,,,,,,,,,,,,
FAIFREPIR,FAIR FREIGHT INT'L S.A,Company,,GRPIR,FAIFREPIR,,,,,,,,,,,,,,,,,,,,,,,,FAIFREPIR,,,,,,,,,,,,,,,,,,,0,,,,,,,,,,,,,,,,,,,,,,,,,,,,,,
ORICARDAC,ORIENT CARGO LINE,Company,,BDDAC,ORICARDAC,,,,,,,,,,,,,,,,,,,,,,,,ORICARDAC,,,,,,,,,,,,,,,,,,,0,,,,,,,,,,,,,,,,,,,,,,,,,,,,,,
SEABOWANR,SEABOW N.V.,Company,,BEANR,SEABOWANR,,,,,,,,,,,,,,,,,,,,,,,,SEABOWANR,,,+32475583632,william@seabow.be,,,,,,,,,,,,,,,0,,,,,,,,,,,,,,,,,,,,,,,,,,,,,,
COMFREKHI,COMBINED FREIGHT PVT LTD.,Company,,PKKHI,COMFREKHI,,,,,,,,,,,,,,,,,,,,,,,,COMFREKHI,,,,,,,,,,,,,,,,,,,0,,,,,,,,,,,,,,,,,,,,,,,,,,,,,,
INFNRTAFE,INFINITY COMMUNICATIONS,Company,,JPTYO,INFNRTAFE,,,,,,,,,,,,,,,,,,,,,,,,INFNRTAFE,,,,,,,,,,,,,,,,,,,0,,,,,,,,,,,,,,,,,,,,,,,,,,,,,,
GFREIGVNG,G-FREIGHT UNIPESSOAL LDA,Company,,PTVNG,GFREIGVNG,,,,,,,,,,,,,,,,,,,,,,,,GFREIGVNG,,,,,,,,,,,,,,,,,,,0,,,,,,,,,,,,,,,,,,,,,,,,,,,,,,
GREFREWLG,GREEN FREIGHT (WN) LTD,Company,,NZWLG,GREFREWLG,,,,,,,,,,,,,,,,,,,,,,,,GREFREWLG,,,,(APC agent) all correspondence via Auckland,,,,,,,,,,,,,,,0,,,,,,,,,,,,,,,,,,,,,,,,,,,,,,
MOVNOTBKK,MOVEM(DO NOT USE),Company,,THBKK,MOVNOTBKK,,,,,,,,,,,,,,,,,,,,,,,,MOVNOTBKK,,,,,,,,,,,,,,,,,,,0,,,,,,,,,,,,,,,,,,,,,,,,,,,,,,
FREINTMAA,FREIGHTLINKS INT'L (INDIA) PVT,Company,,INMAA,FREINTMAA,,,,,,,,,,,,,,,,,,,,,www.freightlinksindia.com,,,FREINTMAA,,,,infomaa@freightlinksindia.com,,,,,,,,,,,,,,,0,,,,,,,,,,,,,,,,,,,,,,,,,,,,,,
SUNLOGBUE,SUNSHINE LOGISTICS ARGENTINA SRL,Company,,ARBUE,SUNLOGBUE,,,,,,,,,,,,,,,,,,,,,www.sunshineargentina.com.ar,,,SUNLOGBUE,,,,,,,,,,,,,,,,,,,0,,,,,,,,,,,,,,,,,,,,,,,,,,,,,,
CHENEOICN,"CHEONWOO NEOLOGIS CO., LTD.",Company,,KRICN,CHENEOICN,,,,,,,,,,,,,,,,,,,,,,,,CHENEOICN,,,,,,,,,,,,,,,,,,,0,,,,,,,,,,,,,,,,,,,,,,,,,,,,,,
HONLANHKG,HONOUR LANE SHIPPING LIMITED (HEAD OFFICE),Company,,HKHKG,HONLANHKG,,,,,,,,,,,,,,,,,,,,,,,,HONLANHKG,,,,hongkong@hlsholding.com,,,,,,,,,,,,,,,0,,,,,,,,,,,,,,,,,,,,,,,,,,,,,,
ALBASABUE,ALBATRANS S.A.,Company,,ARBUE,ALBASABUE,,,,,,,,,,,,,,,,,,,,,,,,ALBASABUE,,,,,,,,,,,,,,,,,,,0,,,,,,,,,,,,,,,,,,,,,,,,,,,,,,
SCHCIEZRH,SCHNEIDER + CIE AG,Company,,CHZRH,SCHCIEZRH,,,,,,,,,,,,,,,,,,,,,,,,SCHCIEZRH,,,,mhumbel@schneider-transport.com,,,,,,,,,,,,,,,0,,,,,,,,,,,,,,,,,,,,,,,,,,,,,,
MITSOKNRT,"MITSUI-SOKO EXPRESS CO., LTD",Company,,JPTYO,MITSOKNRT,,,,,,,,,,,,,,,,,,,,,,,,MITSOKNRT,,,,,,,,,,,,,,,,,,,0,,,,,,,,,,,,,,,,,,,,,,,,,,,,,,
INTSHISHKG,INTERGROUP SHIP & AIR SERVICES LTD.,Company,,HKHKG,INTSHISHKG,,,,,,,,,,,,,,,,,,,,,,,,INTSHISHKG,,,,home@hkg.intergroup.biz,,,,,,,,,,,,,,,0,,,,,,,,,,,,,,,,,,,,,,,,,,,,,,
CLSYNECMB,CL SYNERGY PVT. LTD,Company,,LKCMB,CLSYNECMB,,,,,,,,,,,,,,,,,,,,,,,,CLSYNECMB,,,,info@clsynergy.com,,,,,,,,,,,,,,,0,,,,,,,,,,,,,,,,,,,,,,,,,,,,,,
KPMAGEITJ,KPM AGENCIAMENTO DE CARGAS LTDA,Company,,BRITJ,KPMAGEITJ,,,,,,,,,,,,,,,,,,,,,,,,KPMAGEITJ,,,,,,,,,,,,,,,,,,,0,,,,,,,,,,,,,,,,,,,,,,,,,,,,,,
EVEINTXMN,EVERGROW INTERNATIONAL LOGISTICS (XIAMEN) CO.LTD,Company,,CNXMN,EVEINTXMN,,,,,,,,,,,,,,,,,,,,,www.evergrowtrans.com,,,EVEINTXMN,,,,overseas7@evergrowtrans.com,,,,,,,,,,,,,,,0,,,,,,,,,,,,,,,,,,,,,,,,,,,,,,
CARSINAFE,CARL ZEISS PTE. LTD.,Company,,SGSIN,CARSINAFE,,,,,,,,,,,,,,,,,,,,,,,,CARSINAFE,,,+6569229357,jane.menaka@zeiss.com,,,,,,,,,,,,,,,0,,,,,,,,,,,,,,,,,,,,,,,,,,,,,,
SBSWORCHI,SBS WORLDWIDE INC.,Company,,USCHI,SBSWORCHI,,,,,,,,,,,,,,,,,,,,,,,,SBSWORCHI,,,,chicago@sbsworldwide.com,,,,,,,,,,,,,,,0,,,,,,,,,,,,,,,,,,,,,,,,,,,,,,
TRAAIRSZX,TRANSIT AIR CARGO SHENZHEN,Company,,CNSZX,TRAAIRSZX,,,,,,,,,,,,,,,,,,,,,,,,TRAAIRSZX,,,,fairs@transitair.com.cn,,,,,,,,,,,,,,,0,,,,,,,,,,,,,,,,,,,,,,,,,,,,,,
KHAINDICD,KHAZANA INDIA,Company,,INICD,KHAINDICD,,,,,,,,,,,,,,,,,,,,,,,,KHAINDICD,,,,,,,,,,,,,,,,,,,0,,,,,,,,,,,,,,,,,,,,,,,,,,,,,,
FSLJED,FSL SAUDI ARABIA LTD,Company,,SAJED,FSLJED,,,,,,,,,,,,,,,,,,,,,,,,FSLJED,,,,,,,,,,,,,,,,,,,0,,,,,,,,,,,,,,,,,,,,,,,,,,,,,,
ALLTRASEL,ALLIED TRANS-LINK EXPRESS SDN BHD,Company,,MYSEL,ALLTRASEL,,,,,,,,,,,,,,,,,,,,,www.translinkgroup.com,,,ALLTRASEL,,,,ale@alliedlink.com.my,,,,,,,,,,,,,,,0,,,,,,,,,,,,,,,,,,,,,,,,,,,,,,
SHASURSHA,SHANGHAI SURE WIN INDUSTRIES CO. LTD,Company,,CNSHA,SHASURSHA,,,,,,,,,,,,,,,,,,,,,,,,SHASURSHA,,,,,,,,,,,,,,,,,,,0,,,,,,,,,,,,,,,,,,,,,,,,,,,,,,
APCREACKG,APC-REALCO,Company,,CNCKG,APCREACKG,,,,,,,,,,,,,,,,,,,,,,,,APCREACKG,,,,,,,,,,,,,,,,,,,0,,,,,,,,,,,,,,,,,,,,,,,,,,,,,,
SHAWSASHA,SHANGHAI WSAUNDERS INTERNATIONAL LOGISTICS CO. LTD,Company,,CNSHA,SHAWSASHA,,,,,,,,,,,,,,,,,,,,,,,,SHAWSASHA,,,,,,,,,,,,,,,,,,,0,,,,,,,,,,,,,,,,,,,,,,,,,,,,,,
PACTRALAX,PACIFIC TRANSIT SERVICES LOS ANGELES,Company,,USLAX,PACTRALAX,,,,,,,,,,,,,,,,,,,,,,,,PACTRALAX,,,,lax@ptsfts.com,,,,,,,,,,,,,,,0,,,,,,,,,,,,,,,,,,,,,,,,,,,,,,
LEMERIDXB,LE MERIDIEN MINA SEYAHI BEACH & WATER PARK,Company,,AEDXB,LEMERIDXB,,,,,,,,,,,,,,,,,,,,,,,,LEMERIDXB,,,,DXBMSCredit@marriott.com,,,,,,,,,,,,,,,0,,,,,,,,,,,,,,,,,,,,,,,,,,,,,,
VIAMATSAO,VIA MAT AIR & SEA (SAO PAULO),Company,,BRSAO,VIAMATSAO,,,,,,,,,,,,,,,,,,,,,,,,VIAMATSAO,,,,,,,,,,,,,,,,,,,0,,,,,,,,,,,,,,,,,,,,,,,,,,,,,,
DHXDEPMNL,"DHX DEPENDABLE HAWAII EXPRESS,INC.",Company,,PHMNL,DHXDEPMNL,,,,,,,,,,,,,,,,,,,,,,,,DHXDEPMNL,,,,lmahelona@dhx.com,,,,,,,,,,,,,,,0,,,,,,,,,,,,,,,,,,,,,,,,,,,,,,
ONTIMEHKG,ON TIME  EXPRESS LTD,Company,,HKHKG,ONTIMEHKG,,,,,,,,,,,,,,,,,,,,,,,,ONTIMEHKG,,,,,,,,,,,,,,,,,,,0,,,,,,,,,,,,,,,,,,,,,,,,,,,,,,
WENKINNGB,WENZHOU KINGSTONE ROBOT AND TECHNOLOGY CO LTD,Company,,CNNBO,WENKINNGB,,,,,,,,,,,,,,,,,,,,,,,,WENKINNGB,,,,,,,,,,,,,,,,,,,0,,,,,,,,,,,,,,,,,,,,,,,,,,,,,,
CENWORLAX,CENTRA WORLDWIDE INC.,Company,,USLAX,CENWORLAX,,,,,,,,,,,,,,,,,,,,,,,,CENWORLAX,,,,,,,,,,,,,,,,,,,0,,,,,,,,,,,,,,,,,,,,,,,,,,,,,,
CUSCHAAMS,CUSTOMS CHAIN LOGISTICS,Company,,NLAMS,CUSCHAAMS,,,,,,,,,,,,,,,,,,,,,www.customschainlogistics.com,,,CUSCHAAMS,,,,,,,,,,,,,,,,,,,0,,,,,,,,,,,,,,,,,,,,,,,,,,,,,,
TRAAIRBJS,TRANSIT AIR CARGO BEIJING,Company,,CNBJS,TRAAIRBJS,,,,,,,,,,,,,,,,,,,,,,,,TRAAIRBJS,,,,fairs@transitair.com.cn,,,,,,,,,,,,,,,0,,,,,,,,,,,,,,,,,,,,,,,,,,,,,,
UNISHIBKK,"UNI SHINE CO., LTD.",Company,,THBKK,UNISHIBKK,,,,,,,,,,,,,,,,,,,,,,,,UNISHIBKK,,,,,,,,,,,,,,,,,,,0,,,,,,,,,,,,,,,,,,,,,,,,,,,,,,
FRESYSSHJ,FREIGHT SYSTEMS CO. LTD.,Company,,AESHJ,FRESYSSHJ,,,,,,,,,,,,,,,,,,,,,,,,FRESYSSHJ,,,,,,,,,,,,,,,,,,,0,,,,,,,,,,,,,,,,,,,,,,,,,,,,,,
RELFREDXB,RELIANCE FREIGHT SYSTEM L.L.C,Company,,AEDXB,RELFREDXB,,,,,,,,,,,,,,,,,,,,,,,,RELFREDXB,,,,savio@relianceuae.ae,,,,,,,,,,,,,,,0,,,,,,,,,,,,,,,,,,,,,,,,,,,,,,
CDLOGISHA,"C & D LOGISTICS GROUP CO., LTD.",Company,,CNSHA,CDLOGISHA,,,,,,,,,,,,,,,,,,,,,,,,CDLOGISHA,,,,,,,,,,,,,,,,,,,0,,,,,,,,,,,,,,,,,,,,,,,,,,,,,,
LOGPASZLE,LOGISTICS PASSION FOR EXCELLENCE,Company,,USZLE,LOGPASZLE,,,,,,,,,,,,,,,,,,,,,,,,LOGPASZLE,,,,,,,,,,,,,,,,,,,0,,,,,,,,,,,,,,,,,,,,,,,,,,,,,,
NATUNGJKT,PT NATURA UNGGUL JAYA,Company,,IDJKT,NATUNGJKT,,,,,,,,,,,,,,,,,,,,,,,,NATUNGJKT,,,,,,,,,,,,,,,,,,,0,,,,,,,,,,,,,,,,,,,,,,,,,,,,,,
GENTRAZRH,GENERAL TRANSPORT LTD.,Company,,CHZRH,GENTRAZRH,,,,,,,,,,,,,,,,,,,,,,,,GENTRAZRH,,,,gtair@active.ch,,,,,,,,,,,,,,,0,,,,,,,,,,,,,,,,,,,,,,,,,,,,,,
ALLTRAHAM,ALLBRIDGE TRANSPORT GMBH INT'L SPEDITION,Company,,DEHAM,ALLTRAHAM,,,,,,,,,,,,,,,,,,,,,,,,ALLTRAHAM,,,,info@allbridge.de,,,,,,,,,,,,,,,0,,,,,,,,,,,,,,,,,,,,,,,,,,,,,,
CLASQUSIN,CLASQUIN SINGAPORE PTE LTD,Company,,SGSIN,CLASQUSIN,,,,,,,,,,,,,,,,,,,,,,,,CLASQUSIN,,,+6598228168,,,,,,,,,,,,,,,,0,,,,,,,,,,,,,,,,,,,,,,,,,,,,,,
ORMUFFVCE,ORMESANI UFFICIO SPEDIZIONI,Company,,ITVCE,ORMUFFVCE,,,,,,,,,,,,,,,,,,,,,,,,ORMUFFVCE,,,,,,,,,,,,,,,,,,,0,,,,,,,,,,,,,,,,,,,,,,,,,,,,,,
KARGROFRA1,KARL GROSS INTERNATIONALE SPEDITION GMBH,Company,,DEFRA,KARGROFRA1,,,,,,,,,,,,,,,,,,,,,www.karlgross.de,,,KARGROFRA1,,,+4915164918112,z.liu@karlgross.de,,,,,,,,,,,,,,,0,,,,,,,,,,,,,,,,,,,,,,,,,,,,,,
TRAGRUALC,TRANSPORTES GRUPO CALICHE S.L.U.,Company,,ESALC,TRAGRUALC,,,,,,,,,,,,,,,,,,,,,,,,TRAGRUALC,,,,,,,,,,,,,,,,,,,0,,,,,,,,,,,,,,,,,,,,,,,,,,,,,,
SKYJNBAFE,SKY AIRFREIGHT (PTY) LTD,Company,,ZAJNB,SKYJNBAFE,,,,,,,,,,,,,,,,,,,,,,,,SKYJNBAFE,,,+27113901005,info@skyairfreight.co.za,,,,,,,,,,,,,,,0,,,,,,,,,,,,,,,,,,,,,,,,,,,,,,
NETCARCMB,NETWORK CARGO SERVICES (CEYLON) PVT. LTD,Company,,LKCMB,NETCARCMB,,,,,,,,,,,,,,,,,,,,,,,,NETCARCMB,,,,network1@sri.lanka.net,,,,,,,,,,,,,,,0,,,,,,,,,,,,,,,,,,,,,,,,,,,,,,
SHATOPSHA,SHANGHAI TOP SPEED SHIPPING CO. LTD.,Company,,CNSHA,SHATOPSHA,,,,,,,,,,,,,,,,,,,,,,,,SHATOPSHA,,,,,,,,,,,,,,,,,,,0,,,,,,,,,,,,,,,,,,,,,,,,,,,,,,
FALLOGAMS,FALCON LOGISTICS B.V.,Company,,NLAMS,FALLOGAMS,,,,,,,,,,,,,,,,,,,,,,,,FALLOGAMS,,,,,,,,,,,,,,,,,,,0,,,,,,,,,,,,,,,,,,,,,,,,,,,,,,
GXLOGISEL,GX LOGIS CO. LTD.,Company,,KRSEL,GXLOGISEL,,,,,,,,,,,,,,,,,,,,,,,,GXLOGISEL,,,,,,,,,,,,,,,,,,,0,,,,,,,,,,,,,,,,,,,,,,,,,,,,,,
INTCARAKL,INTERNATIONAL CARGO EXPRESS(AUCKLAND) LTD,Company,,NZAKL,INTCARAKL,,,,,,,,,,,,,,,,,,,,,,,,INTCARAKL,,,,,,,,,,,,,,,,,,,0,,,,,,,,,,,,,,,,,,,,,,,,,,,,,,
PANWRPAFE,PANEXPO GESELLSCHAFT FÜR TRANSPORT- UND MESSELOGIS,Company,,DEWRP,PANWRPAFE,,,,,,,,,,,,,,,,,,,,,www.panexpo.de,,,PANWRPAFE,,,+4916090755507,m.horre@panexpo.de,,,,,,,,,,,,,,,0,,,,,,,,,,,,,,,,,,,,,,,,,,,,,,
SPACARTLV,SPARTA CARGO LTD,Company,,ILTLV,SPACARTLV,,,,,,,,,,,,,,,,,,,,,,,,SPACARTLV,,,,shira@spartacargo.com,,,,,,,,,,,,,,,0,,,,,,,,,,,,,,,,,,,,,,,,,,,,,,
TOLSOBTHR,"TOLOOE SOBHE NILGOON CO., LTD",Company,,IRTHR,TOLSOBTHR,,,,,,,,,,,,,,,,,,,,,http://www.tsnihb-co.net,,,TOLSOBTHR,,,,jaleh.alizadeh@tsnihb-co.net,,,,,,,,,,,,,,,0,,,,,,,,,,,,,,,,,,,,,,,,,,,,,,
BARFOGROM,BARBARINI & FOGLIA SRL/HEAD OFFICE,Company,,ITROM,BARFOGROM,,,,,,,,,,,,,,,,,,,,,www.befgroup.com,,,BARFOGROM,,,,info@barbariniefoglia.com,,,,,,,,,,,,,,,0,,,,,,,,,,,,,,,,,,,,,,,,,,,,,,
THAAAFE,THAI AIRWAYS INTERNATIONAL PUBLIC COMPANY LTD,Company,,THBKK,THAAAFE,,,,,,,,,,,,,,,,,,,,,,,,THAAAFE,,,,,,,,,,,,,,,,,,,0,,,,,,,,,,,,,,,,,,,,,,,,,,,,,,
BARGLOCVT,BARSAN GLOBAL LOGISTICS LTD,Company,,GBCVT,BARGLOCVT,,,,,,,,,,,,,,,,,,,,,,,,BARGLOCVT,,,,,,,,,,,,,,,,,,,0,,,,,,,,,,,,,,,,,,,,,,,,,,,,,,
GRESCAGOT,GREENCARRIER SCANDINAVIA AB,Company,,SEGOT,GRESCAGOT,,,,,,,,,,,,,,,,,,,,,,,,GRESCAGOT,,,,,,,,,,,,,,,,,,,0,,,,,,,,,,,,,,,,,,,,,,,,,,,,,,
GLOLASAFE,"GLOBAL EXPERIENCE SPECIALISTS, INC. (GES)",Company,,USLAS,GLOLASAFE,,,,,,,,,,,,,,,,,,,,,,,,GLOLASAFE,,,,AnAguilar@gess.com,,,,,,,,,,,,,,,0,,,,,,,,,,,,,,,,,,,,,,,,,,,,,,
ALLTRADAC,ALL-TRANS CARGO SERVICES LTD,Company,,BDDAC,ALLTRADAC,,,,,,,,,,,,,,,,,,,,,,,,ALLTRADAC,,,,info@alltranscargo.com,,,,,,,,,,,,,,,0,,,,,,,,,,,,,,,,,,,,,,,,,,,,,,
AQUDRASHA,AQUA-DRAGON INTERNATIONAL LOGISTICS LIMITED,Company,,CNSHA,AQUDRASHA,,,,,,,,,,,,,,,,,,,,,,,,AQUDRASHA,,,,,,,,,,,,,,,,,,,0,,,,,,,,,,,,,,,,,,,,,,,,,,,,,,
EURSRLLIV,EUROMAR SRL,Company,,ITLIV,EURSRLLIV,,,,,,,,,,,,,,,,,,,,,,,,EURSRLLIV,,,,,,,,,,,,,,,,,,,0,,,,,,,,,,,,,,,,,,,,,,,,,,,,,,
DONSRLVCE,DONELLI SRL,Company,,ITVCE,DONSRLVCE,,,,,,,,,,,,,,,,,,,,,,,,DONSRLVCE,,,,,,,,,,,,,,,,,,,0,,,,,,,,,,,,,,,,,,,,,,,,,,,,,,
ASISHISIN,ASI SHIPPING PTE LTD,Company,,SGSIN,ASISHISIN,,,,,,,,,,,,,,,,,,,,,,,,ASISHISIN,,,+6562716918,kevin@asi-shipping.com,,,,,,,,,,,,,,,0,,,,,,,,,,,,,,,,,,,,,,,,,,,,,,
TRAMANMIL,TRANSPORT MANAGEMENT S R L,Company,,ITMIL,TRAMANMIL,,,,,,,,,,,,,,,,,,,,,,,,TRAMANMIL,,,,,,,,,,,,,,,,,,,0,,,,,,,,,,,,,,,,,,,,,,,,,,,,,,
MENTFIAFE,MENTFIELD LTD,Company,,ILAZO,MENTFIAFE,,,,,,,,,,,,,,,,,,,,,,,,MENTFIAFE,,,+972507779229,revital.h@exhilog.com,,,,,,,,,,,,,,,0,,,,,,,,,,,,,,,,,,,,,,,,,,,,,,
NINXUYSHG,NINGBO XUYAO INTERNATIONAL FREIGHT FORWARDING CO. LTD.,Company,,CNSHG,NINXUYSHG,,,,,,,,,,,,,,,,,,,,,,,,NINXUYSHG,,,,,,,,,,,,,,,,,,,0,,,,,,,,,,,,,,,,,,,,,,,,,,,,,,
GENLOGBNE,GENFREIGHT LOGISTICS PTY LTD,Company,,AUBNE,GENLOGBNE,,,,,,,,,,,,,,,,,,,,,www.genfreight.com.au,,,GENLOGBNE,,,+61418124141,scott@genfreight.com.au,,,,,,,,,,,,,,,0,,,,,,,,,,,,,,,,,,,,,,,,,,,,,,
MAXGLOQIN,"MAXSPEED GLOBAL FORWARDING CO., LTD",Company,,CNQIN,MAXGLOQIN,,,,,,,,,,,,,,,,,,,,,,,,MAXGLOQIN,,,,,,,,,,,,,,,,,,,0,,,,,,,,,,,,,,,,,,,,,,,,,,,,,,
DEXWORSIN,DEXTRANS WORLDWIDE PTE LTD.,Company,,SGSIN,DEXWORSIN,,,,,,,,,,,,,,,,,,,,,,,,DEXWORSIN,,,,,,,,,,,,,,,,,,,0,,,,,,,,,,,,,,,,,,,,,,,,,,,,,,
VIAMATCCP,VIA MAT (AIR & SEA) LTDA,Company,,CLCCP,VIAMATCCP,,,,,,,,,,,,,,,,,,,,,,,,VIAMATCCP,,,,,,,,,,,,,,,,,,,0,,,,,,,,,,,,,,,,,,,,,,,,,,,,,,
SAILINQDG,"SAIL LINE GLOBAL LOGISTICS CO., LIMITED",Company,,CNQDG,SAILINQDG,,,,,,,,,,,,,,,,,,,,,,,,SAILINQDG,,,,,,,,,,,,,,,,,,,0,,,,,,,,,,,,,,,,,,,,,,,,,,,,,,
MITSOKOSA,"MITSUI-SOKO EXPRESS CO., LTD",Company,,JPOSA,MITSOKOSA,,,,,,,,,,,,,,,,,,,,,,,,MITSOKOSA,,,,,,,,,,,,,,,,,,,0,,,,,,,,,,,,,,,,,,,,,,,,,,,,,,
AARGLOBOM,AARGUS GLOBAL LOGISTICS PVT. LTD.,Company,,INBOM,AARGLOBOM,,,,,,,,,,,,,,,,,,,,,,,,AARGLOBOM,,,,,,,,,,,,,,,,,,,0,,,,,,,,,,,,,,,,,,,,,,,,,,,,,,
WINEXPSHA,WINLINK EXPRESS LIMITED,Company,,CNSHA,WINEXPSHA,,,,,,,,,,,,,,,,,,,,,,,,WINEXPSHA,,,,,,,,,,,,,,,,,,,0,,,,,,,,,,,,,,,,,,,,,,,,,,,,,,
MINPHUSGN,"MINH PHUONG COMMERCE SERVICES CO., LTD.",Company,,VNSGN,MINPHUSGN,,,,,,,,,,,,,,,,,,,,,,,,MINPHUSGN,,,,,,,,,,,,,,,,,,,0,,,,,,,,,,,,,,,,,,,,,,,,,,,,,,
LEKINTSDO,LEKAS INTERNATIONAL SERVICES,Company,,CLSDO,LEKINTSDO,,,,,,,,,,,,,,,,,,,,,www.lekasintl.com,,,LEKINTSDO,,,,,,,,,,,,,,,,,,,0,,,,,,,,,,,,,,,,,,,,,,,,,,,,,,
PRIWORLGB,PRIORITY WORLDWIDE SERVICES,Company,,USLGB,PRIWORLGB,,,,,,,,,,,,,,,,,,,,,www.priorityworldwide.com,,,PRIWORLGB,,,,sales@priorityworldwide.com,,,,,,,,,,,,,,,0,,,,,,,,,,,,,,,,,,,,,,,,,,,,,,
GEOWILRTM,GEODIS WILSON ROTTERDAM B.V,Company,,NLRTM,GEOWILRTM,,,,,,,,,,,,,,,,,,,,,,,,GEOWILRTM,,,,,,,,,,,,,,,,,,,0,,,,,,,,,,,,,,,,,,,,,,,,,,,,,,
QUIRTMAFE,QUICK CARGO SERVICES INTERNATIONAL LOGISTICS,Company,,NLRTM,QUIRTMAFE,,,,,,,,,,,,,,,,,,,,,,,,QUIRTMAFE,,,,jaouad.elyabbouhi@quick-cargo-service.nl,,,,,,,,,,,,,,,0,,,,,,,,,,,,,,,,,,,,,,,,,,,,,,
DACSPAVLC,"DACHSER SPAIN AIR & SEA LOGISTICS, S.A.U.",Company,,ESVLC,DACSPAVLC,,,,,,,,,,,,,,,,,,,,,www.transunion.es,,,DACSPAVLC,,,,,,,,,,,,,,,,,,,0,,,,,,,,,,,,,,,,,,,,,,,,,,,,,,
FRESYSLCMB,FREIGHT SYSTEMS LANKA (PVT) LTD.,Company,,LKCMB,FRESYSLCMB,,,,,,,,,,,,,,,,,,,,,,,,FRESYSLCMB,,,,,,,,,,,,,,,,,,,0,,,,,,,,,,,,,,,,,,,,,,,,,,,,,,
NOALOGTPE1,NOATUM LOGISTICS TAIWAN LIMITED,Company,,TWTPE,NOALOGTPE1,,,,,,,,,,,,,,,,,,,,,,,,NOALOGTPE1,,,,,,,,,,,,,,,,,,,0,,,,,,,,,,,,,,,,,,,,,,,,,,,,,,
MAINFRLAX,MAINFREIGHT INC.,Company,,USLAX,MAINFRLAX,,,,,,,,,,,,,,,,,,,,,,,,MAINFRLAX,,,,,,,,,,,,,,,,,,,0,,,,,,,,,,,,,,,,,,,,,,,,,,,,,,
PICDIGJPD,"PICO DIGITAL, INC.",Company,,USPSD,PICDIGJPD,,,,,,,,,,,,,,,,,,,,,,,,PICDIGJPD,,,,,,,,,,,,,,,,,,,0,,,,,,,,,,,,,,,,,,,,,,,,,,,,,,
ASPAIRSIN,ASPAC AIRCARGO SERVICE PTE LTD.,Company,,SGSIN,ASPAIRSIN,,,,,,,,,,,,,,,,,,,,,,,,ASPAIRSIN,,,,,,,,,,,,,,,,,,,0,,,,,,,,,,,,,,,,,,,,,,,,,,,,,,
DGXHKHKG,DGX (H.K. LIMITED,Company,,HKHKG,DGXHKHKG,,,,,,,,,,,,,,,,,,,,,,,,DGXHKHKG,,,,,,,,,,,,,,,,,,,0,,,,,,,,,,,,,,,,,,,,,,,,,,,,,,
SAGAIRPAR2,SAGA AIR,Company,,FRPAR,SAGAIRPAR2,,,,,,,,,,,,,,,,,,,,,,,,SAGAIRPAR2,,,,,,,,,,,,,,,,,,,0,,,,,,,,,,,,,,,,,,,,,,,,,,,,,,
ADVGLOSUB,ADVANCED GLORY LOGISTICS,Company,,IDSUB,ADVGLOSUB,,,,,,,,,,,,,,,,,,,,,,,,ADVGLOSUB,,,,,,,,,,,,,,,,,,,0,,,,,,,,,,,,,,,,,,,,,,,,,,,,,,
UNIEXPXMN,UNITED EXPRESS HOLDINGS CO. LTD,Company,,CNXMN,UNIEXPXMN,,,,,,,,,,,,,,,,,,,,,,,,UNIEXPXMN,,,,,,,,,,,,,,,,,,,0,,,,,,,,,,,,,,,,,,,,,,,,,,,,,,
DEFILIFCO,DE FILIPPO IMPORT EXPORT SRL,Company,,ITFCO,DEFILIFCO,,,,,,,,,,,,,,,,,,,,,,,,DEFILIFCO,,,,,,,,,,,,,,,,,,,0,,,,,,,,,,,,,,,,,,,,,,,,,,,,,,
WORTOPTPE,WORLD TOP OVERSEAS LOGISTICS (TAIWAN) CO.LTD.,Company,,TWTPE,WORTOPTPE,,,,,,,,,,,,,,,,,,,,,,,,WORTOPTPE,,,,,,,,,,,,,,,,,,,0,,,,,,,,,,,,,,,,,,,,,,,,,,,,,,
EXPFREHYD,EXPO FREIGHT PVT LTD,Company,,INHYD,EXPFREHYD,,,,,,,,,,,,,,,,,,,,,,,,EXPFREHYD,,,,,,,,,,,,,,,,,,,0,,,,,,,,,,,,,,,,,,,,,,,,,,,,,,
SMALOGLIT,SMART LOGISTICS SCANDINAVIA AB,Company,,LTLIT,SMALOGLIT,,,,,,,,,,,,,,,,,,,,,,,,SMALOGLIT,,,,see contacts,,,,,,,,,,,,,,,0,,,,,,,,,,,,,,,,,,,,,,,,,,,,,,
ELILOGSHA,ELINE LOGISTICS CO. LTD,Company,,CNSHA,ELILOGSHA,,,,,,,,,,,,,,,,,,,,,,,,ELILOGSHA,,,,ellen@elinelogistics.com,,,,,,,,,,,,,,,0,,,,,,,,,,,,,,,,,,,,,,,,,,,,,,
SFTGONPAR,S.F.T. GONRAND FRERES,Company,,FRPAR,SFTGONPAR,,,,,,,,,,,,,,,,,,,,,http://www.gondrand.fr,,,SFTGONPAR,,,,guillaume.petit@gondrand.fr,,,,,,,,,,,,,,,0,,,,,,,,,,,,,,,,,,,,,,,,,,,,,,
BLUCARDAM,BLUEMAX CARGO SERVICES,Company,,SYDAM,BLUCARDAM,,,,,,,,,,,,,,,,,,,,,,,,BLUCARDAM,,,,oeldammam@oelbahrain.com,,,,,,,,,,,,,,,0,,,,,,,,,,,,,,,,,,,,,,,,,,,,,,
TIAHUAGUA,TIANJIN HUAFENG TRANSPORT AGENCY CO. LTD SHENZHEN,Company,,CNGUA,TIAHUAGUA,,,,,,,,,,,,,,,,,,,,,,,,TIAHUAGUA,,,,,,,,,,,,,,,,,,,0,,,,,,,,,,,,,,,,,,,,,,,,,,,,,,
BARFOGLIV,BARBARINI & FOGLIA WORLDWIDE LOGISTICS S.R.L,Company,,ITLIV,BARFOGLIV,,,,,,,,,,,,,,,,,,,,,,,,BARFOGLIV,,,+393483731302,info@befgroup.com,,,,,,,,,,,,,,,0,,,,,,,,,,,,,,,,,,,,,,,,,,,,,,
AUROPT,AUREUS OPTIMA PTE LTD,Company,,SGSIN,AUROPT,,,,,,,,,,,,,,,,,,,,,,,,AUROPT,,,,,,,,,,,,,,,,,,,0,,,,,,,,,,,,,,,,,,,,,,,,,,,,,,
UNILOGVIE,UNIMASTERS LOGISTICS KFT,Company,,ATVIE,UNILOGVIE,,,,,,,,,,,,,,,,,,,,,,,,UNILOGVIE,,,,,,,,,,,,,,,,,,,0,,,,,,,,,,,,,,,,,,,,,,,,,,,,,,
UNIFORLEI,UNIVERSAL FORWARDING KEC LDA,Company,,PTLEI,UNIFORLEI,,,,,,,,,,,,,,,,,,,,,,,,UNIFORLEI,,,,,,,,,,,,,,,,,,,0,,,,,,,,,,,,,,,,,,,,,,,,,,,,,,
INTQUEMIL,INTERGLOBO QUEIROLO SRL,Company,,ITMIL,INTQUEMIL,,,,,,,,,,,,,,,,,,,,,,,,INTQUEMIL,,,,,,,,,,,,,,,,,,,0,,,,,,,,,,,,,,,,,,,,,,,,,,,,,,
SOTLOGSGN,SOTRANS  LOGISTICS,Company,,VNSGN,SOTLOGSGN,,,,,,,,,,,,,,,,,,,,,www.sotrans.com,,,SOTLOGSGN,,,,,,,,,,,,,,,,,,,0,,,,,,,,,,,,,,,,,,,,,,,,,,,,,,
WALINTMIA,WALKER INTERNATIONAL TRASNPORTATION-MIAMI,Company,,USMIA,WALINTMIA,,,,,,,,,,,,,,,,,,,,,,,,WALINTMIA,,,,,,,,,,,,,,,,,,,0,,,,,,,,,,,,,,,,,,,,,,,,,,,,,,
GRAMARCMN,GRAVELEAU MAROC,Company,,MACAS,GRAMARCMN,,,,,,,,,,,,,,,,,,,,,,,,GRAMARCMN,,,,ccoutelle@graveleau.com,,,,,,,,,,,,,,,0,,,,,,,,,,,,,,,,,,,,,,,,,,,,,,
DMGMORSIN,DMG MORI SINGAPORE PTE. LTD.,Company,,SGSIN,DMGMORSIN,,,,,,,,,,,,,,,,,,,,,,,,DMGMORSIN,,,,,,,,,,,,,,,,,,,0,,,,,,,,,,,,,,,,,,,,,,,,,,,,,,
GONZAVMAC,GONDRAND ZAVENTEM,Company,,BEMAC,GONZAVMAC,,,,,,,,,,,,,,,,,,,,,www.gondrand.be,,,GONZAVMAC,,,,herman.vanderstraeten@gondrand.be,,,,,,,,,,,,,,,0,,,,,,,,,,,,,,,,,,,,,,,,,,,,,,
DHLWORTLV,DHL WORLDWIDE EXPRESS,Company,,ILTLV,DHLWORTLV,,,,,,,,,,,,,,,,,,,,,,,,DHLWORTLV,,,,,,,,,,,,,,,,,,,0,,,,,,,,,,,,,,,,,,,,,,,,,,,,,,
CNCFREPKG,CNC FREIGHT SERVICES SDN BHD,Company,,MYPKG,CNCFREPKG,,,,,,,,,,,,,,,,,,,,,,,,CNCFREPKG,,,,sales4@cncfrht.com,,,,,,,,,,,,,,,0,,,,,,,,,,,,,,,,,,,,,,,,,,,,,,
KUECGNAFE,KUEHNE + NAGEL (AG & CO.) KG,Company,,DECGN,KUECGNAFE,,,,,,,,,,,,,,,,,,,,,,,,KUECGNAFE,,,,,,,,,,,,,,,,,,,0,,,,,,,,,,,,,,,,,,,,,,,,,,,,,,
HUACHIKWN,HUAFENG (CHINA) LOGISTICS CO. LTD,Company,,HKKWN,HUACHIKWN,,,,,,,,,,,,,,,,,,,,,,,,HUACHIKWN,,,,,,,,,,,,,,,,,,,0,,,,,,,,,,,,,,,,,,,,,,,,,,,,,,
ATECHLKWN,A-TECH LOGISTICS(HK)LTD/SHINE FREIGHT SYSTEM CO LT,Company,,HKKWN,ATECHLKWN,,,,,,,,,,,,,,,,,,,,,,,,ATECHLKWN,,,,,,,,,,,,,,,,,,,0,,,,,,,,,,,,,,,,,,,,,,,,,,,,,,
NTVLOGSGN,NTV LOGISTICS CORPORATION,Company,,VNSGN,NTVLOGSGN,,,,,,,,,,,,,,,,,,,,,,,,NTVLOGSGN,,,,,,,,,,,,,,,,,,,0,,,,,,,,,,,,,,,,,,,,,,,,,,,,,,
TRACHIXMN,TRANS-CHINA INTERNATIONAL (HK) CO. LTD.,Company,,CNXMN,TRACHIXMN,,,,,,,,,,,,,,,,,,,,,,,,TRACHIXMN,,,,,,,,,,,,,,,,,,,0,,,,,,,,,,,,,,,,,,,,,,,,,,,,,,
EURCHAPEN,EUROTRANS CHARTERS SDN BHD,Company,,MYPEN,EURCHAPEN,,,,,,,,,,,,,,,,,,,,,,,,EURCHAPEN,,,,,,,,,,,,,,,,,,,0,,,,,,,,,,,,,,,,,,,,,,,,,,,,,,
ACMCARSIN,ACME CARGO EXPRESS PTE LTD SEA OFFIC,Company,,SGSIN,ACMCARSIN,,,,,,,,,,,,,,,,,,,,,,,,ACMCARSIN,,,,,,,,,,,,,,,,,,,0,,,,,,,,,,,,,,,,,,,,,,,,,,,,,,
WARYUDSUB,PT. WARSUDHI YUDHA PUTRA,Company,,IDSUB,WARYUDSUB,,,,,,,,,,,,,,,,,,,,,,,,WARYUDSUB,,,+62313553873,wypsby@aido.net.id,,,,,,,,,,,,,,,0,,,,,,,,,,,,,,,,,,,,,,,,,,,,,,
LSILOGDUB,LSI LOGISTICS SOLUTIONS IRELAND LTD,Company,,IEDUB,LSILOGDUB,,,,,,,,,,,,,,,,,,,,,,,,LSILOGDUB,,,,,,,,,,,,,,,,,,,0,,,,,,,,,,,,,,,,,,,,,,,,,,,,,,
SHABASSHA,"SHANGHAI BA-SHI YUEXIN LOGISTICS DEVELOPMENT CO.,LTD.",Company,,CNSHA,SHABASSHA,,,,,,,,,,,,,,,,,,,,,,,,SHABASSHA,,,,,,,,,,,,,,,,,,,0,,,,,,,,,,,,,,,,,,,,,,,,,,,,,,
GRAINTTUN,GRAVELEAU INTERNATIONAL,Company,,TNTUN,GRAINTTUN,,,,,,,,,,,,,,,,,,,,,,,,GRAINTTUN,,,,,,,,,,,,,,,,,,,0,,,,,,,,,,,,,,,,,,,,,,,,,,,,,,
UNIDESSEP,UNITED DESPATCH AGENT SDN BHD,Company,,MYSEP,UNIDESSEP,,,,,,,,,,,,,,,,,,,,,,,,UNIDESSEP,,,,,,,,,,,,,,,,,,,0,,,,,,,,,,,,,,,,,,,,,,,,,,,,,,
MGLGLOPKG,MGL GLOBAL LOGISTICS SDN. BHD,Company,,MYPKG,MGLGLOPKG,,,,,,,,,,,,,,,,,,,,,,,,MGLGLOPKG,,,,,,,,,,,,,,,,,,,0,,,,,,,,,,,,,,,,,,,,,,,,,,,,,,
MIDAMEHOU,"MID-AMERICA OVERSEAS, INC.",Company,,USHOU,MIDAMEHOU,,,,,,,,,,,,,,,,,,,,,,,,MIDAMEHOU,,,,,,,,,,,,,,,,,,,0,,,,,,,,,,,,,,,,,,,,,,,,,,,,,,
WORMSMLEH,WORMS SM,Company,,FRLEH,WORMSMLEH,,,,,,,,,,,,,,,,,,,,,,,,WORMSMLEH,,,,,,,,,,,,,,,,,,,0,,,,,,,,,,,,,,,,,,,,,,,,,,,,,,
HUDRHOAFE,HUDIG & VEDER FORWARDING B.V.,Company,,NLRHO,HUDRHOAFE,,,,,,,,,,,,,,,,,,,,,,,,HUDRHOAFE,,,,,,,,,,,,,,,,,,,0,,,,,,,,,,,,,,,,,,,,,,,,,,,,,,
SHETOPILSZX,SHENZHEN TOP FORTUNE INTERNATIONAL LOGISTICS LTD.,Company,,CNSZX,SHETOPILSZX,,,,,,,,,,,,,,,,,,,,,www.tplocean.com,,,SHETOPILSZX,,,,shipping@tplocean.com,,,,,,,,,,,,,,,0,,,,,,,,,,,,,,,,,,,,,,,,,,,,,,
GRAINTNTE,GRAVELEAU INT'L / DACHSER FRANCE,Company,,FRNTE,GRAINTNTE,,,,,,,,,,,,,,,,,,,,,www.dachser.fr,,,GRAINTNTE,,,,airseanantes@graveleau.com,,,,,,,,,,,,,,,0,,,,,,,,,,,,,,,,,,,,,,,,,,,,,,
INTAGESIN,INTERGROUP AGENCIES PTE LTD.,Company,,SGSIN,INTAGESIN,,,,,,,,,,,,,,,,,,,,,,,,INTAGESIN,,,,,,,,,,,,,,,,,,,0,,,,,,,,,,,,,,,,,,,,,,,,,,,,,,
PACEXPICD,PACE EXPRESS TRAVELS AND CARGO PVT LTD,Company,,INICD,PACEXPICD,,,,,,,,,,,,,,,,,,,,,,,,PACEXPICD,,,,,,,,,,,,,,,,,,,0,,,,,,,,,,,,,,,,,,,,,,,,,,,,,,
ARIGLOSFO,ARIES GLOBAL LOGISTICS,Company,,USSFO,ARIGLOSFO,,,,,,,,,,,,,,,,,,,,,,,,ARIGLOSFO,,,,,,,,,,,,,,,,,,,0,,,,,,,,,,,,,,,,,,,,,,,,,,,,,,
NOALOGSRG,PT. NOATUM LOGISTICS INDONESIA,Company,,IDSRG,NOALOGSRG,,,,,,,,,,,,,,,,,,,,,,,,NOALOGSRG,,,,,,,,,,,,,,,,,,,0,,,,,,,,,,,,,,,,,,,,,,,,,,,,,,
GINLOGSHK,GINTER LOGISTICS SERVICE CO LTD,Company,,CNSHK,GINLOGSHK,,,,,,,,,,,,,,,,,,,,,,,,GINLOGSHK,,,,,,,,,,,,,,,,,,,0,,,,,,,,,,,,,,,,,,,,,,,,,,,,,,
NOALOGMUN,NOATUM LOGISTICS INDIA PVT LTD,Company,,INMUN,NOALOGMUN,,,,,,,,,,,,,,,,,,,,,,,,NOALOGMUN,,,,,,,,,,,,,,,,,,,0,,,,,,,,,,,,,,,,,,,,,,,,,,,,,,
MAIUSAHOU,MAINFREIGHT USA (FORMERLY TARGET LOGISTIC SVCS),Company,,USHOU,MAIUSAHOU,,,,,,,,,,,,,,,,,,,,,,,,MAIUSAHOU,,,,iah.international@mainfreightusa.com,,,,,,,,,,,,,,,0,,,,,,,,,,,,,,,,,,,,,,,,,,,,,,
UNIGLOBKK,"UNICORN GLOBAL LOGISTICS CO., LTD",Company,,THBKK,UNIGLOBKK,,,,,,,,,,,,,,,,,,,,,www.unicorngloballogistics.com,,,UNIGLOBKK,,,,,,,,,,,,,,,,,,,0,,,,,,,,,,,,,,,,,,,,,,,,,,,,,,
UNIUNIMFM,UNITED UNION CORPORATION  LTD,Company,,MOMFM,UNIUNIMFM,,,,,,,,,,,,,,,,,,,,,,,,UNIUNIMFM,,,,uuc@macau.ctm.net,,,,,,,,,,,,,,,0,,,,,,,,,,,,,,,,,,,,,,,,,,,,,,
RIMLOGHKG,RIM LOGISTICS,Company,,HKHKG,RIMLOGHKG,,,,,,,,,,,,,,,,,,,,,,,,RIMLOGHKG,,,,,,,,,,,,,,,,,,,0,,,,,,,,,,,,,,,,,,,,,,,,,,,,,,
UNIFREZIC,UNIMASTER FREIGHT EXPRESS,Company,,ROZIC,UNIFREZIC,,,,,,,,,,,,,,,,,,,,,www.unimasters.com,,,UNIFREZIC,,,,road.romania@unimasters.com,,,,,,,,,,,,,,,0,,,,,,,,,,,,,,,,,,,,,,,,,,,,,,
FOCGLOHAN,"FOCO GLOBAL LOGISTICS CO.,LTD",Company,,VNHAN,FOCGLOHAN,,,,,,,,,,,,,,,,,,,,,,,,FOCGLOHAN,,,,,,,,,,,,,,,,,,,0,,,,,,,,,,,,,,,,,,,,,,,,,,,,,,
EXFZETATL,EXFREIGHT ZETA LLC,Company,,USATL,EXFZETATL,,,,,,,,,,,,,,,,,,,,,,,,EXFZETATL,,,,,,,,,,,,,,,,,,,0,,,,,,,,,,,,,,,,,,,,,,,,,,,,,,
GACCARKHI,GAC CARGO SYSTEMS PAKISTAN (PVT) LTD.,Company,,PKKHI,GACCARKHI,,,,,,,,,,,,,,,,,,,,,,,,GACCARKHI,,,,,,,,,,,,,,,,,,,0,,,,,,,,,,,,,,,,,,,,,,,,,,,,,,
HARINTDLC,HARMONY INTERNATIONAL FORWARDING,Company,,CNDLC,HARINTDLC,,,,,,,,,,,,,,,,,,,,,,,,HARINTDLC,,,,,,,,,,,,,,,,,,,0,,,,,,,,,,,,,,,,,,,,,,,,,,,,,,
ASSGLOORD,ASSOCIATED GLOBAL SYSEM,Company,,USORD,ASSGLOORD,,,,,,,,,,,,,,,,,,,,,,,,ASSGLOORD,,,,,,,,,,,,,,,,,,,0,,,,,,,,,,,,,,,,,,,,,,,,,,,,,,
INTFORSEL,"INTERNATIONAL FORWARDING CO., LTD.",Company,,KRSEL,INTFORSEL,,,,,,,,,,,,,,,,,,,,,,,,INTFORSEL,,,,,,,,,,,,,,,,,,,0,,,,,,,,,,,,,,,,,,,,,,,,,,,,,,
BENINTBWI,"BENNETT INTERNATIONAL TRANSPORT, LLC",Company,,USBAL,BENINTBWI,,,,,,,,,,,,,,,,,,,,,,,,BENINTBWI,,,,leanne.cappuccino@bennettig.com,,,,,,,,,,,,,,,0,,,,,,,,,,,,,,,,,,,,,,,,,,,,,,
HENLOGZRH,HENUS LOGISTICS,Company,,CHZRH,HENLOGZRH,,,,,,,,,,,,,,,,,,,,,,,,HENLOGZRH,,,,Meieli.Haggard@ch.rhenus.com,,,,,,,,,,,,,,,0,,,,,,,,,,,,,,,,,,,,,,,,,,,,,,
INTGSAKUL,INTER GSA FREIGHT SERVICES SDN BHD,Company,,MYKUL,INTGSAKUL,,,,,,,,,,,,,,,,,,,,,,,,INTGSAKUL,,,,,,,,,,,,,,,,,,,0,,,,,,,,,,,,,,,,,,,,,,,,,,,,,,
UCLLOGFPMAA,UCL LOGISTICS FREIGHT PRIVATE LIMITED,Company,,INMAA,UCLLOGFPMAA,,,,,,,,,,,,,,,,,,,,,www.expofreight.com,,,UCLLOGFPMAA,,,,,,,,,,,,,,,,,,,0,,,,,,,,,,,,,,,,,,,,,,,,,,,,,,
GUCKORICN,GUCHANG KOREA CO. LTD.,Company,,KRICN,GUCKORICN,,,,,,,,,,,,,,,,,,,,,,,,GUCKORICN,,,+821050481982,pyh@yaheng-sh.com,,,,,,,,,,,,,,,0,,,,,,,,,,,,,,,,,,,,,,,,,,,,,,
SDTLOGIST,SDT LOGISTICS INT'L TRANSPORTATION,Company,,TRIST,SDTLOGIST,,,,,,,,,,,,,,,,,,,,,,,,SDTLOGIST,,,+905324847156,,,,,,,,,,,,,,,,0,,,,,,,,,,,,,,,,,,,,,,,,,,,,,,
JYUTXGAFE,"JYU FONG MACHINERY CO., LTD.",Company,,TWTXG,JYUTXGAFE,,,,,,,,,,,,,,,,,,,,,,,,JYUTXGAFE,,,,jyufong@gmail.com,,,,,,,,,,,,,,,0,,,,,,,,,,,,,,,,,,,,,,,,,,,,,,
CARPARBKK,CARGO-PARTNER LOGISTICS LTD.,Company,,THBKK,CARPARBKK,,,,,,,,,,,,,,,,,,,,,www.cargo-partner.com,,,CARPARBKK,,,+66902518902,jariyaporn.waekaji@cargo-partner.com,,,,,,,,,,,,,,,0,,,,,,,,,,,,,,,,,,,,,,,,,,,,,,
SCAAGEPKG,SCANCHART AGENCIES SDN BHD,Company,,MYPKG,SCAAGEPKG,,,,,,,,,,,,,,,,,,,,,,,,SCAAGEPKG,,,,,,,,,,,,,,,,,,,0,,,,,,,,,,,,,,,,,,,,,,,,,,,,,,
CLAXVPAFE,CLAMAGERAN FOIREXPO,Company,,FRVIL,CLAXVPAFE,,,,,,,,,,,,,,,,,,,,,,,,CLAXVPAFE,,,,export@clamageran.fr,,,,,,,,,,,,,,,0,,,,,,,,,,,,,,,,,,,,,,,,,,,,,,
NINHUAXMN,NINGBO HUANJI INT'L LOGISTICS CO. LTD.,Company,,CNXMN,NINHUAXMN,,,,,,,,,,,,,,,,,,,,,,,,NINHUAXMN,,,,xm@nb-hj.com,,,,,,,,,,,,,,,0,,,,,,,,,,,,,,,,,,,,,,,,,,,,,,
MBPROJNSA,MB PROJECTS AND LOGISTICS (INDIA) PRIVATE LIMITED,Company,,INNSA,MBPROJNSA,,,,,,,,,,,,,,,,,,,,,,,,MBPROJNSA,,,,,,,,,,,,,,,,,,,0,,,,,,,,,,,,,,,,,,,,,,,,,,,,,,
GMCAIRTPE,GMC AIR EXPRESS INC,Company,,TWTPE,GMCAIRTPE,,,,,,,,,,,,,,,,,,,,,,,,GMCAIRTPE,,,,,,,,,,,,,,,,,,,0,,,,,,,,,,,,,,,,,,,,,,,,,,,,,,
KUHNAGBRE,KUHENE & NAGEL (AG & CO),Company,,DEBRE,KUHNAGBRE,,,,,,,,,,,,,,,,,,,,,,,,KUHNAGBRE,,,,,,,,,,,,,,,,,,,0,,,,,,,,,,,,,,,,,,,,,,,,,,,,,,
SCHCIEGVA,SCHNEIDER + CIE SA,Company,,CHGVA,SCHCIEGVA,,,,,,,,,,,,,,,,,,,,,,,,SCHCIEGVA,,,,,,,,,,,,,,,,,,,0,,,,,,,,,,,,,,,,,,,,,,,,,,,,,,
NOVTRAIZRH,NOVA TRAFFIC  INTERNATIONAL FORWARDING,Company,,CHZRH,NOVTRAIZRH,,,,,,,,,,,,,,,,,,,,,,,,NOVTRAIZRH,,,,info@novatraffic.ch,,,,,,,,,,,,,,,0,,,,,,,,,,,,,,,,,,,,,,,,,,,,,,
ENTTRABKK,ENTERPRISE TRANSPORT INTL. CO. LTD.,Company,,THBKK,ENTTRABKK,,,,,,,,,,,,,,,,,,,,,,,,ENTTRABKK,,,,eti@enterprise.co.th,,,,,,,,,,,,,,,0,,,,,,,,,,,,,,,,,,,,,,,,,,,,,,
ASFELLOSL,A/S FELLESTRANSPORT,Company,,NOOSL,ASFELLOSL,,,,,,,,,,,,,,,,,,,,,www.fellestransport.no,,,ASFELLOSL,,,,,,,,,,,,,,,,,,,0,,,,,,,,,,,,,,,,,,,,,,,,,,,,,,
ALLFREBRU,ALL FREIGHT LOGISTICS NV,Company,,BEBRU,ALLFREBRU,,,,,,,,,,,,,,,,,,,,,,,,ALLFREBRU,,,,,,,,,,,,,,,,,,,0,,,,,,,,,,,,,,,,,,,,,,,,,,,,,,
TAELOGSHA,"TAE LOGISTICS CO., LTD.",Company,,CNSHA,TAELOGSHA,,,,,,,,,,,,,,,,,,,,,,,,TAELOGSHA,,,,,,,,,,,,,,,,,,,0,,,,,,,,,,,,,,,,,,,,,,,,,,,,,,
ALLCONSAO,ALL CONTINENTS LOGISTICA INTERNACIONAL LTD.,Company,,BRSAO,ALLCONSAO,,,,,,,,,,,,,,,,,,,,,,,,ALLCONSAO,,,,,,,,,,,,,,,,,,,0,,,,,,,,,,,,,,,,,,,,,,,,,,,,,,
FLEXPOFLSFO,FLEXPORT INC.,Company,,USSFO,FLEXPOFLSFO,,,,,,,,,,,,,,,,,,,,,,,,FLEXPOFLSFO,,,,,,,,,,,,,,,,,,,0,,,,,,,,,,,,,,,,,,,,,,,,,,,,,,
MAXFORKHH,"MAXLINES FORWARDER CO., LTD.",Company,,TWKHH,MAXFORKHH,,,,,,,,,,,,,,,,,,,,,,,,MAXFORKHH,,,,,,,,,,,,,,,,,,,0,,,,,,,,,,,,,,,,,,,,,,,,,,,,,,
WHIEMEMIL,WHIRLPOOL EMEA SPA,Company,,ITMIL,WHIEMEMIL,,,,,,,,,,,,,,,,,,,,,,,,WHIEMEMIL,,,,,,,,,,,,,,,,,,,0,,,,,,,,,,,,,,,,,,,,,,,,,,,,,,
KAMINTDLX,KAMINO INTERNATIONAL TRANSPORT INC.,Company,,USDLX,KAMINTDLX,,,,,,,,,,,,,,,,,,,,,,,,KAMINTDLX,,,,,,,,,,,,,,,,,,,0,,,,,,,,,,,,,,,,,,,,,,,,,,,,,,
INTOVEKTN,INTRALOG OVERSEAS AG,Company,,CHKTN,INTOVEKTN,,,,,,,,,,,,,,,,,,,,,www.intralog.ch,,,INTOVEKTN,,,,afehr@intralog.ch,,,,,,,,,,,,,,,0,,,,,,,,,,,,,,,,,,,,,,,,,,,,,,
APCASITPE,"APC ASIA PACIFIC CARGO (H.K.) LTD, TAIWAN BRANCH",Company,,TWTPE,APCASITPE,,,,,,,,,,,,,,,,,,,,,,,,APCASITPE,,,+886936229888,rick.wang@apclogistics.com,,,,,,,,,,,,,,,0,,,,,,,,,,,,,,,,,,,,,,,,,,,,,,
RAPFORSIN,RAPPORT FORWARDING PTE LTD,Company,,SGSIN,RAPFORSIN,,,,,,,,,,,,,,,,,,,,,,,,RAPFORSIN,,,,,,,,,,,,,,,,,,,0,,,,,,,,,,,,,,,,,,,,,,,,,,,,,,
PTAPERJKT,PT.AMASNUSA PERSADA,Company,,IDJKT,PTAPERJKT,,,,,,,,,,,,,,,,,,,,,,,,PTAPERJKT,,,,cncjkt@poboxes.com,,,,,,,,,,,,,,,0,,,,,,,,,,,,,,,,,,,,,,,,,,,,,,
HAINGBAFE,HAITIAN HUAYUAN MACHINERY CO. LTD.,Company,,CNNGB,HAINGBAFE,,,,,,,,,,,,,,,,,,,,,,,,HAINGBAFE,,,,,,,,,,,,,,,,,,,0,,,,,,,,,,,,,,,,,,,,,,,,,,,,,,
MORCARJNB,MORGAN CARGO (PTY) LTD,Company,,ZAJNB,MORCARJNB,,,,,,,,,,,,,,,,,,,,,,,,MORCARJNB,,,,,,,,,,,,,,,,,,,0,,,,,,,,,,,,,,,,,,,,,,,,,,,,,,
FOPSHIVN3,FOPPIANI SHIPPING & LOGISTICS,Company,,USVN3,FOPSHIVN3,,,,,,,,,,,,,,,,,,,,,,,,FOPSHIVN3,,,,,,,,,,,,,,,,,,,0,,,,,,,,,,,,,,,,,,,,,,,,,,,,,,
RELFRELHE,RELIANCE FREIGHT & LOGISTICS,Company,,PKLHE,RELFRELHE,,,,,,,,,,,,,,,,,,,,,,,,RELFRELHE,,,,,,,,,,,,,,,,,,,0,,,,,,,,,,,,,,,,,,,,,,,,,,,,,,
JOYGLOSEL,"JOYSPEED GLOBAL CARGO (CHINA) CO.,LTD. KOREA OFFIC",Company,,KRSEL,JOYGLOSEL,,,,,,,,,,,,,,,,,,,,,,,,JOYGLOSEL,,,,sunny.kim@joyspeed.com,,,,,,,,,,,,,,,0,,,,,,,,,,,,,,,,,,,,,,,,,,,,,,
PWPARTTLL,PW PARTNERS OU,Company,,EETLL,PWPARTTLL,,,,,,,,,,,,,,,,,,,,,,,,PWPARTTLL,,,,,,,,,,,,,,,,,,,0,,,,,,,,,,,,,,,,,,,,,,,,,,,,,,
INDTRARGN,"INDO TRANS LOGISTICS (MYANMAR) CO., LTD",Company,,MMRGN,INDTRARGN,,,,,,,,,,,,,,,,,,,,,,,,INDTRARGN,,,,,,,,,,,,,,,,,,,0,,,,,,,,,,,,,,,,,,,,,,,,,,,,,,
EMBFREHAM,EMBASSY FREIGHT SERVICES EUROPE,Company,,DEHAM,EMBFREHAM,,,,,,,,,,,,,,,,,,,,,,,,EMBFREHAM,,,,,,,,,,,,,,,,,,,0,,,,,,,,,,,,,,,,,,,,,,,,,,,,,,
BEIAPCTAO,BEIJING APC INT'L FORWARDING CO.LTD,Company,,CNTAO,BEIAPCTAO,,,,,,,,,,,,,,,,,,,,,,,,BEIAPCTAO,,,+8613705324832,nj.zhang@apcbj.com.cn,,,,,,,,,,,,,,,0,,,,,,,,,,,,,,,,,,,,,,,,,,,,,,
GONDRAANR,GONDRAND ANTWERPEN,Company,,BEANR,GONDRAANR,,,,,,,,,,,,,,,,,,,,,,,,GONDRAANR,,,,,,,,,,,,,,,,,,,0,,,,,,,,,,,,,,,,,,,,,,,,,,,,,,
EXPBLQAFE,EXPOTRANS SRL,Company,,ITBLQ,EXPBLQAFE,,,,,,,,,,,,,,,,,,,,,,,,EXPBLQAFE,,,,cs2.t5@expotrans.it,,,,,,,,,,,,,,,0,,,,,,,,,,,,,,,,,,,,,,,,,,,,,,
NEWOVELAX,"NEWTRANS OVERSEAS, INC.",Company,,USLAX,NEWOVELAX,,,,,,,,,,,,,,,,,,,,,,,,NEWOVELAX,,,,walter@newtransoverseas.com,,,,,,,,,,,,,,,0,,,,,,,,,,,,,,,,,,,,,,,,,,,,,,
WILGCLHAM,WILHELM G. CLASEN GMBH & CO. KG,Company,,DEHAM,WILGCLHAM,,,,,,,,,,,,,,,,,,,,,,,,WILGCLHAM,,,,,,,,,,,,,,,,,,,0,,,,,,,,,,,,,,,,,,,,,,,,,,,,,,
SHAPUDSHA,SHANGHAI PUDONG INT'L TRANSPORTATION CO.,Company,,CNSHA,SHAPUDSHA,,,,,,,,,,,,,,,,,,,,,,,,SHAPUDSHA,,,,,,,,,,,,,,,,,,,0,,,,,,,,,,,,,,,,,,,,,,,,,,,,,,
FLAASIBJS,FLASH ASIA INTERNATIONAL FORWARDING,Company,,CNBJS,FLAASIBJS,,,,,,,,,,,,,,,,,,,,,,,,FLAASIBJS,,,,,,,,,,,,,,,,,,,0,,,,,,,,,,,,,,,,,,,,,,,,,,,,,,
TWILASAFE,TWI GROUP INC.,Company,,USLAS,TWILASAFE,,,,,,,,,,,,,,,,,,,,,,,,TWILASAFE,,,+17026919000,,,,,,,,,,,,,,,,0,,,,,,,,,,,,,,,,,,,,,,,,,,,,,,
FIBLOGBKK,"FIBS LOGISTICS CO., LTD.",Company,,THBKK,FIBLOGBKK,,,,,,,,,,,,,,,,,,,,,,,,FIBLOGBKK,,,+66889899198,pui.butchan@fibs-logistics.com,,,,,,,,,,,,,,,0,,,,,,,,,,,,,,,,,,,,,,,,,,,,,,
AVICCHJNB,AVIOCEAN CC / HEAD OFFICE,Company,,ZAJNB,AVICCHJNB,,,,,,,,,,,,,,,,,,,,,,,,AVICCHJNB,,,,bernie@aviocean.co.za,,,,,,,,,,,,,,,0,,,,,,,,,,,,,,,,,,,,,,,,,,,,,,
POWNTCAFE,POWERTECH AUTOMATION INC.,Company,,TWNTC,POWNTCAFE,,,,,,,,,,,,,,,,,,,,,,,,POWNTCAFE,,,+886286675223,sally@powertech.tw,,,,,,,,,,,,,,,0,,,,,,,,,,,,,,,,,,,,,,,,,,,,,,
GLKAYSFRA,GL KAYSER SPEDITEUR SEIT 1787 GMBH&CO KG,Company,,DEFRA,GLKAYSFRA,,,,,,,,,,,,,,,,,,,,,,,,GLKAYSFRA,,,,see contacts,,,,,,,,,,,,,,,0,,,,,,,,,,,,,,,,,,,,,,,,,,,,,,
WORALPHKG,WORLD ALPHA LIMITED,Company,,HKHKG,WORALPHKG,,,,,,,,,,,,,,,,,,,,,,,,WORALPHKG,,,,,,,,,,,,,,,,,,,0,,,,,,,,,,,,,,,,,,,,,,,,,,,,,,
ASEAIRTPE,"ASE AIR SEA EXPRESS (H.K) LTD., TAIWAN BRANCH",Company,,TWTPE,ASEAIRTPE,,,,,,,,,,,,,,,,,,,,,,,,ASEAIRTPE,,,,,,,,,,,,,,,,,,,0,,,,,,,,,,,,,,,,,,,,,,,,,,,,,,
GOLPHOPKG,GOLDEN PHOENIX EXPRESS SDN BHD,Company,,MYPKG,GOLPHOPKG,,,,,,,,,,,,,,,,,,,,,,,,GOLPHOPKG,,,,,,,,,,,,,,,,,,,0,,,,,,,,,,,,,,,,,,,,,,,,,,,,,,
ALLFRELON,ALLPORT FREIGHT LTD.,Company,,GBLON,ALLFRELON,,,,,,,,,,,,,,,,,,,,,,,,ALLFRELON,,,,,,,,,,,,,,,,,,,0,,,,,,,,,,,,,,,,,,,,,,,,,,,,,,
TRATAINRT,TRANS-TAIHEIYO CORPORATION,Company,,JPTYO,TRATAINRT,,,,,,,,,,,,,,,,,,,,,,,,TRATAINRT,,,,,,,,,,,,,,,,,,,0,,,,,,,,,,,,,,,,,,,,,,,,,,,,,,
CROTRAVIE,CROSS TRADE SPEDITIONS,Company,,ATVIE,CROTRAVIE,,,,,,,,,,,,,,,,,,,,,,,,CROTRAVIE,,,,,,,,,,,,,,,,,,,0,,,,,,,,,,,,,,,,,,,,,,,,,,,,,,
FULLOG,FULTER LOGISTICS COSTA RICA S.A.,Company,,CRSJO,FULLOG,,,,,,,,,,,,,,,,,,,,,,,,FULLOG,,,,,,,,,,,,,,,,,,,0,,,,,,,,,,,,,,,,,,,,,,,,,,,,,,
MODCRESHK,MODERN CREATOR INT'L CO. LTD.,Company,,CNSHK,MODCRESHK,,,,,,,,,,,,,,,,,,,,,,,,MODCRESHK,,,,,,,,,,,,,,,,,,,0,,,,,,,,,,,,,,,,,,,,,,,,,,,,,,
PRIFREJKT1,PT. PRIME FREIGHT INDONESIA,Company,,IDJKT,PRIFREJKT1,,,,,,,,,,,,,,,,,,,,,,,,PRIFREJKT1,,,,,,,,,,,,,,,,,,,0,,,,,,,,,,,,,,,,,,,,,,,,,,,,,,
NAVLOGNSV,NAVIGATOR LOGISTICS PVT. LTD.,Company,,INNSV,NAVLOGNSV,,,,,,,,,,,,,,,,,,,,,,,,NAVLOGNSV,,,,export@navigatorslogistics.com,,,,,,,,,,,,,,,0,,,,,,,,,,,,,,,,,,,,,,,,,,,,,,
ARASHIDOH,ARABITAL SHIPPING,Company,,QADOH,ARASHIDOH,,,,,,,,,,,,,,,,,,,,,,,,ARASHIDOH,,,,,,,,,,,,,,,,,,,0,,,,,,,,,,,,,,,,,,,,,,,,,,,,,,
FILOMAMIL,FILOMATTO SRL,Company,,ITMIL,FILOMAMIL,,,,,,,,,,,,,,,,,,,,,,,,FILOMAMIL,,,,filomattosrl@yahoo.it,,,,,,,,,,,,,,,0,,,,,,,,,,,,,,,,,,,,,,,,,,,,,,
MOVSYSSGN,MOVEMAX SYSTEM VIETNAM,Company,,VNSGN,MOVSYSSGN,,,,,,,,,,,,,,,,,,,,,,,,MOVSYSSGN,,,,,,,,,,,,,,,,,,,0,,,,,,,,,,,,,,,,,,,,,,,,,,,,,,
ASECONRTM,ASECO CONTAINER SERVICES BV,Company,,NLRTM,ASECONRTM,,,,,,,,,,,,,,,,,,,,,www.aseco-nl.com,,,ASECONRTM,,,,,,,,,,,,,,,,,,,0,,,,,,,,,,,,,,,,,,,,,,,,,,,,,,
QUICARTXL,QUICK CARGO SERVICE GMBH,Company,,DETXL,QUICARTXL,,,,,,,,,,,,,,,,,,,,,,,,QUICARTXL,,,,,,,,,,,,,,,,,,,0,,,,,,,,,,,,,,,,,,,,,,,,,,,,,,
GLOCARTSN,GLOBE CARGO LOGISTICS (CHINA) LTD. TIANJIN OFFICE,Company,,CNTSN,GLOCARTSN,,,,,,,,,,,,,,,,,,,,,,,,GLOCARTSN,,,,,,,,,,,,,,,,,,,0,,,,,,,,,,,,,,,,,,,,,,,,,,,,,,
STASHIHPH,"STARLINE SHIPPING AGENCIES CO., LTD",Company,,VNHPH,STASHIHPH,,,,,,,,,,,,,,,,,,,,,,,,STASHIHPH,,,,documentation_hanoi@slaaviet.com,,,,,,,,,,,,,,,0,,,,,,,,,,,,,,,,,,,,,,,,,,,,,,
SKYCAREZE,SKY CARGO SRL,Company,,ARBUE,SKYCAREZE,,,,,,,,,,,,,,,,,,,,,,,,SKYCAREZE,,,,,,,,,,,,,,,,,,,0,,,,,,,,,,,,,,,,,,,,,,,,,,,,,,
IBERSLVLC,IBEROFORWARDERS S L,Company,,ESVLC,IBERSLVLC,,,,,,,,,,,,,,,,,,,,,,,,IBERSLVLC,,,,,,,,,,,,,,,,,,,0,,,,,,,,,,,,,,,,,,,,,,,,,,,,,,
PACGLOHKG,PACIFIC GLOBAL ASSOCIATION,Company,,HKHKG,PACGLOHKG,,,,,,,,,,,,,,,,,,,,,,,,PACGLOHKG,,,,winnie@pacificglobal.com,,,,,,,,,,,,,,,0,,,,,,,,,,,,,,,,,,,,,,,,,,,,,,
JESAUTCEB,JESSA AUTO SURPLUS CORPORATION,Company,,PHCEB,JESAUTCEB,,,,,,,,,,,,,,,,,,,,,,,,JESAUTCEB,,,,,,,,,,,,,,,,,,,0,,,,,,,,,,,,,,,,,,,,,,,,,,,,,,
IMADIGTYO,IMAGICA DIGIX INC,Company,,JPTYO,IMADIGTYO,,,,,,,,,,,,,,,,,,,,,,,,IMADIGTYO,,,,,,,,,,,,,,,,,,,0,,,,,,,,,,,,,,,,,,,,,,,,,,,,,,
ABCEURVIE,ABC EUROPEAN AIR & CARGO DIST. TRANSPORT GMBH,Company,,ATVIE,ABCEURVIE,,,,,,,,,,,,,,,,,,,,,,,,ABCEURVIE,,,,georg.rieschl@abc-airsea.com,,,,,,,,,,,,,,,0,,,,,,,,,,,,,,,,,,,,,,,,,,,,,,
NINUNISHG,NINGBO UNION PORT INTERNATIONAL LOGISTICS CO. LTD,Company,,CNSHG,NINUNISHG,,,,,,,,,,,,,,,,,,,,,,,,NINUNISHG,,,,,,,,,,,,,,,,,,,0,,,,,,,,,,,,,,,,,,,,,,,,,,,,,,
CAVINTYYZ,CAVALIER INTERNATIONAL,Company,,CAYYZ,CAVINTYYZ,,,,,,,,,,,,,,,,,,,,,,,,CAVINTYYZ,,,,,,,,,,,,,,,,,,,0,,,,,,,,,,,,,,,,,,,,,,,,,,,,,,
CONCARBOG,CONSOL CARGO,Company,,COBOG,CONCARBOG,,,,,,,,,,,,,,,,,,,,,www.consolcargo.com,,,CONCARBOG,,,,coordinacion@consolcargo.com,,,,,,,,,,,,,,,0,,,,,,,,,,,,,,,,,,,,,,,,,,,,,,
STRLSABRE,STRECK-LS AIRCARGO GMBH,Company,,DEBRE,STRLSABRE,,,,,,,,,,,,,,,,,,,,,,,,STRLSABRE,,,,,,,,,,,,,,,,,,,0,,,,,,,,,,,,,,,,,,,,,,,,,,,,,,
TRANSOSEA,"TRANSOPTIMA, INC.",Company,,USSEA,TRANSOSEA,,,,,,,,,,,,,,,,,,,,,,,,TRANSOSEA,,,,,,,,,,,,,,,,,,,0,,,,,,,,,,,,,,,,,,,,,,,,,,,,,,
UNIHKGAFE,UNITEX EXPO SOLUTION LIMITED,Company,,HKHKG,UNIHKGAFE,,,,,,,,,,,,,,,,,,,,,,,,UNIHKGAFE,,,,,,,,,,,,,,,,,,,0,,,,,,,,,,,,,,,,,,,,,,,,,,,,,,
ROCFREDAC,ROCK FREIGHT SYSTEMS LTD,Company,,BDDAC,ROCFREDAC,,,,,,,,,,,,,,,,,,,,,,,,ROCFREDAC,,,,,,,,,,,,,,,,,,,0,,,,,,,,,,,,,,,,,,,,,,,,,,,,,,
LONSAISZX,LONG SAIL INTERNATIONAL LOGISTICS,Company,,CNSZX,LONSAISZX,,,,,,,,,,,,,,,,,,,,,,,,LONSAISZX,,,,,,,,,,,,,,,,,,,0,,,,,,,,,,,,,,,,,,,,,,,,,,,,,,
DEUZOLTCI,DEUXMILLES ZOLI & TRANSPORT S.L.,Company,,ESTCI,DEUZOLTCI,,,,,,,,,,,,,,,,,,,,,,,,DEUZOLTCI,,,,,,,,,,,,,,,,,,,0,,,,,,,,,,,,,,,,,,,,,,,,,,,,,,
AIRFREBOM,AIRMARINE FREIGHT SERVICES PVT. LTD.,Company,,INBOM,AIRFREBOM,,,,,,,,,,,,,,,,,,,,,,,,AIRFREBOM,,,,,,,,,,,,,,,,,,,0,,,,,,,,,,,,,,,,,,,,,,,,,,,,,,
DOLLOGKWN,DOLPHIN LOGISTICS CO. LTD.,Company,,HKKWN,DOLLOGKWN,,,,,,,,,,,,,,,,,,,,,,,,DOLLOGKWN,,,,,,,,,,,,,,,,,,,0,,,,,,,,,,,,,,,,,,,,,,,,,,,,,,
HECNOR,HECKSHER NORWAY,Company,,NOOSL,HECNOR,,,,,,,,,,,,,,,,,,,,,,,,HECNOR,,,,,,,,,,,,,,,,,,,0,,,,,,,,,,,,,,,,,,,,,,,,,,,,,,
TCIINTXTN,TCI INTERNATIONAL LOGISTICS,Company,,FRTOG,TCIINTXTN,,,,,,,,,,,,,,,,,,,,,,,,TCIINTXTN,,,,,,,,,,,,,,,,,,,0,,,,,,,,,,,,,,,,,,,,,,,,,,,,,,
ALICUSCEB,ALIN CUSTOMS BROKERAGE,Company,,PHCEB,ALICUSCEB,,,,,,,,,,,,,,,,,,,,,,,,ALICUSCEB,,,,,,,,,,,,,,,,,,,0,,,,,,,,,,,,,,,,,,,,,,,,,,,,,,
PHICARDVO,PHIL. CARS SALES AND RENTAL SERVICES GENERAL CORP.,Company,,PHDVO,PHICARDVO,,,,,,,,,,,,,,,,,,,,,,,,PHICARDVO,,,,,,,,,,,,,,,,,,,0,,,,,,,,,,,,,,,,,,,,,,,,,,,,,,
FASGLOTPE,"FAST GLOBAL LOGISTICS CO., LTD",Company,,TWTPE,FASGLOTPE,,,,,,,,,,,,,,,,,,,,,,,,FASGLOTPE,,,,,,,,,,,,,,,,,,,0,,,,,,,,,,,,,,,,,,,,,,,,,,,,,,
UNISTAHKG,"UNI-STAR INTERNATIONAL FREIGHT FORWARDING (HK) CO., LIMITED",Company,,HKHKG,UNISTAHKG,,,,,,,,,,,,,,,,,,,,,,,,UNISTAHKG,,,,,,,,,,,,,,,,,,,0,,,,,,,,,,,,,,,,,,,,,,,,,,,,,,
STEFREISL,STEIN FREIGHT LOJISTIK A.S.,Company,,TRIST,STEFREISL,,,,,,,,,,,,,,,,,,,,,,,,STEFREISL,,,,,,,,,,,,,,,,,,,0,,,,,,,,,,,,,,,,,,,,,,,,,,,,,,
QUALOGITJ1,QUANTUM LOGISTICAL LTDA,Company,,BRITJ,QUALOGITJ1,,,,,,,,,,,,,,,,,,,,,,,,QUALOGITJ1,,,,,,,,,,,,,,,,,,,0,,,,,,,,,,,,,,,,,,,,,,,,,,,,,,
NINOCESZX,"NINE OCEAN INTERNATIONAL LOGISTICS CO., LTD",Company,,CNSZX,NINOCESZX,,,,,,,,,,,,,,,,,,,,,,,,NINOCESZX,,,,,,,,,,,,,,,,,,,0,,,,,,,,,,,,,,,,,,,,,,,,,,,,,,
COSJOISGN,COSFI JOINT VENTURE COMPANY,Company,,VNSGN,COSJOISGN,,,,,,,,,,,,,,,,,,,,,,,,COSJOISGN,,,,,,,,,,,,,,,,,,,0,,,,,,,,,,,,,,,,,,,,,,,,,,,,,,
MARLOJANK,MARS LOJISTIK ULUSLARARASı TASıMACILIK DEP. DAG.,Company,,TRANK,MARLOJANK,,,,,,,,,,,,,,,,,,,,,,,,MARLOJANK,,,,,,,,,,,,,,,,,,,0,,,,,,,,,,,,,,,,,,,,,,,,,,,,,,
HARLINCMB,HARBOUR LINES (PVT) LTD.,Company,,LKCMB,HARLINCMB,,,,,,,,,,,,,,,,,,,,,,,,HARLINCMB,,,,,,,,,,,,,,,,,,,0,,,,,,,,,,,,,,,,,,,,,,,,,,,,,,
KAMINTZRH,KAMINO INTERNATION TRANSPORTE A.G,Company,,CHZRH,KAMINTZRH,,,,,,,,,,,,,,,,,,,,,,,,KAMINTZRH,,,,,,,,,,,,,,,,,,,0,,,,,,,,,,,,,,,,,,,,,,,,,,,,,,
RITCARAMS,RITRA CARGO HOLLAND BV,Company,,NLAMS,RITCARAMS,,,,,,,,,,,,,,,,,,,,,,,,RITCARAMS,,,,,,,,,,,,,,,,,,,0,,,,,,,,,,,,,,,,,,,,,,,,,,,,,,
SATLOGHKG,SATNAV LOGISTICS LIMITED,Company,,HKHKG,SATLOGHKG,,,,,,,,,,,,,,,,,,,,,,,,SATLOGHKG,,,,,,,,,,,,,,,,,,,0,,,,,,,,,,,,,,,,,,,,,,,,,,,,,,
BONFINAFE,BONDS FINE ART LOGISTICS COMPANY LIMITED,Company,,HKHKG,BONFINAFE,,,,,,,,,,,,,,,,,,,,,,,,BONFINAFE,,,,joey.leung@bondsfineart.com,,,,,,,,,,,,,,,0,,,,,,,,,,,,,,,,,,,,,,,,,,,,,,
SHABEYSHA,SHANGHAI BEYOND SHIPPING CO. LTD.,Company,,CNSHA,SHABEYSHA,,,,,,,,,,,,,,,,,,,,,,,,SHABEYSHA,,,,outseadept@beyond-sh.com,,,,,,,,,,,,,,,0,,,,,,,,,,,,,,,,,,,,,,,,,,,,,,
MASPANPTY,MASTERLINE GROUP - PANAMA,Company,,PAPTY,MASPANPTY,,,,,,,,,,,,,,,,,,,,,,,,MASPANPTY,,,,,,,,,,,,,,,,,,,0,,,,,,,,,,,,,,,,,,,,,,,,,,,,,,
TRALINSIN,TRANS-LINK EXPRESS PTE. LTD.,Company,,SGSIN,TRALINSIN,,,,,,,,,,,,,,,,,,,,,,,,TRALINSIN,,,,translink_sgp@translink.com.sg,,,,,,,,,,,,,,,0,,,,,,,,,,,,,,,,,,,,,,,,,,,,,,
ALROBBDXB,AL ROBBAN SHIPPING AND FREIGHT SEVICE LLC,Company,,AEDXB,ALROBBDXB,,,,,,,,,,,,,,,,,,,,,,,,ALROBBDXB,,,,,,,,,,,,,,,,,,,0,,,,,,,,,,,,,,,,,,,,,,,,,,,,,,
NAVFORKWN,"NAVIGATOR FORWARDING CO., LTD.",Company,,HKKWN,NAVFORKWN,,,,,,,,,,,,,,,,,,,,,,,,NAVFORKWN,,,,,,,,,,,,,,,,,,,0,,,,,,,,,,,,,,,,,,,,,,,,,,,,,,
GUAWENCAN,GUANGZHOU WENHANG INT'L LOGISTICS CO. LTD.,Company,,CNCAN,GUAWENCAN,,,,,,,,,,,,,,,,,,,,,,,,GUAWENCAN,,,,,,,,,,,,,,,,,,,0,,,,,,,,,,,,,,,,,,,,,,,,,,,,,,
EXPOTRROM,EXPOTRANS SRL,Company,,ITROM,EXPOTRROM,,,,,,,,,,,,,,,,,,,,,,,,EXPOTRROM,,,,,,,,,,,,,,,,,,,0,,,,,,,,,,,,,,,,,,,,,,,,,,,,,,
ASGUSAMSP,ASG USA,Company,,USMSP,ASGUSAMSP,,,,,,,,,,,,,,,,,,,,,,,,ASGUSAMSP,,,,,,,,,,,,,,,,,,,0,,,,,,,,,,,,,,,,,,,,,,,,,,,,,,
CAYOPECAD,CAYCO - OPERADOR LOGISTICO,Company,,ESCAD,CAYOPECAD,,,,,,,,,,,,,,,,,,,,,,,,CAYOPECAD,,,,,,,,,,,,,,,,,,,0,,,,,,,,,,,,,,,,,,,,,,,,,,,,,,
CROVANTPE,"CROWN VAN LINES CO., LTD.",Company,,TWTPE,CROVANTPE,,,,,,,,,,,,,,,,,,,,,,,,CROVANTPE,,,,tessa@crownvan.com,,,,,,,,,,,,,,,0,,,,,,,,,,,,,,,,,,,,,,,,,,,,,,
SENINTSCL,SENATOR INTERNATIONAL CHILE S.A.,Company,,CLSCL,SENINTSCL,,,,,,,,,,,,,,,,,,,,,,,,SENINTSCL,,,,,,,,,,,,,,,,,,,0,,,,,,,,,,,,,,,,,,,,,,,,,,,,,,
KROINTHOU,KRONOZ INTERNACIONAL INC,Company,,USHOU,KROINTHOU,,,,,,,,,,,,,,,,,,,,,,,,KROINTHOU,,,,,,,,,,,,,,,,,,,0,,,,,,,,,,,,,,,,,,,,,,,,,,,,,,
WARYUDBKA,PT WARSUDHI YUDHA PUTRA,Company,,IDBKA,WARYUDBKA,,,,,,,,,,,,,,,,,,,,,,,,WARYUDBKA,,,+62218820642,,,,,,,,,,,,,,,,0,,,,,,,,,,,,,,,,,,,,,,,,,,,,,,
CHRMAISYD,CHROBIDRW (MAILING ADDRESS),Company,,AUSYD,CHRMAISYD,,,,,,,,,,,,,,,,,,,,,,,,CHRMAISYD,,,,,,,,,,,,,,,,,,,0,,,,,,,,,,,,,,,,,,,,,,,,,,,,,,
ALBGMBMAI,ALBATRANS GMBH,Company,,DEMAI,ALBGMBMAI,,,,,,,,,,,,,,,,,,,,,,,,ALBGMBMAI,,,,info@albatrans.de.com,,,,,,,,,,,,,,,0,,,,,,,,,,,,,,,,,,,,,,,,,,,,,,
NAMYOUSEL,"NAM YOUNG SHIPPING CO., LTD",Company,,KRSEL,NAMYOUSEL,,,,,,,,,,,,,,,,,,,,,,,,NAMYOUSEL,,,,,,,,,,,,,,,,,,,0,,,,,,,,,,,,,,,,,,,,,,,,,,,,,,
BRPARTITJ,BR PARTNERS LOGISTICA INTERNATIONAL LTDA,Company,,BRITJ,BRPARTITJ,,,,,,,,,,,,,,,,,,,,,,,,BRPARTITJ,,,,,,,,,,,,,,,,,,,0,,,,,,,,,,,,,,,,,,,,,,,,,,,,,,
DIAFORLON,DIAMOND FORWARDING LTD.,Company,,GBLON,DIAFORLON,,,,,,,,,,,,,,,,,,,,,,,,DIAFORLON,,,,smathieson@diamondair.net,,,,,,,,,,,,,,,0,,,,,,,,,,,,,,,,,,,,,,,,,,,,,,
DIDIGLSZX,"DI DI GLOBAL LOGISTICS CO.,LTD",Company,,CNSNZ,DIDIGLSZX,,,,,,,,,,,,,,,,,,,,,www.didi-global.com.cn,,,DIDIGLSZX,,,+8615980531369,shelley.chen@didi-global.net,,,,,,,,,,,,,,,0,,,,,,,,,,,,,,,,,,,,,,,,,,,,,,
BTGLWDAFE,BTG MESSE- SPEDITION GMBH,Company,,DELWD,BTGLWDAFE,,,,,,,,,,,,,,,,,,,,,,,,BTGLWDAFE,,,,dirk.kastenhofer@btg.de,,,,,,,,,,,,,,,0,,,,,,,,,,,,,,,,,,,,,,,,,,,,,,
SBSWORLON,SBS WORLDWIDE LTD.,Company,,GBLON,SBSWORLON,,,,,,,,,,,,,,,,,,,,,,,,SBSWORLON,,,+442076175095,,,,,,,,,,,,,,,,0,,,,,,,,,,,,,,,,,,,,,,,,,,,,,,
EXPFREBOM,EXPO FREIGHT PRIVATE LTD.,Company,,INBOM,EXPFREBOM,,,,,,,,,,,,,,,,,,,,,,,,EXPFREBOM,,,,ucl.bom@ucl-india.com,,,,,,,,,,,,,,,0,,,,,,,,,,,,,,,,,,,,,,,,,,,,,,
BOTINTFOS,"BOT INTERNATIONAL LOGISTICS CO., LTD",Company,,CNFOS,BOTINTFOS,,,,,,,,,,,,,,,,,,,,,,,,BOTINTFOS,,,,,,,,,,,,,,,,,,,0,,,,,,,,,,,,,,,,,,,,,,,,,,,,,,
HONLANZUH,"HONOUR LANE SHIPPING LTD - ZHUHAI, CHINA",Company,,CNZUH,HONLANZUH,,,,,,,,,,,,,,,,,,,,,,,,HONLANZUH,,,,,,,,,,,,,,,,,,,0,,,,,,,,,,,,,,,,,,,,,,,,,,,,,,
RYDCUSAKL,RYDERS CUSTOMS & FORWARDING LTD.,Company,,NZAKL,RYDCUSAKL,,,,,,,,,,,,,,,,,,,,,,,,RYDCUSAKL,,,,,,,,,,,,,,,,,,,0,,,,,,,,,,,,,,,,,,,,,,,,,,,,,,
VINTRASZX,VINFLAIR TRANSPORT LTD SHENZHEN OFFICE,Company,,CNSNZ,VINTRASZX,,,,,,,,,,,,,,,,,,,,,,,,VINTRASZX,,,,,,,,,,,,,,,,,,,0,,,,,,,,,,,,,,,,,,,,,,,,,,,,,,
INTFRESWK,INTERNATIONAL FREIGHT COMPANY,Company,,KWSWK,INTFRESWK,,,,,,,,,,,,,,,,,,,,,,,,INTFRESWK,,,,sales@aaaifc.com,,,,,,,,,,,,,,,0,,,,,,,,,,,,,,,,,,,,,,,,,,,,,,
MARHAVHAY,MARS HAVA VE DENIZ KARGO TASIMACILIGI A.S.,Company,,TRHAY,MARHAVHAY,,,,,,,,,,,,,,,,,,,,,,,,MARHAVHAY,,,,,,,,,,,,,,,,,,,0,,,,,,,,,,,,,,,,,,,,,,,,,,,,,,
STALOGSUB,PT. STARLINE LOGISTICS,Company,,IDSUB,STALOGSUB,,,,,,,,,,,,,,,,,,,,,,,,STALOGSUB,,,,,,,,,,,,,,,,,,,0,,,,,,,,,,,,,,,,,,,,,,,,,,,,,,
ALBATRMDZ,ALBATRANS,Company,,ARMDZ,ALBATRMDZ,,,,,,,,,,,,,,,,,,,,,,,,ALBATRMDZ,,,,,,,,,,,,,,,,,,,0,,,,,,,,,,,,,,,,,,,,,,,,,,,,,,
HONLANSHA,HONOUR LANE SHIPPING -SHNAGHAI BRANCH,Company,,CNSHA,HONLANSHA,,,,,,,,,,,,,,,,,,,,,,,,HONLANSHA,,,,,,,,,,,,,,,,,,,0,,,,,,,,,,,,,,,,,,,,,,,,,,,,,,
BANINTSHA,BANSARD INTERNATIONAL,Company,,CNSHA,BANINTSHA,,,,,,,,,,,,,,,,,,,,,,,,BANINTSHA,,,,,,,,,,,,,,,,,,,0,,,,,,,,,,,,,,,,,,,,,,,,,,,,,,
MIDAMELFSFO,"MID-AMERICA OVERSEAS,INC.(OFF/WAREHSE)",Company,,USSFO,MIDAMELFSFO,,,,,,,,,,,,,,,,,,,,,,,,MIDAMELFSFO,,,,mao_sfo@maoinc.com,,,,,,,,,,,,,,,0,,,,,,,,,,,,,,,,,,,,,,,,,,,,,,
EVEBRIDOH,EVER BRITE SHIPPING & LOGISTICS CO,Company,,QADOH,EVEBRIDOH,,,,,,,,,,,,,,,,,,,,,,,,EVEBRIDOH,,,+97455617580,marketing@everbriteqatar.com,,,,,,,,,,,,,,,0,,,,,,,,,,,,,,,,,,,,,,,,,,,,,,
JIAEVESZX,JIANGSU EVER-OK INT'L FORWARDING CO LTD,Company,,CNSZX,JIAEVESZX,,,,,,,,,,,,,,,,,,,,,,,,JIAEVESZX,,,,,,,,,,,,,,,,,,,0,,,,,,,,,,,,,,,,,,,,,,,,,,,,,,
ATEAIRBRE,ATEGE AIR/SEA,Company,,DEBRE,ATEAIRBRE,,,,,,,,,,,,,,,,,,,,,,,,ATEAIRBRE,,,,rainer.drechsler@atege.e-mail.com,,,,,,,,,,,,,,,0,,,,,,,,,,,,,,,,,,,,,,,,,,,,,,
ASIOCESIN,ASIA OCEANIC CONTAINER LINE,Company,,SGSIN,ASIOCESIN,,,,,,,,,,,,,,,,,,,,,,,,ASIOCESIN,,,,seok.omm@aocl.com.sg,,,,,,,,,,,,,,,0,,,,,,,,,,,,,,,,,,,,,,,,,,,,,,
VIAMATNYC,VIA MAT INTERNATIONAL (USA) INC.,Company,,USNYC,VIAMATNYC,,,,,,,,,,,,,,,,,,,,,,,,VIAMATNYC,,,,,,,,,,,,,,,,,,,0,,,,,,,,,,,,,,,,,,,,,,,,,,,,,,
KARGROBRE,KARL GROSS INTL SPEDITION GMBH,Company,,DEBRE,KARGROBRE,,,,,,,,,,,,,,,,,,,,,,,,KARGROBRE,,,,Info@KarlGross.de,,,,,,,,,,,,,,,0,,,,,,,,,,,,,,,,,,,,,,,,,,,,,,
PEGGLONRT,"PEGASUS GLOBAL EXPRESS CO., LTD",Company,,JPNRT,PEGGLONRT,,,,,,,,,,,,,,,,,,,,,www.pegasus-group.com,,,PEGGLONRT,,,+81335226056,,,,,,,,,,,,,,,,0,,,,,,,,,,,,,,,,,,,,,,,,,,,,,,
GLOCARSZX,GLOBE CARGO LOGISTICS (SHENZHEN),Company,,CNSZX,GLOCARSZX,,,,,,,,,,,,,,,,,,,,,,,,GLOCARSZX,,,,,,,,,,,,,,,,,,,0,,,,,,,,,,,,,,,,,,,,,,,,,,,,,,
MISLOGTSN,MIS LOGISTICS (TIANJIN) CO. LTD.,Company,,CNTSN,MISLOGTSN,,,,,,,,,,,,,,,,,,,,,,,,MISLOGTSN,,,+862223324032,home@tsn.intergroup.biz,,,,,,,,,,,,,,,0,,,,,,,,,,,,,,,,,,,,,,,,,,,,,,
UNILOGSEL,UNITED LOGISTICS SDN BHD,Company,,MYSEL,UNILOGSEL,,,,,,,,,,,,,,,,,,,,,,,,UNILOGSEL,,,,,,,,,,,,,,,,,,,0,,,,,,,,,,,,,,,,,,,,,,,,,,,,,,
SANINTCAN,SANCO INTERNATIONAL LOGISTICS LTD. GUANGZHOU,Company,,CNGGZ,SANINTCAN,,,,,,,,,,,,,,,,,,,,,,,,SANINTCAN,,,,,,,,,,,,,,,,,,,0,,,,,,,,,,,,,,,,,,,,,,,,,,,,,,
SUPTRAHKG,SUPERSPEED TRANSPORTATION LTD.,Company,,HKHKG,SUPTRAHKG,,,,,,,,,,,,,,,,,,,,,,,,SUPTRAHKG,,,852-9091-806,ssphkg3@citimail.com,,,,,,,,,,,,,,,0,,,,,,,,,,,,,,,,,,,,,,,,,,,,,,
NEXSRLVCE,NEXT SRL,Company,,ITVCE,NEXSRLVCE,,,,,,,,,,,,,,,,,,,,,,,,NEXSRLVCE,,,,,,,,,,,,,,,,,,,0,,,,,,,,,,,,,,,,,,,,,,,,,,,,,,
SFTGONLES,S.F.T. GONRAND FRERES,Company,,FRLES,SFTGONLES,,,,,,,,,,,,,,,,,,,,,,,,SFTGONLES,,,,,,,,,,,,,,,,,,,0,,,,,,,,,,,,,,,,,,,,,,,,,,,,,,
TOPWORSEL,TOPLAS WORLD LOGISTICS,Company,,KRSEL,TOPWORSEL,,,,,,,,,,,,,,,,,,,,,,,,TOPWORSEL,,,,,,,,,,,,,,,,,,,0,,,,,,,,,,,,,,,,,,,,,,,,,,,,,,
ANKINTSUM,"ANKER INTERNATIONAL, LLC",Company,,USSUM,ANKINTSUM,,,,,,,,,,,,,,,,,,,,,,,,ANKINTSUM,,,,,,,,,,,,,,,,,,,0,,,,,,,,,,,,,,,,,,,,,,,,,,,,,,
STULOGBRE,STUTE LOGISTICS GMBH,Company,,DEBRE,STULOGBRE,,,,,,,,,,,,,,,,,,,,,www.stute.de,,,STULOGBRE,,,,info@stute.de,,,,,,,,,,,,,,,0,,,,,,,,,,,,,,,,,,,,,,,,,,,,,,
ITENLCOSO,ITELLA NLC (RUSSIA),Company,,RUOSO,ITENLCOSO,,,,,,,,,,,,,,,,,,,,,,,,ITENLCOSO,,,,,,,,,,,,,,,,,,,0,,,,,,,,,,,,,,,,,,,,,,,,,,,,,,
CHRPERAFE,CH ROBINSON,Company,,AUPER,CHRPERAFE,,,,,,,,,,,,,,,,,,,,,,,,CHRPERAFE,,,,steve.taurua@chrobinson.com,,,,,,,,,,,,,,,0,,,,,,,,,,,,,,,,,,,,,,,,,,,,,,
NABSINAFE,NABTESCO MARINE SERVICE (S) PTE LTD,Company,,SGSIN,NABSINAFE,,,,,,,,,,,,,,,,,,,,,,,,NABSINAFE,,,,,,,,,,,,,,,,,,,0,,,,,,,,,,,,,,,,,,,,,,,,,,,,,,
UNILOGBLR,UNITEX LOGISTICS INDIA PVT. LTD,Company,,INBLR,UNILOGBLR,,,,,,,,,,,,,,,,,,,,,,,,UNILOGBLR,,,,,,,,,,,,,,,,,,,0,,,,,,,,,,,,,,,,,,,,,,,,,,,,,,
MAPINTLON,MAPCARGO INTERNATIONAL LTD.,Company,,GBLON,MAPINTLON,,,,,,,,,,,,,,,,,,,,,,,,MAPINTLON,,,,,,,,,,,,,,,,,,,0,,,,,,,,,,,,,,,,,,,,,,,,,,,,,,
DACHSECGN,DACHSER SE,Company,,DECGN,DACHSECGN,,,,,,,,,,,,,,,,,,,,,,,,DACHSECGN,,,,Timo.Pauls@dachser.com,,,,,,,,,,,,,,,0,,,,,,,,,,,,,,,,,,,,,,,,,,,,,,
NAFFCOJEA,NAFFCO,Company,,AEJEA,NAFFCOJEA,,,,,,,,,,,,,,,,,,,,,,,,NAFFCOJEA,,,,myra@naffco.com,,,,,,,,,,,,,,,0,,,,,,,,,,,,,,,,,,,,,,,,,,,,,,
UNIAIRDUB,UNITED AIR & SEA FREIGHT SERVICES LIMITED,Company,,IEDUB,UNIAIRDUB,,,,,,,,,,,,,,,,,,,,,,,,UNIAIRDUB,,,,,,,,,,,,,,,,,,,0,,,,,,,,,,,,,,,,,,,,,,,,,,,,,,
RISLOGDLC,RISINGSUN LOGISTICS (DALIAN) CO. LTD.,Company,,CNDLC,RISLOGDLC,,,,,,,,,,,,,,,,,,,,,,,,RISLOGDLC,,,,,,,,,,,,,,,,,,,0,,,,,,,,,,,,,,,,,,,,,,,,,,,,,,
TOPSPEBKK,TOP SPEED AGENCIES (THAILAND) LTD,Company,,THBKK,TOPSPEBKK,,,,,,,,,,,,,,,,,,,,,,,,TOPSPEBKK,,,,,,,,,,,,,,,,,,,0,,,,,,,,,,,,,,,,,,,,,,,,,,,,,,
JOEFASPKG,JOE FAST LOGISTICS (M) SDN BHD,Company,,MYPKG,JOEFASPKG,,,,,,,,,,,,,,,,,,,,,,,,JOEFASPKG,,,+60123759132,,,,,,,,,,,,,,,,0,,,,,,,,,,,,,,,,,,,,,,,,,,,,,,
ALBSPAFNZ,ALBATRANS S.P.A.,Company,,ITFNZ,ALBSPAFNZ,,,,,,,,,,,,,,,,,,,,,,,,ALBSPAFNZ,,,,alba30@albatrans.com,,,,,,,,,,,,,,,0,,,,,,,,,,,,,,,,,,,,,,,,,,,,,,
TARLOGHKG,TARGET LOGISTICS SERVICES,Company,,HKHKG,TARLOGHKG,,,,,,,,,,,,,,,,,,,,,,,,TARLOGHKG,,,,hkg.sales@targetlogistics.com,,,,,,,,,,,,,,,0,,,,,,,,,,,,,,,,,,,,,,,,,,,,,,
HONCENHKG,HONGKONG CENTURY EXPRESS FT LOGISTICS CO,Company,,HKHKG,HONCENHKG,,,,,,,,,,,,,,,,,,,,,,,,HONCENHKG,,,,,,,,,,,,,,,,,,,0,,,,,,,,,,,,,,,,,,,,,,,,,,,,,,
PTSUMMJKT,PT SUMBER MITRA SAMUDERA,Company,,IDJKT,PTSUMMJKT,,,,,,,,,,,,,,,,,,,,,,,,PTSUMMJKT,,,,smsind@indosat.net.id,,,,,,,,,,,,,,,0,,,,,,,,,,,,,,,,,,,,,,,,,,,,,,
EXHEXHAFE,EXHILOG – EXHIBITIONS & PROJECTS,Company,,ILTLV,EXHEXHAFE,,,,,,,,,,,,,,,,,,,,,,,,EXHEXHAFE,,,,revital.h@exhilog.com,,,,,,,,,,,,,,,0,,,,,,,,,,,,,,,,,,,,,,,,,,,,,,
ISAINTPJA,ISA INTERGROUP AGENCIES (MALAYSIA) SDN BHD,Company,,MYPJA,ISAINTPJA,,,,,,,,,,,,,,,,,,,,,,,,ISAINTPJA,,,,,,,,,,,,,,,,,,,0,,,,,,,,,,,,,,,,,,,,,,,,,,,,,,
STIGONBRU,S.T.I GONDRAND FRERES SA/NV,Company,,BEBRU,STIGONBRU,,,,,,,,,,,,,,,,,,,,,,,,STIGONBRU,,,,,,,,,,,,,,,,,,,0,,,,,,,,,,,,,,,,,,,,,,,,,,,,,,
RCRMARCEB,RCR MARKETING,Company,,PHCEB,RCRMARCEB,,,,,,,,,,,,,,,,,,,,,,,,RCRMARCEB,,,,,,,,,,,,,,,,,,,0,,,,,,,,,,,,,,,,,,,,,,,,,,,,,,
NANHONSHA,NANJING HONGKANG INT'L. FREIGHT LTD. SHANGHAI BRAN,Company,,CNSHA,NANHONSHA,,,,,,,,,,,,,,,,,,,,,,,,NANHONSHA,,,,,,,,,,,,,,,,,,,0,,,,,,,,,,,,,,,,,,,,,,,,,,,,,,
SUPCARSGN,"SUPER CARGO SERVICE CO., LTD",Company,,VNSGN,SUPCARSGN,,,,,,,,,,,,,,,,,,,,,,,,SUPCARSGN,,,,,,,,,,,,,,,,,,,0,,,,,,,,,,,,,,,,,,,,,,,,,,,,,,
LKGLOBPGU,LK GLOBAL SHIPPINGS (M) SDN BHD,Company,,MYPGU,LKGLOBPGU,,,,,,,,,,,,,,,,,,,,,,,,LKGLOBPGU,,,,,,,,,,,,,,,,,,,0,,,,,,,,,,,,,,,,,,,,,,,,,,,,,,
JCLTRAHKG,JCL TRANSPORT AND LOGISTICS LTD.,Company,,HKHKG,JCLTRAHKG,,,,,,,,,,,,,,,,,,,,,,,,JCLTRAHKG,,,,,,,,,,,,,,,,,,,0,,,,,,,,,,,,,,,,,,,,,,,,,,,,,,
CHIRAISHA,CHINA RAILWAY EXPRESS,Company,,CNSHA,CHIRAISHA,,,,,,,,,,,,,,,,,,,,,,,,CHIRAISHA,,,,,,,,,,,,,,,,,,,0,,,,,,,,,,,,,,,,,,,,,,,,,,,,,,
ASECONDUR,ASECO CONTAINER SERVICES (PTY) LTD,Company,,ZADUR,ASECONDUR,,,,,,,,,,,,,,,,,,,,,,,,ASECONDUR,,,,,,,,,,,,,,,,,,,0,,,,,,,,,,,,,,,,,,,,,,,,,,,,,,
TRICARCAI,TRISTAR CARGO SYSTEM CARGO AGENTS &,Company,,EGCAI,TRICARCAI,,,,,,,,,,,,,,,,,,,,,www.tristarcargo.com,,,TRICARCAI,,,,,,,,,,,,,,,,,,,0,,,,,,,,,,,,,,,,,,,,,,,,,,,,,,
MIDAMESHA,MID-AMERICA OVERSEAS (CHINA),Company,,CNSHA,MIDAMESHA,,,,,,,,,,,,,,,,,,,,,,,,MIDAMESHA,,,,mao_sha@maoinc.com,,,,,,,,,,,,,,,0,,,,,,,,,,,,,,,,,,,,,,,,,,,,,,
NOALOGPEN,NOATUM LOGISTICS MALAYSIA SDN BHD,Company,,MYPEN,NOALOGPEN,,,,,,,,,,,,,,,,,,,,,,,,NOALOGPEN,,,,,,,,,,,,,,,,,,,0,,,,,,,,,,,,,,,,,,,,,,,,,,,,,,
SCHENKDXB,SCHENKER LLC,Company,,AEDXB,SCHENKDXB,,,,,,,,,,,,,,,,,,,,,,,,SCHENKDXB,,,,ranim.adib@dbschenker.com,,,,,,,,,,,,,,,0,,,,,,,,,,,,,,,,,,,,,,,,,,,,,,
MATINTCDG,MATHEZ INTERNATIONAL FREIGHT FORWARDER,Company,,FRCDG,MATINTCDG,,,,,,,,,,,,,,,,,,,,,,,,MATINTCDG,,,,,,,,,,,,,,,,,,,0,,,,,,,,,,,,,,,,,,,,,,,,,,,,,,
CLASQUITA,CLASQUIN ITALIA S.R.L.,Company,,ITMIL,CLASQUITA,,,,,,,,,,,,,,,,,,,,,,,,CLASQUITA,,,,adelaide.forcella@mil.clasquin.com,,,,,,,,,,,,,,,0,,,,,,,,,,,,,,,,,,,,,,,,,,,,,,
DYNSHIKHI,DYNAMIC SHIPPING AGENCIES (PVT.) LIMITED,Company,,PKKHI,DYNSHIKHI,,,,,,,,,,,,,,,,,,,,,,,,DYNSHIKHI,,,,,,,,,,,,,,,,,,,0,,,,,,,,,,,,,,,,,,,,,,,,,,,,,,
COSSRLVCE,COSMOS SRL,Company,,ITVCE,COSSRLVCE,,,,,,,,,,,,,,,,,,,,,,,,COSSRLVCE,,,,,,,,,,,,,,,,,,,0,,,,,,,,,,,,,,,,,,,,,,,,,,,,,,
AWOGLONJG,AWOT GLOBAL CORPORATION NANJING BRANCH,Company,,CNNJG,AWOGLONJG,,,,,,,,,,,,,,,,,,,,,,,,AWOGLONJG,,,,,,,,,,,,,,,,,,,0,,,,,,,,,,,,,,,,,,,,,,,,,,,,,,
ALPHATODS,ALPHATRANS LTD.,Company,,UAODS,ALPHATODS,,,,,,,,,,,,,,,,,,,,,,,,ALPHATODS,,,,kharlan@alphatrans.ua,,,,,,,,,,,,,,,0,,,,,,,,,,,,,,,,,,,,,,,,,,,,,,
SHAUNITSHA,SHANGHAI UNITED INT'L FREIGHT CO. LTD,Company,,CNSHA,SHAUNITSHA,,,,,,,,,,,,,,,,,,,,,,,,SHAUNITSHA,,,,,,,,,,,,,,,,,,,0,,,,,,,,,,,,,,,,,,,,,,,,,,,,,,
INTNEDAMS,INTERTRANS NEDERLAND BV,Company,,NLAMS,INTNEDAMS,,,,,,,,,,,,,,,,,,,,,,,,INTNEDAMS,,,,,,,,,,,,,,,,,,,0,,,,,,,,,,,,,,,,,,,,,,,,,,,,,,
DONNAMSEL,DONG NAM EXPRESS LTD OB/ GREENFOX CO LTD,Company,,KRSEL,DONNAMSEL,,,,,,,,,,,,,,,,,,,,,,,,DONNAMSEL,,,,,,,,,,,,,,,,,,,0,,,,,,,,,,,,,,,,,,,,,,,,,,,,,,
HPLOGISGN,HP LOGISTICS JSC HCM BRANCH,Company,,VNSGN,HPLOGISGN,,,,,,,,,,,,,,,,,,,,,,,,HPLOGISGN,,,,,,,,,,,,,,,,,,,0,,,,,,,,,,,,,,,,,,,,,,,,,,,,,,
TAICONAFE,TAIPEI CONTEMPORARY ART CENTER,Company,,TWTPE,TAICONAFE,,,,,,,,,,,,,,,,,,,,,,,,TAICONAFE,,,,office@tcac.tw,,,,,,,,,,,,,,,0,,,,,,,,,,,,,,,,,,,,,,,,,,,,,,
FSLLOGPKG,FSL LOGISTICS (M) SDN BHD - MALAYSIA,Company,,MYPKG,FSLLOGPKG,,,,,,,,,,,,,,,,,,,,,,,,FSLLOGPKG,,,,,,,,,,,,,,,,,,,0,,,,,,,,,,,,,,,,,,,,,,,,,,,,,,
TOPPRONGB,TOP PROCARGO CO. LTD.,Company,,CNNBO,TOPPRONGB,,,,,,,,,,,,,,,,,,,,,,,,TOPPRONGB,,,,,,,,,,,,,,,,,,,0,,,,,,,,,,,,,,,,,,,,,,,,,,,,,,
MIDAMEEWR,"MID-AMERICA OVERSEAS, INC.(NYC/NEWARK)",Company,,USEWR,MIDAMEEWR,,,,,,,,,,,,,,,,,,,,,,,,MIDAMEEWR,,,,mao_ewr@maoinc.com,,,,,,,,,,,,,,,0,,,,,,,,,,,,,,,,,,,,,,,,,,,,,,
KUHNAGMUC,KÜHNE + NAGEL (AG & CO.) KG,Company,,DEMUC,KUHNAGMUC,,,,,,,,,,,,,,,,,,,,,,,,KUHNAGMUC,,,,,,,,,,,,,,,,,,,0,,,,,,,,,,,,,,,,,,,,,,,,,,,,,,
WINCOLSGN,"WINDLOGS CO.,LTD",Company,,VNSGN,WINCOLSGN,,,,,,,,,,,,,,,,,,,,,,,,WINCOLSGN,,,,,,,,,,,,,,,,,,,0,,,,,,,,,,,,,,,,,,,,,,,,,,,,,,
TIMLOGSEK,TIM LOGISTICS (M) SDN BHD,Company,,MYSEK,TIMLOGSEK,,,,,,,,,,,,,,,,,,,,,,,,TIMLOGSEK,,,,,,,,,,,,,,,,,,,0,,,,,,,,,,,,,,,,,,,,,,,,,,,,,,
VANIBELIS,"VANESP IBERICA -TRANSITARIOS, S.A",Company,,PTLIS,VANIBELIS,,,,,,,,,,,,,,,,,,,,,www.vanesp.com,,,VANIBELIS,,,,info.iberica@canesp.com,,,,,,,,,,,,,,,0,,,,,,,,,,,,,,,,,,,,,,,,,,,,,,
TRAGLOBCN,TRANSCOMA GLOBAL LOGISTICS S.A,Company,,ESBCN,TRAGLOBCN,,,,,,,,,,,,,,,,,,,,,,,,TRAGLOBCN,,,,,,,,,,,,,,,,,,,0,,,,,,,,,,,,,,,,,,,,,,,,,,,,,,
SAVDELMEL,SAVINO DEL BENE AUSTRALIA PTY LTD,Company,,AUMEL,SAVDELMEL,,,,,,,,,,,,,,,,,,,,,,,,SAVDELMEL,,,,,,,,,,,,,,,,,,,0,,,,,,,,,,,,,,,,,,,,,,,,,,,,,,
RESFRESIN,RESOURCES FREIGHT PTE LTD.,Company,,SGSIN,RESFRESIN,,,,,,,,,,,,,,,,,,,,,,,,RESFRESIN,,,,,,,,,,,,,,,,,,,0,,,,,,,,,,,,,,,,,,,,,,,,,,,,,,
KAMINTBOS,KAMINO INTERNATIONAL TRANSPORT INC.,Company,,USBOS,KAMINTBOS,,,,,,,,,,,,,,,,,,,,,,,,KAMINTBOS,,,,,,,,,,,,,,,,,,,0,,,,,,,,,,,,,,,,,,,,,,,,,,,,,,
SEALOGXMN,SEAWAY LOGISTICS LTD. XIAMEN,Company,,CNXMN,SEALOGXMN,,,,,,,,,,,,,,,,,,,,,www.xmseawayz.com.cn,,,SEALOGXMN,,,+865923861132,,,,,,,,,,,,,,,,0,,,,,,,,,,,,,,,,,,,,,,,,,,,,,,
KAMINTSZX,KAMINO INTERNATIONAL TRANSPORT LTD.,Company,,CNSZX,KAMINTSZX,,,,,,,,,,,,,,,,,,,,,,,,KAMINTSZX,,,,,,,,,,,,,,,,,,,0,,,,,,,,,,,,,,,,,,,,,,,,,,,,,,
SEATRAHAM,SEABRIDGE TRANSPORT GMBH,Company,,DEHAM,SEATRAHAM,,,,,,,,,,,,,,,,,,,,,,,,SEATRAHAM,,,,hagedorn@seabridge.de,,,,,,,,,,,,,,,0,,,,,,,,,,,,,,,,,,,,,,,,,,,,,,
ASECONOSL,ASECO CONTAINER SERVICES AS,Company,,NOOSL,ASECONOSL,,,,,,,,,,,,,,,,,,,,,,,,ASECONOSL,,,,,,,,,,,,,,,,,,,0,,,,,,,,,,,,,,,,,,,,,,,,,,,,,,
MONVGLSIN,MONDIALE VGL SINGAPORE PTE LTD,Company,,SGSIN,MONVGLSIN,,,,,,,,,,,,,,,,,,,,,,,,MONVGLSIN,,,,,,,,,,,,,,,,,,,0,,,,,,,,,,,,,,,,,,,,,,,,,,,,,,
UNILOGMAA,UNITEX LOGISTICS INDIA PVT LTD.,Company,,INMAA,UNILOGMAA,,,,,,,,,,,,,,,,,,,,,,,,UNILOGMAA,,,,bdd1.maa@unitexlogistics.in,,,,,,,,,,,,,,,0,,,,,,,,,,,,,,,,,,,,,,,,,,,,,,
OSSWORSYD,OSS WORLD WIDE MOVERS PTY LTD,Company,,AUSYD,OSSWORSYD,,,,,,,,,,,,,,,,,,,,,,,,OSSWORSYD,,,,imports@ossworldwide.com,,,,,,,,,,,,,,,0,,,,,,,,,,,,,,,,,,,,,,,,,,,,,,
TOWAIRNRT,TOWA AIR TRANSPORT SYSTEM LTD.,Company,,JPTYO,TOWAIRNRT,,,,,,,,,,,,,,,,,,,,,,,,TOWAIRNRT,,,,,,,,,,,,,,,,,,,0,,,,,,,,,,,,,,,,,,,,,,,,,,,,,,
HONLANCAN,HONOUR LANE SHIPPING LTD - GUANZHOU,Company,,CNCAN,HONLANCAN,,,,,,,,,,,,,,,,,,,,,,,,HONLANCAN,,,,,,,,,,,,,,,,,,,0,,,,,,,,,,,,,,,,,,,,,,,,,,,,,,
UCLLOGCMB,UCL LOGISTICS ( PVT) LTD,Company,,LKCMB,UCLLOGCMB,,,,,,,,,,,,,,,,,,,,,http://www.ucllogistics.com,,,UCLLOGCMB,,,,,,,,,,,,,,,,,,,0,,,,,,,,,,,,,,,,,,,,,,,,,,,,,,
SEAGSAATH,SEAGULL S.A.,Company,,GRATH,SEAGSAATH,,,,,,,,,,,,,,,,,,,,,www.seagull-worldwide.com,,,SEAGSAATH,,,,tzygogiannis@seagull.gr,,,,,,,,,,,,,,,0,,,,,,,,,,,,,,,,,,,,,,,,,,,,,,
SHAINTTAO,SHARP INTERNATIONAL CARGO SERVICES LTD,Company,,CNTAO,SHAINTTAO,,,,,,,,,,,,,,,,,,,,,,,,SHAINTTAO,,,,linda@sisharp.com.cn,,,,,,,,,,,,,,,0,,,,,,,,,,,,,,,,,,,,,,,,,,,,,,
PEICONWUX,PEIKKO CONSTRUCTION ACCESSORIES (ZHANGJIAGANG),Company,,CNWUX,PEICONWUX,,,,,,,,,,,,,,,,,,,,,,,,PEICONWUX,,,,,,,,,,,,,,,,,,,0,,,,,,,,,,,,,,,,,,,,,,,,,,,,,,
SPEINTVIE,SPETRANS INTERNATIONALE TRANSPORTE,Company,,ATVIE,SPEINTVIE,,,,,,,,,,,,,,,,,,,,,,,,SPEINTVIE,,,,,,,,,,,,,,,,,,,0,,,,,,,,,,,,,,,,,,,,,,,,,,,,,,
INTEXHGVA,INTERNATIONAL EXHIBITION LOGISTICS ASSOCIATION,Company,,CHGVA,INTEXHGVA,,,,,,,,,,,,,,,,,,,,,,,,INTEXHGVA,,,,,,,,,,,,,,,,,,,0,,,,,,,,,,,,,,,,,,,,,,,,,,,,,,
EURSHIMAN,EUROPRIM SHIPPING SRL,Company,,ROMAN,EURSHIMAN,,,,,,,,,,,,,,,,,,,,,,,,EURSHIMAN,,,,,,,,,,,,,,,,,,,0,,,,,,,,,,,,,,,,,,,,,,,,,,,,,,
YCHLOGYHKG,YCH LOGISTICS (HONG KONG) LTD | YCH GROUP,Company,,HKHKG,YCHLOGYHKG,,,,,,,,,,,,,,,,,,,,,,,,YCHLOGYHKG,,,,,,,,,,,,,,,,,,,0,,,,,,,,,,,,,,,,,,,,,,,,,,,,,,
GONFRELIL,GONDRAND FRERES,Company,,FRLIL,GONFRELIL,,,,,,,,,,,,,,,,,,,,,,,,GONFRELIL,,,,,,,,,,,,,,,,,,,0,,,,,,,,,,,,,,,,,,,,,,,,,,,,,,
LIOLOGSHA,LIONS LOGISTICS LIMITED,Company,,CNSHA,LIOLOGSHA,,,,,,,,,,,,,,,,,,,,,,,,LIOLOGSHA,,,,,,,,,,,,,,,,,,,0,,,,,,,,,,,,,,,,,,,,,,,,,,,,,,
NAVCARFOA,NAVISER CARGO C.A,Company,,USFOA,NAVCARFOA,,,,,,,,,,,,,,,,,,,,,,,,NAVCARFOA,,,,info@naviser.net,,,,,,,,,,,,,,,0,,,,,,,,,,,,,,,,,,,,,,,,,,,,,,
HEMINTCMB,HEMAS INTERNATIONAL FREIGHT,Company,,LKCMB,HEMINTCMB,,,,,,,,,,,,,,,,,,,,,,,,HEMINTCMB,,,,,,,,,,,,,,,,,,,0,,,,,,,,,,,,,,,,,,,,,,,,,,,,,,
STRTRAMUC,STRECK TRANSPORT GMBH,Company,,DEMUC,STRTRAMUC,,,,,,,,,,,,,,,,,,,,,,,,STRTRAMUC,,,,,,,,,,,,,,,,,,,0,,,,,,,,,,,,,,,,,,,,,,,,,,,,,,
APTSINAFE,APT SHOWFREIGHT (S) PTE LTD,Company,,SGSIN,APTSINAFE,,,,,,,,,,,,,,,,,,,,,,,,APTSINAFE,,,,,,,,,,,,,,,,,,,0,,,,,,,,,,,,,,,,,,,,,,,,,,,,,,
LAGLOGVIE,LAGERMAX LOGISTICS AUSTRIA GMBH,Company,,ATVDD,LAGLOGVIE,,,,,,,,,,,,,,,,,,,,,WWW.LAGERMAX.AT,,,LAGLOGVIE,,,,,,,,,,,,,,,,,,,0,,,,,,,,,,,,,,,,,,,,,,,,,,,,,,
DALEPODLC,DALIAN EPOCH LOGISTICS,Company,,CNDLC,DALEPODLC,,,,,,,,,,,,,,,,,,,,,,,,DALEPODLC,,,,,,,,,,,,,,,,,,,0,,,,,,,,,,,,,,,,,,,,,,,,,,,,,,
RANAGESSZ2,RANUR AGENCIAMENTO DE CARGAS E TRANSPOR,Company,,BRSSZ,RANAGESSZ2,,,,,,,,,,,,,,,,,,,,,,,,RANAGESSZ2,,,,,,,,,,,,,,,,,,,0,,,,,,,,,,,,,,,,,,,,,,,,,,,,,,
QUAPAPDVO,QUANTA PAPER CORPORATION,Company,,PHDVO,QUAPAPDVO,,,,,,,,,,,,,,,,,,,,,,,,QUAPAPDVO,,,,,,,,,,,,,,,,,,,0,,,,,,,,,,,,,,,,,,,,,,,,,,,,,,
AMCARGBIO,"A.M. CARGO SHIPPING, S.L.",Company,,ESBIO,AMCARGBIO,,,,,,,,,,,,,,,,,,,,,,,,AMCARGBIO,,,,,,,,,,,,,,,,,,,0,,,,,,,,,,,,,,,,,,,,,,,,,,,,,,
MIDAMEPIT,"MID-AMERICA OVERSEAS, INC.(PITTSBURGH)",Company,,USPIT,MIDAMEPIT,,,,,,,,,,,,,,,,,,,,,,,,MIDAMEPIT,,,,mao_pit@maoinc.com,,,,,,,,,,,,,,,0,,,,,,,,,,,,,,,,,,,,,,,,,,,,,,
REALOGHGH,REALCO LOGISTICS LTD,Company,,CNHGH,REALOGHGH,,,,,,,,,,,,,,,,,,,,,,,,REALOGHGH,,,,,,,,,,,,,,,,,,,0,,,,,,,,,,,,,,,,,,,,,,,,,,,,,,
SENINTATL,SENATOR INTERNATIONAL FREIGHT FORWARDING LLC,Company,,USATL,SENINTATL,,,,,,,,,,,,,,,,,,,,,,,,SENINTATL,,,,,,,,,,,,,,,,,,,0,,,,,,,,,,,,,,,,,,,,,,,,,,,,,,
ZHOALLZSN,"ZHONGSHAN ALLTOP LIGHTING CO., LTD.",Company,,CNZSN,ZHOALLZSN,,,,,,,,,,,,,,,,,,,,,,,,ZHOALLZSN,,,,,,,,,,,,,,,,,,,0,,,,,,,,,,,,,,,,,,,,,,,,,,,,,,
ALBSARBOD,ALBATRANS SARL,Company,,FRBOD,ALBSARBOD,,,,,,,,,,,,,,,,,,,,,,,,ALBSARBOD,,,,alba.bod@albatrans.com,,,,,,,,,,,,,,,0,,,,,,,,,,,,,,,,,,,,,,,,,,,,,,
KMGINTSGN,"KMG INTERNATIONAL CO., LTD",Company,,VNSGN,KMGINTSGN,,,,,,,,,,,,,,,,,,,,,,,,KMGINTSGN,,,,,,,,,,,,,,,,,,,0,,,,,,,,,,,,,,,,,,,,,,,,,,,,,,
NOGINTTLV,"NOGA INTERNATIONAL FORWARDING, LTD.",Company,,ILTLV,NOGINTTLV,,,,,,,,,,,,,,,,,,,,,,,,NOGINTTLV,,,,,,,,,,,,,,,,,,,0,,,,,,,,,,,,,,,,,,,,,,,,,,,,,,
EXPFRESGN,EXPOLANKA FREIGHT (VIETNAM) LTD.,Company,,VNSGN,EXPFRESGN,,,,,,,,,,,,,,,,,,,,,,,,EXPFRESGN,,,,,,,,,,,,,,,,,,,0,,,,,,,,,,,,,,,,,,,,,,,,,,,,,,
REASCMCAN,"REALOGISTICS SCM (GUANGZHOU) CO.,LTD",Company,,CNGGZ,REASCMCAN,,,,,,,,,,,,,,,,,,,,,,,,REASCMCAN,,,,,,,,,,,,,,,,,,,0,,,,,,,,,,,,,,,,,,,,,,,,,,,,,,
BALVARAFE,BALEV EOOD,Company,,BGVAR,BALVARAFE,,,,,,,,,,,,,,,,,,,,,,,,BALVARAFE,,,,k.krasimov@areon-fresh.com,,,,,,,,,,,,,,,0,,,,,,,,,,,,,,,,,,,,,,,,,,,,,,
PTAGLOSUB,PT.ANUGERAH GLORY LESTARI,Company,,IDSUB,PTAGLOSUB,,,,,,,,,,,,,,,,,,,,,,,,PTAGLOSUB,,,,,,,,,,,,,,,,,,,0,,,,,,,,,,,,,,,,,,,,,,,,,,,,,,
MLMILLRTM,ML MILESTONE LOGISTICS B.V.,Company,,NLRTM,MLMILLRTM,,,,,,,,,,,,,,,,,,,,,www.milestonelogistics.nl,,,MLMILLRTM,,,,ocean@milestonelogistics.nl,,,,,,,,,,,,,,,0,,,,,,,,,,,,,,,,,,,,,,,,,,,,,,
TRILOGNSA,TRIPATH LOGISTICS PVT LTD,Company,,INNSA,TRILOGNSA,,,,,,,,,,,,,,,,,,,,,,,,TRILOGNSA,,,+919829214384,rajendra@jpr.tripathlogistics.com,,,,,,,,,,,,,,,0,,,,,,,,,,,,,,,,,,,,,,,,,,,,,,
STUSHIDUR,STURROCK SHIPPING (PTY) LTD.,Company,,ZADUR,STUSHIDUR,,,,,,,,,,,,,,,,,,,,,www.sturrockshipping.co.za,,,STUSHIDUR,,,,shipping@db.sturrock.co.za,,,,,,,,,,,,,,,0,,,,,,,,,,,,,,,,,,,,,,,,,,,,,,
NOVZARZAZ,NOVOCARGO ZARAGOZA S.A,Company,,ESZAZ,NOVZARZAZ,,,,,,,,,,,,,,,,,,,,,,,,NOVZARZAZ,,,,,,,,,,,,,,,,,,,0,,,,,,,,,,,,,,,,,,,,,,,,,,,,,,
UNILOGBOM,UNITEX LOGISTICS INDIA PVT. LTD.,Company,,INBOM,UNILOGBOM,,,,,,,,,,,,,,,,,,,,,,,,UNILOGBOM,,,+912241020571,,,,,,,,,,,,,,,,0,,,,,,,,,,,,,,,,,,,,,,,,,,,,,,
FRELLCQUE,FREIGHTCAN LLC,Company,,CAQUE,FRELLCQUE,,,,,,,,,,,,,,,,,,,,,,,,FRELLCQUE,,,,,,,,,,,,,,,,,,,0,,,,,,,,,,,,,,,,,,,,,,,,,,,,,,
FTGTRAAFE,FTGV TRANSPORT LOGISTICS CARGO,Company,,MXMEX,FTGTRAAFE,,,,,,,,,,,,,,,,,,,,,,,,FTGTRAAFE,,,,Cesar Santiago <direccion@fttransport.com.mx>,,,,,,,,,,,,,,,0,,,,,,,,,,,,,,,,,,,,,,,,,,,,,,
PRICUSTOR,PRIMEX CUSTOMS AND LOGISTICS INC.,Company,,CATOR,PRICUSTOR,,,,,,,,,,,,,,,,,,,,,,,,PRICUSTOR,,,,info@primexlogistics.com,,,,,,,,,,,,,,,0,,,,,,,,,,,,,,,,,,,,,,,,,,,,,,
GRAGOUCDG,GRAVELEAU GOUSSAINVILLE INTER,Company,,FRCDG,GRAGOUCDG,,,,,,,,,,,,,,,,,,,,,,,,GRAGOUCDG,,,,,,,,,,,,,,,,,,,0,,,,,,,,,,,,,,,,,,,,,,,,,,,,,,
FORTHKHKG,FORTO (HK) LIMITED,Company,,HKHKG,FORTHKHKG,,,,,,,,,,,,,,,,,,,,,,,,FORTHKHKG,,,,,,,,,,,,,,,,,,,0,,,,,,,,,,,,,,,,,,,,,,,,,,,,,,
SIMSEASIN,SIMMONS (SEA) PTE LTD,Company,,SGSIN,SIMSEASIN,,,,,,,,,,,,,,,,,,,,,www.simmons.com.sg,,,SIMSEASIN,,,+6562909237,marvin.bainto@simmons.com.sg,,,,,,,,,,,,,,,0,,,,,,,,,,,,,,,,,,,,,,,,,,,,,,
SEAPORLES,SEA PORT HUB,Company,,GBLBA,SEAPORLES,,,,,,,,,,,,,,,,,,,,,,,,SEAPORLES,,,,,,,,,,,,,,,,,,,0,,,,,,,,,,,,,,,,,,,,,,,,,,,,,,
WORFREFRA,WORLD FREIGHT GMBH INTERNATIONAL SPEDITION,Company,,DEFRA,WORFREFRA,,,,,,,,,,,,,,,,,,,,,,,,WORFREFRA,,,,,,,,,,,,,,,,,,,0,,,,,,,,,,,,,,,,,,,,,,,,,,,,,,
NEWLOGSSZ,N.E.W.S. LOGISTICS EIRELI,Company,,BRSSZ,NEWLOGSSZ,,,,,,,,,,,,,,,,,,,,,,,,NEWLOGSSZ,,,,,,,,,,,,,,,,,,,0,,,,,,,,,,,,,,,,,,,,,,,,,,,,,,
AIRSEAASHA,AIR SEA WORLDWIDE LOGISTICS LTD.,Company,,CNSHA,AIRSEAASHA,,,,,,,,,,,,,,,,,,,,,,,,AIRSEAASHA,,,,,,,,,,,,,,,,,,,0,,,,,,,,,,,,,,,,,,,,,,,,,,,,,,
GALLEHLEH,GALAX (LEHAVRE OCEAN),Company,,FRLEH,GALLEHLEH,,,,,,,,,,,,,,,,,,,,,,,,GALLEHLEH,,,,lehavre@galax.fr,,,,,,,,,,,,,,,0,,,,,,,,,,,,,,,,,,,,,,,,,,,,,,
APCREAKHH,APC-REALCO LTD/KAOSHIUNG BRANCH,Company,,TWKHH,APCREAKHH,,,,,,,,,,,,,,,,,,,,,,,,APCREAKHH,,,,kaohsiung@realco.com.tw,,,,,,,,,,,,,,,0,,,,,,,,,,,,,,,,,,,,,,,,,,,,,,
AIRCITKWN,AIR-CITY CO. LTD.(INTERNATIONAL AIR &,Company,,HKKWN,AIRCITKWN,,,,,,,,,,,,,,,,,,,,,,,,AIRCITKWN,,,,hk@aircity.com,,,,,,,,,,,,,,,0,,,,,,,,,,,,,,,,,,,,,,,,,,,,,,
APTBKKAFE,APT SHOWFREIGHT (THAILAND) LIMITED,Company,,THBKK,APTBKKAFE,,,,,,,,,,,,,,,,,,,,,,,,APTBKKAFE,,,,apiwat@aptshowfreight.com,,,,,,,,,,,,,,,0,,,,,,,,,,,,,,,,,,,,,,,,,,,,,,
SHESZXAFE,"SHENZHEN UNITOP LOGISTICS CO., LTD",Company,,CNSZX,SHESZXAFE,,,,,,,,,,,,,,,,,,,,,,,,SHESZXAFE,,,+8613922896225,pic1_expo@unitoplogistics.com,,,,,,,,,,,,,,,0,,,,,,,,,,,,,,,,,,,,,,,,,,,,,,
INDUSTSIN,INDUSTRYPLUS PTE LTD.,Company,,SGSIN,INDUSTSIN,,,,,,,,,,,,,,,,,,,,,,,,INDUSTSIN,,,+ 65 7506764,pc@industryplus.com.sg,,,,,,,,,,,,,,,0,,,,,,,,,,,,,,,,,,,,,,,,,,,,,,
AIRSEASHA,AIR SEA TRANPORT INC.,Company,,CNSHA,AIRSEASHA,,,,,,,,,,,,,,,,,,,,,,,,AIRSEASHA,,,,,,,,,,,,,,,,,,,0,,,,,,,,,,,,,,,,,,,,,,,,,,,,,,
FRESYSDEL,FREIGHT SYSTEMS (INDIA) PVT. LTD.,Company,,INDEL,FRESYSDEL,,,,,,,,,,,,,,,,,,,,,www.freightsystems.com,,,FRESYSDEL,,,,,,,,,,,,,,,,,,,0,,,,,,,,,,,,,,,,,,,,,,,,,,,,,,
PTWELIJKT,PT WELGROW INDOPERSADA,Company,,IDJKT,PTWELIJKT,,,,,,,,,,,,,,,,,,,,,,,,PTWELIJKT,,,,sales@welgrow.co.id,,,,,,,,,,,,,,,0,,,,,,,,,,,,,,,,,,,,,,,,,,,,,,
GONFREMPL,GONDRAND FRERES,Company,,FRMPL,GONFREMPL,,,,,,,,,,,,,,,,,,,,,,,,GONFREMPL,,,,gondrand.mpl@compuserve.com,,,,,,,,,,,,,,,0,,,,,,,,,,,,,,,,,,,,,,,,,,,,,,
HONLANTAO,HONOUR LANE SHIPPING -QINGDAO BRANCH,Company,,CNTAO,HONLANTAO,,,,,,,,,,,,,,,,,,,,,,,,HONLANTAO,,,,,,,,,,,,,,,,,,,0,,,,,,,,,,,,,,,,,,,,,,,,,,,,,,
TORTRALIS,"TORRESTIR TRANSITARIOS, LTA",Company,,PTLIS,TORTRALIS,,,,,,,,,,,,,,,,,,,,,,,,TORTRALIS,,,,,,,,,,,,,,,,,,,0,,,,,,,,,,,,,,,,,,,,,,,,,,,,,,
IMPSPODUI,IMPECO SPORT & EVENT LOGISTICS BV,Company,,NLDUI,IMPSPODUI,,,,,,,,,,,,,,,,,,,,,,,,IMPSPODUI,,,,jarno@impeco.nl,,,,,,,,,,,,,,,0,,,,,,,,,,,,,,,,,,,,,,,,,,,,,,
ASEAIRHKG,ASE AIR SEA EXPRESS (H.K) LTD.,Company,,HKHKG,ASEAIRHKG,,,,,,,,,,,,,,,,,,,,,,,,ASEAIRHKG,,,+224 3-5752,,,,,,,,,,,,,,,,0,,,,,,,,,,,,,,,,,,,,,,,,,,,,,,
GMCOCETPE,GMC OCEAN SERVICES LTD.,Company,,TWTPE,GMCOCETPE,,,,,,,,,,,,,,,,,,,,,,,,GMCOCETPE,,,,,,,,,,,,,,,,,,,0,,,,,,,,,,,,,,,,,,,,,,,,,,,,,,
SUPAIRYVR,SUPERIOR AIR FREIGHT,Company,,CAYVR,SUPAIRYVR,,,,,,,,,,,,,,,,,,,,,,,,SUPAIRYVR,,,,,,,,,,,,,,,,,,,0,,,,,,,,,,,,,,,,,,,,,,,,,,,,,,
AWOGLOSIN,AWOT GLOBAL LOGISTICS (S) PTE LTD,Company,,SGSIN,AWOGLOSIN,,,,,,,,,,,,,,,,,,,,,,,,AWOGLOSIN,,,,daphne_lek@awotglobal.com,,,,,,,,,,,,,,,0,,,,,,,,,,,,,,,,,,,,,,,,,,,,,,
UCLLOGPLMAA,UCL LOGISTICS PRIVATE LIMITED,Company,,INMAA,UCLLOGPLMAA,,,,,,,,,,,,,,,,,,,,,,,,UCLLOGPLMAA,,,,,,,,,,,,,,,,,,,0,,,,,,,,,,,,,,,,,,,,,,,,,,,,,,
SAIMARSGN,SAIGON MARITIME COMPANY,Company,,VNSGN,SAIMARSGN,,,,,,,,,,,,,,,,,,,,,,,,SAIMARSGN,,,,cargo.smc@vinalines.com.vn,,,,,,,,,,,,,,,0,,,,,,,,,,,,,,,,,,,,,,,,,,,,,,
HANEXPCEB,HANKYU HANSHIN EXPRESS PHILIPPINES INC,Company,,PHCEB,HANEXPCEB,,,,,,,,,,,,,,,,,,,,,,,,HANEXPCEB,,,,,,,,,,,,,,,,,,,0,,,,,,,,,,,,,,,,,,,,,,,,,,,,,,
HELLOGATH,HELLAS LOGISTICS S.A.,Company,,GRATH,HELLOGATH,,,,,,,,,,,,,,,,,,,,,,,,HELLOGATH,,,,thpetrak-hellaslog@athensairport.gr,,,,,,,,,,,,,,,0,,,,,,,,,,,,,,,,,,,,,,,,,,,,,,
CTSLOGSPN,CTSI LOGISTICS INC.,Company,,MPSPN,CTSLOGSPN,,,,,,,,,,,,,,,,,,,,,,,,CTSLOGSPN,,,,,,,,,,,,,,,,,,,0,,,,,,,,,,,,,,,,,,,,,,,,,,,,,,
UNIINTNAY,UNITEX INT'L LOGISTICS (BEIJING) LTD,Company,,CNBJS,UNIINTNAY,,,,,,,,,,,,,,,,,,,,,,,,UNIINTNAY,,,,,,,,,,,,,,,,,,,0,,,,,,,,,,,,,,,,,,,,,,,,,,,,,,
SHAORITAO,SHANGHAI ORIENT INTERGROUP INT'L TRANSPORTATION,Company,,CNTAO,SHAORITAO,,,,,,,,,,,,,,,,,,,,,,,,SHAORITAO,,,+8653280909167,,,,,,,,,,,,,,,,0,,,,,,,,,,,,,,,,,,,,,,,,,,,,,,
ASGAIRSTO,"ASG AIR & SEA AB, - HEAD/AIR CARGO OFF",Company,,SESTO,ASGAIRSTO,,,,,,,,,,,,,,,,,,,,,,,,ASGAIRSTO,,,,,,,,,,,,,,,,,,,0,,,,,,,,,,,,,,,,,,,,,,,,,,,,,,
SPISERHKG,SPIRITCHINA SERVICES LTD.,Company,,HKHKG,SPISERHKG,,,,,,,,,,,,,,,,,,,,,www.spiritworld.gr,,,SPISERHKG,,,,,,,,,,,,,,,,,,,0,,,,,,,,,,,,,,,,,,,,,,,,,,,,,,
GOLLOGSHA,GOLINE LOGISTICS (SHANGHAI) INC.,Company,,CNSHA,GOLLOGSHA,,,,,,,,,,,,,,,,,,,,,,,,GOLLOGSHA,,,+8613524848698,michael.wei@goline.com.cn,,,,,,,,,,,,,,,0,,,,,,,,,,,,,,,,,,,,,,,,,,,,,,
WPMGLOPKG,WPM GLOBAL LOGISTICS SDN BHD,Company,,MYPKG,WPMGLOPKG,,,,,,,,,,,,,,,,,,,,,www.wpmglobal.com.my,,,WPMGLOPKG,,,,wpm@wpmglobal.com.my,,,,,,,,,,,,,,,0,,,,,,,,,,,,,,,,,,,,,,,,,,,,,,
SOLEXPHKG,SOLAR EXPRESS LTD,Company,,HKHKG,SOLEXPHKG,,,,,,,,,,,,,,,,,,,,,,,,SOLEXPHKG,,,,mgt@solarhkg.com,,,,,,,,,,,,,,,0,,,,,,,,,,,,,,,,,,,,,,,,,,,,,,
KITCPKFRA,KITZINGER & CP. (GMBH & CO KG),Company,,DEFRA,KITCPKFRA,,,,,,,,,,,,,,,,,,,,,,,,KITCPKFRA,,,,,,,,,,,,,,,,,,,0,,,,,,,,,,,,,,,,,,,,,,,,,,,,,,
GROAIRMUC,GROSSMANN AIRFREIGHT INT'L SPEDITION,Company,,DEMUC,GROAIRMUC,,,,,,,,,,,,,,,,,,,,,,,,GROAIRMUC,,,www.grossmann-muc.de,info@grossmann-muc.de,,,,,,,,,,,,,,,0,,,,,,,,,,,,,,,,,,,,,,,,,,,,,,
ALLWAYSHA,"ALL-THE-WAY EXPRESS(SHANGHAI) CO.,LTD",Company,,CNSHA,ALLWAYSHA,,,,,,,,,,,,,,,,,,,,,,,,ALLWAYSHA,,,,,,,,,,,,,,,,,,,0,,,,,,,,,,,,,,,,,,,,,,,,,,,,,,
WINBEATPE,"WIN BEAR LOGISTICS CO., LTD.",Company,,TWTPE,WINBEATPE,,,,,,,,,,,,,,,,,,,,,http://www.win-bear.com.tw,,,WINBEATPE,,,,mandy@win-bear.com.tw,,,,,,,,,,,,,,,0,,,,,,,,,,,,,,,,,,,,,,,,,,,,,,
SHACHUSHGAFE,SHANGHAI CHUNG HEE INTERNATIONAL CARGO TRANSPORT,Company,,CNSHG,SHACHUSHGAFE,,,,,,,,,,,,,,,,,,,,,,,,SHACHUSHGAFE,,,,,,,,,,,,,,,,,,,0,,,,,,,,,,,,,,,,,,,,,,,,,,,,,,
QCSQUIKRJ,QCS-QUICK CARGO SERVICE SLOVENIA,Company,,SIKRJ,QCSQUIKRJ,,,,,,,,,,,,,,,,,,,,,,,,QCSQUIKRJ,,,,,,,,,,,,,,,,,,,0,,,,,,,,,,,,,,,,,,,,,,,,,,,,,,
UNIINTSZX,UNITEX INT'L FORWARDING (GUANGZHOU) LTD.,Company,,CNSZX,UNIINTSZX,,,,,,,,,,,,,,,,,,,,,www.unitex168.com,,,UNIINTSZX,,,,shenzhen@uif.com.hk,,,,,,,,,,,,,,,0,,,,,,,,,,,,,,,,,,,,,,,,,,,,,,
GRECHITPE,GREAT CHINA TRANSPORTATION CO.LTD.,Company,,TWTPE,GRECHITPE,,,,,,,,,,,,,,,,,,,,,,,,GRECHITPE,,,,info@greatchinatransportation.com.tw,,,,,,,,,,,,,,,0,,,,,,,,,,,,,,,,,,,,,,,,,,,,,,
IBERSABCN,IBERCONDOR S.A.,Company,,ESBCN,IBERSABCN,,,,,,,,,,,,,,,,,,,,,,,,IBERSABCN,,,,,,,,,,,,,,,,,,,0,,,,,,,,,,,,,,,,,,,,,,,,,,,,,,
MYSWATCEB,MYSTIC WATER PHILIPPINESE INC.,Company,,PHCEB,MYSWATCEB,,,,,,,,,,,,,,,,,,,,,,,,MYSWATCEB,,,,,,,,,,,,,,,,,,,0,,,,,,,,,,,,,,,,,,,,,,,,,,,,,,
DSVSAMMHT,DSV SAMSON TRANSPORT CO. LTD/LHR AIRPORT,Company,,GBMHT,DSVSAMMHT,,,,,,,,,,,,,,,,,,,,,,,,DSVSAMMHT,,,,mwebb@dsvsamson.co.uk,,,,,,,,,,,,,,,0,,,,,,,,,,,,,,,,,,,,,,,,,,,,,,
TRAXIAFUJ,TRANSPED (XIAMEN) CO. LTD.,Company,,CNFUJ,TRAXIAFUJ,,,,,,,,,,,,,,,,,,,,,,,,TRAXIAFUJ,,,,,,,,,,,,,,,,,,,0,,,,,,,,,,,,,,,,,,,,,,,,,,,,,,
GUAGOLAFE,"GUANGXI GOLDEN GLOBAL EXHIBITION CO.,LTD",Company,,CNNNG,GUAGOLAFE,,,,,,,,,,,,,,,,,,,,,,,,GUAGOLAFE,,,+867715317040,ggechn@gmail.com,,,,,,,,,,,,,,,0,,,,,,,,,,,,,,,,,,,,,,,,,,,,,,
TRASHIHKG,TRANSCON SHIPPING COMPANY LTD,Company,,HKHKG,TRASHIHKG,,,,,,,,,,,,,,,,,,,,,,,,TRASHIHKG,,,,,,,,,,,,,,,,,,,0,,,,,,,,,,,,,,,,,,,,,,,,,,,,,,
FIBPROJKT,PT FIBS PROJECT MANAGEMENT,Company,,IDJKT,FIBPROJKT,,,,,,,,,,,,,,,,,,,,,,,,FIBPROJKT,,,,,,,,,,,,,,,,,,,0,,,,,,,,,,,,,,,,,,,,,,,,,,,,,,
MASTRASEL,"MASSTAR TRANSPORTS, INC (MORRISON PARTNR",Company,,KRSEL,MASTRASEL,,,,,,,,,,,,,,,,,,,,,,,,MASTRASEL,,,,see contacts,,,,,,,,,,,,,,,0,,,,,,,,,,,,,,,,,,,,,,,,,,,,,,
GENWORMEL,GENERATION WORLDWIDE LOGISTICS,Company,,AUMEL,GENWORMEL,,,,,,,,,,,,,,,,,,,,,,,,GENWORMEL,,,,,,,,,,,,,,,,,,,0,,,,,,,,,,,,,,,,,,,,,,,,,,,,,,
NINDISPVG,NINGBO DISCOVERY INTERNATIONAL LOGISTICS LOGISTICS CO. LTD,Company,,CNPVG,NINDISPVG,,,,,,,,,,,,,,,,,,,,,,,,NINDISPVG,,,,lucymao@cargodiscovery.com,,,,,,,,,,,,,,,0,,,,,,,,,,,,,,,,,,,,,,,,,,,,,,
ABCINTLAX,ABCO INTERNATIONAL FREIGHT (USA) INC.,Company,,USLAX,ABCINTLAX,,,,,,,,,,,,,,,,,,,,,,,,ABCINTLAX,,,,,,,,,,,,,,,,,,,0,,,,,,,,,,,,,,,,,,,,,,,,,,,,,,
GESBHXAFE,GES GLOBAL EXPERIENCE SPECIALISTS (GES) LTD,Company,,GBBHM,GESBHXAFE,,,,,,,,,,,,,,,,,,,,,,,,GESBHXAFE,,,+447587772897,MDonnelly@ges.com,,,,,,,,,,,,,,,0,,,,,,,,,,,,,,,,,,,,,,,,,,,,,,
PILAIRBKK,PILOT AIR CARGO CO. LTD.,Company,,THBKK,PILAIRBKK,,,,,,,,,,,,,,,,,,,,,,,,PILAIRBKK,,,,anavin@pilotbkk.com,,,,,,,,,,,,,,,0,,,,,,,,,,,,,,,,,,,,,,,,,,,,,,
EXPSINAFE,EXPOTRANS PTE LTD,Company,,SGSIN,EXPSINAFE,,,,,,,,,,,,,,,,,,,,,www.expotrans.sg,,,EXPSINAFE,,,+6597654403,jessie.ong@expotrans.net,,,,,,,,,,,,,,,0,,,,,,,,,,,,,,,,,,,,,,,,,,,,,,
SZEAINSZX,"SZ E&A INT'L LOGISTICS CO., LTD.",Company,,CNSZX,SZEAINSZX,,,,,,,,,,,,,,,,,,,,,,,,SZEAINSZX,,,+8613590492337,,,,,,,,,,,,,,,,0,,,,,,,,,,,,,,,,,,,,,,,,,,,,,,
TNTSKYBAH,TNT SKYPACK INT'L,Company,,BHBAH,TNTSKYBAH,,,,,,,,,,,,,,,,,,,,,,,,TNTSKYBAH,,,,,,,,,,,,,,,,,,,0,,,,,,,,,,,,,,,,,,,,,,,,,,,,,,
DALDATDDDLC,DALIAN DAT IAN INT’L. TRANSPORTATION CO LTD.,Company,,CNDLC,DALDATDDDLC,,,,,,,,,,,,,,,,,,,,,,,,DALDATDDDLC,,,,,,,,,,,,,,,,,,,0,,,,,,,,,,,,,,,,,,,,,,,,,,,,,,
CARGOBZRH,CARGOBAY LTD,Company,,CHZRH,CARGOBZRH,,,,,,,,,,,,,,,,,,,,,,,,CARGOBZRH,,,,,,,,,,,,,,,,,,,0,,,,,,,,,,,,,,,,,,,,,,,,,,,,,,
ALITAITPE,"ALISPED TAIWAN CO., LTD.",Company,,TWTPE,ALITAITPE,,,,,,,,,,,,,,,,,,,,,,,,ALITAITPE,,,,,,,,,,,,,,,,,,,0,,,,,,,,,,,,,,,,,,,,,,,,,,,,,,
ALTLOGSGN,ALTUS LOGISTICS (VIETNAM) LTD.,Company,,VNSGN,ALTLOGSGN,,,,,,,,,,,,,,,,,,,,,,,,ALTLOGSGN,,,+84918695085,altus.sgn@altusholdings.com,,,,,,,,,,,,,,,0,,,,,,,,,,,,,,,,,,,,,,,,,,,,,,
GRILOGSAH,GRIFFIN LTD. LOGISTICS DIVISION,Company,,YESAH,GRILOGSAH,,,,,,,,,,,,,,,,,,,,,,,,GRILOGSAH,,,,info@GriffinLogistics.com,,,,,,,,,,,,,,,0,,,,,,,,,,,,,,,,,,,,,,,,,,,,,,
ADODVICEB,ADONIS D. VILLARTE,Company,,PHCEB,ADODVICEB,,,,,,,,,,,,,,,,,,,,,,,,ADODVICEB,,,,,,,,,,,,,,,,,,,0,,,,,,,,,,,,,,,,,,,,,,,,,,,,,,
NORFREXMN,NORDEN FREIGHT SYSTEM CO. LTD OP DEPT.,Company,,CNXMN,NORFREXMN,,,,,,,,,,,,,,,,,,,,,www.nordenfreight.com,,,NORFREXMN,,,,,,,,,,,,,,,,,,,0,,,,,,,,,,,,,,,,,,,,,,,,,,,,,,
TALAIRDUS,TALOGIS AIR & SEA GMBH,Company,,DEDUS,TALAIRDUS,,,,,,,,,,,,,,,,,,,,,,,,TALAIRDUS,,,+491726964083,Steffen.Hillmann@TALOGIS.DE,,,,,,,,,,,,,,,0,,,,,,,,,,,,,,,,,,,,,,,,,,,,,,
APTSHOSHAAFE,"APT SHOWFREIGHT SHANGHAI CO.,LTD",Company,,CNSHA,APTSHOSHAAFE,,,,,,,,,,,,,,,,,,,,,,,,APTSHOSHAAFE,,,,Jennings.Xu@aptshowfreight.com,,,,,,,,,,,,,,,0,,,,,,,,,,,,,,,,,,,,,,,,,,,,,,
HTGLOBSHA,H&T GLOBAL LOGISTICS C/O KIMWARD LOGISTICS,Company,,CNSHA,HTGLOBSHA,,,,,,,,,,,,,,,,,,,,,,,,HTGLOBSHA,,,,,,,,,,,,,,,,,,,0,,,,,,,,,,,,,,,,,,,,,,,,,,,,,,
FRESYSJEA,FREIGHT SYSTEMS CO. LTD (LLC),Company,,AEJEA,FRESYSJEA,,,,,,,,,,,,,,,,,,,,,,,,FRESYSJEA,,,,,,,,,,,,,,,,,,,0,,,,,,,,,,,,,,,,,,,,,,,,,,,,,,
MIDAMECSN,"MID-AMERICA OVERSEAS, INC.",Company,,USCSN,MIDAMECSN,,,,,,,,,,,,,,,,,,,,,,,,MIDAMECSN,,,,,,,,,,,,,,,,,,,0,,,,,,,,,,,,,,,,,,,,,,,,,,,,,,
KRONOZMEX,KRONOZ,Company,,MXMEX,KRONOZMEX,,,,,,,,,,,,,,,,,,,,,,,,KRONOZMEX,,,+529993149460,,,,,,,,,,,,,,,,0,,,,,,,,,,,,,,,,,,,,,,,,,,,,,,
UNILOGPNQ,UNITEX LOGISTICS INDIA  PVT. LTD.,Company,,INPNQ,UNILOGPNQ,,,,,,,,,,,,,,,,,,,,,,,,UNILOGPNQ,,,,,,,,,,,,,,,,,,,0,,,,,,,,,,,,,,,,,,,,,,,,,,,,,,
AWOGLOROQ,AWOT GLOBAL CORPORATION ZHONGSHAN BRANCH,Company,,CNROQ,AWOGLOROQ,,,,,,,,,,,,,,,,,,,,,,,,AWOGLOROQ,,,,,,,,,,,,,,,,,,,0,,,,,,,,,,,,,,,,,,,,,,,,,,,,,,
BELFOOCEB,BELCRIS FOODS,Company,,PHCEB,BELFOOCEB,,,,,,,,,,,,,,,,,,,,,,,,BELFOOCEB,,,,,,,,,,,,,,,,,,,0,,,,,,,,,,,,,,,,,,,,,,,,,,,,,,
KHILOGXMN,KHI LOGISTICS (CHINA) LIMITED,Company,,CNXMN,KHILOGXMN,,,,,,,,,,,,,,,,,,,,,,,,KHILOGXMN,,,,,,,,,,,,,,,,,,,0,,,,,,,,,,,,,,,,,,,,,,,,,,,,,,
SHELONLGSZX,SHENZHEN LONG SAIL INT'L LOGISTICS,Company,,CNSZX,SHELONLGSZX,,,,,,,,,,,,,,,,,,,,,,,,SHELONLGSZX,,,,,,,,,,,,,,,,,,,0,,,,,,,,,,,,,,,,,,,,,,,,,,,,,,
HORWORNAY,"HORIZON WORLDWIDE LOGISTICS CO., LTD",Company,,CNBJS,HORWORNAY,,,,,,,,,,,,,,,,,,,,,,,,HORWORNAY,,,,,,,,,,,,,,,,,,,0,,,,,,,,,,,,,,,,,,,,,,,,,,,,,,
DONREVCEB,DON REVY PHILIPPINES INC,Company,,PHCEB,DONREVCEB,,,,,,,,,,,,,,,,,,,,,,,,DONREVCEB,,,,,,,,,,,,,,,,,,,0,,,,,,,,,,,,,,,,,,,,,,,,,,,,,,
KITBEAMNL,KITCHEN BEAUTY MARKETING CORPORATION,Company,,PHMNL,KITBEAMNL,,,,,,,,,,,,,,,,,,,,,,,,KITBEAMNL,,,,,,,,,,,,,,,,,,,0,,,,,,,,,,,,,,,,,,,,,,,,,,,,,,
YAMTRASIN,YAMATO TRANSPORT (S) PTE LTD.,Company,,SGSIN,YAMTRASIN,,,,,,,,,,,,,,,,,,,,,,,,YAMTRASIN,,,,audrey.lam@yamatosingapore.com,,,,,,,,,,,,,,,0,,,,,,,,,,,,,,,,,,,,,,,,,,,,,,
GDFITIPKG,GD FIT INTERNATIONAL (M) SDN BHD,Company,,MYPKG,GDFITIPKG,,,,,,,,,,,,,,,,,,,,,,,,GDFITIPKG,,,,,,,,,,,,,,,,,,,0,,,,,,,,,,,,,,,,,,,,,,,,,,,,,,
PTCOSIJKT,PT COSLINK INDONESIA,Company,,IDJKT,PTCOSIJKT,,,,,,,,,,,,,,,,,,,,,,,,PTCOSIJKT,,,,cisvc@bcn.net.id,,,,,,,,,,,,,,,0,,,,,,,,,,,,,,,,,,,,,,,,,,,,,,
UNIFRESOF,UNIMASTER FREIGHT EXPRESS (SOFIA),Company,,BGSOF,UNIFRESOF,,,,,,,,,,,,,,,,,,,,,www.unimaster.com,,,UNIFRESOF,,,,road@unimaster.com,,,,,,,,,,,,,,,0,,,,,,,,,,,,,,,,,,,,,,,,,,,,,,
EASCARPKG,EASTERN CARGO EXPRESS (M) SDN BHD,Company,,MYPKG,EASCARPKG,,,,,,,,,,,,,,,,,,,,,www.eastern-cargo.com.my,,,EASCARPKG,,,+60356320420,,,,,,,,,,,,,,,,0,,,,,,,,,,,,,,,,,,,,,,,,,,,,,,
HORISAATT,HORIZON SA,Company,,GRATT,HORISAATT,,,,,,,,,,,,,,,,,,,,,,,,HORISAATT,,,,,,,,,,,,,,,,,,,0,,,,,,,,,,,,,,,,,,,,,,,,,,,,,,
AUSSHISYD,AUSTRALIAN SHIPPING PTY LTD,Company,,AUSYD,AUSSHISYD,,,,,,,,,,,,,,,,,,,,,,,,AUSSHISYD,,,,,,,,,,,,,,,,,,,0,,,,,,,,,,,,,,,,,,,,,,,,,,,,,,
MATTRABSL,MAT TRANSPORT LTD (SEAFREIGHT),Company,,CHBSL,MATTRABSL,,,,,,,,,,,,,,,,,,,,,,,,MATTRABSL,,,,mat.seafreight@viamat.com,,,,,,,,,,,,,,,0,,,,,,,,,,,,,,,,,,,,,,,,,,,,,,
PTSENAJKT,PT. SENATOR INTERNATIONAL (INDONESIA),Company,,IDJKT,PTSENAJKT,,,,,,,,,,,,,,,,,,,,,,,,PTSENAJKT,,,,jakarta@senator-international.com,,,,,,,,,,,,,,,0,,,,,,,,,,,,,,,,,,,,,,,,,,,,,,
SITLOGSEL,"SITC LOGISTICS KOREA CO., LTD",Company,,KRSEL,SITLOGSEL,,,,,,,,,,,,,,,,,,,,,,,,SITLOGSEL,,,,,,,,,,,,,,,,,,,0,,,,,,,,,,,,,,,,,,,,,,,,,,,,,,
CARMOVHAM,CARGO MOVERS GMBH,Company,,DEHAM,CARMOVHAM,,,,,,,,,,,,,,,,,,,,,,,,CARMOVHAM,,,,,,,,,,,,,,,,,,,0,,,,,,,,,,,,,,,,,,,,,,,,,,,,,,
LAGLOGSNE,LAGERMAX LOGISTICS SLOVAKIA  S.R.O.,Company,,SKSNE,LAGLOGSNE,,,,,,,,,,,,,,,,,,,,,www.lagermax.sk,,,LAGLOGSNE,,,,andrej.babsky@lagermax.sk,,,,,,,,,,,,,,,0,,,,,,,,,,,,,,,,,,,,,,,,,,,,,,
BTGSPEWNF,BTG SPEDITION UND LOGISTIK GMBH,Company,,ATWNF,BTGSPEWNF,,,,,,,,,,,,,,,,,,,,,,,,BTGSPEWNF,,,,,,,,,,,,,,,,,,,0,,,,,,,,,,,,,,,,,,,,,,,,,,,,,,
CLASQUCDG,CLASQUIN CDG,Company,,FRCDG,CLASQUCDG,,,,,,,,,,,,,,,,,,,,,www.clasquin.com,,,CLASQUCDG,,,+33686262200,npa.tls@clasquin.com,,,,,,,,,,,,,,,0,,,,,,,,,,,,,,,,,,,,,,,,,,,,,,
FAMIMPCEB,FAMOUSTRADE IMPORT EXCHANGE,Company,,PHCEB,FAMIMPCEB,,,,,,,,,,,,,,,,,,,,,,,,FAMIMPCEB,,,,,,,,,,,,,,,,,,,0,,,,,,,,,,,,,,,,,,,,,,,,,,,,,,
BALCARCHC,"BALANCE CARGO ""PRECISION FREIGHT SOLUTIONS""",Company,,NZCHC,BALCARCHC,,,,,,,,,,,,,,,,,,,,,,,,BALCARCHC,,,,,,,,,,,,,,,,,,,0,,,,,,,,,,,,,,,,,,,,,,,,,,,,,,
PATINTCAN,PATENT INT'L LOGISTICS(SHENZHEN) CO LTD,Company,,CNCAN,PATINTCAN,,,,,,,,,,,,,,,,,,,,,,,,PATINTCAN,,,,,,,,,,,,,,,,,,,0,,,,,,,,,,,,,,,,,,,,,,,,,,,,,,
COMGLOBNE,COMPLETE GLOBAL SOLUTIONS,Company,,AUBNE,COMGLOBNE,,,,,,,,,,,,,,,,,,,,,,,,COMGLOBNE,,,,complete@cgs.net.au,,,,,,,,,,,,,,,0,,,,,,,,,,,,,,,,,,,,,,,,,,,,,,
DAVKIRTAS,DAVID KIRKHAM,Company,,UZTAS,DAVKIRTAS,,,,,,,,,,,,,,,,,,,,,,,,DAVKIRTAS,,,,,,,,,,,,,,,,,,,0,,,,,,,,,,,,,,,,,,,,,,,,,,,,,,
NATCARCGP,NATIONAL CARGO SERVICES,Company,,BDCGP,NATCARCGP,,,,,,,,,,,,,,,,,,,,,,,,NATCARCGP,,,,,,,,,,,,,,,,,,,0,,,,,,,,,,,,,,,,,,,,,,,,,,,,,,
SILSEAHAN,SILVER SEA TRANSPORT,Company,,VNHAN,SILSEAHAN,,,,,,,,,,,,,,,,,,,,,,,,SILSEAHAN,,,,nga.dt@silversea.com.vn,,,,,,,,,,,,,,,0,,,,,,,,,,,,,,,,,,,,,,,,,,,,,,
KAMINTNAG,KAMINO INTERNATIONAL LOGISTICS PVT LTD.,Company,,INNAG,KAMINTNAG,,,,,,,,,,,,,,,,,,,,,www.kamino.com,,,KAMINTNAG,,,,nagpur@kamino.com,,,,,,,,,,,,,,,0,,,,,,,,,,,,,,,,,,,,,,,,,,,,,,
LANSHICMB1,LANKA SHIPPING & LOGISTICS (PVT) LTD,Company,,LKCMB,LANSHICMB1,,,,,,,,,,,,,,,,,,,,,,,,LANSHICMB1,,,,,,,,,,,,,,,,,,,0,,,,,,,,,,,,,,,,,,,,,,,,,,,,,,
SEAINTCEB,"SEAJET INTERNATIONAL FORWARDERS, INC.",Company,,PHCEB,SEAINTCEB,,,,,,,,,,,,,,,,,,,,,,,,SEAINTCEB,,,,,,,,,,,,,,,,,,,0,,,,,,,,,,,,,,,,,,,,,,,,,,,,,,
TRAARGBUE,TRANSCARGO ARGENTINA SA,Company,,ARBUE,TRAARGBUE,,,,,,,,,,,,,,,,,,,,,,,,TRAARGBUE,,,,info@transcargoarg.com.ar,,,,,,,,,,,,,,,0,,,,,,,,,,,,,,,,,,,,,,,,,,,,,,
SAGNORLEH,SAGATRANS NORD/EST,Company,,FRLEH,SAGNORLEH,,,,,,,,,,,,,,,,,,,,,,,,SAGNORLEH,,,,,,,,,,,,,,,,,,,0,,,,,,,,,,,,,,,,,,,,,,,,,,,,,,
EXPLOGSEL,EXPRESS LOGISTICS PROVIDER (ELP WORLD),Company,,KRSEL,EXPLOGSEL,,,,,,,,,,,,,,,,,,,,,,,,EXPLOGSEL,,,,elpworld@elpworld.co.kr,,,,,,,,,,,,,,,0,,,,,,,,,,,,,,,,,,,,,,,,,,,,,,
UNILOGHOL1,UNIVERSE LOGISTICS LTD,Company,,ILHOL,UNILOGHOL1,,,,,,,,,,,,,,,,,,,,,,,,UNILOGHOL1,,,,,,,,,,,,,,,,,,,0,,,,,,,,,,,,,,,,,,,,,,,,,,,,,,
TIBPORLIS,TIBA PORTUGAL T.I (PORTO),Company,,PTLIS,TIBPORLIS,,,,,,,,,,,,,,,,,,,,,,,,TIBPORLIS,,,,,,,,,,,,,,,,,,,0,,,,,,,,,,,,,,,,,,,,,,,,,,,,,,
LSFORWSEL,"LS FORWARDING CO., LTD.",Company,,KRSEL,LSFORWSEL,,,,,,,,,,,,,,,,,,,,,,,,LSFORWSEL,,,,,,,,,,,,,,,,,,,0,,,,,,,,,,,,,,,,,,,,,,,,,,,,,,
AOFCARTPE,"AOF CARGO LOGISTICS CO., LTD",Company,,TWTPE,AOFCARTPE,,,,,,,,,,,,,,,,,,,,,,,,AOFCARTPE,,,,,,,,,,,,,,,,,,,0,,,,,,,,,,,,,,,,,,,,,,,,,,,,,,
SKYLOGSGN,SKY LOGISTICS SERVICES CO LTD.,Company,,VNSGN,SKYLOGSGN,,,,,,,,,,,,,,,,,,,,,,,,SKYLOGSGN,,,,sky@skylogisticservices.com,,,,,,,,,,,,,,,0,,,,,,,,,,,,,,,,,,,,,,,,,,,,,,
VATLOGRTM,VAT LOGISTICS (ZWIJNDRECHT) BV,Company,,NLRTM,VATLOGRTM,,,,,,,,,,,,,,,,,,,,,,,,VATLOGRTM,,,,info@vatlogistics.nl,,,,,,,,,,,,,,,0,,,,,,,,,,,,,,,,,,,,,,,,,,,,,,
3ASERCHAN,3A SERVICES CO.LTD./HEAD OFFICE,Company,,VNHAN,3ASERCHAN,,,,,,,,,,,,,,,,,,,,,,,,3ASERCHAN,,,,brighttiger@hn.vnn.vn,,,,,,,,,,,,,,,0,,,,,,,,,,,,,,,,,,,,,,,,,,,,,,
GLEINTSIN,GLE INTEGRATED PTE LTD,Company,,SGSIN,GLEINTSIN,,,,,,,,,,,,,,,,,,,,,,,,GLEINTSIN,,,,,,,,,,,,,,,,,,,0,,,,,,,,,,,,,,,,,,,,,,,,,,,,,,
SINLOGSHA,SINOLINK LOGISTICS CO. LTD.,Company,,CNSHA,SINLOGSHA,,,,,,,,,,,,,,,,,,,,,,,,SINLOGSHA,,,,bryan.xu-sha@sinolinklog.com,,,,,,,,,,,,,,,0,,,,,,,,,,,,,,,,,,,,,,,,,,,,,,
EASINTSHA,"EASTRONG INTERNATIONAL LOGISTICS CO., LTD.",Company,,CNSHA,EASINTSHA,,,,,,,,,,,,,,,,,,,,,,,,EASINTSHA,,,,,,,,,,,,,,,,,,,0,,,,,,,,,,,,,,,,,,,,,,,,,,,,,,
SHAEASSHA3,SHANGHAI EASY WIN LOGISTICS SERVICE CORP LTD,Company,,CNSHA,SHAEASSHA3,,,,,,,,,,,,,,,,,,,,,,,,SHAEASSHA3,,,,,,,,,,,,,,,,,,,0,,,,,,,,,,,,,,,,,,,,,,,,,,,,,,
INTSHIOSL,INTERGROUP SHIPPING NORWAY AS,Company,,NOOSL,INTSHIOSL,,,,,,,,,,,,,,,,,,,,,,,,INTSHIOSL,,,,,,,,,,,,,,,,,,,0,,,,,,,,,,,,,,,,,,,,,,,,,,,,,,
MTMFREMVO,M&TM FREIGHT,Company,,RUMVO,MTMFREMVO,,,,,,,,,,,,,,,,,,,,,,,,MTMFREMVO,,,,office@mtm-net.ru,,,,,,,,,,,,,,,0,,,,,,,,,,,,,,,,,,,,,,,,,,,,,,
WAPLOGSIN,WAP LOGISTICS (S) PTE LTD,Company,,SGSIN,WAPLOGSIN,,,,,,,,,,,,,,,,,,,,,,,,WAPLOGSIN,,,,,,,,,,,,,,,,,,,0,,,,,,,,,,,,,,,,,,,,,,,,,,,,,,
PAXGLOPUS,PAX GLOBAL CARGO INC.,Company,,KRPUS,PAXGLOPUS,,,,,,,,,,,,,,,,,,,,,,,,PAXGLOPUS,,,,,,,,,,,,,,,,,,,0,,,,,,,,,,,,,,,,,,,,,,,,,,,,,,
KLINETMNL,"K-LINE (TRANSMAR AGENCIES, INC.)",Company,,PHMNL,KLINETMNL,,,,,,,,,,,,,,,,,,,,,,,,KLINETMNL,,,,,,,,,,,,,,,,,,,0,,,,,,,,,,,,,,,,,,,,,,,,,,,,,,
FIREXPSEL,FIRST EXPRESS INTERNATIONAL,Company,,KRSEL,FIREXPSEL,,,,,,,,,,,,,,,,,,,,,,,,FIREXPSEL,,,,,,,,,,,,,,,,,,,0,,,,,,,,,,,,,,,,,,,,,,,,,,,,,,
AWOGLOHKG,AWOT GLOBAL EXPRESS (HK) LTD,Company,,HKHKG,AWOGLOHKG,,,,,,,,,,,,,,,,,,,,,,,,AWOGLOHKG,,,+85235425012,,,,,,,,,,,,,,,,0,,,,,,,,,,,,,,,,,,,,,,,,,,,,,,
KAMINTLAX,KAMINO INTERNATIONALTRANSPORT DBA,Company,,USLAX,KAMINTLAX,,,,,,,,,,,,,,,,,,,,,www.kamino.com,,,KAMINTLAX,,,,,,,,,,,,,,,,,,,0,,,,,,,,,,,,,,,,,,,,,,,,,,,,,,
DYNINTBKK,"DYNAMIC INTERTRANSPORT CO., LTD.",Company,,THBKK,DYNINTBKK,,,,,,,,,,,,,,,,,,,,,,,,DYNINTBKK,,,,,,,,,,,,,,,,,,,0,,,,,,,,,,,,,,,,,,,,,,,,,,,,,,
EMBFREIST,EMBASSY FREIGHT SERVICES TURKEY,Company,,TRIST,EMBFREIST,,,,,,,,,,,,,,,,,,,,,www.embassy.com.tr,,,EMBFREIST,,,,,,,,,,,,,,,,,,,0,,,,,,,,,,,,,,,,,,,,,,,,,,,,,,
NINHUAFOC,NINGBO HUANJI INT'L LOGISTICS CO. LTD,Company,,CNFOC,NINHUAFOC,,,,,,,,,,,,,,,,,,,,,,,,NINHUAFOC,,,,fz@nb-hj.com,,,,,,,,,,,,,,,0,,,,,,,,,,,,,,,,,,,,,,,,,,,,,,
UNIINTNYC,UNITRANS INT'L LOGISTICS,Company,,USNYC,UNIINTNYC,,,,,,,,,,,,,,,,,,,,,,,,UNIINTNYC,,,,,,,,,,,,,,,,,,,0,,,,,,,,,,,,,,,,,,,,,,,,,,,,,,
PRIWORGSO,PRIORITY WORLDWIDE SERVICES,Company,,USGSO,PRIWORGSO,,,,,,,,,,,,,,,,,,,,,,,,PRIWORGSO,,,,imports@priorityworldwide.com,,,,,,,,,,,,,,,0,,,,,,,,,,,,,,,,,,,,,,,,,,,,,,
BANINTFOS,BANSARD INTERNATIONAL (MARSEILLE OFFICE),Company,,FRFOS,BANINTFOS,,,,,,,,,,,,,,,,,,,,,www.bansard.com,,,BANINTFOS,,,,covanessian@BANSARD.COM,,,,,,,,,,,,,,,0,,,,,,,,,,,,,,,,,,,,,,,,,,,,,,
PRLOGCLAX,P&R LOGISTICS CORP.,Company,,USLAX,PRLOGCLAX,,,,,,,,,,,,,,,,,,,,,,,,PRLOGCLAX,,,,,,,,,,,,,,,,,,,0,,,,,,,,,,,,,,,,,,,,,,,,,,,,,,
GTOGLOYVR,GTO GLOBAL LOGISTICS INC.,Company,,CAYVR,GTOGLOYVR,,,,,,,,,,,,,,,,,,,,,,,,GTOGLOYVR,,,,,,,,,,,,,,,,,,,0,,,,,,,,,,,,,,,,,,,,,,,,,,,,,,
OLITRALIS,OLICARGO TRANSITARIO LDA. (HEAD OFFICE),Company,,PTLIS,OLITRALIS,,,,,,,,,,,,,,,,,,,,,,,,OLITRALIS,,,,,,,,,,,,,,,,,,,0,,,,,,,,,,,,,,,,,,,,,,,,,,,,,,
SZINTESZX,S&Z INTERNATIONAL LOGISTICS SERVICE,Company,,CNSZX,SZINTESZX,,,,,,,,,,,,,,,,,,,,,,,,SZINTESZX,,,,,,,,,,,,,,,,,,,0,,,,,,,,,,,,,,,,,,,,,,,,,,,,,,
MOBANTSZX,"MOBI ANTENNA TECHNOLOGIES (SHENZHEN) CO., LTD",Company,,CNSZX,MOBANTSZX,,,,,,,,,,,,,,,,,,,,,,,,MOBANTSZX,,,,,,,,,,,,,,,,,,,0,,,,,,,,,,,,,,,,,,,,,,,,,,,,,,
SEANETSIN,SEA-NET CARGO EXPRESS (S) PTE LTD,Company,,SGSIN,SEANETSIN,,,,,,,,,,,,,,,,,,,,,www.seanet.com.sg,,,SEANETSIN,,,,,,,,,,,,,,,,,,,0,,,,,,,,,,,,,,,,,,,,,,,,,,,,,,
AUSSHIMNL,AUSTRAL SHIPS,Company,,PHCEB,AUSSHIMNL,,,,,,,,,,,,,,,,,,,,,,,,AUSSHIMNL,,,,,,,,,,,,,,,,,,,0,,,,,,,,,,,,,,,,,,,,,,,,,,,,,,
ALBATRBTN,ALBATRANS INC.,Company,,USBTN,ALBATRBTN,,,,,,,,,,,,,,,,,,,,,,,,ALBATRBTN,,,,,,,,,,,,,,,,,,,0,,,,,,,,,,,,,,,,,,,,,,,,,,,,,,
MILFRERTM,MILESTONE FRESH B.V.,Company,,NLRTM,MILFRERTM,,,,,,,,,,,,,,,,,,,,,,,,MILFRERTM,,,,,,,,,,,,,,,,,,,0,,,,,,,,,,,,,,,,,,,,,,,,,,,,,,
SKYINTBKK,"SKY INTERFREIGHT CO., LTD.",Company,,THBKK,SKYINTBKK,,,,,,,,,,,,,,,,,,,,,www.skyinterfreight.com,,,SKYINTBKK,,,,operations@skyinterfreight.com,,,,,,,,,,,,,,,0,,,,,,,,,,,,,,,,,,,,,,,,,,,,,,
MIDAMECHI,"MID-AMERICA OVERSEAS, INC.",Company,,USCHI,MIDAMECHI,,,,,,,,,,,,,,,,,,,,,,,,MIDAMECHI,,,,mao_ord@maoinc.com,,,,,,,,,,,,,,,0,,,,,,,,,,,,,,,,,,,,,,,,,,,,,,
MULTHKHKG,MULTIFREIGHT (H.K.) LTD.,Company,,HKHKG,MULTHKHKG,,,,,,,,,,,,,,,,,,,,,,,,MULTHKHKG,,,,,,,,,,,,,,,,,,,0,,,,,,,,,,,,,,,,,,,,,,,,,,,,,,
CATGROMIL,CAT GROUPE ITALIA SRL,Company,,ITMIL,CATGROMIL,,,,,,,,,,,,,,,,,,,,,,,,CATGROMIL,,,,,,,,,,,,,,,,,,,0,,,,,,,,,,,,,,,,,,,,,,,,,,,,,,
ALISPAAMG,ALISPED S.P.A,Company,,ITAMG,ALISPAAMG,,,,,,,,,,,,,,,,,,,,,,,,ALISPAAMG,,,,,,,,,,,,,,,,,,,0,,,,,,,,,,,,,,,,,,,,,,,,,,,,,,
REALOGMTTSN,REALCO LOGISTICS LTD.,Company,,CNTSN,REALOGMTTSN,,,,,,,,,,,,,,,,,,,,,www.realcolog.com,,,REALOGMTTSN,,,+8613820294377,arthurshang.tsn@realcolog.com,,,,,,,,,,,,,,,0,,,,,,,,,,,,,,,,,,,,,,,,,,,,,,
HANSEASEL,HANKYONG SEA & AIR CO. LTD.,Company,,KRSEL,HANSEASEL,,,,,,,,,,,,,,,,,,,,,,,,HANSEASEL,,,,logitec@hankyong.com,,,,,,,,,,,,,,,0,,,,,,,,,,,,,,,,,,,,,,,,,,,,,,
INTESA_ES,INTERTRANSIT S.A.,Company,,ESBCN,INTESA_ES,,,,,,,,,,,,,,,,,,,,,,,,INTESA_ES,,,,,,,,,,,,,,,,,,,0,,,,,,,,,,,,,,,,,,,,,,,,,,,,,,
YANTOPTAO,YANTAI TOPTECH LTD.,Company,,CNQIN,YANTOPTAO,,,,,,,,,,,,,,,,,,,,,,,,YANTOPTAO,,,,,,,,,,,,,,,,,,,0,,,,,,,,,,,,,,,,,,,,,,,,,,,,,,
PHIFAUQZV,PHILIPPE FAUVEDER & CIE,Company,,FRROI,PHIFAUQZV,,,,,,,,,,,,,,,,,,,,,,,,PHIFAUQZV,,,,,,,,,,,,,,,,,,,0,,,,,,,,,,,,,,,,,,,,,,,,,,,,,,
DFDLOGMER,DFD LOGISTICS,Company,,TRMER,DFDLOGMER,,,,,,,,,,,,,,,,,,,,,www.dfdlogistics.com,,,DFDLOGMER,,,+905498061692,emele@dfdlogistics.com,,,,,,,,,,,,,,,0,,,,,,,,,,,,,,,,,,,,,,,,,,,,,,
SHAMAOSHA,SHANGHAI MAOHONG INTERNATIONAL TRANSPORTATION,Company,,CNSHA,SHAMAOSHA,,,,,,,,,,,,,,,,,,,,,,,,SHAMAOSHA,,,,,,,,,,,,,,,,,,,0,,,,,,,,,,,,,,,,,,,,,,,,,,,,,,
TRAFRESBKUL,TRANSOCEAN FREIGHT SERVICES SDN BHD,Company,,MYKUL,TRAFRESBKUL,,,,,,,,,,,,,,,,,,,,,,,,TRAFRESBKUL,,,,,,,,,,,,,,,,,,,0,,,,,,,,,,,,,,,,,,,,,,,,,,,,,,
PAXLOGPUS,PAX LOGISTICS CO LTD.,Company,,KRPUS,PAXLOGPUS,,,,,,,,,,,,,,,,,,,,,,,,PAXLOGPUS,,,+821093257988,,,,,,,,,,,,,,,,0,,,,,,,,,,,,,,,,,,,,,,,,,,,,,,
UNIINTUKB,"UNITE INTERNATIONAL FREIGHT AGENCY CO., LTD",Company,,JPUKB,UNIINTUKB,,,,,,,,,,,,,,,,,,,,,,,,UNIINTUKB,,,,,,,,,,,,,,,,,,,0,,,,,,,,,,,,,,,,,,,,,,,,,,,,,,
SKESHEBNE,SKELTON SHERBORNE,Company,,AUBNE,SKESHEBNE,,,,,,,,,,,,,,,,,,,,,,,,SKESHEBNE,,,,,,,,,,,,,,,,,,,0,,,,,,,,,,,,,,,,,,,,,,,,,,,,,,
MAIUSANYC,MAINFREIGHT USA (FORMERLY TARGET LOGISTICS SVCS),Company,,USNYC,MAIUSANYC,,,,,,,,,,,,,,,,,,,,,,,,MAIUSANYC,,,,,,,,,,,,,,,,,,,0,,,,,,,,,,,,,,,,,,,,,,,,,,,,,,
SMAIMEBKK,SMART IMEX MARINE CO. TLD,Company,,THBKK,SMAIMEBKK,,,,,,,,,,,,,,,,,,,,,,,,SMAIMEBKK,,,,smartim@cscoms.com,,,,,,,,,,,,,,,0,,,,,,,,,,,,,,,,,,,,,,,,,,,,,,
JUBTRUCEB,JUBAY TRUCKING SERVICES,Company,,PHCEB,JUBTRUCEB,,,,,,,,,,,,,,,,,,,,,,,,JUBTRUCEB,,,,,,,,,,,,,,,,,,,0,,,,,,,,,,,,,,,,,,,,,,,,,,,,,,
OPSBGAAFE,O.P.S.I. SCS LTD.,Company,,ILBGA,OPSBGAAFE,,,,,,,,,,,,,,,,,,,,,,,,OPSBGAAFE,,,,noap@ups.co.il,,,,,,,,,,,,,,,0,,,,,,,,,,,,,,,,,,,,,,,,,,,,,,
KORTOTSEL,"KOREA TOTAL LOGISTICS CO., LTD.",Company,,KRSEL,KORTOTSEL,,,,,,,,,,,,,,,,,,,,,,,,KORTOTSEL,,,,,,,,,,,,,,,,,,,0,,,,,,,,,,,,,,,,,,,,,,,,,,,,,,
GRECARSFT,GREEN CARRIER SWEDEN AB,Company,,SESFT,GRECARSFT,,,,,,,,,,,,,,,,,,,,,,,,GRECARSFT,,,,,,,,,,,,,,,,,,,0,,,,,,,,,,,,,,,,,,,,,,,,,,,,,,
ORYSGNAFE,"ORYX TRADING CO., LTD.",Company,,VNSGN,ORYSGNAFE,,,,,,,,,,,,,,,,,,,,,,,,ORYSGNAFE,,,+84839142733,hanhuynh@otco.com.vn,,,,,,,,,,,,,,,0,,,,,,,,,,,,,,,,,,,,,,,,,,,,,,
KINWELSZX,"KING WELL EXPRESS, INC.",Company,,CNSZX,KINWELSZX,,,,,,,,,,,,,,,,,,,,,,,,KINWELSZX,,,,kwsz@kingwellsz.com,,,,,,,,,,,,,,,0,,,,,,,,,,,,,,,,,,,,,,,,,,,,,,
EFLINTDUB,EFL INTERNATIONAL DISTRIBUTION LTD,Company,,IEDUB,EFLINTDUB,,,,,,,,,,,,,,,,,,,,,,,,EFLINTDUB,,,,,,,,,,,,,,,,,,,0,,,,,,,,,,,,,,,,,,,,,,,,,,,,,,
MATTRAOGI,MAT TRANSPORT AG,Company,,CHOGI,MATTRAOGI,,,,,,,,,,,,,,,,,,,,,,,,MATTRAOGI,,,,,,,,,,,,,,,,,,,0,,,,,,,,,,,,,,,,,,,,,,,,,,,,,,
STRTRADUS,STRECK TRANSPORT GMBH,Company,,DEDUS,STRTRADUS,,,,,,,,,,,,,,,,,,,,,,,,STRTRADUS,,,,,,,,,,,,,,,,,,,0,,,,,,,,,,,,,,,,,,,,,,,,,,,,,,
ASECODUB,ASECO IRELAND LIMITED,Company,,IEDUB,ASECODUB,,,,,,,,,,,,,,,,,,,,,,,,ASECODUB,,,,,,,,,,,,,,,,,,,0,,,,,,,,,,,,,,,,,,,,,,,,,,,,,,
CERTESCAS,CERAMICAS TESANY S L,Company,,ESCAS,CERTESCAS,,,,,,,,,,,,,,,,,,,,,,,,CERTESCAS,,,,,,,,,,,,,,,,,,,0,,,,,,,,,,,,,,,,,,,,,,,,,,,,,,
WTLINTCMB,WTL INTERNATIONAL (PVT) LTD.,Company,,LKCMB,WTLINTCMB,,,,,,,,,,,,,,,,,,,,,,,,WTLINTCMB,,,+94773444693,,,,,,,,,,,,,,,,0,,,,,,,,,,,,,,,,,,,,,,,,,,,,,,
AGISINAFE,AGILITY FAIRS & EVENTS LOGISTICS PTE LTD,Company,,SGSIN,AGISINAFE,,,,,,,,,,,,,,,,,,,,,,,,AGISINAFE,,,,MNg@agility.com,,,,,,,,,,,,,,,0,,,,,,,,,,,,,,,,,,,,,,,,,,,,,,
PAXGLOSEL,"PAX GLOBAL CARGO, INC.",Company,,KRSEL,PAXGLOSEL,,,,,,,,,,,,,,,,,,,,,,,,PAXGLOSEL,,,,pax@paxglobalcargo.com,,,,,,,,,,,,,,,0,,,,,,,,,,,,,,,,,,,,,,,,,,,,,,
KANNINKHH,KANG NIN INDUSTRIAL CO LTD,Company,,TWKHH,KANNINKHH,,,,,,,,,,,,,,,,,,,,,,,,KANNINKHH,,,,,,,,,,,,,,,,,,,0,,,,,,,,,,,,,,,,,,,,,,,,,,,,,,
DIMOTRNCE,DIMOTRANS,Company,,FRNCE,DIMOTRNCE,,,,,,,,,,,,,,,,,,,,,,,,DIMOTRNCE,,,,shan@dimotrans-group.com,,,,,,,,,,,,,,,0,,,,,,,,,,,,,,,,,,,,,,,,,,,,,,
ARGFORFXT,ARGONAUT FORWARDING LIMITED,Company,,GBFXT,ARGFORFXT,,,,,,,,,,,,,,,,,,,,,,,,ARGFORFXT,,,,,,,,,,,,,,,,,,,0,,,,,,,,,,,,,,,,,,,,,,,,,,,,,,
BEELOGSGN,BEE LOGISTICS CORPORATION,Company,,VNSGN,BEELOGSGN,,,,,,,,,,,,,,,,,,,,,www.beelogistics.com,,,BEELOGSGN,,,,sally.vnsgn@beelogistics.com,,,,,,,,,,,,,,,0,,,,,,,,,,,,,,,,,,,,,,,,,,,,,,
REPSTEALG,REPRESENTACOES STEIMETZ GROSS LTDA,Company,,BRALG,REPSTEALG,,,,,,,,,,,,,,,,,,,,,,,,REPSTEALG,,,,,,,,,,,,,,,,,,,0,,,,,,,,,,,,,,,,,,,,,,,,,,,,,,
INTSHIBLA,INTERGROUP SHIPPING (WA) PTY LTD,Company,,AUBLA,INTSHIBLA,,,,,,,,,,,,,,,,,,,,,,,,INTSHIBLA,,,,intergroupwa@intergroupwa.com.au,,,,,,,,,,,,,,,0,,,,,,,,,,,,,,,,,,,,,,,,,,,,,,
PTBADGJKT,PT. BADGER LOGISTICS SUKSES,Company,,IDJKT,PTBADGJKT,,,,,,,,,,,,,,,,,,,,,,,,PTBADGJKT,,,,jakarta@badger.com.sg,,,,,,,,,,,,,,,0,,,,,,,,,,,,,,,,,,,,,,,,,,,,,,
PTCENLJKT,PT. CENTRAL LINTAS CONTINENT,Company,,IDJKT,PTCENLJKT,,,,,,,,,,,,,,,,,,,,,www.clc-indonesia.com,,,PTCENLJKT,,,,info@clc-indoensia.com,,,,,,,,,,,,,,,0,,,,,,,,,,,,,,,,,,,,,,,,,,,,,,
SIAILOBKK,SIAM I-LOGISTICS LTD.,Company,,THBKK,SIAILOBKK,,,,,,,,,,,,,,,,,,,,,,,,SIAILOBKK,,,,see contacts,,,,,,,,,,,,,,,0,,,,,,,,,,,,,,,,,,,,,,,,,,,,,,
TAUELSEL,TAUEL CO. LTD.,Company,,KRSEL,TAUELSEL,,,,,,,,,,,,,,,,,,,,,,,,TAUELSEL,,,,taeul@taeul.biz,,,,,,,,,,,,,,,0,,,,,,,,,,,,,,,,,,,,,,,,,,,,,,
CLASQUNAN,CLASQUIN NANTES,Company,,FRNTE,CLASQUNAN,,,,,,,,,,,,,,,,,,,,,,,,CLASQUNAN,,,,,,,,,,,,,,,,,,,0,,,,,,,,,,,,,,,,,,,,,,,,,,,,,,
INTSHIPHKG,INTERGROUP SHIPPING (ASIA) LTD.,Company,,HKHKG,INTSHIPHKG,,,,,,,,,,,,,,,,,,,,,,,,INTSHIPHKG,,,,home@hkg.intergroup.biz,,,,,,,,,,,,,,,0,,,,,,,,,,,,,,,,,,,,,,,,,,,,,,
ATLFREPKG,ATLANTIC FREIGHT SERVICES,Company,,MYPKG,ATLFREPKG,,,,,,,,,,,,,,,,,,,,,,,,ATLFREPKG,,,,atlan@tm.net.my,,,,,,,,,,,,,,,0,,,,,,,,,,,,,,,,,,,,,,,,,,,,,,
SCHAGIRTH,"SCHENKER & CO. AG, INTERN. FORWARDER",Company,,ATRTH,SCHAGIRTH,,,,,,,,,,,,,,,,,,,,,,,,SCHAGIRTH,,,,,,,,,,,,,,,,,,,0,,,,,,,,,,,,,,,,,,,,,,,,,,,,,,
HORSAISKG,HORIZON S.A INTERNATIONAL TRANSPORTS,Company,,GRSKG,HORSAISKG,,,,,,,,,,,,,,,,,,,,,,,,HORSAISKG,,,,horinord@otenet.gr,,,,,,,,,,,,,,,0,,,,,,,,,,,,,,,,,,,,,,,,,,,,,,
ITELOGCPH,"ITELLA LOGSITICS A/S, (DENMARK)",Company,,DKCPH,ITELOGCPH,,,,,,,,,,,,,,,,,,,,,,,,ITELOGCPH,,,,,,,,,,,,,,,,,,,0,,,,,,,,,,,,,,,,,,,,,,,,,,,,,,
KNOGLOFUK,"KNOT GLOBAL HOLDINGS CO., LTD.",Company,,JPFUK,KNOGLOFUK,,,,,,,,,,,,,,,,,,,,,,,,KNOGLOFUK,,,,,,,,,,,,,,,,,,,0,,,,,,,,,,,,,,,,,,,,,,,,,,,,,,
ULFRIGHAM,UL FRIGOSERVICE GMBH & CO. KG,Company,,DEHAM,ULFRIGHAM,,,,,,,,,,,,,,,,,,,,,,,,ULFRIGHAM,,,,joerg.schlueter@uhlhorn.de,,,,,,,,,,,,,,,0,,,,,,,,,,,,,,,,,,,,,,,,,,,,,,
FRESYSDAC,"FREIGHT SYSTEMS CO, LTD.",Company,,BDDAC,FRESYSDAC,,,,,,,,,,,,,,,,,,,,,,,,FRESYSDAC,,,,,,,,,,,,,,,,,,,0,,,,,,,,,,,,,,,,,,,,,,,,,,,,,,
SBSWORLAX,SBS WORLDWIDE INC.,Company,,USLAX,SBSWORLAX,,,,,,,,,,,,,,,,,,,,,http://sbsworldwide.com,,,SBSWORLAX,,,,lax@sbsworldwide.com,,,,,,,,,,,,,,,0,,,,,,,,,,,,,,,,,,,,,,,,,,,,,,
RANLOGSAO,RANUR LOGISTICS LTDA,Company,,BRSAO,RANLOGSAO,,,,,,,,,,,,,,,,,,,,,,,,RANLOGSAO,,,,,,,,,,,,,,,,,,,0,,,,,,,,,,,,,,,,,,,,,,,,,,,,,,
ALITRAGOA,ALITRANS SRL,Company,,ITGOA,ALITRAGOA,,,,,,,,,,,,,,,,,,,,,,,,ALITRAGOA,,,,,,,,,,,,,,,,,,,0,,,,,,,,,,,,,,,,,,,,,,,,,,,,,,
VIEPROSGN,"VIET NAM PROJECTS TRANSPORT CO., LTD",Company,,VNSGN,VIEPROSGN,,,,,,,,,,,,,,,,,,,,,,,,VIEPROSGN,,,,,,,,,,,,,,,,,,,0,,,,,,,,,,,,,,,,,,,,,,,,,,,,,,
FMOVERHAM,FM OVERSEAS DEUTSCHLAND GMBH,Company,,DEHAM,FMOVERHAM,,,,,,,,,,,,,,,,,,,,,,,,FMOVERHAM,,,,,,,,,,,,,,,,,,,0,,,,,,,,,,,,,,,,,,,,,,,,,,,,,,
FERDIOVCE,FEREXPORT SAS DI ORIANO MABELINNI & CO.,Company,,ITVCE,FERDIOVCE,,,,,,,,,,,,,,,,,,,,,,,,FERDIOVCE,,,,,,,,,,,,,,,,,,,0,,,,,,,,,,,,,,,,,,,,,,,,,,,,,,
FRESYSLUH,FREIGHT SYSTEMS (INDIA) (P) LTD,Company,,INLUH,FRESYSLUH,,,,,,,,,,,,,,,,,,,,,,,,FRESYSLUH,,,,,,,,,,,,,,,,,,,0,,,,,,,,,,,,,,,,,,,,,,,,,,,,,,
LENEXPLAX,"LENNEX EXPRESS, INC.",Company,,USLAX,LENEXPLAX,,,,,,,,,,,,,,,,,,,,,,,,LENEXPLAX,,,,,,,,,,,,,,,,,,,0,,,,,,,,,,,,,,,,,,,,,,,,,,,,,,
EAGALLSHA,EAGLE ALLIANCE INTERNATIONAL,Company,,CNSHA,EAGALLSHA,,,,,,,,,,,,,,,,,,,,,,,,EAGALLSHA,,,,,,,,,,,,,,,,,,,0,,,,,,,,,,,,,,,,,,,,,,,,,,,,,,
INTSPAVDN,INTERCOSPED S.P.A (VIADANA),Company,,ITVDN,INTSPAVDN,,,,,,,,,,,,,,,,,,,,,,,,INTSPAVDN,,,,,,,,,,,,,,,,,,,0,,,,,,,,,,,,,,,,,,,,,,,,,,,,,,
FAUPHELEH,FAUVEDER PH ET CIE A MONTOIR,Company,,FRLEH,FAUPHELEH,,,,,,,,,,,,,,,,,,,,,,,,FAUPHELEH,,,,,,,,,,,,,,,,,,,0,,,,,,,,,,,,,,,,,,,,,,,,,,,,,,
RIMLOGLAX,RIM LOGISTICS LTD,Company,,USLAX,RIMLOGLAX,,,,,,,,,,,,,,,,,,,,,,,,RIMLOGLAX,,,,,,,,,,,,,,,,,,,0,,,,,,,,,,,,,,,,,,,,,,,,,,,,,,
GONDUKPME,GONDRAND UK,Company,,GBPME,GONDUKPME,,,,,,,,,,,,,,,,,,,,,,,,GONDUKPME,,,,,,,,,,,,,,,,,,,0,,,,,,,,,,,,,,,,,,,,,,,,,,,,,,
KECTRALEI,KEC TRANSITOS NAVIGACIAO LTDA.,Company,,PTLEI,KECTRALEI,,,,,,,,,,,,,,,,,,,,,,,,KECTRALEI,,,,,,,,,,,,,,,,,,,0,,,,,,,,,,,,,,,,,,,,,,,,,,,,,,
CLASQUQIN,CLASQUIN SHANGHAI LTD QINGDAO,Company,,CNTXG,CLASQUQIN,,,,,,,,,,,,,,,,,,,,,,,,CLASQUQIN,,,,,,,,,,,,,,,,,,,0,,,,,,,,,,,,,,,,,,,,,,,,,,,,,,
DJEXPHHKG,"DJ EXPRESS (HK) CO., LTD.",Company,,HKHKG,DJEXPHHKG,,,,,,,,,,,,,,,,,,,,,,,,DJEXPHHKG,,,,djhkg@netvigator.com,,,,,,,,,,,,,,,0,,,,,,,,,,,,,,,,,,,,,,,,,,,,,,
KORFREXMN,KORCHINA FREIGHT (MAINLAND) LTD.,Company,,CNXMN,KORFREXMN,,,,,,,,,,,,,,,,,,,,,,,,KORFREXMN,,,,,,,,,,,,,,,,,,,0,,,,,,,,,,,,,,,,,,,,,,,,,,,,,,
GUANFEHUA,GUANGZHOU GUANFENG INT'L LOGISTICS CO. LTD.,Company,,CNHUA,GUANFEHUA,,,,,,,,,,,,,,,,,,,,,,,,GUANFEHUA,,,,,,,,,,,,,,,,,,,0,,,,,,,,,,,,,,,,,,,,,,,,,,,,,,
AIRCATFRA,AIR CAT,Company,,DEFRA,AIRCATFRA,,,,,,,,,,,,,,,,,,,,,,,,AIRCATFRA,,,,cat_singapore@pacific.net.sg,,,,,,,,,,,,,,,0,,,,,,,,,,,,,,,,,,,,,,,,,,,,,,
APCREATXG,APC-REALCO LTD.,Company,,TWTXG,APCREATXG,,,,,,,,,,,,,,,,,,,,,,,,APCREATXG,,,,taichung@realco.com.tw,,,,,,,,,,,,,,,0,,,,,,,,,,,,,,,,,,,,,,,,,,,,,,
TAIAIRTYO,TAIUN AIRFREIGHT SERVICE,Company,,JPTYO,TAIAIRTYO,,,,,,,,,,,,,,,,,,,,,,,,TAIAIRTYO,,,,,,,,,,,,,,,,,,,0,,,,,,,,,,,,,,,,,,,,,,,,,,,,,,
ATLCONJKT,ATLAS CONTAINER LINES CO. LTD.,Company,,IDJKT,ATLCONJKT,,,,,,,,,,,,,,,,,,,,,,,,ATLCONJKT,,,,atlascontainer@indo.net,,,,,,,,,,,,,,,0,,,,,,,,,,,,,,,,,,,,,,,,,,,,,,
SYMEXPTPE,"SYMATRANS EXPRESS CO., LTD",Company,,TWTPE,SYMEXPTPE,,,,,,,,,,,,,,,,,,,,,,,,SYMEXPTPE,,,,,,,,,,,,,,,,,,,0,,,,,,,,,,,,,,,,,,,,,,,,,,,,,,
RONYAEASH,RON YAEL CREATIVE COMMUNICATIONS LTD.,Company,,ILASH,RONYAEASH,,,,,,,,,,,,,,,,,,,,,,,,RONYAEASH,,,,yael.ronbirman@gmail.com,,,,,,,,,,,,,,,0,,,,,,,,,,,,,,,,,,,,,,,,,,,,,,
AVAMEDNFF,AVANTE MEDICAL SURGICAL,Company,,USNFF,AVAMEDNFF,,,,,,,,,,,,,,,,,,,,,,,,AVAMEDNFF,,,,,,,,,,,,,,,,,,,0,,,,,,,,,,,,,,,,,,,,,,,,,,,,,,
NINTRANBO,NINGBO TRANS FAR EAST LOGISTICS CO LTD,Company,,CNNBO,NINTRANBO,,,,,,,,,,,,,,,,,,,,,,,,NINTRANBO,,,,TransFarEast@163.com,,,,,,,,,,,,,,,0,,,,,,,,,,,,,,,,,,,,,,,,,,,,,,
AVEGLOSEP,AVEON GLOBAL TRANSPORTS SDN BHD,Company,,MYSEP,AVEGLOSEP,,,,,,,,,,,,,,,,,,,,,,,,AVEGLOSEP,,,,,,,,,,,,,,,,,,,0,,,,,,,,,,,,,,,,,,,,,,,,,,,,,,
LOGPLUKLA,LOGISTICS PLUS SDN BHD,Company,,MYKLA,LOGPLUKLA,,,,,,,,,,,,,,,,,,,,,,,,LOGPLUKLA,,,,,,,,,,,,,,,,,,,0,,,,,,,,,,,,,,,,,,,,,,,,,,,,,,
SHAZANSHA,"SHANGHAI ZANMEI INTERNATIONAL LOGISTICS CO.,LTD",Company,,CNSHA,SHAZANSHA,,,,,,,,,,,,,,,,,,,,,,,,SHAZANSHA,,,,,,,,,,,,,,,,,,,0,,,,,,,,,,,,,,,,,,,,,,,,,,,,,,
DIMLEHLEH,DIMOTRANS LE HARVE,Company,,FRLEH,DIMLEHLEH,,,,,,,,,,,,,,,,,,,,,,,,DIMLEHLEH,,,,,,,,,,,,,,,,,,,0,,,,,,,,,,,,,,,,,,,,,,,,,,,,,,
DMFINTDUB,DMF INTERNATIONAL LTD.,Company,,IEDUB,DMFINTDUB,,,,,,,,,,,,,,,,,,,,,,,,DMFINTDUB,,,,dmf@iol.ie,,,,,,,,,,,,,,,0,,,,,,,,,,,,,,,,,,,,,,,,,,,,,,
ALPCOOJPU,PT. ALPINE COOL UTAMA,Company,,IDJPU,ALPCOOJPU,,,,,,,,,,,,,,,,,,,,,,,,ALPCOOJPU,,,,,,,,,,,,,,,,,,,0,,,,,,,,,,,,,,,,,,,,,,,,,,,,,,
ORMESAROM,ORMESANI SRL,Company,,ITROM,ORMESAROM,,,,,,,,,,,,,,,,,,,,,,,,ORMESAROM,,,,valeria.alongi@ormesani.it,,,,,,,,,,,,,,,0,,,,,,,,,,,,,,,,,,,,,,,,,,,,,,
GLOINTYYZ,GLOBO INTERNATIONAL,Company,,CAYYZ,GLOINTYYZ,,,,,,,,,,,,,,,,,,,,,,,,GLOINTYYZ,,,,flexport@globointl.com,,,,,,,,,,,,,,,0,,,,,,,,,,,,,,,,,,,,,,,,,,,,,,
OMNINTYUL,OMNITRANS INTERNATIONAL,Company,,CAYUL,OMNINTYUL,,,,,,,,,,,,,,,,,,,,,,,,OMNINTYUL,,,,,,,,,,,,,,,,,,,0,,,,,,,,,,,,,,,,,,,,,,,,,,,,,,
BLUWATBCN,BLUE WATER SHIPPING S.A.,Company,,ESBCN,BLUWATBCN,,,,,,,,,,,,,,,,,,,,,,,,BLUWATBCN,,,,jhernandez@bws.es,,,,,,,,,,,,,,,0,,,,,,,,,,,,,,,,,,,,,,,,,,,,,,
UNIWINXMN,UNITED WIN LOGISTICS COMPANY,Company,,CNXMN,UNIWINXMN,,,,,,,,,,,,,,,,,,,,,,,,UNIWINXMN,,,,,,,,,,,,,,,,,,,0,,,,,,,,,,,,,,,,,,,,,,,,,,,,,,
TCBDUB,TCB GROUP,Company,,IEDUB,TCBDUB,,,,,,,,,,,,,,,,,,,,,,,,TCBDUB,,,,,,,,,,,,,,,,,,,0,,,,,,,,,,,,,,,,,,,,,,,,,,,,,,
CORINTSZX,CORWIN INTERNATIONAL LOGISTICS CORP.,Company,,CNSZX,CORINTSZX,,,,,,,,,,,,,,,,,,,,,,,,CORINTSZX,,,,,,,,,,,,,,,,,,,0,,,,,,,,,,,,,,,,,,,,,,,,,,,,,,
OCEBLIMNL,OCEAN BLITZ LOGISTICS INT’L INC,Company,,PHMNL,OCEBLIMNL,,,,,,,,,,,,,,,,,,,,,,,,OCEBLIMNL,,,,,,,,,,,,,,,,,,,0,,,,,,,,,,,,,,,,,,,,,,,,,,,,,,
SISLOGNKN,SIS LOGISTIK GMBH HANNOVER,Company,,DENKN,SISLOGNKN,,,,,,,,,,,,,,,,,,,,,,,,SISLOGNKN,,,,,,,,,,,,,,,,,,,0,,,,,,,,,,,,,,,,,,,,,,,,,,,,,,
FERLOGHKG,FERRARI LOGISTICS (ASIA) LTD.,Company,,HKHKG,FERLOGHKG,,,,,,,,,,,,,,,,,,,,,,,,FERLOGHKG,,,,,,,,,,,,,,,,,,,0,,,,,,,,,,,,,,,,,,,,,,,,,,,,,,
3ASERCSGN,3A SERVICES CO.LTD.,Company,,VNSGN,3ASERCSGN,,,,,,,,,,,,,,,,,,,,,,,,3ASERCSGN,,,,brighttiger@hcm.fpt.vn,,,,,,,,,,,,,,,0,,,,,,,,,,,,,,,,,,,,,,,,,,,,,,
UNILOGVAR,UNIMASTERS LOGISTICS SCS LTD,Company,,BGVAR,UNILOGVAR,,,,,,,,,,,,,,,,,,,,,www.unimasters.com,,,UNILOGVAR,,,,sales@unimasters.com,,,,,,,,,,,,,,,0,,,,,,,,,,,,,,,,,,,,,,,,,,,,,,
SAGFORSAI,SAGEMAR FORWARDING SA,Company,,CLSAI,SAGFORSAI,,,,,,,,,,,,,,,,,,,,,,,,SAGFORSAI,,,,,,,,,,,,,,,,,,,0,,,,,,,,,,,,,,,,,,,,,,,,,,,,,,
BLUEBJAFE,BLUE WATER SHIPPING A/S,Company,,DKEBJ,BLUEBJAFE,,,,,,,,,,,,,,,,,,,,,,,,BLUEBJAFE,,,+4551299807,lark@bws.dk,,,,,,,,,,,,,,,0,,,,,,,,,,,,,,,,,,,,,,,,,,,,,,
TUVRHEBKK,TUV RHEINLAND THAILAND LTD.,Company,,THBKK,TUVRHEBKK,,,,,,,,,,,,,,,,,,,,,,,,TUVRHEBKK,,,,,,,,,,,,,,,,,,,0,,,,,,,,,,,,,,,,,,,,,,,,,,,,,,
FRESYSHYD,FREIGHT SYSTEMS INDIA PVT LTD,Company,,INHYD,FRESYSHYD,,,,,,,,,,,,,,,,,,,,,,,,FRESYSHYD,,,,,,,,,,,,,,,,,,,0,,,,,,,,,,,,,,,,,,,,,,,,,,,,,,
ARRFREXMN,ARROW FREIGHT SERVICES (XIAMEN) LTD.,Company,,CNXMN,ARRFREXMN,,,,,,,,,,,,,,,,,,,,,,,,ARRFREXMN,,,,,,,,,,,,,,,,,,,0,,,,,,,,,,,,,,,,,,,,,,,,,,,,,,
ANDLOGSCL,ANDES LOGISTICS DE CHILE SA,Company,,CLSCL,ANDLOGSCL,,,,,,,,,,,,,,,,,,,,,,,,ANDLOGSCL,,,,,,,,,,,,,,,,,,,0,,,,,,,,,,,,,,,,,,,,,,,,,,,,,,
SHILOGLAX,SHIPIT LOGISTICS,Company,,USLAX,SHILOGLAX,,,,,,,,,,,,,,,,,,,,,,,,SHILOGLAX,,,,,,,,,,,,,,,,,,,0,,,,,,,,,,,,,,,,,,,,,,,,,,,,,,
QCSQUIAMS,QCS - QUICK CARGO SERVICE BV,Company,,NLAMS,QCSQUIAMS,,,,,,,,,,,,,,,,,,,,,,,,QCSQUIAMS,,,,,,,,,,,,,,,,,,,0,,,,,,,,,,,,,,,,,,,,,,,,,,,,,,
THIPHUSGN,"THIEN PHUC CO., LTD",Company,,VNSGN,THIPHUSGN,,,,,,,,,,,,,,,,,,,,,,,,THIPHUSGN,,,,,,,,,,,,,,,,,,,0,,,,,,,,,,,,,,,,,,,,,,,,,,,,,,
AELBERHKG,AEL BERKMAN,Company,,HKHKG,AELBERHKG,,,,,,,,,,,,,,,,,,,,,,,,AELBERHKG,,,,,,,,,,,,,,,,,,,0,,,,,,,,,,,,,,,,,,,,,,,,,,,,,,
DTCHINSHA,DT CHINA (SHANGHAI) LTD. SHENZHEN BRANCH,Company,,CNSGH,DTCHINSHA,,,,,,,,,,,,,,,,,,,,,,,,DTCHINSHA,,,,,,,,,,,,,,,,,,,0,,,,,,,,,,,,,,,,,,,,,,,,,,,,,,
IFEGLOLHR,IFE GLOBAL LOGISTICS (AIRFREIGHT) LTD,Company,,GBLHR,IFEGLOLHR,,,,,,,,,,,,,,,,,,,,,,,,IFEGLOLHR,,,,,,,,,,,,,,,,,,,0,,,,,,,,,,,,,,,,,,,,,,,,,,,,,,
LYNINTSEA,LYNDEN INTERNATIONAL,Company,,USSEA,LYNINTSEA,,,,,,,,,,,,,,,,,,,,,www.lynden.com/lint,,,LYNINTSEA,,,+12062454783,dgotham@lynden.com,,,,,,,,,,,,,,,0,,,,,,,,,,,,,,,,,,,,,,,,,,,,,,
CAREXPSPN,"CARGO EXPRESS (SAIPAN),INC.",Company,,MPSPN,CAREXPSPN,,,,,,,,,,,,,,,,,,,,,,,,CAREXPSPN,,,+16702871940,melanie_galapon@cargoexpressi.com,,,,,,,,,,,,,,,0,,,,,,,,,,,,,,,,,,,,,,,,,,,,,,
MYATOURGN,MYANMAR TOURISM MARKETING,Company,,MMRGN,MYATOURGN,,,,,,,,,,,,,,,,,,,,,,,,MYATOURGN,,,+959977204460,marketing.mgr@tourismmyanmar.org,,,,,,,,,,,,,,,0,,,,,,,,,,,,,,,,,,,,,,,,,,,,,,
AIRPHICEB,AIRSPEED PHILIPPINES INC.,Company,,PHCEB,AIRPHICEB,,,,,,,,,,,,,,,,,,,,,,,,AIRPHICEB,,,,,,,,,,,,,,,,,,,0,,,,,,,,,,,,,,,,,,,,,,,,,,,,,,
MOVINTSYD,MOVEMENTS INTERNATIONAL MOVERS PTY. LTD.,Company,,AUSYD,MOVINTSYD,,,,,,,,,,,,,,,,,,,,,,,,MOVINTSYD,,,,karen.taylor@mim.net.au,,,,,,,,,,,,,,,0,,,,,,,,,,,,,,,,,,,,,,,,,,,,,,
SHASEAGUA,SHANGHAI SEASHORE INTL LOGISTICS CO. LTD,Company,,CNGUA,SHASEAGUA,,,,,,,,,,,,,,,,,,,,,,,,SHASEAGUA,,,,,,,,,,,,,,,,,,,0,,,,,,,,,,,,,,,,,,,,,,,,,,,,,,
CENEXPTAO,CENTURY EXPRESS LOGISTICS CO LTD (QINGDAO)),Company,,CNTAO,CENEXPTAO,,,,,,,,,,,,,,,,,,,,,,,,CENEXPTAO,,,,,,,,,,,,,,,,,,,0,,,,,,,,,,,,,,,,,,,,,,,,,,,,,,
PTICONBLW,PT. ICON FREIGHT INDONESIA,Company,,IDBLW,PTICONBLW,,,,,,,,,,,,,,,,,,,,,,,,PTICONBLW,,,,,,,,,,,,,,,,,,,0,,,,,,,,,,,,,,,,,,,,,,,,,,,,,,
MOVSYSBKK,MOVEMAX SYSTEM  LOGISTICS CO. LTD.,Company,,THBKK,MOVSYSBKK,,,,,,,,,,,,,,,,,,,,,,,,MOVSYSBKK,,,+66863672675,,,,,,,,,,,,,,,,0,,,,,,,,,,,,,,,,,,,,,,,,,,,,,,
REALOGNAY,REALCO LOGISTICS LTD. BEIJING OFFICE,Company,,CNBJS,REALOGNAY,,,,,,,,,,,,,,,,,,,,,www.realcolog.com,,,REALOGNAY,,,+8613691077626,connyguo.bjs@realcolog.com,,,,,,,,,,,,,,,0,,,,,,,,,,,,,,,,,,,,,,,,,,,,,,
SURTECCEB,SURFACE TECHNOLOGY INTERNATIONAL PHILIPPINES INC,Company,,PHCEB,SURTECCEB,,,,,,,,,,,,,,,,,,,,,,,,SURTECCEB,,,,,,,,,,,,,,,,,,,0,,,,,,,,,,,,,,,,,,,,,,,,,,,,,,
MAVSYSSOU,MAVENIR SYSTEMS LTD,Company,,GBSOU,MAVSYSSOU,,,,,,,,,,,,,,,,,,,,,,,,MAVSYSSOU,,,,,,,,,,,,,,,,,,,0,,,,,,,,,,,,,,,,,,,,,,,,,,,,,,
CPSMODSAO,CPS MODALY LOGISTICS(AGENT:BR LINKS INTL,Company,,BRSAO,CPSMODSAO,,,,,,,,,,,,,,,,,,,,,,,,CPSMODSAO,,,,,,,,,,,,,,,,,,,0,,,,,,,,,,,,,,,,,,,,,,,,,,,,,,
ONWCONHKG,ONWIN CONTAINER LINE LTD.,Company,,HKHKG,ONWCONHKG,,,,,,,,,,,,,,,,,,,,,,,,ONWCONHKG,,,,,,,,,,,,,,,,,,,0,,,,,,,,,,,,,,,,,,,,,,,,,,,,,,
REALOGXMN,REALCO  LOGISTICS LTD,Company,,CNXMN,REALOGXMN,,,,,,,,,,,,,,,,,,,,,,,,REALOGXMN,,,,,,,,,,,,,,,,,,,0,,,,,,,,,,,,,,,,,,,,,,,,,,,,,,
SECLOGJEA,SECURE LOGISTICS & FREIGHT SOLUTIONS LLC,Company,,AEJEA,SECLOGJEA,,,,,,,,,,,,,,,,,,,,,,,,SECLOGJEA,,,,,,,,,,,,,,,,,,,0,,,,,,,,,,,,,,,,,,,,,,,,,,,,,,
FUCHUNTNN,"FU CHUN SHIN MACHINERY MANUFACTURE CO., LTD.",Company,,TWTNN,FUCHUNTNN,,,,,,,,,,,,,,,,,,,,,,,,FUCHUNTNN,,,,,,,,,,,,,,,,,,,0,,,,,,,,,,,,,,,,,,,,,,,,,,,,,,
KUTFORRUH,KUTBI FOR INT'L BUSINESS INTERNATIONAL FREIGHT FORWARDERS SAUDI ARABI,Company,,SARUH,KUTFORRUH,,,,,,,,,,,,,,,,,,,,,www.kib-sa.com,,,KUTFORRUH,,,,operation@kib-riyadh.com.sa,,,,,,,,,,,,,,,0,,,,,,,,,,,,,,,,,,,,,,,,,,,,,,
EXFREILAX,EX-FREIGHT ZETA INC.,Company,,USLAX,EXFREILAX,,,,,,,,,,,,,,,,,,,,,,,,EXFREILAX,,,,,,,,,,,,,,,,,,,0,,,,,,,,,,,,,,,,,,,,,,,,,,,,,,
LOGSERAOI,LOG SERVICE INTERNATIONAL SRL,Company,,ITAOI,LOGSERAOI,,,,,,,,,,,,,,,,,,,,,,,,LOGSERAOI,,,,,,,,,,,,,,,,,,,0,,,,,,,,,,,,,,,,,,,,,,,,,,,,,,
HONLANZSN,HONOUR LANE SHPPING LTD.-ZHONGSHAN,Company,,CNZSN,HONLANZSN,,,,,,,,,,,,,,,,,,,,,,,,HONLANZSN,,,,zhongshan@hlsholding.com.cn,,,,,,,,,,,,,,,0,,,,,,,,,,,,,,,,,,,,,,,,,,,,,,
AAINTEILG,A&A INTERNATIONAL GROUP LLC,Company,,USILG,AAINTEILG,,,,,,,,,,,,,,,,,,,,,,,,AAINTEILG,,,,,,,,,,,,,,,,,,,0,,,,,,,,,,,,,,,,,,,,,,,,,,,,,,
AERBKKAFE,"AEROCEAN LOGISTICS CO., LTD.",Company,,THBKK,AERBKKAFE,,,,,,,,,,,,,,,,,,,,,,,,AERBKKAFE,,,,waraporn@aerocean.co.th,,,,,,,,,,,,,,,0,,,,,,,,,,,,,,,,,,,,,,,,,,,,,,
AMBKULAFE,AMB TARSUS EXHIBITIONS SDN BHD,Company,,MYKUL,AMBKULAFE,,,,,,,,,,,,,,,,,,,,,,,,AMBKULAFE,,,,arief@ambtarsus.com,,,,,,,,,,,,,,,0,,,,,,,,,,,,,,,,,,,,,,,,,,,,,,
APAEXPAFE,APAC EXPO PTE LTD,Company,,SGSIN,APAEXPAFE,,,,,,,,,,,,,,,,,,,,,www.adas.ph,,,APAEXPAFE,,,+6562914129,accounts@adas.ph,,,,,,,,,,,,,,,0,,,,,,,,,,,,,,,,,,,,,,,,,,,,,,
BANLOGBKK,"BANDAI LOGIPAL (THAILAND) CO., LTD.",Company,,THBKK,BANLOGBKK,,,,,,,,,,,,,,,,,,,,,,,,BANLOGBKK,,,,sasithorn@blpinc-th.com,,,,,,,,,,,,,,,0,,,,,,,,,,,,,,,,,,,,,,,,,,,,,,
BTGPFNAFE,BTG SUISSE LTD.,Company,,CHPFN,BTGPFNAFE,,,,,,,,,,,,,,,,,,,,,,,,BTGPFNAFE,,,,events@btg-suisse.ch,,,,,,,,,,,,,,,0,,,,,,,,,,,,,,,,,,,,,,,,,,,,,,
CESBLUVCE,CESPED BLU S.R.L.,Company,,ITVCE,CESBLUVCE,,,,,,,,,,,,,,,,,,,,,,,,CESBLUVCE,,,,,,,,,,,,,,,,,,,0,,,,,,,,,,,,,,,,,,,,,,,,,,,,,,
COMELETPE,"COMPUNIC ELECTRONICS CO., LTD",Company,,TWTPE,COMELETPE,,,,,,,,,,,,,,,,,,,,,,,,COMELETPE,,,,,,,,,,,,,,,,,,,0,,,,,,,,,,,,,,,,,,,,,,,,,,,,,,
CORDIVCEB,CORNERSTONE DIVERSIFIED GOODS TRADING INC,Company,,PHCEB,CORDIVCEB,,,,,,,,,,,,,,,,,,,,,,,,CORDIVCEB,,,,,,,,,,,,,,,,,,,0,,,,,,,,,,,,,,,,,,,,,,,,,,,,,,
DAIINTBIN,"DAINAN INTERNATIONAL, INC.",Company,,PHBIN,DAIINTBIN,,,,,,,,,,,,,,,,,,,,,,,,DAIINTBIN,,,,,,,,,,,,,,,,,,,0,,,,,,,,,,,,,,,,,,,,,,,,,,,,,,
DEGRUIRTM,DE GRUIJTER & CO. (ROYAL DUTCH MOVERS),Company,,NLRTM,DEGRUIRTM,,,,,,,,,,,,,,,,,,,,,,,,DEGRUIRTM,,,,,,,,,,,,,,,,,,,0,,,,,,,,,,,,,,,,,,,,,,,,,,,,,,
GLOUNIIST,GLOBELINK UNIMAR LOJISTIK A.S.,Company,,TRIST,GLOUNIIST,,,,,,,,,,,,,,,,,,,,,,,,GLOUNIIST,,,,Can.ozer@globelink-unimar.com,,,,,,,,,,,,,,,0,,,,,,,,,,,,,,,,,,,,,,,,,,,,,,
HELSINAFE,HELUTRANS ARTMOVE (S) PTE LTD,Company,,SGSIN,HELSINAFE,,,,,,,,,,,,,,,,,,,,,,,,HELSINAFE,,,,idang@helutrans.com,,,,,,,,,,,,,,,0,,,,,,,,,,,,,,,,,,,,,,,,,,,,,,
IRAHAMBND,IRAN HAMAHANG BAR SHIPPING & INTERNATIONAL,Company,,IRBND,IRAHAMBND,,,,,,,,,,,,,,,,,,,,,www.hamahangtransport.com,,,IRAHAMBND,,,,,,,,,,,,,,,,,,,0,,,,,,,,,,,,,,,,,,,,,,,,,,,,,,
KOWEMOBTG,KOWA-EMORI PHILIPPINES INC.,Company,,PHBTG,KOWEMOBTG,,,,,,,,,,,,,,,,,,,,,,,,KOWEMOBTG,,,,,,,,,,,,,,,,,,,0,,,,,,,,,,,,,,,,,,,,,,,,,,,,,,
MASBOLSRZ,MASTERLINE GROUP - BOLIVIA,Company,,BOSRZ,MASBOLSRZ,,,,,,,,,,,,,,,,,,,,,,,,MASBOLSRZ,,,,,,,,,,,,,,,,,,,0,,,,,,,,,,,,,,,,,,,,,,,,,,,,,,
MMCENTVAG,MM SERVICE CENTER AB,Company,,SEVAG,MMCENTVAG,,,,,,,,,,,,,,,,,,,,,,,,MMCENTVAG,,,,,,,,,,,,,,,,,,,0,,,,,,,,,,,,,,,,,,,,,,,,,,,,,,
NOBIAGFRA,NOBILE AG,Company,,DEFRA,NOBIAGFRA,,,,,,,,,,,,,,,,,,,,,,,,NOBIAGFRA,,,,,,,,,,,,,,,,,,,0,,,,,,,,,,,,,,,,,,,,,,,,,,,,,,
OCEAIRBKK,"OCEAN AIR INTERNATIONAL CO., LTD",Company,,THBKK,OCEAIRBKK,,,,,,,,,,,,,,,,,,,,,,,,OCEAIRBKK,,,,,,,,,,,,,,,,,,,0,,,,,,,,,,,,,,,,,,,,,,,,,,,,,,
PANCENPGU,PAN CENTURY EDIBLE OILS SDN BHD,Company,,MYPGU,PANCENPGU,,,,,,,,,,,,,,,,,,,,,,,,PANCENPGU,,,,,,,,,,,,,,,,,,,0,,,,,,,,,,,,,,,,,,,,,,,,,,,,,,
PECLAXAFE,PECO CONTROLS CORP.,Company,,USLAX,PECLAXAFE,,,,,,,,,,,,,,,,,,,,,,,,PECLAXAFE,,,+639177065454,jay.magpulong@peco-inspx.com,,,,,,,,,,,,,,,0,,,,,,,,,,,,,,,,,,,,,,,,,,,,,,
YUDEKSJKT,PT. YUDHANUSA EKSPRESINDO CARAKA,Company,,IDJKT,YUDEKSJKT,,,,,,,,,,,,,,,,,,,,,,,,YUDEKSJKT,,,,yec@yudhanusa.co.id,,,,,,,,,,,,,,,0,,,,,,,,,,,,,,,,,,,,,,,,,,,,,,
RICJNBAFE,RICHARD HARPER LOGISTICS (PTY) LTD,Company,,ZAJNB,RICJNBAFE,,,,,,,,,,,,,,,,,,,,,www.harperlogistics.com,,,RICJNBAFE,,,+27829001653,richard@harperlogistics.co.za,,,,,,,,,,,,,,,0,,,,,,,,,,,,,,,,,,,,,,,,,,,,,,
SIMASSSSZ,"SIMETRANS – ASSESSORIA ADUANEIRA, DESPACHO E TRANS",Company,,BRSSZ,SIMASSSSZ,,,,,,,,,,,,,,,,,,,,,www.simetrans.com.br,,,SIMASSSSZ,,,,,,,,,,,,,,,,,,,0,,,,,,,,,,,,,,,,,,,,,,,,,,,,,,
STOGGNAFE,STOP INDIA,Company,,INGGN,STOGGNAFE,,,,,,,,,,,,,,,,,,,,,www.stopindia.com,,,STOGGNAFE,,,,stop.india@hotmail.com,,,,,,,,,,,,,,,0,,,,,,,,,,,,,,,,,,,,,,,,,,,,,,
SUNRENTIW,SUNBELT RENTALS INC.,Company,,USTIW,SUNRENTIW,,,,,,,,,,,,,,,,,,,,,,,,SUNRENTIW,,,+19527075187,,,,,,,,,,,,,,,,0,,,,,,,,,,,,,,,,,,,,,,,,,,,,,,
TRAAIRAFE,TRANSIT AIR CARGO INC. SINGAPORE PTE LTD.,Company,,SGSIN,TRAAIRAFE,,,,,,,,,,,,,,,,,,,,,,,,TRAAIRAFE,,,,info@tacs.com.sg,,,,,,,,,,,,,,,0,,,,,,,,,,,,,,,,,,,,,,,,,,,,,,
WUHFIBWUH,WUHAN FIBERHOME INTERNATIONAL TECH. CO LTD,Company,,CNWUH,WUHFIBWUH,,,,,,,,,,,,,,,,,,,,,,,,WUHFIBWUH,,,,,,,,,,,,,,,,,,,0,,,,,,,,,,,,,,,,,,,,,,,,,,,,,,
GTEESXAFE,GT EXHIBITIONS LTD,Company,,GBESX,GTEESXAFE,,,,,,,,,,,,,,,,,,,,,,,,GTEESXAFE,,,,kathrynhaley@gtexhibitions.com,,,,,,,,,,,,,,,0,,,,,,,,,,,,,,,,,,,,,,,,,,,,,,
PEAOCEAMA,PEARL OCEAN SHIPPING SERVICE W.L.L,Company,,BHAMA,PEAOCEAMA,,,,,,,,,,,,,,,,,,,,,,,,PEAOCEAMA,,,+97339913792,shameem.abdulla@pearlshipping.net,,,,,,,,,,,,,,,0,,,,,,,,,,,,,,,,,,,,,,,,,,,,,,
GLOEXPVIE,GLOBAL EXPRESS AUSTRIA GMBH,Company,,ATVDD,GLOEXPVIE,,,,,,,,,,,,,,,,,,,,,,,,GLOEXPVIE,,,,,,,,,,,,,,,,,,,0,,,,,,,,,,,,,,,,,,,,,,,,,,,,,,
BALCONVNO,"BALTIC CONSOL LINE, UAB",Company,,LTVNO,BALCONVNO,,,,,,,,,,,,,,,,,,,,,,,,BALCONVNO,,,+37068523644,LCL@bcline.eu,,,,,,,,,,,,,,,0,,,,,,,,,,,,,,,,,,,,,,,,,,,,,,
ANJYIJZHE,ANJI YIJIE FURNITURE CO LTD,Company,,CNZHE,ANJYIJZHE,,,,,,,,,,,,,,,,,,,,,www.comfortsitting.com,,,ANJYIJZHE,,,,,,,,,,,,,,,,,,,0,,,,,,,,,,,,,,,,,,,,,,,,,,,,,,
KONBTBAFE,KONAMI AUSTRALIA PTY LTD,Company,,AUBTB,KONBTBAFE,,,,,,,,,,,,,,,,,,,,,,,,KONBTBAFE,,,,goto0707@konamigaming.com,,,,,,,,,,,,,,,0,,,,,,,,,,,,,,,,,,,,,,,,,,,,,,
WRIEURROR,WRIST EUROPE (AALBORG),Company,,DKROR,WRIEURROR,,,,,,,,,,,,,,,,,,,,,,,,WRIEURROR,,,,Alba@albaship.dk,,,,,,,,,,,,,,,0,,,,,,,,,,,,,,,,,,,,,,,,,,,,,,
WATFARTOR,WATERBURY FARREL MAGNUM INTEGRATED TECHNOLOGIES,Company,,CATOR,WATFARTOR,,,,,,,,,,,,,,,,,,,,,,,,WATFARTOR,,,+19054550422,boris.radovanovic@mit-world.com,,,,,,,,,,,,,,,0,,,,,,,,,,,,,,,,,,,,,,,,,,,,,,
FAIRLOIEV,FAIRLOGICS LTD,Company,,UAIEV,FAIRLOIEV,,,,,,,,,,,,,,,,,,,,,,,,FAIRLOIEV,,,,yurchenko@fairlogics.com.ua,,,,,,,,,,,,,,,0,,,,,,,,,,,,,,,,,,,,,,,,,,,,,,
KONNRTAFE,"KONICA MINOLTA, INC.",Company,,JPTYO,KONNRTAFE,,,,,,,,,,,,,,,,,,,,,,,,KONNRTAFE,,,,,,,,,,,,,,,,,,,0,,,,,,,,,,,,,,,,,,,,,,,,,,,,,,
SENINTCAL,SENATOR INTERNATIONAL FREIGHT FORWARDING LLC,Company,,USCAL,SENINTCAL,,,,,,,,,,,,,,,,,,,,,,,,SENINTCAL,,,,,,,,,,,,,,,,,,,0,,,,,,,,,,,,,,,,,,,,,,,,,,,,,,
PINNYCAFE,PINTO ART INC.,Company,,USNYC,PINNYCAFE,,,,,,,,,,,,,,,,,,,,,,,,PINNYCAFE,,,,luca@pintoart.org,,,,,,,,,,,,,,,0,,,,,,,,,,,,,,,,,,,,,,,,,,,,,,
LOGISPAFE,LOGISPACK A&S INC,Company,,KRICN,LOGISPAFE,,,,,,,,,,,,,,,,,,,,,www.logispack.co.kr,,,LOGISPAFE,,,,min@logispack.co.kr,,,,,,,,,,,,,,,0,,,,,,,,,,,,,,,,,,,,,,,,,,,,,,
LYNLOGBAL,LYNDEN LOGISTICS INC,Company,,USBAL,LYNLOGBAL,,,,,,,,,,,,,,,,,,,,,,,,LYNLOGBAL,,,,barbaras@lynden.com,,,,,,,,,,,,,,,0,,,,,,,,,,,,,,,,,,,,,,,,,,,,,,
PROUNIAFE,PROMETEO SRL UNIPERSONALE,Company,,ITTDT,PROUNIAFE,,,,,,,,,,,,,,,,,,,,,,,,PROUNIAFE,,,,info@prometeogroup.com,,,,,,,,,,,,,,,0,,,,,,,,,,,,,,,,,,,,,,,,,,,,,,
CLASQUKOR,CLASQUIN KOREA CO. LTD.,Company,,KRSEL,CLASQUKOR,,,,,,,,,,,,,,,,,,,,,,,,CLASQUKOR,,,,,,,,,,,,,,,,,,,0,,,,,,,,,,,,,,,,,,,,,,,,,,,,,,
ICETRAWAW,ICE TRANSPORT POLAND SP Z OO,Company,,PLWAW,ICETRAWAW,,,,,,,,,,,,,,,,,,,,,,,,ICETRAWAW,,,,gliadis@nosta.de,,,,,,,,,,,,,,,0,,,,,,,,,,,,,,,,,,,,,,,,,,,,,,
AIRGLOSIN,AIRROWES GLOBAL PTE. LTD.,Company,,SGSIN,AIRGLOSIN,,,,,,,,,,,,,,,,,,,,,,,,AIRGLOSIN,,,,,,,,,,,,,,,,,,,0,,,,,,,,,,,,,,,,,,,,,,,,,,,,,,
HESGLODEN,"HESTRA GLOVES LLC, USA",Company,,USDEN,HESGLODEN,,,,,,,,,,,,,,,,,,,,,,,,HESGLODEN,,,,,,,,,,,,,,,,,,,0,,,,,,,,,,,,,,,,,,,,,,,,,,,,,,
TRANSWTPE,"TRANSWORLD EXPRESS CO., LTD",Company,,TWTPE,TRANSWTPE,,,,,,,,,,,,,,,,,,,,,,,,TRANSWTPE,,,+886978668262,anthony@transworldexpress.com.tw,,,,,,,,,,,,,,,0,,,,,,,,,,,,,,,,,,,,,,,,,,,,,,
DONCHIGUT,"DONGGUAN CHINA SEA INTL SUPPLY CHAIN CO.,LTD.",Company,,CNGUT,DONCHIGUT,,,,,,,,,,,,,,,,,,,,,,,,DONCHIGUT,,,+8618929170295,evadeng@chinaseadg.com,,,,,,,,,,,,,,,0,,,,,,,,,,,,,,,,,,,,,,,,,,,,,,
ARAGALAFE,ARARIO GALLERY,Company,,CNSHA,ARAGALAFE,,,,,,,,,,,,,,,,,,,,,,,,ARAGALAFE,,,,ws.choi@ararioshanghai.com,,,,,,,,,,,,,,,0,,,,,,,,,,,,,,,,,,,,,,,,,,,,,,
CENCARNFK,CENTRAL CARGO NORTH AMERICA INC.,Company,,USNFK,CENCARNFK,,,,,,,,,,,,,,,,,,,,,,,,CENCARNFK,,,,,,,,,,,,,,,,,,,0,,,,,,,,,,,,,,,,,,,,,,,,,,,,,,
BANBKKAFE,"BANGKOK ART BIENNALE MANAGEMENT CO., LTD.",Company,,THBKK,BANBKKAFE,,,,,,,,,,,,,,,,,,,,,,,,BANBKKAFE,,,,,,,,,,,,,,,,,,,0,,,,,,,,,,,,,,,,,,,,,,,,,,,,,,
PROLOGSZX,"PROAIR LOGISTICS CO., LTD.",Company,,CNSZX,PROLOGSZX,,,,,,,,,,,,,,,,,,,,,,,,PROLOGSZX,,,+8618823884332,,,,,,,,,,,,,,,,0,,,,,,,,,,,,,,,,,,,,,,,,,,,,,,
GLOTPEAFE,GLORY TRANSWELL CORP,Company,,TWTPE,GLOTPEAFE,,,,,,,,,,,,,,,,,,,,,,,,GLOTPEAFE,,,,mavis@glorytc.com.tw,,,,,,,,,,,,,,,0,,,,,,,,,,,,,,,,,,,,,,,,,,,,,,
ALISPESPE,ALISPED SPA,Company,,ITSPE,ALISPESPE,,,,,,,,,,,,,,,,,,,,,,,,ALISPESPE,,,,,,,,,,,,,,,,,,,0,,,,,,,,,,,,,,,,,,,,,,,,,,,,,,
JCMSYSITM,"JCM SYSTEMS CO., LTD.",Company,,JPOSA,JCMSYSITM,,,,,,,,,,,,,,,,,,,,,,,,JCMSYSITM,,,,,,,,,,,,,,,,,,,0,,,,,,,,,,,,,,,,,,,,,,,,,,,,,,
PIEPROAMS,PIELKENROOD PROJECTS BV,Company,,NLAMS,PIEPROAMS,,,,,,,,,,,,,,,,,,,,,,,,PIEPROAMS,,,,,,,,,,,,,,,,,,,0,,,,,,,,,,,,,,,,,,,,,,,,,,,,,,
FSPLOGAFE,FSP LOGISTICS,Company,,TRANK,FSPLOGAFE,,,,,,,,,,,,,,,,,,,,,,,,FSPLOGAFE,,,,,,,,,,,,,,,,,,,0,,,,,,,,,,,,,,,,,,,,,,,,,,,,,,
PENFREKRS,PENTAGON FREIGHT SERVICES AS,Company,,NOKRS,PENFREKRS,,,,,,,,,,,,,,,,,,,,,www.pentagonfreight.com,,,PENFREKRS,,,+4748107005,,,,,,,,,,,,,,,,0,,,,,,,,,,,,,,,,,,,,,,,,,,,,,,
SDPINTSHA,SDP INTERNATIONAL FREIGHT FORWARDING (SHANGHAI) CO. LTD.,Company,,CNSHA,SDPINTSHA,,,,,,,,,,,,,,,,,,,,,,,,SDPINTSHA,,,,,,,,,,,,,,,,,,,0,,,,,,,,,,,,,,,,,,,,,,,,,,,,,,
SENINTRTM,SENATOR INTERNATIONAL B.V,Company,,NLRTM,SENINTRTM,,,,,,,,,,,,,,,,,,,,,,,,SENINTRTM,,,,,,,,,,,,,,,,,,,0,,,,,,,,,,,,,,,,,,,,,,,,,,,,,,
GERWASSMN,GERHARD WASSENAAR,Company,,NLSMN,GERWASSMN,,,,,,,,,,,,,,,,,,,,,,,,GERWASSMN,,,,,,,,,,,,,,,,,,,0,,,,,,,,,,,,,,,,,,,,,,,,,,,,,,
NINTLCNGB,"NINGBO TLC ELECTRONIC INDUSTRY CO.,LTD",Company,,CNNBO,NINTLCNGB,,,,,,,,,,,,,,,,,,,,,,,,NINTLCNGB,,,,,,,,,,,,,,,,,,,0,,,,,,,,,,,,,,,,,,,,,,,,,,,,,,
TRASINAFE,TRADE LINK MEDIA PTE LTD,Company,,SGSIN,TRASINAFE,,,,,,,,,,,,,,,,,,,,,,,,TRASINAFE,,,,,,,,,,,,,,,,,,,0,,,,,,,,,,,,,,,,,,,,,,,,,,,,,,
ALIUSALAX,ALISPED USA INC.,Company,,USLAX,ALIUSALAX,,,,,,,,,,,,,,,,,,,,,,,,ALIUSALAX,,,,,,,,,,,,,,,,,,,0,,,,,,,,,,,,,,,,,,,,,,,,,,,,,,
SIANPMAFE,"SIAM WATER FLAME CO.,LTD.",Company,,THNPM,SIANPMAFE,,,,,,,,,,,,,,,,,,,,,,,,SIANPMAFE,,,,,,,,,,,,,,,,,,,0,,,,,,,,,,,,,,,,,,,,,,,,,,,,,,
ACFREISIN,A& C FREIGHT SERVICE PTE LTD,Company,,SGSIN,ACFREISIN,,,,,,,,,,,,,,,,,,,,,,,,ACFREISIN,,,,,,,,,,,,,,,,,,,0,,,,,,,,,,,,,,,,,,,,,,,,,,,,,,
MASSINAFE,MASSON MARINE PROPULSION PTE LTD,Company,,SGSIN,MASSINAFE,,,,,,,,,,,,,,,,,,,,,,,,MASSINAFE,,,,,,,,,,,,,,,,,,,0,,,,,,,,,,,,,,,,,,,,,,,,,,,,,,
MAIUSASFO,MAINFREIGHT USA,Company,,USSFO,MAIUSASFO,,,,,,,,,,,,,,,,,,,,,,,,MAIUSASFO,,,,sfo.international@targetlogistics.com,,,,,,,,,,,,,,,0,,,,,,,,,,,,,,,,,,,,,,,,,,,,,,
KTLCHISHA,"KTL CHINA CO., LTD.",Company,,CNSHA,KTLCHISHA,,,,,,,,,,,,,,,,,,,,,,,,KTLCHISHA,,,,,,,,,,,,,,,,,,,0,,,,,,,,,,,,,,,,,,,,,,,,,,,,,,
GLOAERCAL,GLOBELINK AEROCEANO COSTA RICA,Company,,CRCAL,GLOAERCAL,,,,,,,,,,,,,,,,,,,,,,,,GLOAERCAL,,,,coordinadorfcl@cr.globelink-aeroceano.com,,,,,,,,,,,,,,,0,,,,,,,,,,,,,,,,,,,,,,,,,,,,,,
ALLHEALHR,ALLIANCE HEATHROW,Company,,GBLHR,ALLHEALHR,,,,,,,,,,,,,,,,,,,,,,,,ALLHEALHR,,,,,,,,,,,,,,,,,,,0,,,,,,,,,,,,,,,,,,,,,,,,,,,,,,
CARPARHKG,CARGO-PARTNER LOGISTICS LIMITED,Company,,HKHKG,CARPARHKG,,,,,,,,,,,,,,,,,,,,,,,,CARPARHKG,,,,,,,,,,,,,,,,,,,0,,,,,,,,,,,,,,,,,,,,,,,,,,,,,,
FRIZUFGOE,FRIEDRICH ZUFALL GMBH & CO. KG,Company,,DEGOE,FRIZUFGOE,,,,,,,,,,,,,,,,,,,,,,,,FRIZUFGOE,,,,,,,,,,,,,,,,,,,0,,,,,,,,,,,,,,,,,,,,,,,,,,,,,,
GURAKLAFE,GURIT (ASIA PACIFIC) LIMITED,Company,,NZAKL,GURAKLAFE,,,,,,,,,,,,,,,,,,,,,,,,GURAKLAFE,,,,monique.norris@gurit.com,,,,,,,,,,,,,,,0,,,,,,,,,,,,,,,,,,,,,,,,,,,,,,
COCOBUNYC,COCOBURG LLC,Company,,USNYC,COCOBUNYC,,,,,,,,,,,,,,,,,,,,,,,,COCOBUNYC,,,,,,,,,,,,,,,,,,,0,,,,,,,,,,,,,,,,,,,,,,,,,,,,,,
FREEXPBOM,FREIGHT EXPRESS INTERNATIONAL PVT LTD,Company,,INBOM,FREEXPBOM,,,,,,,,,,,,,,,,,,,,,,,,FREEXPBOM,,,,intlimport2@feicargo.com,,,,,,,,,,,,,,,0,,,,,,,,,,,,,,,,,,,,,,,,,,,,,,
CHIMUSHAM,CHILLI MUSIC GMBH,Company,,DEHAM,CHIMUSHAM,,,,,,,,,,,,,,,,,,,,,,,,CHIMUSHAM,,,,,,,,,,,,,,,,,,,0,,,,,,,,,,,,,,,,,,,,,,,,,,,,,,
BIGICDAFE,BIG LOGISTICS INDIA PVT. LTD.,Company,,INICD,BIGICDAFE,,,,,,,,,,,,,,,,,,,,,,,,BIGICDAFE,,,,,,,,,,,,,,,,,,,0,,,,,,,,,,,,,,,,,,,,,,,,,,,,,,
COMPLAKUF,"COM PLANNING CO., LTD",Company,,JPKUF,COMPLAKUF,,,,,,,,,,,,,,,,,,,,,,,,COMPLAKUF,,,,,,,,,,,,,,,,,,,0,,,,,,,,,,,,,,,,,,,,,,,,,,,,,,
FLEINTSHA,"FLEXPORT INTERNATIONAL (SHANGHAI) CO., LTD",Company,,CNSGH,FLEINTSHA,,,,,,,,,,,,,,,,,,,,,,,,FLEINTSHA,,,,,,,,,,,,,,,,,,,0,,,,,,,,,,,,,,,,,,,,,,,,,,,,,,
KOBISTAFE,KOBITEK LOJISTIK SERVICES,Company,,TRIST,KOBISTAFE,,,,,,,,,,,,,,,,,,,,,,,,KOBISTAFE,,,+905331235101,,,,,,,,,,,,,,,,0,,,,,,,,,,,,,,,,,,,,,,,,,,,,,,
PMLEXPKHH,"PML EXPRESS CO., LTD.",Company,,TWKHH,PMLEXPKHH,,,,,,,,,,,,,,,,,,,,,,,,PMLEXPKHH,,,,,,,,,,,,,,,,,,,0,,,,,,,,,,,,,,,,,,,,,,,,,,,,,,
BESSHIBDA,"BEST SHIPPING, INC",Company,,BMBDA,BESSHIBDA,,,,,,,,,,,,,,,,,,,,,,,,BESSHIBDA,,,,,,,,,,,,,,,,,,,0,,,,,,,,,,,,,,,,,,,,,,,,,,,,,,
HARRISRCR,HARRIS CORPORATION,Company,,USRCR,HARRISRCR,,,,,,,,,,,,,,,,,,,,,,,,HARRISRCR,,,,,,,,,,,,,,,,,,,0,,,,,,,,,,,,,,,,,,,,,,,,,,,,,,
MITFAMSIN,MITRA FAMOSA INTERNATIONAL PRIVATE LIMITED,Company,,SGSIN,MITFAMSIN,,,,,,,,,,,,,,,,,,,,,,,,MITFAMSIN,,,,,,,,,,,,,,,,,,,0,,,,,,,,,,,,,,,,,,,,,,,,,,,,,,
CULINTSFO,CULMEN INTERNATIONAL,Company,,USSFO,CULINTSFO,,,,,,,,,,,,,,,,,,,,,,,,CULINTSFO,,,,,,,,,,,,,,,,,,,0,,,,,,,,,,,,,,,,,,,,,,,,,,,,,,
HENCOSSJO,"HENCO COSTA RICA FSS, S.A.",Company,,CRSJO,HENCOSSJO,,,,,,,,,,,,,,,,,,,,,,,,HENCOSSJO,,,,,,,,,,,,,,,,,,,0,,,,,,,,,,,,,,,,,,,,,,,,,,,,,,
ZHOUNIAFE,ZHONGZHAN UNION INTERNATIONAL,Company,,CNBJS,ZHOUNIAFE,,,,,,,,,,,,,,,,,,,,,,,,ZHOUNIAFE,,,,cuitiefeng@zhongzhanunion.com,,,,,,,,,,,,,,,0,,,,,,,,,,,,,,,,,,,,,,,,,,,,,,
METCUSLAX,METRO CUSTOMS BROKERS,Company,,USLAX,METCUSLAX,,,,,,,,,,,,,,,,,,,,,,,,METCUSLAX,,,,,,,,,,,,,,,,,,,0,,,,,,,,,,,,,,,,,,,,,,,,,,,,,,
INTJKTAFE,PT. INTERNATIONAL MOVERS STORAGE,Company,,IDJKT,INTJKTAFE,,,,,,,,,,,,,,,,,,,,,,,,INTJKTAFE,,,,,,,,,,,,,,,,,,,0,,,,,,,,,,,,,,,,,,,,,,,,,,,,,,
SHI3DTAFE,"SHINING 3D (HK) CO., LTD",Company,,HKHKG,SHI3DTAFE,,,,,,,,,,,,,,,,,,,,,,,,SHI3DTAFE,,,,kiki@shining3d.com,,,,,,,,,,,,,,,0,,,,,,,,,,,,,,,,,,,,,,,,,,,,,,
UNITEXKWN,UNIFIELD TEXTILES LIMITED,Company,,HKKWN,UNITEXKWN,,,,,,,,,,,,,,,,,,,,,,,,UNITEXKWN,,,,,,,,,,,,,,,,,,,0,,,,,,,,,,,,,,,,,,,,,,,,,,,,,,
BCSHKGAFE,BC SYMA EXHIBITION CONTRACTORS,Company,,HKHKG,BCSHKGAFE,,,,,,,,,,,,,,,,,,,,,,,,BCSHKGAFE,,,,czarina.cheung@symaasia.com,,,,,,,,,,,,,,,0,,,,,,,,,,,,,,,,,,,,,,,,,,,,,,
NISNRTAFE,NISSIN CORPORATION,Company,,JPTYO,NISNRTAFE,,,,,,,,,,,,,,,,,,,,,,,,NISNRTAFE,,,,h_tanabe@nissin-tw.com,,,,,,,,,,,,,,,0,,,,,,,,,,,,,,,,,,,,,,,,,,,,,,
SHEBOSAFE,"SHENZHEN BOSTER INT'L LOGISTICS CO.,LTD",Company,,CNSNZ,SHEBOSAFE,,,,,,,,,,,,,,,,,,,,,,,,SHEBOSAFE,,,+8613662215374,pic_expo@szboster.com,,,,,,,,,,,,,,,0,,,,,,,,,,,,,,,,,,,,,,,,,,,,,,
ORCSHIMAA,ORCHID SHIPPING PRIVATE LIMITED,Company,,INMAA,ORCSHIMAA,,,,,,,,,,,,,,,,,,,,,,,,ORCSHIMAA,,,,,,,,,,,,,,,,,,,0,,,,,,,,,,,,,,,,,,,,,,,,,,,,,,
BELIMEBKK,BELLDAS IMEX CO LTD,Company,,THBKK,BELIMEBKK,,,,,,,,,,,,,,,,,,,,,,,,BELIMEBKK,,,,,,,,,,,,,,,,,,,0,,,,,,,,,,,,,,,,,,,,,,,,,,,,,,
PHOINTHKG,PHOENIX INTERNATIONAL CORP. LIMITED,Company,,HKHKG,PHOINTHKG,,,,,,,,,,,,,,,,,,,,,,,,PHOINTHKG,,,,,,,,,,,,,,,,,,,0,,,,,,,,,,,,,,,,,,,,,,,,,,,,,,
EXPATHAFE,EXPRESS PUBLISHING S.A.,Company,,GRATH,EXPATHAFE,,,,,,,,,,,,,,,,,,,,,,,,EXPATHAFE,,,,pantelis@expresspublishing.gr,,,,,,,,,,,,,,,0,,,,,,,,,,,,,,,,,,,,,,,,,,,,,,
AGEUNISCL,AGENCIAS UNIVERSALES S.A.,Company,,CLSCL,AGEUNISCL,,,,,,,,,,,,,,,,,,,,,,,,AGEUNISCL,,,,,,,,,,,,,,,,,,,0,,,,,,,,,,,,,,,,,,,,,,,,,,,,,,
FIOOMNVCE,FIORINI OMNIA SERVICE SRL,Company,,ITVCE,FIOOMNVCE,,,,,,,,,,,,,,,,,,,,,,,,FIOOMNVCE,,,,luigi.bagatella@fiorini-sped.it,,,,,,,,,,,,,,,0,,,,,,,,,,,,,,,,,,,,,,,,,,,,,,
ECOSHISGN,"ECONO SHIPPING VINA CO., LTD",Company,,VNSGN,ECOSHISGN,,,,,,,,,,,,,,,,,,,,,,,,ECOSHISGN,,,,,,,,,,,,,,,,,,,0,,,,,,,,,,,,,,,,,,,,,,,,,,,,,,
EASLOGPVG,"EASYWAY LOGISTICS CO., LTD.",Company,,CNPVG,EASLOGPVG,,,,,,,,,,,,,,,,,,,,,,,,EASLOGPVG,,,+8613761432127,,,,,,,,,,,,,,,,0,,,,,,,,,,,,,,,,,,,,,,,,,,,,,,
LYNINTLAX,LYNDEN INTERNATIONAL,Company,,USLAX,LYNINTLAX,,,,,,,,,,,,,,,,,,,,,,,,LYNINTLAX,,,,dgotham@lynden.com,,,,,,,,,,,,,,,0,,,,,,,,,,,,,,,,,,,,,,,,,,,,,,
PERSIARIX,PERUZA SIA,Company,,LVRIX,PERSIARIX,,,,,,,,,,,,,,,,,,,,,,,,PERSIARIX,,,,,,,,,,,,,,,,,,,0,,,,,,,,,,,,,,,,,,,,,,,,,,,,,,
OTOOTOAFE,OTOKAR OTOMOTIV VE SAVUNMA SANAYI A.S.,Company,,TRANK,OTOOTOAFE,,,,,,,,,,,,,,,,,,,,,,,,OTOOTOAFE,,,,,,,,,,,,,,,,,,,0,,,,,,,,,,,,,,,,,,,,,,,,,,,,,,
NOALOGBLR,NOATUM LOGISTICS INDIA PRIVATE LIMITED,Company,,INBLR,NOALOGBLR,,,,,,,,,,,,,,,,,,,,,,,,NOALOGBLR,,,,,,,,,,,,,,,,,,,0,,,,,,,,,,,,,,,,,,,,,,,,,,,,,,
HELLAMEL,HELLA AUSTRALIA PTY. LTD.,Company,,AUMEL,HELLAMEL,,,,,,,,,,,,,,,,,,,,,,,,HELLAMEL,,,,,,,,,,,,,,,,,,,0,,,,,,,,,,,,,,,,,,,,,,,,,,,,,,
ONEGLOSHQ,ONE GLOBAL LOGISTICS,Company,,AUSHQ,ONEGLOSHQ,,,,,,,,,,,,,,,,,,,,,,,,ONEGLOSHQ,,,,,,,,,,,,,,,,,,,0,,,,,,,,,,,,,,,,,,,,,,,,,,,,,,
SHORELPHI,SHORELINE N.V.,Company,,SXPHI,SHORELPHI,,,,,,,,,,,,,,,,,,,,,,,,SHORELPHI,,,,,,,,,,,,,,,,,,,0,,,,,,,,,,,,,,,,,,,,,,,,,,,,,,
MONTILLAX,MONTERREY TILE COMPANY,Company,,USLAX,MONTILLAX,,,,,,,,,,,,,,,,,,,,,,,,MONTILLAX,,,,,,,,,,,,,,,,,,,0,,,,,,,,,,,,,,,,,,,,,,,,,,,,,,
LESCADJED,LES CADEAUX,Company,,SAJED,LESCADJED,,,,,,,,,,,,,,,,,,,,,,,,LESCADJED,,,,,,,,,,,,,,,,,,,0,,,,,,,,,,,,,,,,,,,,,,,,,,,,,,
MILIMPMNL,MILEHIGH IMPORT AND EXPORT INCORPORATED,Company,,PHMNL,MILIMPMNL,,,,,,,,,,,,,,,,,,,,,,,,MILIMPMNL,,,,,,,,,,,,,,,,,,,0,,,,,,,,,,,,,,,,,,,,,,,,,,,,,,
WFSEURCDG,WFS EUROPE,Company,,FRCDG,WFSEURCDG,,,,,,,,,,,,,,,,,,,,,,,,WFSEURCDG,,,,,,,,,,,,,,,,,,,0,,,,,,,,,,,,,,,,,,,,,,,,,,,,,,
LEOGLOAFE,LEO GLOBAL LOGISTICS PUBLIC COMPANY LIMITED,Company,,THBKK,LEOGLOAFE,,,,,,,,,,,,,,,,,,,,,www.leogloballogistics.com,,,LEOGLOAFE,,,+66804414559,lerdbudsaya@leogloballogistics.com,,,,,,,,,,,,,,,0,,,,,,,,,,,,,,,,,,,,,,,,,,,,,,
MORSZVAFE,"MORGAN MOLTEN METAL SYSTEMS (SUZHOU) CO., LTD",Company,,CNSZH,MORSZVAFE,,,,,,,,,,,,,,,,,,,,,,,,MORSZVAFE,,,,,,,,,,,,,,,,,,,0,,,,,,,,,,,,,,,,,,,,,,,,,,,,,,
PANAIRTPE,"PANDA AIR EXPRESS CO., LTD",Company,,TWTPE,PANAIRTPE,,,,,,,,,,,,,,,,,,,,,,,,PANAIRTPE,,,+886227720999,,,,,,,,,,,,,,,,0,,,,,,,,,,,,,,,,,,,,,,,,,,,,,,
NEWINDOSA,"NEWLONG INDUSTRIAL CO., LTD",Company,,JPOSA,NEWINDOSA,,,,,,,,,,,,,,,,,,,,,,,,NEWINDOSA,,,,,,,,,,,,,,,,,,,0,,,,,,,,,,,,,,,,,,,,,,,,,,,,,,
DAHERAFE,DAHER,Company,,FRCDG,DAHERAFE,,,,,,,,,,,,,,,,,,,,,,,,DAHERAFE,,,,r.sanctorum@daher.com,,,,,,,,,,,,,,,0,,,,,,,,,,,,,,,,,,,,,,,,,,,,,,
CFCFFLNYC,CFC FFL NEW JERSEY,Company,,USNYC,CFCFFLNYC,,,,,,,,,,,,,,,,,,,,,,,,CFCFFLNYC,,,,,,,,,,,,,,,,,,,0,,,,,,,,,,,,,,,,,,,,,,,,,,,,,,
PETHANAFE,PETER KOMPALLA,Company,,VNHAN,PETHANAFE,,,,,,,,,,,,,,,,,,,,,,,,PETHANAFE,,,,,,,,,,,,,,,,,,,0,,,,,,,,,,,,,,,,,,,,,,,,,,,,,,
SHAQINAFE,SHANDONG SOUND METALS & MACHINERY INC.,Company,,CNQIN,SHAQINAFE,,,,,,,,,,,,,,,,,,,,,,,,SHAQINAFE,,,,xdhan@sdsmi.com,,,,,,,,,,,,,,,0,,,,,,,,,,,,,,,,,,,,,,,,,,,,,,
GOFAIRHRP,GOFOWARD AIRSEA,Company,,DKHRP,GOFAIRHRP,,,,,,,,,,,,,,,,,,,,,,,,GOFAIRHRP,,,,as@goforward.dk,,,,,,,,,,,,,,,0,,,,,,,,,,,,,,,,,,,,,,,,,,,,,,
DAISCIAFE,"DAIHAN SCIENTIFIC CO., LTD",Company,,KRSEL,DAISCIAFE,,,,,,,,,,,,,,,,,,,,,,,,DAISCIAFE,,,,,,,,,,,,,,,,,,,0,,,,,,,,,,,,,,,,,,,,,,,,,,,,,,
CLESINAFE,CLEARPACK SINGAPORE PTE LTD.,Company,,SGSIN,CLESINAFE,,,,,,,,,,,,,,,,,,,,,,,,CLESINAFE,,,,,,,,,,,,,,,,,,,0,,,,,,,,,,,,,,,,,,,,,,,,,,,,,,
DECMEDATM,DECOEXSA MEDITERRANEO S.A.,Company,,MXATM,DECMEDATM,,,,,,,,,,,,,,,,,,,,,,,,DECMEDATM,,,,,,,,,,,,,,,,,,,0,,,,,,,,,,,,,,,,,,,,,,,,,,,,,,
SINEVEAFE,SINO-EVER INTERNATIONAL LOGISTICS (SHENZHEN) LIMITED,Company,,CNSNZ,SINEVEAFE,,,,,,,,,,,,,,,,,,,,,www.sino-ever.com,,,SINEVEAFE,,,+8613715087008,jackie.shi@sino-ever.com,,,,,,,,,,,,,,,0,,,,,,,,,,,,,,,,,,,,,,,,,,,,,,
WALINTAMS,WALKER INTERNATIONAL TRANSPORTATION (NETHERLANDS) B.V.,Company,,NLAMS,WALINTAMS,,,,,,,,,,,,,,,,,,,,,,,,WALINTAMS,,,,WLeeflang@witlogistics.com,,,,,,,,,,,,,,,0,,,,,,,,,,,,,,,,,,,,,,,,,,,,,,
LEWSINAFE,LEWA- NIKKISO SINGAPORE PTE LTD.,Company,,SGSIN,LEWSINAFE,,,,,,,,,,,,,,,,,,,,,,,,LEWSINAFE,,,,,,,,,,,,,,,,,,,0,,,,,,,,,,,,,,,,,,,,,,,,,,,,,,
HEBCHEAFE,"HEBEI CHENGZHU MACHINERY GROUP CO., LTD.",Company,,CNHEB,HEBCHEAFE,,,,,,,,,,,,,,,,,,,,,,,,HEBCHEAFE,,,,keith_wang@ymail.com,,,,,,,,,,,,,,,0,,,,,,,,,,,,,,,,,,,,,,,,,,,,,,
EQLINEMLE,EQ LINES GROUP,Company,,MVMLE,EQLINEMLE,,,,,,,,,,,,,,,,,,,,,,,,EQLINEMLE,,,,,,,,,,,,,,,,,,,0,,,,,,,,,,,,,,,,,,,,,,,,,,,,,,
CHIGLOSHA,"CHIREY GLOBAL LOGISTICS（CHINA） CO.,LTD",Company,,CNSHA,CHIGLOSHA,,,,,,,,,,,,,,,,,,,,,,,,CHIGLOSHA,,,,,,,,,,,,,,,,,,,0,,,,,,,,,,,,,,,,,,,,,,,,,,,,,,
PERMATKHH,PERFECT MATCH LOGISTICS CO. LTD.,Company,,TWKHH,PERMATKHH,,,,,,,,,,,,,,,,,,,,,,,,PERMATKHH,,,,,,,,,,,,,,,,,,,0,,,,,,,,,,,,,,,,,,,,,,,,,,,,,,
ALISPERMI,ALISPED S.P.A.,Company,,ITRMI,ALISPERMI,,,,,,,,,,,,,,,,,,,,,,,,ALISPERMI,,,,,,,,,,,,,,,,,,,0,,,,,,,,,,,,,,,,,,,,,,,,,,,,,,
NAVIAMEL,NAVIA PTY LTD,Company,,AUMEL,NAVIAMEL,,,,,,,,,,,,,,,,,,,,,,,,NAVIAMEL,,,,,,,,,,,,,,,,,,,0,,,,,,,,,,,,,,,,,,,,,,,,,,,,,,
TEMAIRBNI,TEMP AIR INC,Company,,USBNI,TEMAIRBNI,,,,,,,,,,,,,,,,,,,,,,,,TEMAIRBNI,,,,,,,,,,,,,,,,,,,0,,,,,,,,,,,,,,,,,,,,,,,,,,,,,,
GPSGLOAFE,GPS GLOBAL,Company,,NLALB,GPSGLOAFE,,,,,,,,,,,,,,,,,,,,,,,,GPSGLOAFE,,,+31630384190,,,,,,,,,,,,,,,,0,,,,,,,,,,,,,,,,,,,,,,,,,,,,,,
SHAAKEHKG,SHANE AKEROYD COLLECTION,Company,,HKHKG,SHAAKEHKG,,,,,,,,,,,,,,,,,,,,,,,,SHAAKEHKG,,,,,,,,,,,,,,,,,,,0,,,,,,,,,,,,,,,,,,,,,,,,,,,,,,
PLAYBIMPK,PLAYBILL PTY LTD,Company,,AUMPK,PLAYBIMPK,,,,,,,,,,,,,,,,,,,,,,,,PLAYBIMPK,,,,,,,,,,,,,,,,,,,0,,,,,,,,,,,,,,,,,,,,,,,,,,,,,,
SHYLOGROZ,SHYPPLE LOGISTICS B.V.,Company,,NLROZ,SHYLOGROZ,,,,,,,,,,,,,,,,,,,,,,,,SHYLOGROZ,,,,,,,,,,,,,,,,,,,0,,,,,,,,,,,,,,,,,,,,,,,,,,,,,,
FOSFOSAFE,"FOSHAN HUIBAISHENG LASER TECHNOLOGY CO., LTD",Company,,CNFOS,FOSFOSAFE,,,,,,,,,,,,,,,,,,,,,,,,FOSFOSAFE,,,+8618922460101,,,,,,,,,,,,,,,,0,,,,,,,,,,,,,,,,,,,,,,,,,,,,,,
ABLPERAFE,ABLE PERFECT SDN BHD,Company,,MYPKG,ABLPERAFE,,,,,,,,,,,,,,,,,,,,,,,,ABLPERAFE,,,+60143917933,,,,,,,,,,,,,,,,0,,,,,,,,,,,,,,,,,,,,,,,,,,,,,,
MODROLIXM,MODINAGAR ROLLS LIMITED,Company,,INIXM,MODROLIXM,,,,,,,,,,,,,,,,,,,,,,,,MODROLIXM,,,,,,,,,,,,,,,,,,,0,,,,,,,,,,,,,,,,,,,,,,,,,,,,,,
FORLOGBER1,FORTO LOGISTICS SE & CO. KG,Company,,DEBER,FORLOGBER1,,,,,,,,,,,,,,,,,,,,,,,,FORLOGBER1,,,,,,,,,,,,,,,,,,,0,,,,,,,,,,,,,,,,,,,,,,,,,,,,,,
ROXTECAFE,ROXTEC SINGAPORE PTE LTD,Company,,SGSIN,ROXTECAFE,,,,,,,,,,,,,,,,,,,,,,,,ROXTECAFE,,,+6593285919,samantha.tan@roxtec.com,,,,,,,,,,,,,,,0,,,,,,,,,,,,,,,,,,,,,,,,,,,,,,
EXCLOGSGN,EXCELLENCE LOGISTICS CO. LTD,Company,,VNSGN,EXCLOGSGN,,,,,,,,,,,,,,,,,,,,,,,,EXCLOGSGN,,,+85570933939,,,,,,,,,,,,,,,,0,,,,,,,,,,,,,,,,,,,,,,,,,,,,,,
SKIANSPKG,S. KIAN SENG SDN BHD,Company,,MYPKG,SKIANSPKG,,,,,,,,,,,,,,,,,,,,,,,,SKIANSPKG,,,,,,,,,,,,,,,,,,,0,,,,,,,,,,,,,,,,,,,,,,,,,,,,,,
ISRLODAFE,ISRAEL CARGO LOGISTICS (ICL) LTD.,Company,,ILLOD,ISRLODAFE,,,,,,,,,,,,,,,,,,,,,,,,ISRLODAFE,,,+972542655417,Meital@ilcargo.com,,,,,,,,,,,,,,,0,,,,,,,,,,,,,,,,,,,,,,,,,,,,,,
DTGRUE_US,D.T. GRUELLE COMPANY GROUP LLC,Company,,USCPP,DTGRUE_US,,,,,,,,,,,,,,,,,,,,,,,,DTGRUE_US,,,,dtg@dtgruelle.com,,,,,,,,,,,,,,,0,,,,,,,,,,,,,,,,,,,,,,,,,,,,,,
SHEJSLAFE,"SHENZHEN JS LOGISTICS CO., LTD",Company,,CNSNZ,SHEJSLAFE,,,,,,,,,,,,,,,,,,,,,www.justsend-logistics.com,,,SHEJSLAFE,,,,,,,,,,,,,,,,,,,0,,,,,,,,,,,,,,,,,,,,,,,,,,,,,,
SEAGULPIR,SEAGULL S.A.,Company,,GRPIR,SEAGULPIR,,,,,,,,,,,,,,,,,,,,,,,,SEAGULPIR,,,,aaivazian@seagull.gr,,,,,,,,,,,,,,,0,,,,,,,,,,,,,,,,,,,,,,,,,,,,,,
ENSILISIN,ENSILIO,Company,,SGSIN,ENSILISIN,,,,,,,,,,,,,,,,,,,,,,,,ENSILISIN,,,,,,,,,,,,,,,,,,,0,,,,,,,,,,,,,,,,,,,,,,,,,,,,,,
SHEQIASAFE,"SHENZHEN QIANZHOU SUPPLY CHAIN CO.,LTD",Company,,CNSZX,SHEQIASAFE,,,,,,,,,,,,,,,,,,,,,,,,SHEQIASAFE,,,,405081186@qq.com,,,,,,,,,,,,,,,0,,,,,,,,,,,,,,,,,,,,,,,,,,,,,,
HOOSINAFE,MR HOON WEE NING,Company,,SGSIN,HOOSINAFE,,,,,,,,,,,,,,,,,,,,,,,,HOOSINAFE,,,,wnhoon@gmail.com,,,,,,,,,,,,,,,0,,,,,,,,,,,,,,,,,,,,,,,,,,,,,,
SHETXGAFE,"SHENG YU MACHINERY CO., LTD.",Company,,TWTXG,SHETXGAFE,,,,,,,,,,,,,,,,,,,,,,,,SHETXGAFE,,,,,,,,,,,,,,,,,,,0,,,,,,,,,,,,,,,,,,,,,,,,,,,,,,
BEIDTWPEK,BEIJING DTW INTERNATIONAL TRANSPORTATION CO.LTD,Company,,CNPEK,BEIDTWPEK,,,,,,,,,,,,,,,,,,,,,,,,BEIDTWPEK,,,,li.y@dtw.com.cn,,,,,,,,,,,,,,,0,,,,,,,,,,,,,,,,,,,,,,,,,,,,,,
TRUENTMDW,"TRUONG ENTERPRISES, INC.",Company,,USCHI,TRUENTMDW,,,,,,,,,,,,,,,,,,,,,,,,TRUENTMDW,,,+17739091668,xliu@truongent.com,,,,,,,,,,,,,,,0,,,,,,,,,,,,,,,,,,,,,,,,,,,,,,
HAWFRELHR,HAWK FREIGHT LOGISTICS,Company,,GBLHR,HAWFRELHR,,,,,,,,,,,,,,,,,,,,,,,,HAWFRELHR,,,,,,,,,,,,,,,,,,,0,,,,,,,,,,,,,,,,,,,,,,,,,,,,,,
ITLUSALAX,"ITL USA, INC.",Company,,USLAX,ITLUSALAX,,,,,,,,,,,,,,,,,,,,,,,,ITLUSALAX,,,,,,,,,,,,,,,,,,,0,,,,,,,,,,,,,,,,,,,,,,,,,,,,,,
FREGTMHAM,FREIGHTHUB GTMBH,Company,,DEHAM,FREGTMHAM,,,,,,,,,,,,,,,,,,,,,,,,FREGTMHAM,,,,,,,,,,,,,,,,,,,0,,,,,,,,,,,,,,,,,,,,,,,,,,,,,,
HANSGRSIN,HANSGROHE PTE,Company,,SGSIN,HANSGRSIN,,,,,,,,,,,,,,,,,,,,,,,,HANSGRSIN,,,,,,,,,,,,,,,,,,,0,,,,,,,,,,,,,,,,,,,,,,,,,,,,,,
SHASADAFE,"SHANDONG WEIDA HEAVY INDUSTRIES CO., LTD",Company,,CNSAD,SHASADAFE,,,,,,,,,,,,,,,,,,,,,,,,SHASADAFE,,,,ROWENA@WEIDA-MC.COM,,,,,,,,,,,,,,,0,,,,,,,,,,,,,,,,,,,,,,,,,,,,,,
SENINTYTO1,SENATOR INTERNATIONAL INC,Company,,CATOR,SENINTYTO1,,,,,,,,,,,,,,,,,,,,,,,,SENINTYTO1,,,,,,,,,,,,,,,,,,,0,,,,,,,,,,,,,,,,,,,,,,,,,,,,,,
TAIGEMAFE,TAIS GEMI INSA VE TEKNOLOJI A.S.,Company,,TRIST,TAIGEMAFE,,,,,,,,,,,,,,,,,,,,,,,,TAIGEMAFE,,,,,,,,,,,,,,,,,,,0,,,,,,,,,,,,,,,,,,,,,,,,,,,,,,
SUNFOUHKG,SUNPRIDE FOUNDATION,Company,,HKHKG,SUNFOUHKG,,,,,,,,,,,,,,,,,,,,,,,,SUNFOUHKG,,,,,,,,,,,,,,,,,,,0,,,,,,,,,,,,,,,,,,,,,,,,,,,,,,
BELPIEPEA,BELLA PIETRA,Company,,USPEA,BELPIEPEA,,,,,,,,,,,,,,,,,,,,,,,,BELPIEPEA,,,,,,,,,,,,,,,,,,,0,,,,,,,,,,,,,,,,,,,,,,,,,,,,,,
SISLOGAFE,SIS LOGISTICAL SYSTEM LIMITED,Company,,BDDAC,SISLOGAFE,,,,,,,,,,,,,,,,,,,,,,,,SISLOGAFE,,,+8801709636366,,,,,,,,,,,,,,,,0,,,,,,,,,,,,,,,,,,,,,,,,,,,,,,
ENIWETIAH,ENIWETOK GROUP LLC,Company,,USHOU,ENIWETIAH,,,,,,,,,,,,,,,,,,,,,,,,ENIWETIAH,,,,,,,,,,,,,,,,,,,0,,,,,,,,,,,,,,,,,,,,,,,,,,,,,,
GONROIQZV,GONDRAND ROISSY CDG,Company,,FRROI,GONROIQZV,,,,,,,,,,,,,,,,,,,,,,,,GONROIQZV,,,,,,,,,,,,,,,,,,,0,,,,,,,,,,,,,,,,,,,,,,,,,,,,,,
NOBSUPBOS,NOBLE SUPPLY AND LOGISTICS,Company,,USBOS,NOBSUPBOS,,,,,,,,,,,,,,,,,,,,,,,,NOBSUPBOS,,,,,,,,,,,,,,,,,,,0,,,,,,,,,,,,,,,,,,,,,,,,,,,,,,
PLUURUMVD,PLUSCARGO URUGUAY,Company,,UYMVD,PLUURUMVD,,,,,,,,,,,,,,,,,,,,,,,,PLUURUMVD,,,,mgonzalez@plus.gruporas.com,,,,,,,,,,,,,,,0,,,,,,,,,,,,,,,,,,,,,,,,,,,,,,
FRETRASHA,"FREJA TRANSPORT & LOGISTICS (SHANGHAI)CO.,LTD",Company,,CNSHA,FRETRASHA,,,,,,,,,,,,,,,,,,,,,,,,FRETRASHA,,,,,,,,,,,,,,,,,,,0,,,,,,,,,,,,,,,,,,,,,,,,,,,,,,
DACHSEBCN,DACHSER BARCELONA,Company,,ESBCN,DACHSEBCN,,,,,,,,,,,,,,,,,,,,,,,,DACHSEBCN,,,,,,,,,,,,,,,,,,,0,,,,,,,,,,,,,,,,,,,,,,,,,,,,,,
SCHINDAFE,SCHENKER INDIA PRIVATE LIMITED,Company,,INBOM,SCHINDAFE,,,,,,,,,,,,,,,,,,,,,,,,SCHINDAFE,,,,,,,,,,,,,,,,,,,0,,,,,,,,,,,,,,,,,,,,,,,,,,,,,,
MATMARBIO,"MATRANSA  MARITIMA TRANSOCEANICA, S.A.",Company,,ESBIO,MATMARBIO,,,,,,,,,,,,,,,,,,,,,,,,MATMARBIO,,,,,,,,,,,,,,,,,,,0,,,,,,,,,,,,,,,,,,,,,,,,,,,,,,
VIRATLHKG,VIRGO ATLANTIC INVWESTMENT LIMITED,Company,,HKHKG,VIRATLHKG,,,,,,,,,,,,,,,,,,,,,,,,VIRATLHKG,,,,,,,,,,,,,,,,,,,0,,,,,,,,,,,,,,,,,,,,,,,,,,,,,,
SABITASPE,SABA ITALIA S.R.L,Company,,ITSPE,SABITASPE,,,,,,,,,,,,,,,,,,,,,,,,SABITASPE,,,,,,,,,,,,,,,,,,,0,,,,,,,,,,,,,,,,,,,,,,,,,,,,,,
SHAMILSHG,"SHANGHAI MILKYWAY CHEMICAL LOGISTICS CO.,LTD.",Company,,CNSHG,SHAMILSHG,,,,,,,,,,,,,,,,,,,,,,,,SHAMILSHG,,,,,,,,,,,,,,,,,,,0,,,,,,,,,,,,,,,,,,,,,,,,,,,,,,
GENNOLVTO,"GENERAL NOLI SPEDIZIONI INTERNATIONALI VIA G. GASPARINI, 8",Company,,ITVTO,GENNOLVTO,,,,,,,,,,,,,,,,,,,,,www.generalnoli.com,,,GENNOLVTO,,,,roberto.artioli@generalnoli.com,,,,,,,,,,,,,,,0,,,,,,,,,,,,,,,,,,,,,,,,,,,,,,
BEATECSOU,BEACON TECHNOLOGIES LTD.,Company,,GBSOU,BEATECSOU,,,,,,,,,,,,,,,,,,,,,,,,BEATECSOU,,,,support@beacon.co.uk,,,,,,,,,,,,,,,0,,,,,,,,,,,,,,,,,,,,,,,,,,,,,,
DTGRUELAX,DT GRUELLE COMPANY,Company,,USLAX,DTGRUELAX,,,,,,,,,,,,,,,,,,,,,,,,DTGRUELAX,,,,,,,,,,,,,,,,,,,0,,,,,,,,,,,,,,,,,,,,,,,,,,,,,,
YUUTYOAFE,MR. YUUKI TERADA,Company,,JPTYO,YUUTYOAFE,,,,,,,,,,,,,,,,,,,,,,,,YUUTYOAFE,,,,,,,,,,,,,,,,,,,0,,,,,,,,,,,,,,,,,,,,,,,,,,,,,,
RAYATTAFE,RAY ATTACHMENTS,Company,,CNCZX,RAYATTAFE,,,,,,,,,,,,,,,,,,,,,,,,RAYATTAFE,,,+8615061965293,raysales5@raysteeltube.com,,,,,,,,,,,,,,,0,,,,,,,,,,,,,,,,,,,,,,,,,,,,,,
LYNINTJFK,LYNDEN INTERNATIONAL,Company,,USJFK,LYNINTJFK,,,,,,,,,,,,,,,,,,,,,,,,LYNINTJFK,,,,jpena@lynden.com,,,,,,,,,,,,,,,0,,,,,,,,,,,,,,,,,,,,,,,,,,,,,,
FALTRACEB,FALCONA TRADING,Company,,PHCEB,FALTRACEB,,,,,,,,,,,,,,,,,,,,,,,,FALTRACEB,,,,,,,,,,,,,,,,,,,0,,,,,,,,,,,,,,,,,,,,,,,,,,,,,,
MARDELVAL,"MARITIMA DEL MEDITERRANEO, SA",Company,,ESVLC,MARDELVAL,,,,,,,,,,,,,,,,,,,,,,,,MARDELVAL,,,,,,,,,,,,,,,,,,,0,,,,,,,,,,,,,,,,,,,,,,,,,,,,,,
EQLINECMB,EQ LINES PVT LTD.,Company,,LKCMB,EQLINECMB,,,,,,,,,,,,,,,,,,,,,,,,EQLINECMB,,,,,,,,,,,,,,,,,,,0,,,,,,,,,,,,,,,,,,,,,,,,,,,,,,
MILLOGBKK,"MILESTONE LOGISTICS (THAI) CO., LTD.",Company,,THBKK,MILLOGBKK,,,,,,,,,,,,,,,,,,,,,,,,MILLOGBKK,,,,,,,,,,,,,,,,,,,0,,,,,,,,,,,,,,,,,,,,,,,,,,,,,,
TRAOVEBRE,TRANSPORT OVERSEAS GROUP GMBH,Company,,DEBRE,TRAOVEBRE,,,,,,,,,,,,,,,,,,,,,,,,TRAOVEBRE,,,+4915141458699,,,,,,,,,,,,,,,,0,,,,,,,,,,,,,,,,,,,,,,,,,,,,,,
SHOSELAFE,SHOW CARGO LOGISTICS INC.,Company,,KRSEL,SHOSELAFE,,,,,,,,,,,,,,,,,,,,,,,,SHOSELAFE,,,,,,,,,,,,,,,,,,,0,,,,,,,,,,,,,,,,,,,,,,,,,,,,,,
VISMETCLT,"VISION METERING, LLC",Company,,USCLT,VISMETCLT,,,,,,,,,,,,,,,,,,,,,www.visiometering.com,,,VISMETCLT,,,,,,,,,,,,,,,,,,,0,,,,,,,,,,,,,,,,,,,,,,,,,,,,,,
NSGLOGBTZ,NSGLOG,Company,,TRBTZ,NSGLOGBTZ,,,,,,,,,,,,,,,,,,,,,,,,NSGLOGBTZ,,,+902244430403,semih.ciftci@nsglog.com,,,,,,,,,,,,,,,0,,,,,,,,,,,,,,,,,,,,,,,,,,,,,,
SHEEXCSZP,"SHENZHEN EXCELLE INT’L LOGISTICS CO.,LTD",Company,,CNSZP,SHEEXCSZP,,,,,,,,,,,,,,,,,,,,,,,,SHEEXCSZP,,,,,,,,,,,,,,,,,,,0,,,,,,,,,,,,,,,,,,,,,,,,,,,,,,
AVIUABIST,AVIALOGISTIKA UAB WULIUAIR,Company,,TRISL,AVIUABIST,,,,,,,,,,,,,,,,,,,,,,,,AVIUABIST,,,,,,,,,,,,,,,,,,,0,,,,,,,,,,,,,,,,,,,,,,,,,,,,,,
DACINDCCU,"DACHSER INDIA PRIVATE LIMITED,",Company,,INCCU,DACINDCCU,,,,,,,,,,,,,,,,,,,,,,,,DACINDCCU,,,,,,,,,,,,,,,,,,,0,,,,,,,,,,,,,,,,,,,,,,,,,,,,,,
SHAKUAAFE,"SHANGHAI KUANHONG ELECTRONIC TECHNOLOGY CO., LTD",Company,,CNSHA,SHAKUAAFE,,,,,,,,,,,,,,,,,,,,,www.dbtsourcing.com,,,SHAKUAAFE,,,+8613 8016048893,jasy.lu@dbtsourcing.com,,,,,,,,,,,,,,,0,,,,,,,,,,,,,,,,,,,,,,,,,,,,,,
TEAWORAFE,"TEAM WORK LOGISTICS CO.,LTD.",Company,,THBKK,TEAWORAFE,,,,,,,,,,,,,,,,,,,,,,,,TEAWORAFE,,,,marisa@twl.co.th,,,,,,,,,,,,,,,0,,,,,,,,,,,,,,,,,,,,,,,,,,,,,,
HANSEAAFE,"HANGZHOU SEALAND SUPPLY CHAIN MANAGEMENT CO.,LTD",Company,,CNHAZ,HANSEAAFE,,,,,,,,,,,,,,,,,,,,,,,,HANSEAAFE,,,+8613456895995,alice15-xu@sealand-scm.com,,,,,,,,,,,,,,,0,,,,,,,,,,,,,,,,,,,,,,,,,,,,,,
SINSHAAFE,SINOTRANS SHANGHAI WELL-TRANS INTERNATIONAL LOGISTICS CO. LTD,Company,,CNSHA,SINSHAAFE,,,,,,,,,,,,,,,,,,,,,www.sinotrans.com,,,SINSHAAFE,,,+8613482144031,shenjunyuan@sinotrans.com,,,,,,,,,,,,,,,0,,,,,,,,,,,,,,,,,,,,,,,,,,,,,,
CHIKHHAFE,CHIANYI TRADING COMPANY,Company,,TWKHH,CHIKHHAFE,,,,,,,,,,,,,,,,,,,,,,,,CHIKHHAFE,,,,ufjk0205@ms6.hinet.net,,,,,,,,,,,,,,,0,,,,,,,,,,,,,,,,,,,,,,,,,,,,,,
HILROCSTN,HILL ROCK LTD.,Company,,HKSTN,HILROCSTN,,,,,,,,,,,,,,,,,,,,,,,,HILROCSTN,,,,,,,,,,,,,,,,,,,0,,,,,,,,,,,,,,,,,,,,,,,,,,,,,,
AUSLOGSYD,AUSTEX LOGISTICS PTY LTD,Company,,AUSYD,AUSLOGSYD,,,,,,,,,,,,,,,,,,,,,www.austex.net.au,,,AUSLOGSYD,,,+61431691102,amanda@austex.net.au,,,,,,,,,,,,,,,0,,,,,,,,,,,,,,,,,,,,,,,,,,,,,,
ALLSHASHA,"ALLTEK COMPANY SHANGHAI, LTD.",Company,,CNSHA,ALLSHASHA,,,,,,,,,,,,,,,,,,,,,,,,ALLSHASHA,,,,,,,,,,,,,,,,,,,0,,,,,,,,,,,,,,,,,,,,,,,,,,,,,,
CITHKGAFE,CITYCARGO (H.K) LIMITED,Company,,HKHKG,CITHKGAFE,,,,,,,,,,,,,,,,,,,,,,,,CITHKGAFE,,,,andrew@citycargo.com.hk,,,,,,,,,,,,,,,0,,,,,,,,,,,,,,,,,,,,,,,,,,,,,,
ROGHKGAFE,ROGERS WORLDWIDE (HK) LIMITED,Company,,HKHKG,ROGHKGAFE,,,,,,,,,,,,,,,,,,,,,,,,ROGHKGAFE,,,+85298780665,june@rogershk.com,,,,,,,,,,,,,,,0,,,,,,,,,,,,,,,,,,,,,,,,,,,,,,
SHELIVGUA,SHENZHEN LIVALL NETWORK TECHNOLOGY CO. LTD.,Company,,CNGUA,SHELIVGUA,,,,,,,,,,,,,,,,,,,,,,,,SHELIVGUA,,,,,,,,,,,,,,,,,,,0,,,,,,,,,,,,,,,,,,,,,,,,,,,,,,
NATTAIAFE,NATIONAL TAIWAN MUSEUM OF FINE ARTS,Company,,TWTXG,NATTAIAFE,,,,,,,,,,,,,,,,,,,,,,,,NATTAIAFE,,,,,,,,,,,,,,,,,,,0,,,,,,,,,,,,,,,,,,,,,,,,,,,,,,
APCINTSHA,APC INTERNATIONAL AIR & SEA FORWARDING,Company,,CNSHA,APCINTSHA,,,,,,,,,,,,,,,,,,,,,,,,APCINTSHA,,,,,,,,,,,,,,,,,,,0,,,,,,,,,,,,,,,,,,,,,,,,,,,,,,
KASTRARUH,KASA TRADING EST,Company,,SARUH,KASTRARUH,,,,,,,,,,,,,,,,,,,,,,,,KASTRARUH,,,,,,,,,,,,,,,,,,,0,,,,,,,,,,,,,,,,,,,,,,,,,,,,,,
EXCSINAFE,EXCEED SPORTS & ENTERTAINMENT,Company,,SGSIN,EXCSINAFE,,,,,,,,,,,,,,,,,,,,,,,,EXCSINAFE,,,,,,,,,,,,,,,,,,,0,,,,,,,,,,,,,,,,,,,,,,,,,,,,,,
SEAAIR,SEA AND AIR FREIGHT LIMITED,Company,,BDDAC,SEAAIR,,,,,,,,,,,,,,,,,,,,,,,,SEAAIR,,,+8801767804235,tushar@airandseafreight.com,,,,,,,,,,,,,,,0,,,,,,,,,,,,,,,,,,,,,,,,,,,,,,
ALLOFCFXT,THE ALLIANCE GROUP OF COMPANIES,Company,,GBFXT,ALLOFCFXT,,,,,,,,,,,,,,,,,,,,,,,,ALLOFCFXT,,,,,,,,,,,,,,,,,,,0,,,,,,,,,,,,,,,,,,,,,,,,,,,,,,
WORXMNAFE,WORLD EXPRESS INTERNATIONAL LTD.,Company,,CNXMN,WORXMNAFE,,,,,,,,,,,,,,,,,,,,,,,,WORXMNAFE,,,+8613859912723,hansen@exposervice.com.cn,,,,,,,,,,,,,,,0,,,,,,,,,,,,,,,,,,,,,,,,,,,,,,
TAIECOAFE,TAIAN-ECOBAR TECHNOLOGY CO LTD,Company,,TWTPE,TAIECOAFE,,,,,,,,,,,,,,,,,,,,,,,,TAIECOAFE,,,,,,,,,,,,,,,,,,,0,,,,,,,,,,,,,,,,,,,,,,,,,,,,,,
LEMUSARAC,LEMAN USA INC,Company,,USRAC,LEMUSARAC,,,,,,,,,,,,,,,,,,,,,,,,LEMUSARAC,,,,,,,,,,,,,,,,,,,0,,,,,,,,,,,,,,,,,,,,,,,,,,,,,,
ALDGLOAFE,ALDEN GLOBAL LOJISTIK,Company,,TRANK,ALDGLOAFE,,,,,,,,,,,,,,,,,,,,,www.aldenlojistik.com,,,ALDGLOAFE,,,+905375697904,canselolmez@aldenlojistik.com,,,,,,,,,,,,,,,0,,,,,,,,,,,,,,,,,,,,,,,,,,,,,,
ADDLOGSGN,ADDICON LOGISTICS CO. LTD,Company,,VNSGN,ADDLOGSGN,,,,,,,,,,,,,,,,,,,,,,,,ADDLOGSGN,,,,,,,,,,,,,,,,,,,0,,,,,,,,,,,,,,,,,,,,,,,,,,,,,,
AIRUSACHI,"AIRTRONIC USA, INC.",Company,,USCHI,AIRUSACHI,,,,,,,,,,,,,,,,,,,,,,,,AIRUSACHI,,,,troyC@airtronics.net,,,,,,,,,,,,,,,0,,,,,,,,,,,,,,,,,,,,,,,,,,,,,,
SAUARAMKC,SAUDI ARABIAN AIRLINES,Company,,PHMKC,SAUARAMKC,,,,,,,,,,,,,,,,,,,,,,,,SAUARAMKC,,,,,,,,,,,,,,,,,,,0,,,,,,,,,,,,,,,,,,,,,,,,,,,,,,
HVOWIRSTR,H.VON WIRTH GMBH & CO.KG,Company,,DESTR,HVOWIRSTR,,,,,,,,,,,,,,,,,,,,,,,,HVOWIRSTR,,,,lbs@hvonwirth.de,,,,,,,,,,,,,,,0,,,,,,,,,,,,,,,,,,,,,,,,,,,,,,
MSNSHISIN,MSN SHIPPING AGENCIES PTE LTD,Company,,SGSIN,MSNSHISIN,,,,,,,,,,,,,,,,,,,,,,,,MSNSHISIN,,,,,,,,,,,,,,,,,,,0,,,,,,,,,,,,,,,,,,,,,,,,,,,,,,
NEWMEXMEX,NEWTRAL MEXICO SA DE CV,Company,,MXMEX,NEWMEXMEX,,,,,,,,,,,,,,,,,,,,,,,,NEWMEXMEX,,,,,,,,,,,,,,,,,,,0,,,,,,,,,,,,,,,,,,,,,,,,,,,,,,
FREMEDSFO,FRESENIUS MEDICAL CENTER,Company,,USSFO,FREMEDSFO,,,,,,,,,,,,,,,,,,,,,,,,FREMEDSFO,,,,,,,,,,,,,,,,,,,0,,,,,,,,,,,,,,,,,,,,,,,,,,,,,,
AELBERNGB,AEL-BERKMAN FORWARDING (HK) LIMITED,Company,,CNNGB,AELBERNGB,,,,,,,,,,,,,,,,,,,,,,,,AELBERNGB,,,,,,,,,,,,,,,,,,,0,,,,,,,,,,,,,,,,,,,,,,,,,,,,,,
EVEMICAFE,"EVERTZ MICROSYSTEMS, LTD.",Company,,CABRL,EVEMICAFE,,,,,,,,,,,,,,,,,,,,,,,,EVEMICAFE,,,,jgraci@evertz.com,,,,,,,,,,,,,,,0,,,,,,,,,,,,,,,,,,,,,,,,,,,,,,
PEALAMAFE,PEARL LAM GALLERIES,Company,,HKHKG,PEALAMAFE,,,,,,,,,,,,,,,,,,,,,,,,PEALAMAFE,,,,,,,,,,,,,,,,,,,0,,,,,,,,,,,,,,,,,,,,,,,,,,,,,,
TCIEXPDEL,TCI EXPRESS,Company,,INDEL,TCIEXPDEL,,,,,,,,,,,,,,,,,,,,,,,,TCIEXPDEL,,,,,,,,,,,,,,,,,,,0,,,,,,,,,,,,,,,,,,,,,,,,,,,,,,
STESPAVCE,STEFANEL S.P.A,Company,,ITVCE,STESPAVCE,,,,,,,,,,,,,,,,,,,,,,,,STESPAVCE,,,,,,,,,,,,,,,,,,,0,,,,,,,,,,,,,,,,,,,,,,,,,,,,,,
INTCARHKG,INTERNATIONAL CARE MINISTRIES,Company,,HKHKG,INTCARHKG,,,,,,,,,,,,,,,,,,,,,,,,INTCARHKG,,,,,,,,,,,,,,,,,,,0,,,,,,,,,,,,,,,,,,,,,,,,,,,,,,
NANRISSHA,"NANTONG RISING SPORTS & LEISURE GOODS CO., LTD.",Company,,CNSGH,NANRISSHA,,,,,,,,,,,,,,,,,,,,,,,,NANRISSHA,,,,,,,,,,,,,,,,,,,0,,,,,,,,,,,,,,,,,,,,,,,,,,,,,,
NOALOGPME,NOATUM LOGISTICS UK LIMITED,Company,,GBPME,NOALOGPME,,,,,,,,,,,,,,,,,,,,,,,,NOALOGPME,,,,,,,,,,,,,,,,,,,0,,,,,,,,,,,,,,,,,,,,,,,,,,,,,,
SOTRANHAN,SOTRANS HANOI,Company,,VNHAN,SOTRANHAN,,,,,,,,,,,,,,,,,,,,,,,,SOTRANHAN,,,,,,,,,,,,,,,,,,,0,,,,,,,,,,,,,,,,,,,,,,,,,,,,,,
DWIKARJKT,PT. DWITUNGGAL KARUNIA GEMILANG,Company,,IDJKT,DWIKARJKT,,,,,,,,,,,,,,,,,,,,,,,,DWIKARJKT,,,,,,,,,,,,,,,,,,,0,,,,,,,,,,,,,,,,,,,,,,,,,,,,,,
WELMIMAFE,WEL,Company,,FRMIM,WELMIMAFE,,,,,,,,,,,,,,,,,,,,,,,,WELMIMAFE,,,,,,,,,,,,,,,,,,,0,,,,,,,,,,,,,,,,,,,,,,,,,,,,,,
BRAUKOHAM,BRAUKON GMBH,Company,,DEHAM,BRAUKOHAM,,,,,,,,,,,,,,,,,,,,,,,,BRAUKOHAM,,,,,,,,,,,,,,,,,,,0,,,,,,,,,,,,,,,,,,,,,,,,,,,,,,
NEWLOGKHI,NEWS LOGISTICS,Company,,PKKHI,NEWLOGKHI,,,,,,,,,,,,,,,,,,,,,,,,NEWLOGKHI,,,,,,,,,,,,,,,,,,,0,,,,,,,,,,,,,,,,,,,,,,,,,,,,,,
CENCGOAFE,CENSTAR SCIENCE & TECHNOLOGY CORP LTD,Company,,CNZGZ,CENCGOAFE,,,,,,,,,,,,,,,,,,,,,,,,CENCGOAFE,,,,sales@censtar.com,,,,,,,,,,,,,,,0,,,,,,,,,,,,,,,,,,,,,,,,,,,,,,
MEDSANPAR,MEDECINS SANS FRONTIERES,Company,,FRPAR,MEDSANPAR,,,,,,,,,,,,,,,,,,,,,,,,MEDSANPAR,,,,,,,,,,,,,,,,,,,0,,,,,,,,,,,,,,,,,,,,,,,,,,,,,,
MEBGLOCNY,MEBS GLOBAL,Company,,USCNY,MEBGLOCNY,,,,,,,,,,,,,,,,,,,,,,,,MEBGLOCNY,,,,,,,,,,,,,,,,,,,0,,,,,,,,,,,,,,,,,,,,,,,,,,,,,,
SKILANAFE,SKIOLD LANDMECO,Company,,DKOLG,SKILANAFE,,,,,,,,,,,,,,,,,,,,,www.landmeco.com,,,SKILANAFE,,,+4575245511,pernille@landmeco.dk,,,,,,,,,,,,,,,0,,,,,,,,,,,,,,,,,,,,,,,,,,,,,,
CHRMEYDXB,MS. CHRISTINE MEYER,Company,,AEDXB,CHRMEYDXB,,,,,,,,,,,,,,,,,,,,,,,,CHRMEYDXB,,,,,,,,,,,,,,,,,,,0,,,,,,,,,,,,,,,,,,,,,,,,,,,,,,
SOHFREAFE,SOHAM FREIGHT SERVICE PVT.LTD.,Company,,INMUN,SOHFREAFE,,,,,,,,,,,,,,,,,,,,,www.sohamfreight.com,,,SOHFREAFE,,,+917567508888,soham@sohamfreight.com,,,,,,,,,,,,,,,0,,,,,,,,,,,,,,,,,,,,,,,,,,,,,,
NFSAIRAMS,NFS AIRFREIGHT B.V.,Company,,NLAMS,NFSAIRAMS,,,,,,,,,,,,,,,,,,,,,,,,NFSAIRAMS,,,,,,,,,,,,,,,,,,,0,,,,,,,,,,,,,,,,,,,,,,,,,,,,,,
IVFCPHAFE,IVF TECH APS,Company,,DKCPH,IVFCPHAFE,,,,,,,,,,,,,,,,,,,,,,,,IVFCPHAFE,,,,,,,,,,,,,,,,,,,0,,,,,,,,,,,,,,,,,,,,,,,,,,,,,,
AMEEXPLGB,AMERICAN EXPORT LINES,Company,,USLGB,AMEEXPLGB,,,,,,,,,,,,,,,,,,,,,,,,AMEEXPLGB,,,,,,,,,,,,,,,,,,,0,,,,,,,,,,,,,,,,,,,,,,,,,,,,,,
SSASWESIN,SSAB SWEDISH STEEL PTE LTD,Company,,SGSIN,SSASWESIN,,,,,,,,,,,,,,,,,,,,,,,,SSASWESIN,,,+6596981640,koonbk@ssab.com,,,,,,,,,,,,,,,0,,,,,,,,,,,,,,,,,,,,,,,,,,,,,,
EXPHAMAFE,EXPOLOGISTIK GMBH,Company,,DEHAM,EXPHAMAFE,,,,,,,,,,,,,,,,,,,,,,,,EXPHAMAFE,,,+49 1577386700,daniel.oelgemoeller@expologistik.com,,,,,,,,,,,,,,,0,,,,,,,,,,,,,,,,,,,,,,,,,,,,,,
LEMCHISHA,LEMAN CHINA CO. LTD. - NINGBO BRANCH,Company,,CNSHA,LEMCHISHA,,,,,,,,,,,,,,,,,,,,,,,,LEMCHISHA,,,,,,,,,,,,,,,,,,,0,,,,,,,,,,,,,,,,,,,,,,,,,,,,,,
USAPAMPEN,USAHA PAMMEK SDN BHD,Company,,MYPEN,USAPAMPEN,,,,,,,,,,,,,,,,,,,,,,,,USAPAMPEN,,,,,,,,,,,,,,,,,,,0,,,,,,,,,,,,,,,,,,,,,,,,,,,,,,
STADRSAFE,STAATLICHE KUNSTSAMMLUNGEN DRESDEN,Company,,DEDRS,STADRSAFE,,,,,,,,,,,,,,,,,,,,,,,,STADRSAFE,,,,Lisa.Seltmann@skd.museum,,,,,,,,,,,,,,,0,,,,,,,,,,,,,,,,,,,,,,,,,,,,,,
ANCEXPORD,ANCHOR EXPRESS INC,Company,,USORD,ANCEXPORD,,,,,,,,,,,,,,,,,,,,,,,,ANCEXPORD,,,,,,,,,,,,,,,,,,,0,,,,,,,,,,,,,,,,,,,,,,,,,,,,,,
DHLFREAFE,DHL FREIGHT TURKEY,Company,,TRIST,DHLFREAFE,,,,,,,,,,,,,,,,,,,,,,,,DHLFREAFE,,,,Ismail.Con@dhl.com,,,,,,,,,,,,,,,0,,,,,,,,,,,,,,,,,,,,,,,,,,,,,,
UNIASIHKG,"UNITED ASIAN LOGISTICS (HK) CO., LTD.",Company,,HKHKG,UNIASIHKG,,,,,,,,,,,,,,,,,,,,,,,,UNIASIHKG,,,,,,,,,,,,,,,,,,,0,,,,,,,,,,,,,,,,,,,,,,,,,,,,,,
SOKTPEAFE,SOKA ART GALLERY,Company,,TWTPE,SOKTPEAFE,,,,,,,,,,,,,,,,,,,,,www.soka-art.com,,,SOKTPEAFE,,,+886921163295,aileen.wu1009@gmail.com,,,,,,,,,,,,,,,0,,,,,,,,,,,,,,,,,,,,,,,,,,,,,,
MASINTAFE,MASTERPIECE INTERNATIONAL,Company,,USLAX,MASINTAFE,,,,,,,,,,,,,,,,,,,,,www.masterpieceintl.com,,,MASINTAFE,,,,lax@masterpieceintl.com,,,,,,,,,,,,,,,0,,,,,,,,,,,,,,,,,,,,,,,,,,,,,,
INTDFTAFE,INTERFLOW LOGISTICS LTD.,Company,,IEDFT,INTDFTAFE,,,,,,,,,,,,,,,,,,,,,,,,INTDFTAFE,,,,terence.cullinan@interflow.ie,,,,,,,,,,,,,,,0,,,,,,,,,,,,,,,,,,,,,,,,,,,,,,
MESALMKWI,MESHARI ALMEKAIMI,Company,,KWKWI,MESALMKWI,,,,,,,,,,,,,,,,,,,,,,,,MESALMKWI,,,,,,,,,,,,,,,,,,,0,,,,,,,,,,,,,,,,,,,,,,,,,,,,,,
BUHLAGUZW,BUHLER AG,Company,,CHUZW,BUHLAGUZW,,,,,,,,,,,,,,,,,,,,,,,,BUHLAGUZW,,,,,,,,,,,,,,,,,,,0,,,,,,,,,,,,,,,,,,,,,,,,,,,,,,
CELASIAFE,CELLEBRITE ASIA PACIFIC PTE. LTD.,Company,,SGSIN,CELASIAFE,,,,,,,,,,,,,,,,,,,,,,,,CELASIAFE,,,,Jolene.Tay@cellebrite.com,,,,,,,,,,,,,,,0,,,,,,,,,,,,,,,,,,,,,,,,,,,,,,
ASAULUIST,ASAV ULUSLARARASI NAK VE TIC A.S.,Company,,TRIST,ASAULUIST,,,,,,,,,,,,,,,,,,,,,,,,ASAULUIST,,,,,,,,,,,,,,,,,,,0,,,,,,,,,,,,,,,,,,,,,,,,,,,,,,
OCRSPACRE,OCRIM SPA,Company,,ITCRE,OCRSPACRE,,,,,,,,,,,,,,,,,,,,,,,,OCRSPACRE,,,,,,,,,,,,,,,,,,,0,,,,,,,,,,,,,,,,,,,,,,,,,,,,,,
BESCOOTPE,"BEST COOPERATION ENTERPRISE CO., LTD.",Company,,TWTPE,BESCOOTPE,,,,,,,,,,,,,,,,,,,,,,,,BESCOOTPE,,,,,,,,,,,,,,,,,,,0,,,,,,,,,,,,,,,,,,,,,,,,,,,,,,
PLUBRASAO,PLUSCARGO BRASIL,Company,,BRSAO,PLUBRASAO,,,,,,,,,,,,,,,,,,,,,www.pluscargo.com.br,,,PLUBRASAO,,,,airpricing@pluscargo.com.br,,,,,,,,,,,,,,,0,,,,,,,,,,,,,,,,,,,,,,,,,,,,,,
RERDELAFE,R.E. ROGERS INDIA PVT. LTD.,Company,,INDEL,RERDELAFE,,,,,,,,,,,,,,,,,,,,,www.rogersworldwideindia.com,,,RERDELAFE,,,+911126949802,sachin@rogersworldwideindia.com,,,,,,,,,,,,,,,0,,,,,,,,,,,,,,,,,,,,,,,,,,,,,,
KNETINBKK,K-NET INTERNATIONAL LTD. PART,Company,,THBKK,KNETINBKK,,,,,,,,,,,,,,,,,,,,,,,,KNETINBKK,,,,,,,,,,,,,,,,,,,0,,,,,,,,,,,,,,,,,,,,,,,,,,,,,,
MONVGLGOA,MONDIALE VGL S.P.A,Company,,ITGOA,MONVGLGOA,,,,,,,,,,,,,,,,,,,,,,,,MONVGLGOA,,,,,,,,,,,,,,,,,,,0,,,,,,,,,,,,,,,,,,,,,,,,,,,,,,
FINLINMEX,FINE LINE SA/PLUSCARGO TRANSPORTE MEXICANA,Company,,MXMEX,FINLINMEX,,,,,,,,,,,,,,,,,,,,,,,,FINLINMEX,,,,erika@pluscargomexico.com.mx,,,,,,,,,,,,,,,0,,,,,,,,,,,,,,,,,,,,,,,,,,,,,,
HORENTMDW,HORIZON ENTERTAINMNET CARGO,Company,,USCHI,HORENTMDW,,,,,,,,,,,,,,,,,,,,,,,,HORENTMDW,,,+18475935900,jeff@hecargo.com,,,,,,,,,,,,,,,0,,,,,,,,,,,,,,,,,,,,,,,,,,,,,,
RETSINAFE,RETRO-MAX PTE LTD,Company,,SGSIN,RETSINAFE,,,,,,,,,,,,,,,,,,,,,,,,RETSINAFE,,,,,,,,,,,,,,,,,,,0,,,,,,,,,,,,,,,,,,,,,,,,,,,,,,
SISINTAQJ,"SISTEMAS INTEGRADOS LOGISTICOS, S.A. DE C.V.",Company,,SVAQJ,SISINTAQJ,,,,,,,,,,,,,,,,,,,,,,,,SISINTAQJ,,,,,,,,,,,,,,,,,,,0,,,,,,,,,,,,,,,,,,,,,,,,,,,,,,
ISGHEANDA,ISGEC HEAVY ENGINEERING LTD.,Company,,INNDA,ISGHEANDA,,,,,,,,,,,,,,,,,,,,,,,,ISGHEANDA,,,+919818821428,vikasgandhi@isgecmail.com,,,,,,,,,,,,,,,0,,,,,,,,,,,,,,,,,,,,,,,,,,,,,,
SUKMANMSL,SUKUP MANUFACTURING COMPANY,Company,,USSHF,SUKMANMSL,,,,,,,,,,,,,,,,,,,,,,,,SUKMANMSL,,,,,,,,,,,,,,,,,,,0,,,,,,,,,,,,,,,,,,,,,,,,,,,,,,
BIREKEOSL,BIRGER EKERHOLT,Company,,NOOSL,BIREKEOSL,,,,,,,,,,,,,,,,,,,,,,,,BIREKEOSL,,,,,,,,,,,,,,,,,,,0,,,,,,,,,,,,,,,,,,,,,,,,,,,,,,
WORFUEMNL,WORLD FUEL SERVICES (SINGAPORE) PTE LTD. - PHILIPPINES BRANCH,Company,,PHMNL,WORFUEMNL,,,,,,,,,,,,,,,,,,,,,,,,WORFUEMNL,,,+447341560263,dwallace@world-kinect.com,,,,,,,,,,,,,,,0,,,,,,,,,,,,,,,,,,,,,,,,,,,,,,
HANINDLHKG,HANCOLE INDUSTRIES LIMITED,Company,,HKHKG,HANINDLHKG,,,,,,,,,,,,,,,,,,,,,,,,HANINDLHKG,,,,,,,,,,,,,,,,,,,0,,,,,,,,,,,,,,,,,,,,,,,,,,,,,,
VATDELAFE,VATS LOGISTICS,Company,,INDEL,VATDELAFE,,,,,,,,,,,,,,,,,,,,,,,,VATDELAFE,,,+919711399721,deepu_jhagra@yahoo.co.in,,,,,,,,,,,,,,,0,,,,,,,,,,,,,,,,,,,,,,,,,,,,,,
ANJYINZHE,ANJI YINAFU HOME SUPPLIES CO LTD,Company,,CNZHE,ANJYINZHE,,,,,,,,,,,,,,,,,,,,,www.ajynf.com,,,ANJYINZHE,,,,,,,,,,,,,,,,,,,0,,,,,,,,,,,,,,,,,,,,,,,,,,,,,,
CANNUCCKR,CANADIAN NUCLEAR LABORATORIES,Company,,CACKR,CANNUCCKR,,,,,,,,,,,,,,,,,,,,,,,,CANNUCCKR,,,,,,,,,,,,,,,,,,,0,,,,,,,,,,,,,,,,,,,,,,,,,,,,,,
MYFBJSAFE,"MYFREIGHT INTERNATIONAL LOGISTICS CO., LTD",Company,,CNBJS,MYFBJSAFE,,,,,,,,,,,,,,,,,,,,,,,,MYFBJSAFE,,,,jeafar@myfreight.com.cn,,,,,,,,,,,,,,,0,,,,,,,,,,,,,,,,,,,,,,,,,,,,,,
BSMBNPAFE,BS MARINE INTERNATIONAL CO. LTD.,Company,,KRBNP,BSMBNPAFE,,,,,,,,,,,,,,,,,,,,,,,,BSMBNPAFE,,,,,,,,,,,,,,,,,,,0,,,,,,,,,,,,,,,,,,,,,,,,,,,,,,
MARHAVIST,MARS HAVA VE DENIZ KARGO TASIMACILIGI A.S,Company,,TRIST,MARHAVIST,,,,,,,,,,,,,,,,,,,,,,,,MARHAVIST,,,,,,,,,,,,,,,,,,,0,,,,,,,,,,,,,,,,,,,,,,,,,,,,,,
LKGLOBKUL,LK GLOBAL PRO SHIPPINGS (M) SDN BHD,Company,,MYKUL,LKGLOBKUL,,,,,,,,,,,,,,,,,,,,,,,,LKGLOBKUL,,,,,,,,,,,,,,,,,,,0,,,,,,,,,,,,,,,,,,,,,,,,,,,,,,
ALLWAYVCP,ALL THE WAY AGENCIAMENTO DE CARGAS INTERNACIONAIS S/S LTDA,Company,,BRVCP,ALLWAYVCP,,,,,,,,,,,,,,,,,,,,,,,,ALLWAYVCP,,,,,,,,,,,,,,,,,,,0,,,,,,,,,,,,,,,,,,,,,,,,,,,,,,
STEHANGUT,STEEL-HAND INDUSTRY DEVELOPMENT CO LTD,Company,,CNGUT,STEHANGUT,,,,,,,,,,,,,,,,,,,,,,,,STEHANGUT,,,,,,,,,,,,,,,,,,,0,,,,,,,,,,,,,,,,,,,,,,,,,,,,,,
TRASHIOMA,"TRANSCON SHIPPING CO., INC.",Company,,USOMA,TRASHIOMA,,,,,,,,,,,,,,,,,,,,,,,,TRASHIOMA,,,,,,,,,,,,,,,,,,,0,,,,,,,,,,,,,,,,,,,,,,,,,,,,,,
MELLOGHAN,MELODY LOGISTICS CO. LTD.,Company,,VNHAN,MELLOGHAN,,,,,,,,,,,,,,,,,,,,,,,,MELLOGHAN,,,,,,,,,,,,,,,,,,,0,,,,,,,,,,,,,,,,,,,,,,,,,,,,,,
CONINTMKT,CONDUX INTERNATIONAL INC.,Company,,USMKT,CONINTMKT,,,,,,,,,,,,,,,,,,,,,,,,CONINTMKT,,,,johnh@condux.com,,,,,,,,,,,,,,,0,,,,,,,,,,,,,,,,,,,,,,,,,,,,,,
FELOXIFRA,FELOXITY GMBH & CO. KG,Company,,DEFRA,FELOXIFRA,,,,,,,,,,,,,,,,,,,,,,,,FELOXIFRA,,,,,,,,,,,,,,,,,,,0,,,,,,,,,,,,,,,,,,,,,,,,,,,,,,
SOJPLANRT,SOJITZ PLA-NET CORPORATION,Company,,JPTYO,SOJPLANRT,,,,,,,,,,,,,,,,,,,,,,,,SOJPLANRT,,,,,,,,,,,,,,,,,,,0,,,,,,,,,,,,,,,,,,,,,,,,,,,,,,
LOGICAAMS,LOGICALL GROUP B.V,Company,,NLAMS,LOGICAAMS,,,,,,,,,,,,,,,,,,,,,,,,LOGICAAMS,,,,,,,,,,,,,,,,,,,0,,,,,,,,,,,,,,,,,,,,,,,,,,,,,,
TEXTURKWH,TEXTURE INC.,Company,,USKWH,TEXTURKWH,,,,,,,,,,,,,,,,,,,,,,,,TEXTURKWH,,,,,,,,,,,,,,,,,,,0,,,,,,,,,,,,,,,,,,,,,,,,,,,,,,
FREINDCEB,FRECALUCK INDUSTRIES,Company,,PHCEB,FREINDCEB,,,,,,,,,,,,,,,,,,,,,,,,FREINDCEB,,,,,,,,,,,,,,,,,,,0,,,,,,,,,,,,,,,,,,,,,,,,,,,,,,
DTGRUECLE,DT GRUELLE COMPANY GROUP LLC,Company,,USCLE,DTGRUECLE,,,,,,,,,,,,,,,,,,,,,,,,DTGRUECLE,,,,jessica@dtgruelle.com,,,,,,,,,,,,,,,0,,,,,,,,,,,,,,,,,,,,,,,,,,,,,,
FRETRAAAR,FREJA TRANSPORT & LOGISTICS A/S,Company,,DKAAR,FRETRAAAR,,,,,,,,,,,,,,,,,,,,,,,,FRETRAAAR,,,,,,,,,,,,,,,,,,,0,,,,,,,,,,,,,,,,,,,,,,,,,,,,,,
MRFINTSZX,MRF INTERNATIONAL FORWARDING CO. LTD.,Company,,CNSNZ,MRFINTSZX,,,,,,,,,,,,,,,,,,,,,http://www.mrflogistics.com,,,MRFINTSZX,,,+8613724290487,lizzy_szx@mrflogistics.com,,,,,,,,,,,,,,,0,,,,,,,,,,,,,,,,,,,,,,,,,,,,,,
SENINTMUC,SENATOR INTERNATIONAL SPEDITION GMBH,Company,,DEMUC,SENINTMUC,,,,,,,,,,,,,,,,,,,,,,,,SENINTMUC,,,,,,,,,,,,,,,,,,,0,,,,,,,,,,,,,,,,,,,,,,,,,,,,,,
HEIHOPHAM,HEINRICH HOPPE GMBH SPEDITION + LOGISTIK,Company,,DEHAM,HEIHOPHAM,,,,,,,,,,,,,,,,,,,,,,,,HEIHOPHAM,,,,,,,,,,,,,,,,,,,0,,,,,,,,,,,,,,,,,,,,,,,,,,,,,,
GENNOLMDW,GENERAL NOLI USA INC- CHICAGO,Company,,USCHI,GENNOLMDW,,,,,,,,,,,,,,,,,,,,,,,,GENNOLMDW,,,,,,,,,,,,,,,,,,,0,,,,,,,,,,,,,,,,,,,,,,,,,,,,,,
GUAFOSFOS,GUANGDONG FOSHAN IMP & EXP CO. LTD.,Company,,CNFOS,GUAFOSFOS,,,,,,,,,,,,,,,,,,,,,,,,GUAFOSFOS,,,,,,,,,,,,,,,,,,,0,,,,,,,,,,,,,,,,,,,,,,,,,,,,,,
IVOVIVMIL,IVOCLAR VIVADENT MANUFACTURING SRL,Company,,ITMIL,IVOVIVMIL,,,,,,,,,,,,,,,,,,,,,,,,IVOVIVMIL,,,,,,,,,,,,,,,,,,,0,,,,,,,,,,,,,,,,,,,,,,,,,,,,,,
SHEMAXHKG,"SHENZHEN MAXSPEED LOGISTICS CO., LTD.",Company,,HKHKG,SHEMAXHKG,,,,,,,,,,,,,,,,,,,,,www.szmaxspeed.com,,,SHEMAXHKG,,,13060895685,expo_op3@szmaxspeed.com,,,,,,,,,,,,,,,0,,,,,,,,,,,,,,,,,,,,,,,,,,,,,,
HANYEUHKG,"HANG YEUNG TRANSPORTATION, CO.",Company,,HKHKG,HANYEUHKG,,,,,,,,,,,,,,,,,,,,,,,,HANYEUHKG,,,,,,,,,,,,,,,,,,,0,,,,,,,,,,,,,,,,,,,,,,,,,,,,,,
SOJITZNRT,SOJITZ CORPORATION,Company,,JPTYO,SOJITZNRT,,,,,,,,,,,,,,,,,,,,,,,,SOJITZNRT,,,,,,,,,,,,,,,,,,,0,,,,,,,,,,,,,,,,,,,,,,,,,,,,,,
SEACOASFO,SEA COAT TECHNOLOGY LLC,Company,,USSFO,SEACOASFO,,,,,,,,,,,,,,,,,,,,,,,,SEACOASFO,,,,,,,,,,,,,,,,,,,0,,,,,,,,,,,,,,,,,,,,,,,,,,,,,,
GLOSPEAFE,GLOBAL SPECIALISED SERVICES PTE LTD,Company,,SGSIN,GLOSPEAFE,,,,,,,,,,,,,,,,,,,,,,,,GLOSPEAFE,,,,laiweemeng@globalss.com.sg,,,,,,,,,,,,,,,0,,,,,,,,,,,,,,,,,,,,,,,,,,,,,,
MULTITNRT,MULTITRANS LTD.,Company,,JPTYO,MULTITNRT,,,,,,,,,,,,,,,,,,,,,,,,MULTITNRT,,,,,,,,,,,,,,,,,,,0,,,,,,,,,,,,,,,,,,,,,,,,,,,,,,
SENINTCAN,SENATOR INTERNATIONAL FREIGHT FORWARDING (SHENZHEN) CO. LTD.,Company,,CNCAN,SENINTCAN,,,,,,,,,,,,,,,,,,,,,,,,SENINTCAN,,,,,,,,,,,,,,,,,,,0,,,,,,,,,,,,,,,,,,,,,,,,,,,,,,
TRATPEAFE,TRANSWORLD EXPRESS CO LTD (AIRFREIGHT),Company,,TWTPE,TRATPEAFE,,,,,,,,,,,,,,,,,,,,,,,,TRATPEAFE,,,,sunny@transworldexpress.com.tw,,,,,,,,,,,,,,,0,,,,,,,,,,,,,,,,,,,,,,,,,,,,,,
TECHNOCHB,"TECHNOS CO, LTD",Company,,JPCHB,TECHNOCHB,,,,,,,,,,,,,,,,,,,,,,,,TECHNOCHB,,,,c.sato@e-technos.jp,,,,,,,,,,,,,,,0,,,,,,,,,,,,,,,,,,,,,,,,,,,,,,
FAMCARGRU,FAM CARGO BR LOGISTICA INTERNACIONAL LTDA,Company,,BRGRU,FAMCARGRU,,,,,,,,,,,,,,,,,,,,,,,,FAMCARGRU,,,,,,,,,,,,,,,,,,,0,,,,,,,,,,,,,,,,,,,,,,,,,,,,,,
DASARTAFE,DASAN ART,Company,,KRSEL,DASARTAFE,,,,,,,,,,,,,,,,,,,,,,,,DASARTAFE,,,+821042279000,john@dasanart.com,,,,,,,,,,,,,,,0,,,,,,,,,,,,,,,,,,,,,,,,,,,,,,
JOHJOHPJA,JOHNSON & JOHNSON MALASIA,Company,,MYPJA,JOHJOHPJA,,,,,,,,,,,,,,,,,,,,,,,,JOHJOHPJA,,,,,,,,,,,,,,,,,,,0,,,,,,,,,,,,,,,,,,,,,,,,,,,,,,
FURELEYOK,"FURUKAWA ELECTRIC CO.,LTD.",Company,,JPYOK,FURELEYOK,,,,,,,,,,,,,,,,,,,,,,,,FURELEYOK,,,,,,,,,,,,,,,,,,,0,,,,,,,,,,,,,,,,,,,,,,,,,,,,,,
HARKANAFE,HARUHIKO KANEKO,Company,,JPOKA,HARKANAFE,,,,,,,,,,,,,,,,,,,,,,,,HARKANAFE,,,,,,,,,,,,,,,,,,,0,,,,,,,,,,,,,,,,,,,,,,,,,,,,,,
MPINTESGN,"M & P INTERNATIONAL CO., LTD.",Company,,VNSGN,MPINTESGN,,,,,,,,,,,,,,,,,,,,,,,,MPINTESGN,,,+842835136368,cs07@mpivn.com,,,,,,,,,,,,,,,0,,,,,,,,,,,,,,,,,,,,,,,,,,,,,,
MAJBKIAFE,MAJU KEKAL FORWARDING AGENCY,Company,,MYBKI,MAJBKIAFE,,,,,,,,,,,,,,,,,,,,,,,,MAJBKIAFE,,,+60128281398,,,,,,,,,,,,,,,,0,,,,,,,,,,,,,,,,,,,,,,,,,,,,,,
ATSINTCDG,ATS INTERNATIONAL,Company,,FRCDG,ATSINTCDG,,,,,,,,,,,,,,,,,,,,,,,,ATSINTCDG,,,,,,,,,,,,,,,,,,,0,,,,,,,,,,,,,,,,,,,,,,,,,,,,,,
USEMBAJMNL,US EMBASSY MANILA,Company,,PHMNL,USEMBAJMNL,,,,,,,,,,,,,,,,,,,,,,,,USEMBAJMNL,,,+639172422562,,,,,,,,,,,,,,,,0,,,,,,,,,,,,,,,,,,,,,,,,,,,,,,
HOLUGOAFE,HOLOGRAM INDUSTRIES,Company,,FRUGO,HOLUGOAFE,,,,,,,,,,,,,,,,,,,,,,,,HOLUGOAFE,,,,,,,,,,,,,,,,,,,0,,,,,,,,,,,,,,,,,,,,,,,,,,,,,,
ALCSINAFE,ALCON GLOBAL LOGISTICS PTE LTD,Company,,SGSIN,ALCSINAFE,,,,,,,,,,,,,,,,,,,,,,,,ALCSINAFE,,,,tracy.ling@alconglobal.com.sg,,,,,,,,,,,,,,,0,,,,,,,,,,,,,,,,,,,,,,,,,,,,,,
HUBDISSIN,HUB DISTRIBUTORS SERVICES PTE LTD,Company,,SGSIN,HUBDISSIN,,,,,,,,,,,,,,,,,,,,,,,,HUBDISSIN,,,,Pei Yu LIM <peiyu@hubdistributors.com>,,,,,,,,,,,,,,,0,,,,,,,,,,,,,,,,,,,,,,,,,,,,,,
BESSMASZX,"BESAFE SMART LOGISTICS CO., LTD",Company,,CNSZX,BESSMASZX,,,,,,,,,,,,,,,,,,,,,,,,BESSMASZX,,,+8613510454132,annie@besafesz.com,,,,,,,,,,,,,,,0,,,,,,,,,,,,,,,,,,,,,,,,,,,,,,
PROMIIAFE,PRO MESSE-SERVICE GMBH,Company,,DEMII,PROMIIAFE,,,,,,,,,,,,,,,,,,,,,,,,PROMIIAFE,,,,t.kieweg@pro-messe.de,,,,,,,,,,,,,,,0,,,,,,,,,,,,,,,,,,,,,,,,,,,,,,
VECTORGOA,VECTOR SPA,Company,,ITGOA,VECTORGOA,,,,,,,,,,,,,,,,,,,,,,,,VECTORGOA,,,,,,,,,,,,,,,,,,,0,,,,,,,,,,,,,,,,,,,,,,,,,,,,,,
NGLNAVHAM,NGL NAVIGATOR GLOBAL LOGISTICS GMBH,Company,,DEHAM,NGLNAVHAM,,,,,,,,,,,,,,,,,,,,,,,,NGLNAVHAM,,,+4915164598003,nicolas.hermann@ngl-germany.eu,,,,,,,,,,,,,,,0,,,,,,,,,,,,,,,,,,,,,,,,,,,,,,
DYNCUSSFO,DYNASTY CUSTOMS BROKER INC,Company,,USSFO,DYNCUSSFO,,,,,,,,,,,,,,,,,,,,,,,,DYNCUSSFO,,,,,,,,,,,,,,,,,,,0,,,,,,,,,,,,,,,,,,,,,,,,,,,,,,
NOALOGSGN,NOATUM LOGISTICS VIETNAM CO. LTD.,Company,,VNSGN,NOALOGSGN,,,,,,,,,,,,,,,,,,,,,,,,NOALOGSGN,,,,,,,,,,,,,,,,,,,0,,,,,,,,,,,,,,,,,,,,,,,,,,,,,,
QUASEACDG,QUALITAIR AND SEA,Company,,FRCDG,QUASEACDG,,,,,,,,,,,,,,,,,,,,,,,,QUASEACDG,,,,,,,,,,,,,,,,,,,0,,,,,,,,,,,,,,,,,,,,,,,,,,,,,,
BOWJKTAFE,BOWO LOGISTICS - PT BOWO LINTAS DWIPA,Company,,IDJKT,BOWJKTAFE,,,,,,,,,,,,,,,,,,,,,,,,BOWJKTAFE,,,,,,,,,,,,,,,,,,,0,,,,,,,,,,,,,,,,,,,,,,,,,,,,,,
ADVSUPAFE,ADVANCE SUPPORT JAPAN INC.,Company,,JPTYO,ADVSUPAFE,,,,,,,,,,,,,,,,,,,,,,,,ADVSUPAFE,,,,yamamoto_s@a-s-j.jp,,,,,,,,,,,,,,,0,,,,,,,,,,,,,,,,,,,,,,,,,,,,,,
ICLISRDFW,ICL - ISRAEL CARGO LOGISTICS LTD.,Company,,ILASH,ICLISRDFW,,,,,,,,,,,,,,,,,,,,,,,,ICLISRDFW,,,,,,,,,,,,,,,,,,,0,,,,,,,,,,,,,,,,,,,,,,,,,,,,,,
FEIGLOBOM,FEI GLOBAL PROJECTS PVT LTD,Company,,INBOM,FEIGLOBOM,,,,,,,,,,,,,,,,,,,,,,,,FEIGLOBOM,,,,Intlexports.air@feicargo.com,,,,,,,,,,,,,,,0,,,,,,,,,,,,,,,,,,,,,,,,,,,,,,
YAMYOKAFE,YAMADA SHARYO CO. LTD.,Company,,JPYOK,YAMYOKAFE,,,,,,,,,,,,,,,,,,,,,,,,YAMYOKAFE,,,,overseas@yamada-co.jp,,,,,,,,,,,,,,,0,,,,,,,,,,,,,,,,,,,,,,,,,,,,,,
TRAINDHYD,TRANSMEC (INDIA) PVT LTD.,Company,,INHYD,TRAINDHYD,,,,,,,,,,,,,,,,,,,,,,,,TRAINDHYD,,,,,,,,,,,,,,,,,,,0,,,,,,,,,,,,,,,,,,,,,,,,,,,,,,
DHLISTAFE,DHL FREIGHT TRADE FAIRS & EVENTS LOGISTICS,Company,,TRISL,DHLISTAFE,,,,,,,,,,,,,,,,,,,,,www.dhl.com.tr,,,DHLISTAFE,,,,Ismail.Con@dhl.com,,,,,,,,,,,,,,,0,,,,,,,,,,,,,,,,,,,,,,,,,,,,,,
ANDLOGBUN,ANDES LOGISTICS COLOMBIA,Company,,COBUN,ANDLOGBUN,,,,,,,,,,,,,,,,,,,,,,,,ANDLOGBUN,,,+573227509948,,,,,,,,,,,,,,,,0,,,,,,,,,,,,,,,,,,,,,,,,,,,,,,
MIQLOGSIN,MIQ LOGISTICS SINGAPORE PTE LTD.,Company,,SGSIN,MIQLOGSIN,,,,,,,,,,,,,,,,,,,,,,,,MIQLOGSIN,,,,,,,,,,,,,,,,,,,0,,,,,,,,,,,,,,,,,,,,,,,,,,,,,,
PANALOSIN,PANALOGS PTE LTD,Company,,SGSIN,PANALOSIN,,,,,,,,,,,,,,,,,,,,,,,,PANALOSIN,,,,,,,,,,,,,,,,,,,0,,,,,,,,,,,,,,,,,,,,,,,,,,,,,,
CESBLUUDI,CESPED BLU S.R.L.,Company,,BRUDI,CESBLUUDI,,,,,,,,,,,,,,,,,,,,,,,,CESBLUUDI,,,,,,,,,,,,,,,,,,,0,,,,,,,,,,,,,,,,,,,,,,,,,,,,,,
HANHONZRH,HANS HONGLER AG,Company,,CHZRH,HANHONZRH,,,,,,,,,,,,,,,,,,,,,,,,HANHONZRH,,,,,,,,,,,,,,,,,,,0,,,,,,,,,,,,,,,,,,,,,,,,,,,,,,
AIRSEAROM,AIR SEA MALL SRL,Company,,ITROM,AIRSEAROM,,,,,,,,,,,,,,,,,,,,,,,,AIRSEAROM,,,,,,,,,,,,,,,,,,,0,,,,,,,,,,,,,,,,,,,,,,,,,,,,,,
ASTLOGAFE,AST LOGISTICS SDN BHD,Company,,MYKUL,ASTLOGAFE,,,,,,,,,,,,,,,,,,,,,,,,ASTLOGAFE,,,,mustapa@astlog.com.my,,,,,,,,,,,,,,,0,,,,,,,,,,,,,,,,,,,,,,,,,,,,,,
PRELMSAFE,PREYES LIMITED,Company,,CYLMS,PRELMSAFE,,,,,,,,,,,,,,,,,,,,,,,,PRELMSAFE,,,,kurochkin@expo-logistcis.ru,,,,,,,,,,,,,,,0,,,,,,,,,,,,,,,,,,,,,,,,,,,,,,
SENINTFSZX,SENATOR INTERNATIONAL FREIGHT FORWARDING (SHENZHEN),Company,,CNSNZ,SENINTFSZX,,,,,,,,,,,,,,,,,,,,,,,,SENINTFSZX,,,,,,,,,,,,,,,,,,,0,,,,,,,,,,,,,,,,,,,,,,,,,,,,,,
WOLHELAFE,WOLTTI GROUP,Company,,FIHEL,WOLHELAFE,,,,,,,,,,,,,,,,,,,,,,,,WOLHELAFE,,,,jesse.kori@wolttigroup.fi,,,,,,,,,,,,,,,0,,,,,,,,,,,,,,,,,,,,,,,,,,,,,,
SEKLOGAFE,SEKO LOGISTICS MIA,Company,,USORD,SEKLOGAFE,,,,,,,,,,,,,,,,,,,,,,,,SEKLOGAFE,,,,,,,,,,,,,,,,,,,0,,,,,,,,,,,,,,,,,,,,,,,,,,,,,,
MULTIVSIN,MULTIVAC PTE. LTD.,Company,,SGSIN,MULTIVSIN,,,,,,,,,,,,,,,,,,,,,,,,MULTIVSIN,,,,wilfried.streubel@sg.multivac.com,,,,,,,,,,,,,,,0,,,,,,,,,,,,,,,,,,,,,,,,,,,,,,
SCHTRAMEX,SCHRYVER TRANSPORTES Y LOGISTICA SA DE CV,Company,,MXMEX,SCHTRAMEX,,,,,,,,,,,,,,,,,,,,,,,,SCHTRAMEX,,,,,,,,,,,,,,,,,,,0,,,,,,,,,,,,,,,,,,,,,,,,,,,,,,
STRTRANNUE,STRECK TRANSPORTGES MBH,Company,,DENUE,STRTRANNUE,,,,,,,,,,,,,,,,,,,,,,,,STRTRANNUE,,,,,,,,,,,,,,,,,,,0,,,,,,,,,,,,,,,,,,,,,,,,,,,,,,
PLUCARGRU,PLUS CARGO,Company,,BRGRU,PLUCARGRU,,,,,,,,,,,,,,,,,,,,,,,,PLUCARGRU,,,,,,,,,,,,,,,,,,,0,,,,,,,,,,,,,,,,,,,,,,,,,,,,,,
ILLHKGAFE,ILLKID PRODUCTIONZ LIMITED,Company,,HKHKG,ILLHKGAFE,,,,,,,,,,,,,,,,,,,,,,,,ILLHKGAFE,,,,ian@the3125c.com,,,,,,,,,,,,,,,0,,,,,,,,,,,,,,,,,,,,,,,,,,,,,,
CARYULAFE,CARGOLUTION INC.,Company,,CADOR,CARYULAFE,,,,,,,,,,,,,,,,,,,,,,,,CARYULAFE,,,,junior@cargolution.com,,,,,,,,,,,,,,,0,,,,,,,,,,,,,,,,,,,,,,,,,,,,,,
OMNCONLGB,OMNI CONNECTION INTERNATIONAL INC.,Company,,USLGB,OMNCONLGB,,,,,,,,,,,,,,,,,,,,,,,,OMNCONLGB,,,,,,,,,,,,,,,,,,,0,,,,,,,,,,,,,,,,,,,,,,,,,,,,,,
RMPRINZRH,RM PRINT GMBH,Company,,CHZRH,RMPRINZRH,,,,,,,,,,,,,,,,,,,,,,,,RMPRINZRH,,,,,,,,,,,,,,,,,,,0,,,,,,,,,,,,,,,,,,,,,,,,,,,,,,
HEBHEBAFE,"HEBEI XIAOJIN MACHINERY MANUFACTURING, INC",Company,,CNHEB,HEBHEBAFE,,,,,,,,,,,,,,,,,,,,,,,,HEBHEBAFE,,,,,,,,,,,,,,,,,,,0,,,,,,,,,,,,,,,,,,,,,,,,,,,,,,
CARMASVIE,CARGO-MASTER SRL,Company,,ATVIE,CARMASVIE,,,,,,,,,,,,,,,,,,,,,,,,CARMASVIE,,,,,,,,,,,,,,,,,,,0,,,,,,,,,,,,,,,,,,,,,,,,,,,,,,
OLAFOORUH,OLAYAN FOOD SERVICES COMPANY,Company,,SARUH,OLAFOORUH,,,,,,,,,,,,,,,,,,,,,,,,OLAFOORUH,,,,,,,,,,,,,,,,,,,0,,,,,,,,,,,,,,,,,,,,,,,,,,,,,,
COMLOGBCN,COMAREFX LOGISTICA DE FERIAS S.L.,Company,,ESBCN,COMLOGBCN,,,,,,,,,,,,,,,,,,,,,,,,COMLOGBCN,,,,pcoma@comarfex.com,,,,,,,,,,,,,,,0,,,,,,,,,,,,,,,,,,,,,,,,,,,,,,
CENTRAMXP,CENTRALCARGO SRL,Company,,ITMXP,CENTRAMXP,,,,,,,,,,,,,,,,,,,,,,,,CENTRAMXP,,,,michela.pieri@centralcargo.it,,,,,,,,,,,,,,,0,,,,,,,,,,,,,,,,,,,,,,,,,,,,,,
DELTRABEG,DELTA TRANSPORTNI SISTEM – DTS,Company,,RSBEG,DELTRABEG,,,,,,,,,,,,,,,,,,,,,,,,DELTRABEG,,,,,,,,,,,,,,,,,,,0,,,,,,,,,,,,,,,,,,,,,,,,,,,,,,
FAISOLAFE,FAIR SOLUTION PARTNER (FSP) LOGISTICS,Company,,TRANK,FAISOLAFE,,,,,,,,,,,,,,,,,,,,,,,,FAISOLAFE,,,,,,,,,,,,,,,,,,,0,,,,,,,,,,,,,,,,,,,,,,,,,,,,,,
ANDLOGLIM,ANDES LOGISTICS DEL PERU S.A.C.,Company,,PELIM,ANDLOGLIM,,,,,,,,,,,,,,,,,,,,,http://www.andeslogistics.com/,,,ANDLOGLIM,,,,,,,,,,,,,,,,,,,0,,,,,,,,,,,,,,,,,,,,,,,,,,,,,,
ARTICNAFE,"ART SQUARE MOVING CO., LTD",Company,,KRICN,ARTICNAFE,,,,,,,,,,,,,,,,,,,,,,,,ARTICNAFE,,,,,,,,,,,,,,,,,,,0,,,,,,,,,,,,,,,,,,,,,,,,,,,,,,
WIZLOGBOM,WIZ LOGTEC INDIA PRIVATE LIMITED,Company,,INBOM,WIZLOGBOM,,,,,,,,,,,,,,,,,,,,,,,,WIZLOGBOM,,,+919769408555,ganesh.sawant@wizfreight.com,,,,,,,,,,,,,,,0,,,,,,,,,,,,,,,,,,,,,,,,,,,,,,
4DSYSTSYD,4D SYSTEMS PTY LTD,Company,,AUSYD,4DSYSTSYD,,,,,,,,,,,,,,,,,,,,,,,,4DSYSTSYD,,,,,,,,,,,,,,,,,,,0,,,,,,,,,,,,,,,,,,,,,,,,,,,,,,
SKYGLOKCO,SKY G LOGISTICS LTD.,Company,,HKKCO,SKYGLOKCO,,,,,,,,,,,,,,,,,,,,,,,,SKYGLOKCO,,,,,,,,,,,,,,,,,,,0,,,,,,,,,,,,,,,,,,,,,,,,,,,,,,
KOUFUCTPE,"KOU FU COLOR PRINTING CO., LTD",Company,,TWTPE,KOUFUCTPE,,,,,,,,,,,,,,,,,,,,,,,,KOUFUCTPE,,,,,,,,,,,,,,,,,,,0,,,,,,,,,,,,,,,,,,,,,,,,,,,,,,
NAVLOGJFM,NAVIGATOR LOGISTICS PTY LTD,Company,,AUFRE,NAVLOGJFM,,,,,,,,,,,,,,,,,,,,,,,,NAVLOGJFM,,,,,,,,,,,,,,,,,,,0,,,,,,,,,,,,,,,,,,,,,,,,,,,,,,
CJLSELAFE,CJ LOGISTICS,Company,,KRSEL,CJLSELAFE,,,,,,,,,,,,,,,,,,,,,,,,CJLSELAFE,,,+821039531027,hyunsoo.kang@cj.net,,,,,,,,,,,,,,,0,,,,,,,,,,,,,,,,,,,,,,,,,,,,,,
PRIJASJKT,PT. PRIMA JASINDO BAHARI,Company,,IDJKT,PRIJASJKT,,,,,,,,,,,,,,,,,,,,,,,,PRIJASJKT,,,,,,,,,,,,,,,,,,,0,,,,,,,,,,,,,,,,,,,,,,,,,,,,,,
AGISEKAFE,AGILITY LOGISTICS SDN BHD,Company,,MYSEK,AGISEKAFE,,,,,,,,,,,,,,,,,,,,,,,,AGISEKAFE,,,,,,,,,,,,,,,,,,,0,,,,,,,,,,,,,,,,,,,,,,,,,,,,,,
RATECHOC,RATEC GMBH,Company,,DEHOC,RATECHOC,,,,,,,,,,,,,,,,,,,,,,,,RATECHOC,,,,,,,,,,,,,,,,,,,0,,,,,,,,,,,,,,,,,,,,,,,,,,,,,,
GLOICDAFE,THE GLOBAL SOLUTIONS,Company,,INICD,GLOICDAFE,,,,,,,,,,,,,,,,,,,,,,,,GLOICDAFE,,,,,,,,,,,,,,,,,,,0,,,,,,,,,,,,,,,,,,,,,,,,,,,,,,
QUABIOBOM,QUANTUM BIOTECH,Company,,INBOM,QUABIOBOM,,,,,,,,,,,,,,,,,,,,,,,,QUABIOBOM,,,,,,,,,,,,,,,,,,,0,,,,,,,,,,,,,,,,,,,,,,,,,,,,,,
YUAKHHAFE,"YUAN GONG ENTERPRISE CO., LTD.",Company,,TWKHH,YUAKHHAFE,,,,,,,,,,,,,,,,,,,,,,,,YUAKHHAFE,,,,infio@yg-web.com.tw,,,,,,,,,,,,,,,0,,,,,,,,,,,,,,,,,,,,,,,,,,,,,,
VERISTAFE,VERA LOGISTICS,Company,,TRIST,VERISTAFE,,,,,,,,,,,,,,,,,,,,,,,,VERISTAFE,,,+905425096324,serdar.d@veralog.com,,,,,,,,,,,,,,,0,,,,,,,,,,,,,,,,,,,,,,,,,,,,,,
SKYTPEAFE,SKYLINK LOGISTICS CO LTD,Company,,TWTPE,SKYTPEAFE,,,,,,,,,,,,,,,,,,,,,,,,SKYTPEAFE,,,,cathy@skylinklog.com,,,,,,,,,,,,,,,0,,,,,,,,,,,,,,,,,,,,,,,,,,,,,,
AEXINTAFE,"AEXTRANS INTERNATIONAL LOGISTICS CO.,LTD",Company,,CNQDG,AEXINTAFE,,,,,,,,,,,,,,,,,,,,,,,,AEXINTAFE,,,+8618669838159,tonychen@aextrans.com,,,,,,,,,,,,,,,0,,,,,,,,,,,,,,,,,,,,,,,,,,,,,,
CARGOTDOH,CARGOTRANS LLC,Company,,QADOH,CARGOTDOH,,,,,,,,,,,,,,,,,,,,,,,,CARGOTDOH,,,+97430367637,,,,,,,,,,,,,,,,0,,,,,,,,,,,,,,,,,,,,,,,,,,,,,,
TRAFINTLV,TRANSCLAL FINE ARTS LTD,Company,,ILTLV,TRAFINTLV,,,,,,,,,,,,,,,,,,,,,,,,TRAFINTLV,,,+972526845488,lily@finearts.co.il,,,,,,,,,,,,,,,0,,,,,,,,,,,,,,,,,,,,,,,,,,,,,,
ORABCNAFE,ORANGE-LINE EUROPA SLU,Company,,ESBCN,ORABCNAFE,,,,,,,,,,,,,,,,,,,,,,,,ORABCNAFE,,,+34645084040,alex@orange-line.biz,,,,,,,,,,,,,,,0,,,,,,,,,,,,,,,,,,,,,,,,,,,,,,
UPYOUNAFE,UP YOUNG CORNERSTONE CORP.,Company,,TWNTC,UPYOUNAFE,,,,,,,,,,,,,,,,,,,,,,,,UPYOUNAFE,,,,,,,,,,,,,,,,,,,0,,,,,,,,,,,,,,,,,,,,,,,,,,,,,,
INTSHAAFE,INTERNATIONAL ART SERVICES (M) SDN BHD,Company,,MYSHA,INTSHAAFE,,,,,,,,,,,,,,,,,,,,,,,,INTSHAAFE,,,,,,,,,,,,,,,,,,,0,,,,,,,,,,,,,,,,,,,,,,,,,,,,,,
SPEDELAFE,SPEDITION INDIA (FAIRS & EVENTS),Company,,INDEL,SPEDELAFE,,,,,,,,,,,,,,,,,,,,,,,,SPEDELAFE,,,+919811039237,exhibitions.kamal@speditionindia.com,,,,,,,,,,,,,,,0,,,,,,,,,,,,,,,,,,,,,,,,,,,,,,
ADVAIRPRG,ADVANCED AIRSEA S.R.O.,Company,,CZPRG,ADVAIRPRG,,,,,,,,,,,,,,,,,,,,,,,,ADVAIRPRG,,,,,,,,,,,,,,,,,,,0,,,,,,,,,,,,,,,,,,,,,,,,,,,,,,
INFCARDLU,INFINITY CARGO LOGISTICS CHINA LIMITED BEIJING,Company,,CNDAL,INFCARDLU,,,,,,,,,,,,,,,,,,,,,,,,INFCARDLU,,,,,,,,,,,,,,,,,,,0,,,,,,,,,,,,,,,,,,,,,,,,,,,,,,
NVDASIHKG,NVD ASIA LOGISTICS HONG KONG LIMITED,Company,,HKHKG,NVDASIHKG,,,,,,,,,,,,,,,,,,,,,,,,NVDASIHKG,,,,,,,,,,,,,,,,,,,0,,,,,,,,,,,,,,,,,,,,,,,,,,,,,,
SHEFENLSZX,SHENZHEN FENGDA LOGISTICS INTERNATIONAL LTD,Company,,CNSNZ,SHEFENLSZX,,,,,,,,,,,,,,,,,,,,,,,,SHEFENLSZX,,,,,,,,,,,,,,,,,,,0,,,,,,,,,,,,,,,,,,,,,,,,,,,,,,
CONALLMEL,CONSOL ALLIANCE,Company,,AUMEL,CONALLMEL,,,,,,,,,,,,,,,,,,,,,,,,CONALLMEL,,,,,,,,,,,,,,,,,,,0,,,,,,,,,,,,,,,,,,,,,,,,,,,,,,
WOODLALHR,WOODLAND GROUP,Company,,GBLHR,WOODLALHR,,,,,,,,,,,,,,,,,,,,,,,,WOODLALHR,,,,,,,,,,,,,,,,,,,0,,,,,,,,,,,,,,,,,,,,,,,,,,,,,,
SILEXPSIN,SILK EXPRESS FREIGHT PTE LTD,Company,,SGSIN,SILEXPSIN,,,,,,,,,,,,,,,,,,,,,,,,SILEXPSIN,,,,,,,,,,,,,,,,,,,0,,,,,,,,,,,,,,,,,,,,,,,,,,,,,,
NSTAPPHKG,NST APPAREL HONGKONG LTD,Company,,HKHKG,NSTAPPHKG,,,,,,,,,,,,,,,,,,,,,,,,NSTAPPHKG,,,,,,,,,,,,,,,,,,,0,,,,,,,,,,,,,,,,,,,,,,,,,,,,,,
ASIHKGAFE,ASIA LINE GROUP LTD,Company,,HKHKG,ASIHKGAFE,,,,,,,,,,,,,,,,,,,,,,,,ASIHKGAFE,,,,stacy@asialineltd.com,,,,,,,,,,,,,,,0,,,,,,,,,,,,,,,,,,,,,,,,,,,,,,
WHITEYLBJ,WHITEYBOARD INC.,Company,,USLBJ,WHITEYLBJ,,,,,,,,,,,,,,,,,,,,,,,,WHITEYLBJ,,,,,,,,,,,,,,,,,,,0,,,,,,,,,,,,,,,,,,,,,,,,,,,,,,
MOTSUPBEY,MOTION SUPPLY CHAIN SAL (OFFSHORE),Company,,LBBEY,MOTSUPBEY,,,,,,,,,,,,,,,,,,,,,,,,MOTSUPBEY,,,,,,,,,,,,,,,,,,,0,,,,,,,,,,,,,,,,,,,,,,,,,,,,,,
ONSMELAFE,ON SHOW SOLUTION PTY LTD,Company,,AUMEL,ONSMELAFE,,,,,,,,,,,,,,,,,,,,,,,,ONSMELAFE,,,+61473899050,angelo@on-show.com.au,,,,,,,,,,,,,,,0,,,,,,,,,,,,,,,,,,,,,,,,,,,,,,
TIGUSAJFK,TIGERS (USA) GLOBAL LOGISTICS INC.,Company,,USJFK,TIGUSAJFK,,,,,,,,,,,,,,,,,,,,,www.go2tigers.com,,,TIGUSAJFK,,,,Carla.Ellis@go2tigers.com,,,,,,,,,,,,,,,0,,,,,,,,,,,,,,,,,,,,,,,,,,,,,,
TOPEXPTPE,TOP EXPRESS INC.,Company,,TWTPE,TOPEXPTPE,,,,,,,,,,,,,,,,,,,,,,,,TOPEXPTPE,,,,sean-tpe@topgroupgcr.com,,,,,,,,,,,,,,,0,,,,,,,,,,,,,,,,,,,,,,,,,,,,,,
DSVLHRAFE,DSV SOLUTIONS LTD,Company,,GBLHR,DSVLHRAFE,,,,,,,,,,,,,,,,,,,,,,,,DSVLHRAFE,,,,carl.gilvray@dsv.com,,,,,,,,,,,,,,,0,,,,,,,,,,,,,,,,,,,,,,,,,,,,,,
KWILOGTAO,KWISE LOGISTICS(SHANDONG)CO.LTD,Company,,CNQIN,KWILOGTAO,,,,,,,,,,,,,,,,,,,,,,,,KWILOGTAO,,,,cs3.sha@kwise-log.com,,,,,,,,,,,,,,,0,,,,,,,,,,,,,,,,,,,,,,,,,,,,,,
BALEXHAFE,BALTRANS EXHIBITION & REMOVAL LTD.,Company,,HKHKG,BALEXHAFE,,,,,,,,,,,,,,,,,,,,,,,,BALEXHAFE,,,,pauline.leung@exhibition.baltrans.com,,,,,,,,,,,,,,,0,,,,,,,,,,,,,,,,,,,,,,,,,,,,,,
WORCARBAH,WORLD CARGO LOGISTICS LTD,Company,,BHBAH,WORCARBAH,,,,,,,,,,,,,,,,,,,,,,,,WORCARBAH,,,,,,,,,,,,,,,,,,,0,,,,,,,,,,,,,,,,,,,,,,,,,,,,,,
KARGROSGN,"KARL GROSS LOGISTICS VIETNAM CO., LTD",Company,,VNSGN,KARGROSGN,,,,,,,,,,,,,,,,,,,,,,,,KARGROSGN,,,,,,,,,,,,,,,,,,,0,,,,,,,,,,,,,,,,,,,,,,,,,,,,,,
BASKNAAFE,BASILUR TEA EXPORT (PVT) LTD.,Company,,LKKNA,BASKNAAFE,,,,,,,,,,,,,,,,,,,,,,,,BASKNAAFE,,,,info@basilurtea.com,,,,,,,,,,,,,,,0,,,,,,,,,,,,,,,,,,,,,,,,,,,,,,
OCELOGLMS,OCEANIC LOGISTICS LTD,Company,,CYLMS,OCELOGLMS,,,,,,,,,,,,,,,,,,,,,,,,OCELOGLMS,,,,,,,,,,,,,,,,,,,0,,,,,,,,,,,,,,,,,,,,,,,,,,,,,,
TRANETMDW,"TRANSFORMERS NETWORK, INC. DBA PHOENIX INTERNATIONAL FREIGHT SERVICES, INC.",Company,,USCHI,TRANETMDW,,,,,,,,,,,,,,,,,,,,,,,,TRANETMDW,,,,impdocus@phoenixintlinc.com,,,,,,,,,,,,,,,0,,,,,,,,,,,,,,,,,,,,,,,,,,,,,,
AICINCTYN,AIC INC.,Company,,TWTYN,AICINCTYN,,,,,,,,,,,,,,,,,,,,,,,,AICINCTYN,,,,,,,,,,,,,,,,,,,0,,,,,,,,,,,,,,,,,,,,,,,,,,,,,,
LALITAAFE,LALIZAS ITALIA SRL.,Company,,GRPIR,LALITAAFE,,,,,,,,,,,,,,,,,,,,,,,,LALITAAFE,,,,design3@lalizas.com,,,,,,,,,,,,,,,0,,,,,,,,,,,,,,,,,,,,,,,,,,,,,,
JAPIBAAFE,JAPAN VENTURE INCORPORATED,Company,,JPIBA,JAPIBAAFE,,,,,,,,,,,,,,,,,,,,,,,,JAPIBAAFE,,,,,,,,,,,,,,,,,,,0,,,,,,,,,,,,,,,,,,,,,,,,,,,,,,
KEMFARAFE,KEMET FAR EAST PTE LTD,Company,,SGSIN,KEMFARAFE,,,,,,,,,,,,,,,,,,,,,,,,KEMFARAFE,,,,peifen@kemet.com.sg,,,,,,,,,,,,,,,0,,,,,,,,,,,,,,,,,,,,,,,,,,,,,,
IVOVIVSTR,IVOCLAR VIVADENT GMBH,Company,,DESTR,IVOVIVSTR,,,,,,,,,,,,,,,,,,,,,,,,IVOVIVSTR,,,,,,,,,,,,,,,,,,,0,,,,,,,,,,,,,,,,,,,,,,,,,,,,,,
SURLOGJKT,PT. SURYAMAS LOGISTIK,Company,,IDJKT,SURLOGJKT,,,,,,,,,,,,,,,,,,,,,,,,SURLOGJKT,,,,,,,,,,,,,,,,,,,0,,,,,,,,,,,,,,,,,,,,,,,,,,,,,,
FREINZ,FREIGHTWORKS NZ LIMITED,Company,,NZAKL,FREINZ,,,,,,,,,,,,,,,,,,,,,,,,FREINZ,,,,,,,,,,,,,,,,,,,0,,,,,,,,,,,,,,,,,,,,,,,,,,,,,,
IELBKAAFE,IELT LTD.,Company,,RUBKA,IELBKAAFE,,,,,,,,,,,,,,,,,,,,,,,,IELBKAAFE,,,,kurochkin@expo-logistics.ru,,,,,,,,,,,,,,,0,,,,,,,,,,,,,,,,,,,,,,,,,,,,,,
MIMHXAFE,MIM-MUSICAL INSTRUMENT MUSEUM,Company,,USPHX,MIMHXAFE,,,,,,,,,,,,,,,,,,,,,,,,MIMHXAFE,,,,linda.kirsh@MIM.org,,,,,,,,,,,,,,,0,,,,,,,,,,,,,,,,,,,,,,,,,,,,,,
PAXPUSAFE,"PAX SOLUTION CO., LTD.",Company,,KRPUS,PAXPUSAFE,,,,,,,,,,,,,,,,,,,,,,,,PAXPUSAFE,,,+82269253839,wendy@paxsolution.co.kr,,,,,,,,,,,,,,,0,,,,,,,,,,,,,,,,,,,,,,,,,,,,,,
MITELEAFE,MITSUBISHI ELECTRIC CORPORATION,Company,,JPTYO,MITELEAFE,,,,,,,,,,,,,,,,,,,,,,,,MITELEAFE,,,,,,,,,,,,,,,,,,,0,,,,,,,,,,,,,,,,,,,,,,,,,,,,,,
DRELOGANT,DREWES LOGISTICS BV,Company,,BEANT,DRELOGANT,,,,,,,,,,,,,,,,,,,,,,,,DRELOGANT,,,,Sylke.Lenders@drewes-group.com,,,,,,,,,,,,,,,0,,,,,,,,,,,,,,,,,,,,,,,,,,,,,,
FRELOGAMS,FREGAT LOGISTICS BV,Company,,NLAMS,FRELOGAMS,,,,,,,,,,,,,,,,,,,,,,,,FRELOGAMS,,,,,,,,,,,,,,,,,,,0,,,,,,,,,,,,,,,,,,,,,,,,,,,,,,
CHALOGAFE,"CHATTA LOGISTICS CO.,LTD.",Company,,THBKK,CHALOGAFE,,,,,,,,,,,,,,,,,,,,,,,,CHALOGAFE,,,+66828944742,jenjira.k@chattalogistics.com,,,,,,,,,,,,,,,0,,,,,,,,,,,,,,,,,,,,,,,,,,,,,,
SHIZHEAFE,"SHINING 3D TECH CO., LTD.",Company,,CNZHE,SHIZHEAFE,,,,,,,,,,,,,,,,,,,,,,,,SHIZHEAFE,,,,,,,,,,,,,,,,,,,0,,,,,,,,,,,,,,,,,,,,,,,,,,,,,,
LUMLIGCAN,"LUMBENCY LIGHTING(GZ)CO.,LTD",Company,,CNGGZ,LUMLIGCAN,,,,,,,,,,,,,,,,,,,,,,,,LUMLIGCAN,,,,,,,,,,,,,,,,,,,0,,,,,,,,,,,,,,,,,,,,,,,,,,,,,,
MIRSELAFE,MIRIM EXHIBITIONS & FAIRS,Company,,KRSEL,MIRSELAFE,,,,,,,,,,,,,,,,,,,,,,,,MIRSELAFE,,,+821092826879,amy@mirimenf.com,,,,,,,,,,,,,,,0,,,,,,,,,,,,,,,,,,,,,,,,,,,,,,
TRANETWKZ,"TRANSFORMERS NETWORK, INC.",Company,,USWKZ,TRANETWKZ,,,,,,,,,,,,,,,,,,,,,,,,TRANETWKZ,,,,usimdoc@tnetworkinc.com,,,,,,,,,,,,,,,0,,,,,,,,,,,,,,,,,,,,,,,,,,,,,,
SIMLEARLM,"SIMPLE LEAF, INC.",Company,,USRLM,SIMLEARLM,,,,,,,,,,,,,,,,,,,,,,,,SIMLEARLM,,,,,,,,,,,,,,,,,,,0,,,,,,,,,,,,,,,,,,,,,,,,,,,,,,
FREDEFROI,FREIGHT DEFENSE SERVICES,Company,,FRROI,FREDEFROI,,,,,,,,,,,,,,,,,,,,,,,,FREDEFROI,,,+33787037955,,,,,,,,,,,,,,,,0,,,,,,,,,,,,,,,,,,,,,,,,,,,,,,
GUATEXGUT,GUANGDONG TEXTILES IMPORT & EXPORT COTTON,Company,,CNGUT,GUATEXGUT,,,,,,,,,,,,,,,,,,,,,,,,GUATEXGUT,,,,,,,,,,,,,,,,,,,0,,,,,,,,,,,,,,,,,,,,,,,,,,,,,,
LXPANTVLC,LX PANTOS SPAIN SLU,Company,,ESVLC,LXPANTVLC,,,,,,,,,,,,,,,,,,,,,,,,LXPANTVLC,,,,,,,,,,,,,,,,,,,0,,,,,,,,,,,,,,,,,,,,,,,,,,,,,,
XINCGOAFE,"XINXIANG HEXIE FEED MACHINERY MANUFACTURING CO., LTD.",Company,,CNZGZ,XINCGOAFE,,,,,,,,,,,,,,,,,,,,,www.hxfeedmill.com,,,XINCGOAFE,,,,sales05@hexiegroup.com,,,,,,,,,,,,,,,0,,,,,,,,,,,,,,,,,,,,,,,,,,,,,,
SHEDTWSZX,"SHENZHEN DTW INTERNATIONAL TRANSPORTATION CO., LTD.",Company,,CNSNZ,SHEDTWSZX,,,,,,,,,,,,,,,,,,,,,,,,SHEDTWSZX,,,+8613480937706,,,,,,,,,,,,,,,,0,,,,,,,,,,,,,,,,,,,,,,,,,,,,,,
POLKORAFE,"POL KOREA CO., LTD.",Company,,KRICN,POLKORAFE,,,,,,,,,,,,,,,,,,,,,,,,POLKORAFE,,,,billy@polkorea.co.kr,,,,,,,,,,,,,,,0,,,,,,,,,,,,,,,,,,,,,,,,,,,,,,
FOPSHIMXP,FOPPIANI SHIPPING & LOGISTICS SRL,Company,,ITMXP,FOPSHIMXP,,,,,,,,,,,,,,,,,,,,,,,,FOPSHIMXP,,,,,,,,,,,,,,,,,,,0,,,,,,,,,,,,,,,,,,,,,,,,,,,,,,
GENNOLMIL,GENERAL NOLI SPEDIZIONI INTERNAZIONALI SPA MILANO,Company,,ITMIL,GENNOLMIL,,,,,,,,,,,,,,,,,,,,,,,,GENNOLMIL,,,,,,,,,,,,,,,,,,,0,,,,,,,,,,,,,,,,,,,,,,,,,,,,,,
GPRRESMLE,GPR RESOURCES PRIVATE LIMITED,Company,,MVMLE,GPRRESMLE,,,,,,,,,,,,,,,,,,,,,,,,GPRRESMLE,,,,,,,,,,,,,,,,,,,0,,,,,,,,,,,,,,,,,,,,,,,,,,,,,,
PHOINTXMN,PHOENIX INTERNATIONAL FREIGHT SERVICES INC. XIAMEN BRANCH,Company,,CNXMN,PHOINTXMN,,,,,,,,,,,,,,,,,,,,,,,,PHOINTXMN,,,,,,,,,,,,,,,,,,,0,,,,,,,,,,,,,,,,,,,,,,,,,,,,,,
SOULOGPAC,SOURCING & LOGISTICS,Company,,PAPTY,SOULOGPAC,,,,,,,,,,,,,,,,,,,,,,,,SOULOGPAC,,,,,,,,,,,,,,,,,,,0,,,,,,,,,,,,,,,,,,,,,,,,,,,,,,
COTOPASLC,COTOPAXI,Company,,USSLC,COTOPASLC,,,,,,,,,,,,,,,,,,,,,,,,COTOPASLC,,,,,,,,,,,,,,,,,,,0,,,,,,,,,,,,,,,,,,,,,,,,,,,,,,
YEDISTAFE,YEDITEPE,Company,,TRIST,YEDISTAFE,,,,,,,,,,,,,,,,,,,,,,,,YEDISTAFE,,,,meltem.demirer@yeditepecargo.com,,,,,,,,,,,,,,,0,,,,,,,,,,,,,,,,,,,,,,,,,,,,,,
GLOTRAALA,GLOBALINK TRANSPORTATION AND LOGISTICS WORLDWIDE,Company,,KZALA,GLOTRAALA,,,,,,,,,,,,,,,,,,,,,,,,GLOTRAALA,,,,n.zhigaltsova@globalinkllc.com,,,,,,,,,,,,,,,0,,,,,,,,,,,,,,,,,,,,,,,,,,,,,,
SANOHKHKG,SANOTACT (HK) LIMITED,Company,,HKHKG,SANOHKHKG,,,,,,,,,,,,,,,,,,,,,,,,SANOHKHKG,,,,,,,,,,,,,,,,,,,0,,,,,,,,,,,,,,,,,,,,,,,,,,,,,,
VALAMSAFE,VALVERDE B.V.,Company,,NLAMS,VALAMSAFE,,,,,,,,,,,,,,,,,,,,,,,,VALAMSAFE,,,,ronald@valverde.nl,,,,,,,,,,,,,,,0,,,,,,,,,,,,,,,,,,,,,,,,,,,,,,
HEXRFSAFE,HEXAGON RAGASCO AS,Company,,NORFS,HEXRFSAFE,,,,,,,,,,,,,,,,,,,,,,,,HEXRFSAFE,,,,,,,,,,,,,,,,,,,0,,,,,,,,,,,,,,,,,,,,,,,,,,,,,,
BODSZXAFE,BODA EXPRESS LOGISTICS SHENZHEN LTD.,Company,,CNSZX,BODSZXAFE,,,,,,,,,,,,,,,,,,,,,,,,BODSZXAFE,,,,wing.zhang@boda-express.com,,,,,,,,,,,,,,,0,,,,,,,,,,,,,,,,,,,,,,,,,,,,,,
FAILOGAFE,FAIR LOGISTICS PVT LTD,Company,,INDEL,FAILOGAFE,,,,,,,,,,,,,,,,,,,,,,,,FAILOGAFE,,,+919911946833,Lawrence - Fair Logistics <ops@fairlogistic.com>,,,,,,,,,,,,,,,0,,,,,,,,,,,,,,,,,,,,,,,,,,,,,,
SHAFTZAFE,SHANGHAI FTZ INTERNATIONAL CULTURE INVESTMENT,Company,,CNSHA,SHAFTZAFE,,,,,,,,,,,,,,,,,,,,,,,,SHAFTZAFE,,,,chenhl@ftzart.com.cn,,,,,,,,,,,,,,,0,,,,,,,,,,,,,,,,,,,,,,,,,,,,,,
GLODISIAH,GLOBAL DISTRIBUTION AND LOGISTICS LLC,Company,,USHOU,GLODISIAH,,,,,,,,,,,,,,,,,,,,,,,,GLODISIAH,,,,,,,,,,,,,,,,,,,0,,,,,,,,,,,,,,,,,,,,,,,,,,,,,,
CURREYATL,CURREY AND COMPANY,Company,,USATL,CURREYATL,,,,,,,,,,,,,,,,,,,,,,,,CURREYATL,,,,,,,,,,,,,,,,,,,0,,,,,,,,,,,,,,,,,,,,,,,,,,,,,,
SFTGONLEH,S.F.T. GONDRAND FRERES,Company,,FRLEH,SFTGONLEH,,,,,,,,,,,,,,,,,,,,,,,,SFTGONLEH,,,,,,,,,,,,,,,,,,,0,,,,,,,,,,,,,,,,,,,,,,,,,,,,,,
MAGLOGTPE,"MAGICAL LOGISTIC CO., LTD.",Company,,TWTPE,MAGLOGTPE,,,,,,,,,,,,,,,,,,,,,,,,MAGLOGTPE,,,+886910939213,inp-op002@magicallogistic.com,,,,,,,,,,,,,,,0,,,,,,,,,,,,,,,,,,,,,,,,,,,,,,
STOSSEAFE,STOS INC.,Company,,KRSEL,STOSSEAFE,,,,,,,,,,,,,,,,,,,,,,,,STOSSEAFE,,,+821040565968,jake@stos.co.kr,,,,,,,,,,,,,,,0,,,,,,,,,,,,,,,,,,,,,,,,,,,,,,
CANDENBRV,CANDULOR DENTAL GMBH,Company,,DEBRV,CANDENBRV,,,,,,,,,,,,,,,,,,,,,,,,CANDENBRV,,,,,,,,,,,,,,,,,,,0,,,,,,,,,,,,,,,,,,,,,,,,,,,,,,
3FFASTBEY,3F FAST FREIGHT FORWARDERS S.A.R.L,Company,,LBBEY,3FFASTBEY,,,,,,,,,,,,,,,,,,,,,,,,3FFASTBEY,,,,ali.youssef@3fleb.com,,,,,,,,,,,,,,,0,,,,,,,,,,,,,,,,,,,,,,,,,,,,,,
MAKINTAFE,"MAKE INTERNATIONAL LOGISTICS (XIAMEN) CO.,LTD.",Company,,CNXMN,MAKINTAFE,,,,,,,,,,,,,,,,,,,,,www.make-logistics.cn,,,MAKINTAFE,,,,mandy@make-logistics.cn,,,,,,,,,,,,,,,0,,,,,,,,,,,,,,,,,,,,,,,,,,,,,,
FTLOGI,FT LOGISTICS CORPORATION,Company,,VNSGN,FTLOGI,,,,,,,,,,,,,,,,,,,,,,,,FTLOGI,,,,,,,,,,,,,,,,,,,0,,,,,,,,,,,,,,,,,,,,,,,,,,,,,,
JAPTOYAFE,JAPAN TOYOMOTO TIRE CORP.,Company,,CNBJS,JAPTOYAFE,,,,,,,,,,,,,,,,,,,,,www.tirebot.cc,,,JAPTOYAFE,,,+8613540731376,Oliverwang@tirebot.cc,,,,,,,,,,,,,,,0,,,,,,,,,,,,,,,,,,,,,,,,,,,,,,
SHEAZISZX,"SHENZHEN A&Z INTERNATIONAL LOGISTICS CO., LTD",Company,,CNSNZ,SHEAZISZX,,,,,,,,,,,,,,,,,,,,,,,,SHEAZISZX,,,,LINDA@SZAZLOGISTICS.COM,,,,,,,,,,,,,,,0,,,,,,,,,,,,,,,,,,,,,,,,,,,,,,
TRANSAOSL,TRANSASECO AS,Company,,NOOSL,TRANSAOSL,,,,,,,,,,,,,,,,,,,,,,,,TRANSAOSL,,,,,,,,,,,,,,,,,,,0,,,,,,,,,,,,,,,,,,,,,,,,,,,,,,
MERDRUTAD,MERCURY DRUGS AND HOSPITAL SUPPLIES,Company,,USTAD,MERDRUTAD,,,,,,,,,,,,,,,,,,,,,,,,MERDRUTAD,,,,,,,,,,,,,,,,,,,0,,,,,,,,,,,,,,,,,,,,,,,,,,,,,,
BELLDALCH,"BELLDAS CO., LTD",Company,,THLCH,BELLDALCH,,,,,,,,,,,,,,,,,,,,,,,,BELLDALCH,,,,,,,,,,,,,,,,,,,0,,,,,,,,,,,,,,,,,,,,,,,,,,,,,,
GUANGAFOS,GUANGAING FOSHAN PACKAGING IMP EXP CO LT,Company,,CNFOS,GUANGAFOS,,,,,,,,,,,,,,,,,,,,,,,,GUANGAFOS,,,,,,,,,,,,,,,,,,,0,,,,,,,,,,,,,,,,,,,,,,,,,,,,,,
SMKTZE2,SMKT INC,Company,,USZE2,SMKTZE2,,,,,,,,,,,,,,,,,,,,,,,,SMKTZE2,,,,,,,,,,,,,,,,,,,0,,,,,,,,,,,,,,,,,,,,,,,,,,,,,,
EGFINTSZX,"EGF INTERNATIONAL (CHINA) CO., LTD.",Company,,CNSNZ,EGFINTSZX,,,,,,,,,,,,,,,,,,,,,,,,EGFINTSZX,,,,,,,,,,,,,,,,,,,0,,,,,,,,,,,,,,,,,,,,,,,,,,,,,,
CHROBIPER,CH ROBINSON,Company,,AUPER,CHROBIPER,,,,,,,,,,,,,,,,,,,,,,,,CHROBIPER,,,,,,,,,,,,,,,,,,,0,,,,,,,,,,,,,,,,,,,,,,,,,,,,,,
SMPBOMAFE,SMPP PVT LTD,Company,,INBOM,SMPBOMAFE,,,,,,,,,,,,,,,,,,,,,,,,SMPBOMAFE,,,+639175523429,,,,,,,,,,,,,,,,0,,,,,,,,,,,,,,,,,,,,,,,,,,,,,,
MARCHRSYD,MARIA CHRISTINA GEMA ROXAS,Company,,AUSYD,MARCHRSYD,,,,,,,,,,,,,,,,,,,,,,,,MARCHRSYD,,,,,,,,,,,,,,,,,,,0,,,,,,,,,,,,,,,,,,,,,,,,,,,,,,
PRIFRELHR,PRIORITY FREIGHT LHR LIMITED,Company,,GBLHR,PRIFRELHR,,,,,,,,,,,,,,,,,,,,,,,,PRIFRELHR,,,,,,,,,,,,,,,,,,,0,,,,,,,,,,,,,,,,,,,,,,,,,,,,,,
COLWNPAFE,COLE INTERNATIONAL,Company,,CAWNP,COLWNPAFE,,,,,,,,,,,,,,,,,,,,,,,,COLWNPAFE,,,+12042981066,suad.miljkovic@cole.ca,,,,,,,,,,,,,,,0,,,,,,,,,,,,,,,,,,,,,,,,,,,,,,
SINAIRPDG,"SINOTRANS AIR TRANSPORTATION DEV'T. CO., LTD.",Company,,CNPDG,SINAIRPDG,,,,,,,,,,,,,,,,,,,,,,,,SINAIRPDG,,,,,,,,,,,,,,,,,,,0,,,,,,,,,,,,,,,,,,,,,,,,,,,,,,
EURSASNTE,EURIAL SAS,Company,,FRNTE,EURSASNTE,,,,,,,,,,,,,,,,,,,,,,,,EURSASNTE,,,,,,,,,,,,,,,,,,,0,,,,,,,,,,,,,,,,,,,,,,,,,,,,,,
BENTRACPH,BENDIX TRANSPORT DENMARK A/S,Company,,DKCPH,BENTRACPH,,,,,,,,,,,,,,,,,,,,,,,,BENTRACPH,,,+4528454479,te@bendixtransport.dk,,,,,,,,,,,,,,,0,,,,,,,,,,,,,,,,,,,,,,,,,,,,,,
ICLISRTLV,ICL-ISRAEL CARGO LOGISTICS LTD,Company,,ILTLV,ICLISRTLV,,,,,,,,,,,,,,,,,,,,,,,,ICLISRTLV,,,+972524666262,dafna@show-time.co.il,,,,,,,,,,,,,,,0,,,,,,,,,,,,,,,,,,,,,,,,,,,,,,
BRICARGOA,BRIXIA CARGO,Company,,ITGOA,BRICARGOA,,,,,,,,,,,,,,,,,,,,,,,,BRICARGOA,,,,,,,,,,,,,,,,,,,0,,,,,,,,,,,,,,,,,,,,,,,,,,,,,,
GUAZHOSHK,GUANGDONG ZHONGLI FOOTWEAR CO. LTD.,Company,,CNSHK,GUAZHOSHK,,,,,,,,,,,,,,,,,,,,,,,,GUAZHOSHK,,,,,,,,,,,,,,,,,,,0,,,,,,,,,,,,,,,,,,,,,,,,,,,,,,
MILTRALJU,MILŠPED TRANSPORT IN LOGISTIKA D.O.O.,Company,,SILJU,MILTRALJU,,,,,,,,,,,,,,,,,,,,,,,,MILTRALJU,,,,,,,,,,,,,,,,,,,0,,,,,,,,,,,,,,,,,,,,,,,,,,,,,,
EXPFREMAA1,EXPO FREIGHT PRIVATE LIMITED (EFL GLOBAL – INDIA),Company,,INMAA,EXPFREMAA1,,,,,,,,,,,,,,,,,,,,,,,,EXPFREMAA1,,,,,,,,,,,,,,,,,,,0,,,,,,,,,,,,,,,,,,,,,,,,,,,,,,
ROYDUTAMS,ROYAL DUTCH KUSTERS,Company,,NLAMS,ROYDUTAMS,,,,,,,,,,,,,,,,,,,,,,,,ROYDUTAMS,,,,,,,,,,,,,,,,,,,0,,,,,,,,,,,,,,,,,,,,,,,,,,,,,,
YAZCHIJID,YAZAKI (CHINA) INVESTMENT CORPORATION,Company,,CNJID,YAZCHIJID,,,,,,,,,,,,,,,,,,,,,,,,YAZCHIJID,,,,,,,,,,,,,,,,,,,0,,,,,,,,,,,,,,,,,,,,,,,,,,,,,,
METVIHAFE,METRON VILSHOFEN GMBH,Company,,DEVIH,METVIHAFE,,,,,,,,,,,,,,,,,,,,,,,,METVIHAFE,,,,,,,,,,,,,,,,,,,0,,,,,,,,,,,,,,,,,,,,,,,,,,,,,,
IMPSUPSHA,IMPORTGOGO SUPPLY CHAIN MANAGEMENT (SHANGHAI) LIMITED,Company,,CNSHA,IMPSUPSHA,,,,,,,,,,,,,,,,,,,,,,,,IMPSUPSHA,,,,,,,,,,,,,,,,,,,0,,,,,,,,,,,,,,,,,,,,,,,,,,,,,,
ELECOMSEK,ELECTRICAL COMPONENTS SDN BHD,Company,,MYSEK,ELECOMSEK,,,,,,,,,,,,,,,,,,,,,,,,ELECOMSEK,,,,,,,,,,,,,,,,,,,0,,,,,,,,,,,,,,,,,,,,,,,,,,,,,,
CURCHIHKG,CURREY CHINA LTD,Company,,HKHKG,CURCHIHKG,,,,,,,,,,,,,,,,,,,,,,,,CURCHIHKG,,,,,,,,,,,,,,,,,,,0,,,,,,,,,,,,,,,,,,,,,,,,,,,,,,
ZINOQUSHA,ZINOR QU LIMITED,Company,,CNSHA,ZINOQUSHA,,,,,,,,,,,,,,,,,,,,,,,,ZINOQUSHA,,,+86 (852) 6051-3519,f.yang@zinorqu.com,,,,,,,,,,,,,,,0,,,,,,,,,,,,,,,,,,,,,,,,,,,,,,
CESUBRAFE,CESKA ZBRO JOVKA A.S,Company,,CZUBR,CESUBRAFE,,,,,,,,,,,,,,,,,,,,,,,,CESUBRAFE,,,,,,,,,,,,,,,,,,,0,,,,,,,,,,,,,,,,,,,,,,,,,,,,,,
ASCGLOATL,ASCENT GLOBAL LOGISTICS,Company,,USATL,ASCGLOATL,,,,,,,,,,,,,,,,,,,,,,,,ASCGLOATL,,,,,,,,,,,,,,,,,,,0,,,,,,,,,,,,,,,,,,,,,,,,,,,,,,
DELINTSHA,DELMAR INTERNATIONAL (CHINA) INC,Company,,CNSHA,DELINTSHA,,,,,,,,,,,,,,,,,,,,,,,,DELINTSHA,,,,,,,,,,,,,,,,,,,0,,,,,,,,,,,,,,,,,,,,,,,,,,,,,,
LEIPUMHAM1,LEISTRITZ PUMPEN GMBH,Company,,DEHAM,LEIPUMHAM1,,,,,,,,,,,,,,,,,,,,,,,,LEIPUMHAM1,,,,,,,,,,,,,,,,,,,0,,,,,,,,,,,,,,,,,,,,,,,,,,,,,,
MEXTILLGB,MEXI-TILE INC.,Company,,USLGB,MEXTILLGB,,,,,,,,,,,,,,,,,,,,,,,,MEXTILLGB,,,,,,,,,,,,,,,,,,,0,,,,,,,,,,,,,,,,,,,,,,,,,,,,,,
NBOSINAFE,N-BOX SHIPPING (S) PTE LTD,Company,,SGSIN,NBOSINAFE,,,,,,,,,,,,,,,,,,,,,www.nboxshipping.com,,,NBOSINAFE,,,,inson.tan@nboxline.com.sg,,,,,,,,,,,,,,,0,,,,,,,,,,,,,,,,,,,,,,,,,,,,,,
XIACOMAFE,"XIAMEN COMACCORD LOGISTICS CO.,LTD.",Company,,CNXIA,XIACOMAFE,,,,,,,,,,,,,,,,,,,,,www.comaccord.cn,,,XIACOMAFE,,,+8618965128931,cimi@comaccord.cn,,,,,,,,,,,,,,,0,,,,,,,,,,,,,,,,,,,,,,,,,,,,,,
ASGLOGLAX,ASGARD LOGISTICS LTD,Company,,USLAX,ASGLOGLAX,,,,,,,,,,,,,,,,,,,,,,,,ASGLOGLAX,,,+375293209809,fedor@aed.by,,,,,,,,,,,,,,,0,,,,,,,,,,,,,,,,,,,,,,,,,,,,,,
ADVPRGAFE,ADVANCED AIRSEA S.R.O,Company,,CZPRG,ADVPRGAFE,,,,,,,,,,,,,,,,,,,,,www.advancedairsea.cz,,,ADVPRGAFE,,,+420734782759,vondras@airsea.cz,,,,,,,,,,,,,,,0,,,,,,,,,,,,,,,,,,,,,,,,,,,,,,
ACSVIEAFE,ACS LOGISTICS GMBH & CO KG,Company,,ATVIE,ACSVIEAFE,,,,,,,,,,,,,,,,,,,,,,,,ACSVIEAFE,,,+43676848715772,tamara.reichardt@acslogistics.at,,,,,,,,,,,,,,,0,,,,,,,,,,,,,,,,,,,,,,,,,,,,,,
MASLAXAFE,MAST UNITED INC.,Company,,USLAX,MASLAXAFE,,,,,,,,,,,,,,,,,,,,,,,,MASLAXAFE,,,,,,,,,,,,,,,,,,,0,,,,,,,,,,,,,,,,,,,,,,,,,,,,,,
ALIUSAPVG,ALISPED - USA (LAX BRANCH),Company,,CNPVG,ALIUSAPVG,,,,,,,,,,,,,,,,,,,,,,,,ALIUSAPVG,,,,,,,,,,,,,,,,,,,0,,,,,,,,,,,,,,,,,,,,,,,,,,,,,,
FUJOPTSHA,FUJIFILM OPTICS PHILIPPINES INC,Company,,CNSHA,FUJOPTSHA,,,,,,,,,,,,,,,,,,,,,,,,FUJOPTSHA,,,,,,,,,,,,,,,,,,,0,,,,,,,,,,,,,,,,,,,,,,,,,,,,,,
TRAFREJEA,TRANS FREIGHT LLC,Company,,AEJEA,TRAFREJEA,,,,,,,,,,,,,,,,,,,,,,,,TRAFREJEA,,,,accounts@transfreightdubai.com,,,,,,,,,,,,,,,0,,,,,,,,,,,,,,,,,,,,,,,,,,,,,,
MULCHIPVG,MULTIFREIGHT (CHINA) LTD.,Company,,CNPVG,MULCHIPVG,,,,,,,,,,,,,,,,,,,,,,,,MULCHIPVG,,,,mwei@multifreightchina.cn,,,,,,,,,,,,,,,0,,,,,,,,,,,,,,,,,,,,,,,,,,,,,,
HAGSHAAFE,HAGIHARA INDUSTRIES INC.,Company,,CNSHA,HAGSHAAFE,,,,,,,,,,,,,,,,,,,,,,,,HAGSHAAFE,,,,,,,,,,,,,,,,,,,0,,,,,,,,,,,,,,,,,,,,,,,,,,,,,,
IMMSPOAFE,IMMIX SPOL. S R.O.,Company,,CZPRG,IMMSPOAFE,,,,,,,,,,,,,,,,,,,,,,,,IMMSPOAFE,,,,brzobohata@immix.cz,,,,,,,,,,,,,,,0,,,,,,,,,,,,,,,,,,,,,,,,,,,,,,
MARMILSCK,MARIA MILAGROSA GABRIEL NINO,Company,,USSCK,MARMILSCK,,,,,,,,,,,,,,,,,,,,,,,,MARMILSCK,,,,,,,,,,,,,,,,,,,0,,,,,,,,,,,,,,,,,,,,,,,,,,,,,,
GLOLINBAH,GLOBAL LINE SERVICES W.L.L.,Company,,BHBAH,GLOLINBAH,,,,,,,,,,,,,,,,,,,,,,,,GLOLINBAH,,,+97336942945,shakeel@globallinebah.net,,,,,,,,,,,,,,,0,,,,,,,,,,,,,,,,,,,,,,,,,,,,,,
DELRAYJKT,PT DELTASINDO RAYA SEJAHTERA RUKO NIAGA ROXY MAS,Company,,IDJKT,DELRAYJKT,,,,,,,,,,,,,,,,,,,,,,,,DELRAYJKT,,,,,,,,,,,,,,,,,,,0,,,,,,,,,,,,,,,,,,,,,,,,,,,,,,
WOROPSAFE,WORLD EXHIBITION LOGISTICS (WEL),Company,,FROPS,WOROPSAFE,,,,,,,,,,,,,,,,,,,,,,,,WOROPSAFE,,,,anne-claire.galland@wel.fr,,,,,,,,,,,,,,,0,,,,,,,,,,,,,,,,,,,,,,,,,,,,,,
OCLINEASH,O.C. LINES ISRAEL,Company,,ILASH,OCLINEASH,,,,,,,,,,,,,,,,,,,,,,,,OCLINEASH,,,+972522532805,eliyahu@oroc.co.il,,,,,,,,,,,,,,,0,,,,,,,,,,,,,,,,,,,,,,,,,,,,,,
JAYALBMNL,JAYSON ALBELDA,Company,,PHMNL,JAYALBMNL,,,,,,,,,,,,,,,,,,,,,,,,JAYALBMNL,,,+639266804792,,,,,,,,,,,,,,,,0,,,,,,,,,,,,,,,,,,,,,,,,,,,,,,
TRANSFANT,TRANSFREIGHT AG,Company,,BEANT,TRANSFANT,,,,,,,,,,,,,,,,,,,,,,,,TRANSFANT,,,,,,,,,,,,,,,,,,,0,,,,,,,,,,,,,,,,,,,,,,,,,,,,,,
AERAFRJNB,AERO AFRICA INTERNATIONAL (PTY) LTD.,Company,,ZAJNB,AERAFRJNB,,,,,,,,,,,,,,,,,,,,,www.aero-africa.com,,,AERAFRJNB,,,,kobus@aero-africa.com,,,,,,,,,,,,,,,0,,,,,,,,,,,,,,,,,,,,,,,,,,,,,,
LIGLOGSHJ,LIGI LOGISTICS FZE,Company,,AESHJ,LIGLOGSHJ,,,,,,,,,,,,,,,,,,,,,,,,LIGLOGSHJ,,,,,,,,,,,,,,,,,,,0,,,,,,,,,,,,,,,,,,,,,,,,,,,,,,
NOALOGSHA1,NOATUM LOGISTICS (SHANGHAI) LTD. SUZHOU OFFICE,Company,,CNSHA,NOALOGSHA1,,,,,,,,,,,,,,,,,,,,,,,,NOALOGSHA1,,,,,,,,,,,,,,,,,,,0,,,,,,,,,,,,,,,,,,,,,,,,,,,,,,
OYHACKES2,OY HACKLIN LOGISTICS LTD.,Company,,FIES2,OYHACKES2,,,,,,,,,,,,,,,,,,,,,,,,OYHACKES2,,,,,,,,,,,,,,,,,,,0,,,,,,,,,,,,,,,,,,,,,,,,,,,,,,
HEXBKKAFE,HEXAGON METROLOGY (THAILAND) LTD.,Company,,THBKK,HEXBKKAFE,,,,,,,,,,,,,,,,,,,,,,,,HEXBKKAFE,,,+6623613699,rodel.lorenzo@hexagon.com,,,,,,,,,,,,,,,0,,,,,,,,,,,,,,,,,,,,,,,,,,,,,,
BOXUNIBGY,BOXLINE UNITED CARGO LINK S.R.L.,Company,,ITBGO,BOXUNIBGY,,,,,,,,,,,,,,,,,,,,,,,,BOXUNIBGY,,,+393472717078,elena.morandin@boxlineucl.it,,,,,,,,,,,,,,,0,,,,,,,,,,,,,,,,,,,,,,,,,,,,,,
ESCSTAVLC,ESCALATION STATUS	ESCALATION DATE	YEAR	MONTH	ACTUAL CLOSURE DATE	TASK DUE	DEPARTURE PORT	DOC TYPE	CL,Company,,ESVLC,ESCSTAVLC,,,,,,,,,,,,,,,,,,,,,,,,ESCSTAVLC,,,,,,,,,,,,,,,,,,,0,,,,,,,,,,,,,,,,,,,,,,,,,,,,,,
EGELEHAFE,EGETRA,Company,,FRLEH,EGELEHAFE,,,,,,,,,,,,,,,,,,,,,,,,EGELEHAFE,,,,,,,,,,,,,,,,,,,0,,,,,,,,,,,,,,,,,,,,,,,,,,,,,,
RERBOMAFE,R. E. ROGERS INDIA PVT. LTD.,Company,,INBOM,RERBOMAFE,,,,,,,,,,,,,,,,,,,,,,,,RERBOMAFE,,,+919167265286,sachin@rogersworldwideindia.com,,,,,,,,,,,,,,,0,,,,,,,,,,,,,,,,,,,,,,,,,,,,,,
IMPFRAVSS,IMPECO FRANCE,Company,,FRVSS,IMPFRAVSS,,,,,,,,,,,,,,,,,,,,,,,,IMPFRAVSS,,,,,,,,,,,,,,,,,,,0,,,,,,,,,,,,,,,,,,,,,,,,,,,,,,
TSTSINAFE,TST SHIPPING PTE LTD,Company,,SGSIN,TSTSINAFE,,,,,,,,,,,,,,,,,,,,,,,,TSTSINAFE,,,+6597824530,trendy.lim@tst-shipping.com,,,,,,,,,,,,,,,0,,,,,,,,,,,,,,,,,,,,,,,,,,,,,,
BALFREKLJ,BALTIC FREIGHT SERVICES UAB,Company,,LTKLJ,BALFREKLJ,,,,,,,,,,,,,,,,,,,,,,,,BALFREKLJ,,,,,,,,,,,,,,,,,,,0,,,,,,,,,,,,,,,,,,,,,,,,,,,,,,
BOLCDGAFE,BOLLORE LOGISTICS FRANCE (FAIRS & EVENTS),Company,,FRCDG,BOLCDGAFE,,,,,,,,,,,,,,,,,,,,,,,,BOLCDGAFE,,,,anne.morancy@bollore.com,,,,,,,,,,,,,,,0,,,,,,,,,,,,,,,,,,,,,,,,,,,,,,
TRASHISWK,TRANSCONTINENTAL SHIPPING SERVICES CO. W.L.L,Company,,KWSWK,TRASHISWK,,,,,,,,,,,,,,,,,,,,,,,,TRASHISWK,,,,,,,,,,,,,,,,,,,0,,,,,,,,,,,,,,,,,,,,,,,,,,,,,,
SENINTHAJ,SENATOR INTERNATIONAL SPEDITION GMBH,Company,,DEHAJ,SENINTHAJ,,,,,,,,,,,,,,,,,,,,,,,,SENINTHAJ,,,,,,,,,,,,,,,,,,,0,,,,,,,,,,,,,,,,,,,,,,,,,,,,,,
PINTXGAFE,"PINTAI MACHINERY CO., LTD.",Company,,TWTXG,PINTXGAFE,,,,,,,,,,,,,,,,,,,,,,,,PINTXGAFE,,,,info@pintai-tw.com,,,,,,,,,,,,,,,0,,,,,,,,,,,,,,,,,,,,,,,,,,,,,,
SENINTMAN1,SENATOR INTERNATIONAL FREIGHT FORWARDING LTD.,Company,,GBMNC,SENINTMAN1,,,,,,,,,,,,,,,,,,,,,,,,SENINTMAN1,,,,,,,,,,,,,,,,,,,0,,,,,,,,,,,,,,,,,,,,,,,,,,,,,,
CENOCESIN,CENTRAL OCEANS SINGAPORE SHIPPING & TRADING PTE LTD.,Company,,SGSIN,CENOCESIN,,,,,,,,,,,,,,,,,,,,,,,,CENOCESIN,,,,marriena.rakib@centraloceans.com,,,,,,,,,,,,,,,0,,,,,,,,,,,,,,,,,,,,,,,,,,,,,,
TRANSWAFE,TRANSWORLD,Company,,ILHFA,TRANSWAFE,,,,,,,,,,,,,,,,,,,,,,,,TRANSWAFE,,,,timur.martsifei@transworld.co.il,,,,,,,,,,,,,,,0,,,,,,,,,,,,,,,,,,,,,,,,,,,,,,
CONFASHKG,CONQUEST FASHIONS MFG. LTD.,Company,,HKHKG,CONFASHKG,,,,,,,,,,,,,,,,,,,,,,,,CONFASHKG,,,,,,,,,,,,,,,,,,,0,,,,,,,,,,,,,,,,,,,,,,,,,,,,,,
INTASIMAC,INTERBLOCK ASIA PACIFIC PTY LTD.,Company,,CNMAC,INTASIMAC,,,,,,,,,,,,,,,,,,,,,,,,INTASIMAC,,,,,,,,,,,,,,,,,,,0,,,,,,,,,,,,,,,,,,,,,,,,,,,,,,
FLEASIHKG,FLEXPORT ASIA LIMITED,Company,,HKHKG,FLEASIHKG,,,,,,,,,,,,,,,,,,,,,,,,FLEASIHKG,,,,,,,,,,,,,,,,,,,0,,,,,,,,,,,,,,,,,,,,,,,,,,,,,,
AMEINTNAH,"AMERICAYA INTERNATIONAL , LTD. (AIL)",Company,,JPNAH,AMEINTNAH,,,,,,,,,,,,,,,,,,,,,,,,AMEINTNAH,,,,,,,,,,,,,,,,,,,0,,,,,,,,,,,,,,,,,,,,,,,,,,,,,,
ALPHATSIN,ALPHATRANS PTE LTD,Company,,SGSIN,ALPHATSIN,,,,,,,,,,,,,,,,,,,,,www.alphatrans.com.sg,,,ALPHATSIN,,,,chow@alphatrans.com.sg,,,,,,,,,,,,,,,0,,,,,,,,,,,,,,,,,,,,,,,,,,,,,,
EDGWORMAN,EDGE WORLDWIDE LOGISTICS LIMITED,Company,,GBMNC,EDGWORMAN,,,,,,,,,,,,,,,,,,,,,,,,EDGWORMAN,,,,,,,,,,,,,,,,,,,0,,,,,,,,,,,,,,,,,,,,,,,,,,,,,,
SHIJOLPUS,"SHIN-JO LOGITECH CO.,LTD",Company,,KRPUS,SHIJOLPUS,,,,,,,,,,,,,,,,,,,,,,,,SHIJOLPUS,,,,,,,,,,,,,,,,,,,0,,,,,,,,,,,,,,,,,,,,,,,,,,,,,,
ALITHABKK,"ALISPED (THAILAND) CO., LTD",Company,,THBKK,ALITHABKK,,,,,,,,,,,,,,,,,,,,,,,,ALITHABKK,,,,,,,,,,,,,,,,,,,0,,,,,,,,,,,,,,,,,,,,,,,,,,,,,,
GONLEHFOS,GONDRAND LE HAVRE,Company,,FRFOS,GONLEHFOS,,,,,,,,,,,,,,,,,,,,,,,,GONLEHFOS,,,,,,,,,,,,,,,,,,,0,,,,,,,,,,,,,,,,,,,,,,,,,,,,,,
ROGBKKAFE,"ROGERS BANGKOK CO., LTD.",Company,,THBKK,ROGBKKAFE,,,,,,,,,,,,,,,,,,,,,,,,ROGBKKAFE,,,,,,,,,,,,,,,,,,,0,,,,,,,,,,,,,,,,,,,,,,,,,,,,,,
SUNINTSHK,SUNRISE INT'L LOGISTICS LIMITED,Company,,CNSHK,SUNINTSHK,,,,,,,,,,,,,,,,,,,,,,,,SUNINTSHK,,,,,,,,,,,,,,,,,,,0,,,,,,,,,,,,,,,,,,,,,,,,,,,,,,
TETANUAFE,PT. TETUKO ANUGERAH NUSANTARA,Company,,IDJKT,TETANUAFE,,,,,,,,,,,,,,,,,,,,,www.tanlogistic.com,,,TETANUAFE,,,,ops@tanlogistic.com,,,,,,,,,,,,,,,0,,,,,,,,,,,,,,,,,,,,,,,,,,,,,,
IFEAERLON,IFE AEROSPACE,Company,,GBLON,IFEAERLON,,,,,,,,,,,,,,,,,,,,,,,,IFEAERLON,,,,,,,,,,,,,,,,,,,0,,,,,,,,,,,,,,,,,,,,,,,,,,,,,,
TYRLOGWAS,TYR LOGISTICS,Company,,USWAS,TYRLOGWAS,,,,,,,,,,,,,,,,,,,,,,,,TYRLOGWAS,,,+971581359267,mtaylor@tyrlogistics.com,,,,,,,,,,,,,,,0,,,,,,,,,,,,,,,,,,,,,,,,,,,,,,
WORLINSGN,"WORLDWIDE LINK CO., LTD.",Company,,VNSGN,WORLINSGN,,,,,,,,,,,,,,,,,,,,,,,,WORLINSGN,,,,,,,,,,,,,,,,,,,0,,,,,,,,,,,,,,,,,,,,,,,,,,,,,,
NOALOGORF,NOATUM LOGISTICS,Company,,USORF,NOALOGORF,,,,,,,,,,,,,,,,,,,,,,,,NOALOGORF,,,,,,,,,,,,,,,,,,,0,,,,,,,,,,,,,,,,,,,,,,,,,,,,,,
BASOCCCEB,"BASIC OCCUPATIONAL SAFETY SUPPLIES PHILIPPINES, INC.",Company,,PHCEB,BASOCCCEB,,,,,,,,,,,,,,,,,,,,,,,,BASOCCCEB,,,,,,,,,,,,,,,,,,,0,,,,,,,,,,,,,,,,,,,,,,,,,,,,,,
SHEYOHAFE,"SHENZHEN YOHOO INTERNATIONAL LOGISTICS CO., LTD.",Company,,PHMNL,SHEYOHAFE,,,,,,,,,,,,,,,,,,,,,,,,SHEYOHAFE,,,,alicezhou@gmail.com,,,,,,,,,,,,,,,0,,,,,,,,,,,,,,,,,,,,,,,,,,,,,,
CENTRAMLE,CENTURION TRANSPORT SOLUTIONS,Company,,MVMLE,CENTRAMLE,,,,,,,,,,,,,,,,,,,,,,,,CENTRAMLE,,,,kashif.zaman@centuriontransport.com,,,,,,,,,,,,,,,0,,,,,,,,,,,,,,,,,,,,,,,,,,,,,,
TWIUJVAFE,TWI GROUP,Company,,USUJV,TWIUJVAFE,,,,,,,,,,,,,,,,,,,,,,,,TWIUJVAFE,,,+15169966237,SScaduto@twigroup.com,,,,,,,,,,,,,,,0,,,,,,,,,,,,,,,,,,,,,,,,,,,,,,
NUDISCVLC,NUDISCO S.L.,Company,,ESVLC,NUDISCVLC,,,,,,,,,,,,,,,,,,,,,,,,NUDISCVLC,,,,,,,,,,,,,,,,,,,0,,,,,,,,,,,,,,,,,,,,,,,,,,,,,,
GAJSINAFE,GAJAH GALLERY,Company,,SGSIN,GAJSINAFE,,,,,,,,,,,,,,,,,,,,,,,,GAJSINAFE,,,,nicole@gajahgallery.com,,,,,,,,,,,,,,,0,,,,,,,,,,,,,,,,,,,,,,,,,,,,,,
NISKOHNRT,NISICO KOHKI CO LTD,Company,,JPNRT,NISKOHNRT,,,,,,,,,,,,,,,,,,,,,,,,NISKOHNRT,,,,,,,,,,,,,,,,,,,0,,,,,,,,,,,,,,,,,,,,,,,,,,,,,,
ALFFORWAW,ALFA FORWARDING SP Z.O.O,Company,,PLWAW,ALFFORWAW,,,,,,,,,,,,,,,,,,,,,,,,ALFFORWAW,,,,,,,,,,,,,,,,,,,0,,,,,,,,,,,,,,,,,,,,,,,,,,,,,,
DSVSPAAFE,DSV SOLUTIONS SPAIN S.A.U.,Company,,ESMAD,DSVSPAAFE,,,,,,,,,,,,,,,,,,,,,,,,DSVSPAAFE,,,,eduard.mir.castella@dsv.com,,,,,,,,,,,,,,,0,,,,,,,,,,,,,,,,,,,,,,,,,,,,,,
PRIFREJFK,PRIMARY FREIGHT SERVICES INC.,Company,,USJFK,PRIFREJFK,,,,,,,,,,,,,,,,,,,,,,,,PRIFREJFK,,,,,,,,,,,,,,,,,,,0,,,,,,,,,,,,,,,,,,,,,,,,,,,,,,
PACINTSIN,PACIFIC INTEGRATED LOGISTICS PTE LTD,Company,,SGSIN,PACINTSIN,,,,,,,,,,,,,,,,,,,,,,,,PACINTSIN,,,,,,,,,,,,,,,,,,,0,,,,,,,,,,,,,,,,,,,,,,,,,,,,,,
FLEINTAMS,FLEXPORT INTERNATIONAL B.V,Company,,NLAMS,FLEINTAMS,,,,,,,,,,,,,,,,,,,,,,,,FLEINTAMS,,,,Arrivalnotices_eu@flexport.com,,,,,,,,,,,,,,,0,,,,,,,,,,,,,,,,,,,,,,,,,,,,,,
SHILOGIAH,SHIPPING LOGISTICS,Company,,USHOU,SHILOGIAH,,,,,,,,,,,,,,,,,,,,,,,,SHILOGIAH,,,,,,,,,,,,,,,,,,,0,,,,,,,,,,,,,,,,,,,,,,,,,,,,,,
PHONTIW,"PHOENIX INTERNATIONAL FREIGHT SERVICES, INC",Company,,USTIW,PHONTIW,,,,,,,,,,,,,,,,,,,,,,,,PHONTIW,,,,IMPDOCUS@PHOENIXINTLINC.COM,,,,,,,,,,,,,,,0,,,,,,,,,,,,,,,,,,,,,,,,,,,,,,
NSTAPPSIN,NST APPAREL (SG) PTE. LTD,Company,,SGSIN,NSTAPPSIN,,,,,,,,,,,,,,,,,,,,,,,,NSTAPPSIN,,,,,,,,,,,,,,,,,,,0,,,,,,,,,,,,,,,,,,,,,,,,,,,,,,
CECVERLAX,CECILLE VERBO-MALLARE,Company,,USLAX,CECVERLAX,,,,,,,,,,,,,,,,,,,,,,,,CECVERLAX,,,,,,,,,,,,,,,,,,,0,,,,,,,,,,,,,,,,,,,,,,,,,,,,,,
LOGPLUOIM,LOGISTICS PLUS JAPAN K.K.,Company,,JPOIM,LOGPLUOIM,,,,,,,,,,,,,,,,,,,,,,,,LOGPLUOIM,,,,,,,,,,,,,,,,,,,0,,,,,,,,,,,,,,,,,,,,,,,,,,,,,,
JNAFABHKG,JNA FABRIC LIMITED,Company,,HKHKG,JNAFABHKG,,,,,,,,,,,,,,,,,,,,,,,,JNAFABHKG,,,,,,,,,,,,,,,,,,,0,,,,,,,,,,,,,,,,,,,,,,,,,,,,,,
MOTLOGJED,MOTION LOGISTICS SERVICES COMPANY LTD,Company,,SAJED,MOTLOGJED,,,,,,,,,,,,,,,,,,,,,,,,MOTLOGJED,,,,,,,,,,,,,,,,,,,0,,,,,,,,,,,,,,,,,,,,,,,,,,,,,,
IECTELAFE,IEC TELECOM UAE,Company,,AEDXB,IECTELAFE,,,,,,,,,,,,,,,,,,,,,,,,IECTELAFE,,,+971565344898,Bobby.Perez@iec-telecom.com,,,,,,,,,,,,,,,0,,,,,,,,,,,,,,,,,,,,,,,,,,,,,,
PATUSAAFE,PATHFINDER PRESS DIV OF ANCHOR FOUNDATION,Company,,USLAX,PATUSAAFE,,,,,,,,,,,,,,,,,,,,,,,,PATUSAAFE,,,,,,,,,,,,,,,,,,,0,,,,,,,,,,,,,,,,,,,,,,,,,,,,,,
FREMARSEK,FREIGHT MARK ASIA (M) SDN BHD,Company,,MYSEK,FREMARSEK,,,,,,,,,,,,,,,,,,,,,,,,FREMARSEK,,,,,,,,,,,,,,,,,,,0,,,,,,,,,,,,,,,,,,,,,,,,,,,,,,
MARBENLCH,MARTIN BENCHER (THAILAND) CO. LTD.,Company,,THLCH,MARBENLCH,,,,,,,,,,,,,,,,,,,,,,,,MARBENLCH,,,,,,,,,,,,,,,,,,,0,,,,,,,,,,,,,,,,,,,,,,,,,,,,,,
BUSSOLMEA,BUSINESS SOLUTIONS & LOGISTICS,Company,,FRMEA,BUSSOLMEA,,,,,,,,,,,,,,,,,,,,,,,,BUSSOLMEA,,,,,,,,,,,,,,,,,,,0,,,,,,,,,,,,,,,,,,,,,,,,,,,,,,
SUNCARSZX1,"SUN CARGO INTERNATIONAL (SHANGHAI) LTD., SHENZHEN BRANCH",Company,,CNSNZ,SUNCARSZX1,,,,,,,,,,,,,,,,,,,,,,,,SUNCARSZX1,,,,,,,,,,,,,,,,,,,0,,,,,,,,,,,,,,,,,,,,,,,,,,,,,,
ACEGLOSYD,ACE GLOBAL LOGISTICS,Company,,AUSYD,ACEGLOSYD,,,,,,,,,,,,,,,,,,,,,,,,ACEGLOSYD,,,,,,,,,,,,,,,,,,,0,,,,,,,,,,,,,,,,,,,,,,,,,,,,,,
SHASGNAFE,"SHANGHAI CMIC MACHINERY & ELECTRICAL PRODUCTS CO., LTD",Company,,VNSGN,SHASGNAFE,,,,,,,,,,,,,,,,,,,,,,,,SHASGNAFE,,,,chinamachine@msn.com,,,,,,,,,,,,,,,0,,,,,,,,,,,,,,,,,,,,,,,,,,,,,,
GREFRETLL,GREENCARRIER FREIGHT SERVICES ESTONIA,Company,,EETLL,GREFRETLL,,,,,,,,,,,,,,,,,,,,,,,,GREFRETLL,,,,,,,,,,,,,,,,,,,0,,,,,,,,,,,,,,,,,,,,,,,,,,,,,,
AIRGROOSL2,AIRLOG GROUP,Company,,NOOSL,AIRGROOSL2,,,,,,,,,,,,,,,,,,,,,,,,AIRGROOSL2,,,,,,,,,,,,,,,,,,,0,,,,,,,,,,,,,,,,,,,,,,,,,,,,,,
HITECHAFE,HI-TECH EQUIPMENT LIMITED,Company,,HKHKG,HITECHAFE,,,,,,,,,,,,,,,,,,,,,,,,HITECHAFE,,,,,,,,,,,,,,,,,,,0,,,,,,,,,,,,,,,,,,,,,,,,,,,,,,
TITSINAFE,TITAN WORLD LOGISTICS PTE LTD,Company,,SGSIN,TITSINAFE,,,,,,,,,,,,,,,,,,,,,,,,TITSINAFE,,,,,,,,,,,,,,,,,,,0,,,,,,,,,,,,,,,,,,,,,,,,,,,,,,
NTEXGOT,NTEX AB,Company,,SEGOT,NTEXGOT,,,,,,,,,,,,,,,,,,,,,,,,NTEXGOT,,,,sea.import@ntex.se,,,,,,,,,,,,,,,0,,,,,,,,,,,,,,,,,,,,,,,,,,,,,,
PROGAMTBJS,"PROCTER & GAMBLE TECHNOLOGY (BEIJING) CO., LTD.",Company,,CNBJS,PROGAMTBJS,,,,,,,,,,,,,,,,,,,,,,,,PROGAMTBJS,,,,,,,,,,,,,,,,,,,0,,,,,,,,,,,,,,,,,,,,,,,,,,,,,,
LIBMAROPA,"LIBURNIA MARITIME AGENCY, LTD.",Company,,HROPA,LIBMAROPA,,,,,,,,,,,,,,,,,,,,,,,,LIBMAROPA,,,,,,,,,,,,,,,,,,,0,,,,,,,,,,,,,,,,,,,,,,,,,,,,,,
ONAIRCDUS,ON AIR CARGO GMBH,Company,,DEDUS,ONAIRCDUS,,,,,,,,,,,,,,,,,,,,,,,,ONAIRCDUS,,,+491736014851,sebastian@onair-cargo.com,,,,,,,,,,,,,,,0,,,,,,,,,,,,,,,,,,,,,,,,,,,,,,
SANINTHKG,SANY INTERNATIONAL DEVELOPMENT COMPANY LIMITED,Company,,HKHKG,SANINTHKG,,,,,,,,,,,,,,,,,,,,,,,,SANINTHKG,,,,,,,,,,,,,,,,,,,0,,,,,,,,,,,,,,,,,,,,,,,,,,,,,,
WARRANNCL,WARRANT GROUP LTD,Company,,GBNCL,WARRANNCL,,,,,,,,,,,,,,,,,,,,,,,,WARRANNCL,,,,,,,,,,,,,,,,,,,0,,,,,,,,,,,,,,,,,,,,,,,,,,,,,,
MILFREKUL,MILLENNIUM FREIGHT (M) SND BHD,Company,,MYKUL,MILFREKUL,,,,,,,,,,,,,,,,,,,,,,,,MILFREKUL,,,,,,,,,,,,,,,,,,,0,,,,,,,,,,,,,,,,,,,,,,,,,,,,,,
PROINTAFE,PROBLUE INTERNATIONAL CORP.,Company,,TWTXG,PROINTAFE,,,,,,,,,,,,,,,,,,,,,,,,PROINTAFE,,,,,,,,,,,,,,,,,,,0,,,,,,,,,,,,,,,,,,,,,,,,,,,,,,
GUEALBAFE,GUEHRING KG,Company,,DEALB,GUEALBAFE,,,,,,,,,,,,,,,,,,,,,,,,GUEALBAFE,,,,,,,,,,,,,,,,,,,0,,,,,,,,,,,,,,,,,,,,,,,,,,,,,,
HEXNUTTUT,HEXAGON NUTRITION (INTERNATIONAL) PVT LTD.,Company,,INTUT,HEXNUTTUT,,,,,,,,,,,,,,,,,,,,,,,,HEXNUTTUT,,,,,,,,,,,,,,,,,,,0,,,,,,,,,,,,,,,,,,,,,,,,,,,,,,
EFLOGIAFE,"EF LOGIS CO., LTD",Company,,KRSEL,EFLOGIAFE,,,,,,,,,,,,,,,,,,,,,,,,EFLOGIAFE,,,+821088166513,eflogis@eflogis.com,,,,,,,,,,,,,,,0,,,,,,,,,,,,,,,,,,,,,,,,,,,,,,
MORCARPRY,MORGAN CARGO (PTY) LTD.,Company,,ZAPRY,MORCARPRY,,,,,,,,,,,,,,,,,,,,,www.morgancargo.com,,,MORCARPRY,,,,gerharddc@morgancargo.com,,,,,,,,,,,,,,,0,,,,,,,,,,,,,,,,,,,,,,,,,,,,,,
ATSINTSTC,ATS INTERNATIONAL,Company,,USSTC,ATSINTSTC,,,,,,,,,,,,,,,,,,,,,,,,ATSINTSTC,,,,,,,,,,,,,,,,,,,0,,,,,,,,,,,,,,,,,,,,,,,,,,,,,,
HUMSINAFE,HUMANS SINCE 1982,Company,,SESTO,HUMSINAFE,,,,,,,,,,,,,,,,,,,,,,,,HUMSINAFE,,,,,,,,,,,,,,,,,,,0,,,,,,,,,,,,,,,,,,,,,,,,,,,,,,
MALAMIAFE,MALCA-AMIT SINGAPORE PTE LTD.,Company,,SGSIN,MALAMIAFE,,,,,,,,,,,,,,,,,,,,,,,,MALAMIAFE,,,,Mayela.PHL@malca-amit.com,,,,,,,,,,,,,,,0,,,,,,,,,,,,,,,,,,,,,,,,,,,,,,
GLOSYDAFE,GLOBAL EVENTS LOGISTICS SERVICES PTY LTD,Company,,AUSYD,GLOSYDAFE,,,,,,,,,,,,,,,,,,,,,,,,GLOSYDAFE,,,+61433670202,allen.yap@gelservices.net,,,,,,,,,,,,,,,0,,,,,,,,,,,,,,,,,,,,,,,,,,,,,,
SHESANSHA,SHENZHEN SANHE TRANSPORTATION LOGISTICS CO. LTD,Company,,CNSHA,SHESANSHA,,,,,,,,,,,,,,,,,,,,,,,,SHESANSHA,,,,,,,,,,,,,,,,,,,0,,,,,,,,,,,,,,,,,,,,,,,,,,,,,,
BATGLOIST,BATCO GLOBAL LOJISTIK LTD. STI.,Company,,TRIST,BATGLOIST,,,,,,,,,,,,,,,,,,,,,,,,BATGLOIST,,,,,,,,,,,,,,,,,,,0,,,,,,,,,,,,,,,,,,,,,,,,,,,,,,
REDLOGIST,REDS LOGISTICS DIS TIC LTD STI,Company,,TRIST,REDLOGIST,,,,,,,,,,,,,,,,,,,,,,,,REDLOGIST,,,,,,,,,,,,,,,,,,,0,,,,,,,,,,,,,,,,,,,,,,,,,,,,,,
PASBYRNCU,PASSION4FOOD BY ROMAIN WALHEER,Company,,BENCU,PASBYRNCU,,,,,,,,,,,,,,,,,,,,,,,,PASBYRNCU,,,,,,,,,,,,,,,,,,,0,,,,,,,,,,,,,,,,,,,,,,,,,,,,,,
FRESYDAFE,FRESHFOOD INTERNATIONAL  PTY LTD.,Company,,AUSYD,FRESYDAFE,,,,,,,,,,,,,,,,,,,,,,,,FRESYDAFE,,,+61414731861,troy.agosti@freshfood.com.au,,,,,,,,,,,,,,,0,,,,,,,,,,,,,,,,,,,,,,,,,,,,,,
SAASELAFE,SAAB AB CORPORATE,Company,,SEGOT,SAASELAFE,,,,,,,,,,,,,,,,,,,,,,,,SAASELAFE,,,,,,,,,,,,,,,,,,,0,,,,,,,,,,,,,,,,,,,,,,,,,,,,,,
CEBKADAFE,CEBILOG LOJISTIK ULUSLARARASI NAK. TUR. VE DIS TIC.,Company,,TRKAD,CEBKADAFE,,,,,,,,,,,,,,,,,,,,,www.cebilog.com,,,CEBKADAFE,,,,zeynep.cebi@cebilog.com,,,,,,,,,,,,,,,0,,,,,,,,,,,,,,,,,,,,,,,,,,,,,,
RELTRAAFE,RELIABLE TRAVELS & CARGO PVT LTD.,Company,,INDEL,RELTRAAFE,,,,,,,,,,,,,,,,,,,,,,,,RELTRAAFE,,,,info@reliablecargo.com,,,,,,,,,,,,,,,0,,,,,,,,,,,,,,,,,,,,,,,,,,,,,,
EAGAMSAFE,EAGLE VISION SYSTEMS B.V.,Company,,NLAMS,EAGAMSAFE,,,,,,,,,,,,,,,,,,,,,,,,EAGAMSAFE,,,,MBreek@eaglevision.nl,,,,,,,,,,,,,,,0,,,,,,,,,,,,,,,,,,,,,,,,,,,,,,
SINTEASIN,SINGAPORE TEA & COFFEE COMPANY PTE LTD.,Company,,SGSIN,SINTEASIN,,,,,,,,,,,,,,,,,,,,,,,,SINTEASIN,,,,,,,,,,,,,,,,,,,0,,,,,,,,,,,,,,,,,,,,,,,,,,,,,,
EASTINHKG,EASTING LIMITED,Company,,HKHKG,EASTINHKG,,,,,,,,,,,,,,,,,,,,,,,,EASTINHKG,,,,,,,,,,,,,,,,,,,0,,,,,,,,,,,,,,,,,,,,,,,,,,,,,,
BARFOGROM1,BARBARINI & FOGLIA SRL,Company,,ITROM,BARFOGROM1,,,,,,,,,,,,,,,,,,,,,,,,BARFOGROM1,,,,,,,,,,,,,,,,,,,0,,,,,,,,,,,,,,,,,,,,,,,,,,,,,,
MORINDQKV,MORE INDUSTRIAL CO. LTD.,Company,,JPSAK,MORINDQKV,,,,,,,,,,,,,,,,,,,,,,,,MORINDQKV,,,,,,,,,,,,,,,,,,,0,,,,,,,,,,,,,,,,,,,,,,,,,,,,,,
LANGLOANE,LANE GLOBAL LOGISTICS,Company,,FRANE,LANGLOANE,,,,,,,,,,,,,,,,,,,,,,,,LANGLOANE,,,,,,,,,,,,,,,,,,,0,,,,,,,,,,,,,,,,,,,,,,,,,,,,,,
PSBEDIBOM,PS BEDI & CO. PVT. LTD.,Company,,INBOM,PSBEDIBOM,,,,,,,,,,,,,,,,,,,,,,,,PSBEDIBOM,,,,,,,,,,,,,,,,,,,0,,,,,,,,,,,,,,,,,,,,,,,,,,,,,,
MARBENBLL,MARTIN BENCHER AIRFREIGHT APS,Company,,DKBLL,MARBENBLL,,,,,,,,,,,,,,,,,,,,,,,,MARBENBLL,,,,,,,,,,,,,,,,,,,0,,,,,,,,,,,,,,,,,,,,,,,,,,,,,,
RUIDILAFE,RUI CORREIA,Company,,TLDIL,RUIDILAFE,,,,,,,,,,,,,,,,,,,,,,,,RUIDILAFE,,,,lifau@hotmail.com,,,,,,,,,,,,,,,0,,,,,,,,,,,,,,,,,,,,,,,,,,,,,,
ARSJSCKZK,ARSENAL JSCO,Company,,BGKZK,ARSJSCKZK,,,,,,,,,,,,,,,,,,,,,,,,ARSJSCKZK,,,,,,,,,,,,,,,,,,,0,,,,,,,,,,,,,,,,,,,,,,,,,,,,,,
JAPSINAFE,THE JAPAN STEEL WORKS (SINGAPORE) PTE. LTD.,Company,,SGSIN,JAPSINAFE,,,,,,,,,,,,,,,,,,,,,,,,JAPSINAFE,,,,,,,,,,,,,,,,,,,0,,,,,,,,,,,,,,,,,,,,,,,,,,,,,,
APIGLOSIN1,API GLOBAL SINGAPORE PTE LTD,Company,,SGSIN,APIGLOSIN1,,,,,,,,,,,,,,,,,,,,,,,,APIGLOSIN1,,,,,,,,,,,,,,,,,,,0,,,,,,,,,,,,,,,,,,,,,,,,,,,,,,
SCASHIJKT,PT. SCAN-SHIPPING INDONESIA,Company,,IDJKT,SCASHIJKT,,,,,,,,,,,,,,,,,,,,,,,,SCASHIJKT,,,,,,,,,,,,,,,,,,,0,,,,,,,,,,,,,,,,,,,,,,,,,,,,,,
SHASAIISHA,"SHANGHAI SAINWISE INTERNATIONAL FREIGHT FORWARDING CO.,LTD.",Company,,CNSHA,SHASAIISHA,,,,,,,,,,,,,,,,,,,,,,,,SHASAIISHA,,,+8613681785752,cynxu@sainwise.com,,,,,,,,,,,,,,,0,,,,,,,,,,,,,,,,,,,,,,,,,,,,,,
NEWCONHKG,NEW CONCEPT GLOBAL (HK) LTD,Company,,HKHKG,NEWCONHKG,,,,,,,,,,,,,,,,,,,,,,,,NEWCONHKG,,,,airimport@nclgroups.com,,,,,,,,,,,,,,,0,,,,,,,,,,,,,,,,,,,,,,,,,,,,,,
AMAINTSHA,"AMASS INTERNATIONAL AIRFREIGHT AGENCY CO., LTD",Company,,CNSHA,AMAINTSHA,,,,,,,,,,,,,,,,,,,,,,,,AMAINTSHA,,,,,,,,,,,,,,,,,,,0,,,,,,,,,,,,,,,,,,,,,,,,,,,,,,
NINNGBAFE,NINGBO LISONG INJECTION MOLDING TECHNOLOGY CO. LTD,Company,,CNNBO,NINNGBAFE,,,,,,,,,,,,,,,,,,,,,,,,NINNGBAFE,,,+869088870539,lisong@china-ls.cn,,,,,,,,,,,,,,,0,,,,,,,,,,,,,,,,,,,,,,,,,,,,,,
SHESNZNAFE,"SHENZHEN KING LOGISTICS CO.,LTD",Company,,CNSNZ,SHESNZNAFE,,,,,,,,,,,,,,,,,,,,,,,,SHESNZNAFE,,,+8613922887977,joyce@king-logistics.com,,,,,,,,,,,,,,,0,,,,,,,,,,,,,,,,,,,,,,,,,,,,,,
CARLINDVI,CARGO LINE INTERNATIONAL,Company,,AUDVI,CARLINDVI,,,,,,,,,,,,,,,,,,,,,,,,CARLINDVI,,,,,,,,,,,,,,,,,,,0,,,,,,,,,,,,,,,,,,,,,,,,,,,,,,
SHEBESAFE,"SHENZHEN BESAFE INTERNATIONAL LOGISTICS CO.,LTD",Company,,CNSNZ,SHEBESAFE,,,,,,,,,,,,,,,,,,,,,,,,SHEBESAFE,,,,,,,,,,,,,,,,,,,0,,,,,,,,,,,,,,,,,,,,,,,,,,,,,,
GONLYOPGN,GONDRAND LYON SAINT EXUPERY,Company,,FRPGN,GONLYOPGN,,,,,,,,,,,,,,,,,,,,,,,,GONLYOPGN,,,,ada.viller@gondrand.fr,,,,,,,,,,,,,,,0,,,,,,,,,,,,,,,,,,,,,,,,,,,,,,
NOTLOGFLX,NOTUM LOGISTICS UK LIMITED,Company,,GBPME,NOTLOGFLX,,,,,,,,,,,,,,,,,,,,,,,,NOTLOGFLX,,,,,,,,,,,,,,,,,,,0,,,,,,,,,,,,,,,,,,,,,,,,,,,,,,
SHEBOTSZX,"SHENZHEN BOT TRADING CO., LTD.",Company,,CNSZX,SHEBOTSZX,,,,,,,,,,,,,,,,,,,,,,,,SHEBOTSZX,,,,,,,,,,,,,,,,,,,0,,,,,,,,,,,,,,,,,,,,,,,,,,,,,,
INNENTAFE,INNOVATIVE ENTERPRISE HK LTD,Company,,HKWNI,INNENTAFE,,,,,,,,,,,,,,,,,,,,,,,,INNENTAFE,,,,,,,,,,,,,,,,,,,0,,,,,,,,,,,,,,,,,,,,,,,,,,,,,,
NETHKGHKG,NETGEAR HKG LTD. C/O KERRY LOGISTICS (HK) LTD.,Company,,HKHKG,NETHKGHKG,,,,,,,,,,,,,,,,,,,,,,,,NETHKGHKG,,,,,,,,,,,,,,,,,,,0,,,,,,,,,,,,,,,,,,,,,,,,,,,,,,
PHIAIRFRA,PHILIPPINE AIRLINE,Company,,DEFRA,PHIAIRFRA,,,,,,,,,,,,,,,,,,,,,,,,PHIAIRFRA,,,,,,,,,,,,,,,,,,,0,,,,,,,,,,,,,,,,,,,,,,,,,,,,,,
SUMYOKAFE,"SUMITOMO HEAVY INDUSTRIES MODERN, LTD",Company,,JPYOK,SUMYOKAFE,,,,,,,,,,,,,,,,,,,,,,,,SUMYOKAFE,,,,ehchen.alehsup@shi-g.com,,,,,,,,,,,,,,,0,,,,,,,,,,,,,,,,,,,,,,,,,,,,,,
LURBREAFE,LURSSEN WERFT GMBH & CO. KG,Company,,DEBRE,LURBREAFE,,,,,,,,,,,,,,,,,,,,,,,,LURBREAFE,,,,,,,,,,,,,,,,,,,0,,,,,,,,,,,,,,,,,,,,,,,,,,,,,,
NESEXPSEL,"NESURA EXPRESS CO., LTD",Company,,KRSEL,NESEXPSEL,,,,,,,,,,,,,,,,,,,,,,,,NESEXPSEL,,,,,,,,,,,,,,,,,,,0,,,,,,,,,,,,,,,,,,,,,,,,,,,,,,
LNCLOGHAN,"LNC LOGISTICS CO.,LTD.",Company,,VNHAN,LNCLOGHAN,,,,,,,,,,,,,,,,,,,,,,,,LNCLOGHAN,,,,thanhlong@lnc.vn,,,,,,,,,,,,,,,0,,,,,,,,,,,,,,,,,,,,,,,,,,,,,,
PANSELAFE,"PANAROAD CO., LTD.",Company,,KRSEL,PANSELAFE,,,,,,,,,,,,,,,,,,,,,,,,PANSELAFE,,,,,,,,,,,,,,,,,,,0,,,,,,,,,,,,,,,,,,,,,,,,,,,,,,
CARMANMOW,CARGO MANAGEMENT LLC,Company,,RUBKA,CARMANMOW,,,,,,,,,,,,,,,,,,,,,,,,CARMANMOW,,,,info@cargomanagement.ru,,,,,,,,,,,,,,,0,,,,,,,,,,,,,,,,,,,,,,,,,,,,,,
KUESHAAFE,KUEHNE + NAGEL LTD,Company,,CNSHA,KUESHAAFE,,,,,,,,,,,,,,,,,,,,,,,,KUESHAAFE,,,,,,,,,,,,,,,,,,,0,,,,,,,,,,,,,,,,,,,,,,,,,,,,,,
EXFREIYFA,EX FREIGHT ZETA INC,Company,,USYFA,EXFREIYFA,,,,,,,,,,,,,,,,,,,,,,,,EXFREIYFA,,,,,,,,,,,,,,,,,,,0,,,,,,,,,,,,,,,,,,,,,,,,,,,,,,
AUTOPATOA,AUTOPARTNER AB,Company,,SETOA,AUTOPATOA,,,,,,,,,,,,,,,,,,,,,,,,AUTOPATOA,,,,info@autopartner.se,,,,,,,,,,,,,,,0,,,,,,,,,,,,,,,,,,,,,,,,,,,,,,
XINXXGAFE,XINXIANG HEXIE FEED MACHINERY MFG. CO. LTD,Company,,CNXXG,XINXXGAFE,,,,,,,,,,,,,,,,,,,,,,,,XINXXGAFE,,,,,,,,,,,,,,,,,,,0,,,,,,,,,,,,,,,,,,,,,,,,,,,,,,
UAVFACAFE,UAV FACTORY LTD,Company,,LVZVT,UAVFACAFE,,,,,,,,,,,,,,,,,,,,,,,,UAVFACAFE,,,,rkairiss@uavfactory.com,,,,,,,,,,,,,,,0,,,,,,,,,,,,,,,,,,,,,,,,,,,,,,
JINENEAFE,JINKO ENERGY STORAGE TECHNOLOGY CO. LTD,Company,,PHMNL,JINENEAFE,,,,,,,,,,,,,,,,,,,,,,,,JINENEAFE,,,,,,,,,,,,,,,,,,,0,,,,,,,,,,,,,,,,,,,,,,,,,,,,,,
TCBNIBFS,TCB (NI) LIMITED,Company,,GBBEL,TCBNIBFS,,,,,,,,,,,,,,,,,,,,,,,,TCBNIBFS,,,,,,,,,,,,,,,,,,,0,,,,,,,,,,,,,,,,,,,,,,,,,,,,,,
BEIKBJSAFE,"BEIJING KINGKERRY INT'LTRANSPORTCO.,LTD",Company,,CNBJS,BEIKBJSAFE,,,,,,,,,,,,,,,,,,,,,,,,BEIKBJSAFE,,,,expo@bjkingkerry.com,,,,,,,,,,,,,,,0,,,,,,,,,,,,,,,,,,,,,,,,,,,,,,
ARGYUESHA,ARGONAUT YUEXIN (CHINA) LOGISTICS CO. LTD,Company,,CNSHA,ARGYUESHA,,,,,,,,,,,,,,,,,,,,,,,,ARGYUESHA,,,,sha@yuexin-logistics.com,,,,,,,,,,,,,,,0,,,,,,,,,,,,,,,,,,,,,,,,,,,,,,
CEVBHXAFE,CEVA SHOWFREIGHT,Company,,GBBHM,CEVBHXAFE,,,,,,,,,,,,,,,,,,,,,,,,CEVBHXAFE,,,,jack.cruise@cevalogistics.com,,,,,,,,,,,,,,,0,,,,,,,,,,,,,,,,,,,,,,,,,,,,,,
GUAHAOGUT,GUANGDONG HAOCHAO GROUP CO.,Company,,CNGUT,GUAHAOGUT,,,,,,,,,,,,,,,,,,,,,,,,GUAHAOGUT,,,,,,,,,,,,,,,,,,,0,,,,,,,,,,,,,,,,,,,,,,,,,,,,,,
SENINTFRA1,SENATOR INTERNATIONAL SPEDITION GMBH,Company,,DEFRA,SENINTFRA1,,,,,,,,,,,,,,,,,,,,,,,,SENINTFRA1,,,,,,,,,,,,,,,,,,,0,,,,,,,,,,,,,,,,,,,,,,,,,,,,,,
WFSTUNTUN,WFS TUNISIA SARL,Company,,TNTUN,WFSTUNTUN,,,,,,,,,,,,,,,,,,,,,,,,WFSTUNTUN,,,,,,,,,,,,,,,,,,,0,,,,,,,,,,,,,,,,,,,,,,,,,,,,,,
CARLOGMAA,CARGOCARE LOGISTICS (INDIA) PVT LTD,Company,,INMAA,CARLOGMAA,,,,,,,,,,,,,,,,,,,,,www.cargocarelogistics.in,,,CARLOGMAA,,,+919043014881,thasleemah@cargocarelogistics.in,,,,,,,,,,,,,,,0,,,,,,,,,,,,,,,,,,,,,,,,,,,,,,
KEEAUTAFE,"KEED AUTOMATIC PACKAGE MACHINERY CO., LTD.",Company,,TWTPE,KEEAUTAFE,,,,,,,,,,,,,,,,,,,,,,,,KEEAUTAFE,,,,,,,,,,,,,,,,,,,0,,,,,,,,,,,,,,,,,,,,,,,,,,,,,,
SCHTEXNUE,SCHMITZ TEXTILES GMBH + CO. KG,Company,,DENUE,SCHTEXNUE,,,,,,,,,,,,,,,,,,,,,,,,SCHTEXNUE,,,,,,,,,,,,,,,,,,,0,,,,,,,,,,,,,,,,,,,,,,,,,,,,,,
MICLOPAFE,MICHELLE LOPEZ STUDIO,Company,,USPHL,MICLOPAFE,,,,,,,,,,,,,,,,,,,,,,,,MICLOPAFE,,,,,,,,,,,,,,,,,,,0,,,,,,,,,,,,,,,,,,,,,,,,,,,,,,
HILROCKCO,HILL ROCK LTD.,Company,,HKKCO,HILROCKCO,,,,,,,,,,,,,,,,,,,,,,,,HILROCKCO,,,,,,,,,,,,,,,,,,,0,,,,,,,,,,,,,,,,,,,,,,,,,,,,,,
NOALOGIAH,NOATUM LOGISTICS,Company,,USHOU,NOALOGIAH,,,,,,,,,,,,,,,,,,,,,,,,NOALOGIAH,,,,,,,,,,,,,,,,,,,0,,,,,,,,,,,,,,,,,,,,,,,,,,,,,,
EDOHKGAFE,EDOUARD MALINGUE GALLERY,Company,,HKHKG,EDOHKGAFE,,,,,,,,,,,,,,,,,,,,,,,,EDOHKGAFE,,,,lawrence@edouardmalingue.com,,,,,,,,,,,,,,,0,,,,,,,,,,,,,,,,,,,,,,,,,,,,,,
FOSDONSJQ,"FOSHAN DONGPENG CERAMIC CO.,LTD.",Company,,CNSJQ,FOSDONSJQ,,,,,,,,,,,,,,,,,,,,,,,,FOSDONSJQ,,,,,,,,,,,,,,,,,,,0,,,,,,,,,,,,,,,,,,,,,,,,,,,,,,
JAKJKTAFE,PT. JAKARTA INTERNATIONAL EXPO,Company,,IDJKT,JAKJKTAFE,,,,,,,,,,,,,,,,,,,,,,,,JAKJKTAFE,,,,,,,,,,,,,,,,,,,0,,,,,,,,,,,,,,,,,,,,,,,,,,,,,,
DADSELAFE,DADCO ASIA,Company,,KRSEL,DADSELAFE,,,,,,,,,,,,,,,,,,,,,,,,DADSELAFE,,,,,,,,,,,,,,,,,,,0,,,,,,,,,,,,,,,,,,,,,,,,,,,,,,
STPGALAFE,STPI GALLERY,Company,,SGSIN,STPGALAFE,,,,,,,,,,,,,,,,,,,,,,,,STPGALAFE,,,,bosung.yom@stpi.com.sg,,,,,,,,,,,,,,,0,,,,,,,,,,,,,,,,,,,,,,,,,,,,,,
KINOPTSHK,"KINDOM OPTO-ELECTRONIC CO., LTD",Company,,CNSHK,KINOPTSHK,,,,,,,,,,,,,,,,,,,,,,,,KINOPTSHK,,,,,,,,,,,,,,,,,,,0,,,,,,,,,,,,,,,,,,,,,,,,,,,,,,
DACSOUCPT,DACHSER SOUTH AFRICA (PTY) LTD,Company,,ZACPT,DACSOUCPT,,,,,,,,,,,,,,,,,,,,,,,,DACSOUCPT,,,,,,,,,,,,,,,,,,,0,,,,,,,,,,,,,,,,,,,,,,,,,,,,,,
QUALOGKUL,QUANTERM LOGISTICS SDN BHD,Company,,MYKUL,QUALOGKUL,,,,,,,,,,,,,,,,,,,,,,,,QUALOGKUL,,,,,,,,,,,,,,,,,,,0,,,,,,,,,,,,,,,,,,,,,,,,,,,,,,
PTWINTJKT,PT.WEWORK SERVICES INTERNATIONAL,Company,,IDJKT,PTWINTJKT,,,,,,,,,,,,,,,,,,,,,,,,PTWINTJKT,,,,,,,,,,,,,,,,,,,0,,,,,,,,,,,,,,,,,,,,,,,,,,,,,,
ASOBOTAFE,ASOBU BOTTLE,Company,,CAQUE,ASOBOTAFE,,,,,,,,,,,,,,,,,,,,,www.asobubottle.com,,,ASOBOTAFE,,,,,,,,,,,,,,,,,,,0,,,,,,,,,,,,,,,,,,,,,,,,,,,,,,
WORPRGAFE,WORLDWIDE TRADING TRANSPORT SPOL. S R.O.,Company,,CZPRG,WORPRGAFE,,,,,,,,,,,,,,,,,,,,,,,,WORPRGAFE,,,,jaroslava.knopova@email.cz,,,,,,,,,,,,,,,0,,,,,,,,,,,,,,,,,,,,,,,,,,,,,,
DMGMORBLR,DMG MORI SEIKI INDIA MACHINES AND SERVICES PVT. LT,Company,,INBLR,DMGMORBLR,,,,,,,,,,,,,,,,,,,,,www.dmgmori.com,,,DMGMORBLR,,,,,,,,,,,,,,,,,,,0,,,,,,,,,,,,,,,,,,,,,,,,,,,,,,
CONSHIDOH,CONSOLE SHIPPING SERVICES W.L.L.,Company,,QADOH,CONSHIDOH,,,,,,,,,,,,,,,,,,,,,,,,CONSHIDOH,,,,neethu@cssqatar.com,,,,,,,,,,,,,,,0,,,,,,,,,,,,,,,,,,,,,,,,,,,,,,
ALFFERAFE,ALFREDO FERNANDO RAZON GONZALEZ,Company,,USHNL,ALFFERAFE,,,,,,,,,,,,,,,,,,,,,,,,ALFFERAFE,,,,,,,,,,,,,,,,,,,0,,,,,,,,,,,,,,,,,,,,,,,,,,,,,,
MASDXBAFE,MASSTRANS FREIGHT LLC,Company,,AEDXB,MASDXBAFE,,,,,,,,,,,,,,,,,,,,,,,,MASDXBAFE,,,,vibin@masstransfreight.com,,,,,,,,,,,,,,,0,,,,,,,,,,,,,,,,,,,,,,,,,,,,,,
HENHARAKL,HENNING HARDERS (NEW ZEALAND) LIMITED,Company,,NZAKL,HENHARAKL,,,,,,,,,,,,,,,,,,,,,,,,HENHARAKL,,,,,,,,,,,,,,,,,,,0,,,,,,,,,,,,,,,,,,,,,,,,,,,,,,
SIMBEDCGU,SIMMONS BEDDING & FURNITURE (SUZHOU) LIMITED,Company,,CNCGU,SIMBEDCGU,,,,,,,,,,,,,,,,,,,,,,,,SIMBEDCGU,,,,,,,,,,,,,,,,,,,0,,,,,,,,,,,,,,,,,,,,,,,,,,,,,,
GDBLOGRTM,GDB LOGISTICS B.V.,Company,,NLRTM,GDBLOGRTM,,,,,,,,,,,,,,,,,,,,,,,,GDBLOGRTM,,,,,,,,,,,,,,,,,,,0,,,,,,,,,,,,,,,,,,,,,,,,,,,,,,
DAYPKGAFE,DAYA BANDING SDN BHD,Company,,MYPKG,DAYPKGAFE,,,,,,,,,,,,,,,,,,,,,,,,DAYPKGAFE,,,,dayabanding@gmail.com,,,,,,,,,,,,,,,0,,,,,,,,,,,,,,,,,,,,,,,,,,,,,,
INT360DXB,INTERIOR 360 GENERAL TRADING LLC,Company,,AEDXB,INT360DXB,,,,,,,,,,,,,,,,,,,,,,,,INT360DXB,,,,,,,,,,,,,,,,,,,0,,,,,,,,,,,,,,,,,,,,,,,,,,,,,,
SHAJCBAFE,SHANGHAI JCB INTERNATIONAL TRANSPORTATION CO. LTD.,Company,,CNSGH,SHAJCBAFE,,,,,,,,,,,,,,,,,,,,,,,,SHAJCBAFE,,,,becky@jcbcargo.com,,,,,,,,,,,,,,,0,,,,,,,,,,,,,,,,,,,,,,,,,,,,,,
UABSUNAFE,"UAB ""SUNDETA""",Company,,LTVIL,UABSUNAFE,,,,,,,,,,,,,,,,,,,,,,,,UABSUNAFE,,,,v.sorokina@able.by,,,,,,,,,,,,,,,0,,,,,,,,,,,,,,,,,,,,,,,,,,,,,,
TECINTIAH,TECHTRANS INTERNATIONAL,Company,,USHOU,TECINTIAH,,,,,,,,,,,,,,,,,,,,,,,,TECINTIAH,,,,,,,,,,,,,,,,,,,0,,,,,,,,,,,,,,,,,,,,,,,,,,,,,,
KARGROILL,KARL GROSS LOGISTICS USA INC.,Company,,USILL,KARGROILL,,,,,,,,,,,,,,,,,,,,,,,,KARGROILL,,,,,,,,,,,,,,,,,,,0,,,,,,,,,,,,,,,,,,,,,,,,,,,,,,
LITANNABT,LITTLE ANNIE KIDZLINE,Company,,CAABT,LITANNABT,,,,,,,,,,,,,,,,,,,,,,,,LITANNABT,,,,,,,,,,,,,,,,,,,0,,,,,,,,,,,,,,,,,,,,,,,,,,,,,,
UNIASITYN,"UNITED ASIAN LOGISTICS CO., LTD",Company,,TWTYN,UNIASITYN,,,,,,,,,,,,,,,,,,,,,,,,UNIASITYN,,,,,,,,,,,,,,,,,,,0,,,,,,,,,,,,,,,,,,,,,,,,,,,,,,
APISINAFE,API GLOBAL AUTOMATION PTE. LTD.,Company,,SGSIN,APISINAFE,,,,,,,,,,,,,,,,,,,,,,,,APISINAFE,,,+639178874512,susette@aumpack.com,,,,,,,,,,,,,,,0,,,,,,,,,,,,,,,,,,,,,,,,,,,,,,
MHMHKGAFE,MHM GROUP,Company,,HKHKG,MHMHKGAFE,,,,,,,,,,,,,,,,,,,,,,,,MHMHKGAFE,,,+85264364393,jacky.kong@mhm-asia.com,,,,,,,,,,,,,,,0,,,,,,,,,,,,,,,,,,,,,,,,,,,,,,
LEMUSACLT,LEMAN USA,Company,,USCLT,LEMUSACLT,,,,,,,,,,,,,,,,,,,,,www.leman.com,,,LEMUSACLT,,,,,,,,,,,,,,,,,,,0,,,,,,,,,,,,,,,,,,,,,,,,,,,,,,
GRAINTDOH,GRADIENT INTERNATIONAL LOGISTICS,Company,,QADOH,GRAINTDOH,,,,,,,,,,,,,,,,,,,,,,,,GRAINTDOH,,,,,,,,,,,,,,,,,,,0,,,,,,,,,,,,,,,,,,,,,,,,,,,,,,
KEUCOHAM,KEUCO GMBH & CO. KG,Company,,DEHAM,KEUCOHAM,,,,,,,,,,,,,,,,,,,,,,,,KEUCOHAM,,,,,,,,,,,,,,,,,,,0,,,,,,,,,,,,,,,,,,,,,,,,,,,,,,
ALFASIMFM,ALFASTREET ASIA LIMITED,Company,,MOMFM,ALFASIMFM,,,,,,,,,,,,,,,,,,,,,,,,ALFASIMFM,,,,,,,,,,,,,,,,,,,0,,,,,,,,,,,,,,,,,,,,,,,,,,,,,,
NAVGLO_DE,NAVIGATOR GLOBAL LOGISTICS GMBH,Company,,DEHAM,NAVGLO_DE,,,,,,,,,,,,,,,,,,,,,www.ngl-germany.eu,,,NAVGLO_DE,,,+491622914014,hans.boeckenhauer@ngl-germany.eu,,,,,,,,,,,,,,,0,,,,,,,,,,,,,,,,,,,,,,,,,,,,,,
MECSINAFE,MECHANICAL PACKING PRODUCTS CONSULTANTS,Company,,SGSIN,MECSINAFE,,,,,,,,,,,,,,,,,,,,,,,,MECSINAFE,,,,packman@singnet.com.sg,,,,,,,,,,,,,,,0,,,,,,,,,,,,,,,,,,,,,,,,,,,,,,
TIMWORSHZ,TIMECRTI WORLDWIDE LOGISTICS,Company,,CNSNZ,TIMWORSHZ,,,,,,,,,,,,,,,,,,,,,,,,TIMWORSHZ,,,,,,,,,,,,,,,,,,,0,,,,,,,,,,,,,,,,,,,,,,,,,,,,,,
RHELOGZRH,RHENUS LOGISTICS AG,Company,,CHZRH,RHELOGZRH,,,,,,,,,,,,,,,,,,,,,,,,RHELOGZRH,,,,,,,,,,,,,,,,,,,0,,,,,,,,,,,,,,,,,,,,,,,,,,,,,,
TRALOGBOG,TRANSMARES LOGISTICA S.A.S.,Company,,COBOG,TRALOGBOG,,,,,,,,,,,,,,,,,,,,,,,,TRALOGBOG,,,,,,,,,,,,,,,,,,,0,,,,,,,,,,,,,,,,,,,,,,,,,,,,,,
MSTRIDCDG,MST RIDE B.V.,Company,,FRCDG,MSTRIDCDG,,,,,,,,,,,,,,,,,,,,,,,,MSTRIDCDG,,,,,,,,,,,,,,,,,,,0,,,,,,,,,,,,,,,,,,,,,,,,,,,,,,
WOREXHAFE,"WORLD EXHIBIT SERVICES, SL.",Company,,ESBCN,WOREXHAFE,,,,,,,,,,,,,,,,,,,,,www.weservices.es,,,WOREXHAFE,,,+34633200253,spuchol@weservices.es,,,,,,,,,,,,,,,0,,,,,,,,,,,,,,,,,,,,,,,,,,,,,,
NOALOGTYO,NOATUM LOGISTICS JAPAN LIMITED,Company,,JPTYO,NOALOGTYO,,,,,,,,,,,,,,,,,,,,,,,,NOALOGTYO,,,,,,,,,,,,,,,,,,,0,,,,,,,,,,,,,,,,,,,,,,,,,,,,,,
YONNBGAFE,YONGKANG HOMELY IMPORT AND EXPORT COMPANY LTD,Company,,CNNBG,YONNBGAFE,,,,,,,,,,,,,,,,,,,,,www.homely-doors.com,,,YONNBGAFE,,,,fay@homely-cn.com,,,,,,,,,,,,,,,0,,,,,,,,,,,,,,,,,,,,,,,,,,,,,,
LOGPLUGGE,LOGISTICS PLUS INC,Company,,USGGE,LOGPLUGGE,,,,,,,,,,,,,,,,,,,,,,,,LOGPLUGGE,,,+18034489284,whitney.moore@logisticsplus.com,,,,,,,,,,,,,,,0,,,,,,,,,,,,,,,,,,,,,,,,,,,,,,
BOLCOFWLG,BOLERO COFFEE LIMITED,Company,,NZWLG,BOLCOFWLG,,,,,,,,,,,,,,,,,,,,,,,,BOLCOFWLG,,,+642102705837,,,,,,,,,,,,,,,,0,,,,,,,,,,,,,,,,,,,,,,,,,,,,,,
DCONTEAFE,D CONTEMPORARY,Company,,GBLON,DCONTEAFE,,,,,,,,,,,,,,,,,,,,,,,,DCONTEAFE,,,,,,,,,,,,,,,,,,,0,,,,,,,,,,,,,,,,,,,,,,,,,,,,,,
WANJIAAFE,WANG JIAMING,Company,,CNBJS,WANJIAAFE,,,,,,,,,,,,,,,,,,,,,,,,WANJIAAFE,,,,,,,,,,,,,,,,,,,0,,,,,,,,,,,,,,,,,,,,,,,,,,,,,,
OPPMANHKG,OPPORTUNITY MANAGEMENT GROUP LTD,Company,,HKHKG,OPPMANHKG,,,,,,,,,,,,,,,,,,,,,,,,OPPMANHKG,,,,,,,,,,,,,,,,,,,0,,,,,,,,,,,,,,,,,,,,,,,,,,,,,,
GENNOLMOD6,GENERAL NOLI SPEDIZIONI INTERNAZIONALI S.P.A. FOR A/F : GRANITIFIANDRE(IRIS)+SERENISIMA+TERRATINTA,Company,,ITMOD,GENNOLMOD6,,,,,,,,,,,,,,,,,,,,,,,,GENNOLMOD6,,,,,,,,,,,,,,,,,,,0,,,,,,,,,,,,,,,,,,,,,,,,,,,,,,
DOLINTAFE,DOLPHIN INTERNATIONAL EXHIBITION LOGISTICS CO LTD,Company,,TWTPE,DOLINTAFE,,,,,,,,,,,,,,,,,,,,,,,,DOLINTAFE,,,,,,,,,,,,,,,,,,,0,,,,,,,,,,,,,,,,,,,,,,,,,,,,,,
ACEMARJHB,ACE MARINE SHIPPING SDN BHD,Company,,MYJHB,ACEMARJHB,,,,,,,,,,,,,,,,,,,,,,,,ACEMARJHB,,,,,,,,,,,,,,,,,,,0,,,,,,,,,,,,,,,,,,,,,,,,,,,,,,
CARMVPPRG,CARGO MVP S.R.O.,Company,,CZPRG,CARMVPPRG,,,,,,,,,,,,,,,,,,,,,,,,CARMVPPRG,,,,,,,,,,,,,,,,,,,0,,,,,,,,,,,,,,,,,,,,,,,,,,,,,,
LEGDYNAFE,LEGEND DYNAMIC SDN BHD,Company,,MYKUL,LEGDYNAFE,,,,,,,,,,,,,,,,,,,,,www.kitchenz.com.my,,,LEGDYNAFE,,,,hanlong88@gmail.com,,,,,,,,,,,,,,,0,,,,,,,,,,,,,,,,,,,,,,,,,,,,,,
XIAHEHAFE,"XIAMEN HEHONG INTERNATIONAL FREIGHT FORWARDING CO., LTD",Company,,CNXAM,XIAHEHAFE,,,,,,,,,,,,,,,,,,,,,www.xmhehong.com,,,XIAHEHAFE,,,+8613459013751,luguoyuan-1226@163.COM,,,,,,,,,,,,,,,0,,,,,,,,,,,,,,,,,,,,,,,,,,,,,,
SHACHNSHA,"SHANGHAI CHN-CTD LOGISTICS CO.,LTD.",Company,,CNSHA,SHACHNSHA,,,,,,,,,,,,,,,,,,,,,,,,SHACHNSHA,,,,wy.jiang@ctdlogistics-chn.com,,,,,,,,,,,,,,,0,,,,,,,,,,,,,,,,,,,,,,,,,,,,,,
HANLOGPRG,HANSEATIC LOGISTICS S.R.O.,Company,,CZPRG,HANLOGPRG,,,,,,,,,,,,,,,,,,,,,,,,HANLOGPRG,,,,,,,,,,,,,,,,,,,0,,,,,,,,,,,,,,,,,,,,,,,,,,,,,,
KHTRADMNL,KH TRADE CENTER INC.,Company,,PHMNL,KHTRADMNL,,,,,,,,,,,,,,,,,,,,,,,,KHTRADMNL,,,,,,,,,,,,,,,,,,,0,,,,,,,,,,,,,,,,,,,,,,,,,,,,,,
SPEZTWAFE,SPEEDWAY SERVICES (HK) CO LTD.,Company,,HKZTW,SPEZTWAFE,,,,,,,,,,,,,,,,,,,,,,,,SPEZTWAFE,,,+85290211323,phoebe@speedwayservices.com.hk,,,,,,,,,,,,,,,0,,,,,,,,,,,,,,,,,,,,,,,,,,,,,,
PROLOGAFE,PROSPECT LOGISTICS PTE LTD,Company,,SGSIN,PROLOGAFE,,,,,,,,,,,,,,,,,,,,,,,,PROLOGAFE,,,,michael@prospect.sg,,,,,,,,,,,,,,,0,,,,,,,,,,,,,,,,,,,,,,,,,,,,,,
ACPGAMTPE,ACP GAMING LIMITED,Company,,TWTPE,ACPGAMTPE,,,,,,,,,,,,,,,,,,,,,,,,ACPGAMTPE,,,,,,,,,,,,,,,,,,,0,,,,,,,,,,,,,,,,,,,,,,,,,,,,,,
GLOLONAFE,GLOBAL MERCHANDISING SERVICES LIMITED,Company,,GBLON,GLOLONAFE,,,,,,,,,,,,,,,,,,,,,,,,GLOLONAFE,,,,,,,,,,,,,,,,,,,0,,,,,,,,,,,,,,,,,,,,,,,,,,,,,,
FLUENEMEL,FLUENCE ENERGY PTY LTD,Company,,AUMEL,FLUENEMEL,,,,,,,,,,,,,,,,,,,,,,,,FLUENEMEL,,,,,,,,,,,,,,,,,,,0,,,,,,,,,,,,,,,,,,,,,,,,,,,,,,
GUCKORSEL,GUCHANG KOREA CO. LTD.,Company,,KRSEL,GUCKORSEL,,,,,,,,,,,,,,,,,,,,,,,,GUCKORSEL,,,,,,,,,,,,,,,,,,,0,,,,,,,,,,,,,,,,,,,,,,,,,,,,,,
MONKLAAFE,MONTFORT WERBUNG GMBH,Company,,ATKLA,MONKLAAFE,,,,,,,,,,,,,,,,,,,,,,,,MONKLAAFE,,,,,,,,,,,,,,,,,,,0,,,,,,,,,,,,,,,,,,,,,,,,,,,,,,
INTWORQCY,INTRAL WORLDWIDE LLC,Company,,USQCY,INTWORQCY,,,,,,,,,,,,,,,,,,,,,,,,INTWORQCY,,,,sbarney@intral.com,,,,,,,,,,,,,,,0,,,,,,,,,,,,,,,,,,,,,,,,,,,,,,
JERLOGQDG,JERRY LOGISTICS,Company,,CNQDG,JERLOGQDG,,,,,,,,,,,,,,,,,,,,,,,,JERLOGQDG,,,,,,,,,,,,,,,,,,,0,,,,,,,,,,,,,,,,,,,,,,,,,,,,,,
KLGEURRTM1,KLG EUROPE BV,Company,,NLRTM,KLGEURRTM1,,,,,,,,,,,,,,,,,,,,,,,,KLGEURRTM1,,,,,,,,,,,,,,,,,,,0,,,,,,,,,,,,,,,,,,,,,,,,,,,,,,
AERAFRKIS,AERO AFRICA MASHARIKI CARGO SOLUTIONS LTD,Company,,KEKIS,AERAFRKIS,,,,,,,,,,,,,,,,,,,,,,,,AERAFRKIS,,,,,,,,,,,,,,,,,,,0,,,,,,,,,,,,,,,,,,,,,,,,,,,,,,
EMMLUXAFE,EMMA RUTH YULO-KITIYAKAR,Company,,USLAX,EMMLUXAFE,,,,,,,,,,,,,,,,,,,,,,,,EMMLUXAFE,,,,emmaruthyulo@aol.com,,,,,,,,,,,,,,,0,,,,,,,,,,,,,,,,,,,,,,,,,,,,,,
HERLOGAFE,HERBST LOGISTICS GMBH,Company,,DEAWD,HERLOGAFE,,,,,,,,,,,,,,,,,,,,,http://www.herbst-logistics.com,,,HERLOGAFE,,,,e.geiger@herbst-logistics.com,,,,,,,,,,,,,,,0,,,,,,,,,,,,,,,,,,,,,,,,,,,,,,
EMBFRENRT,"EMBASSY FREIGHT SERVICES CO., LTD.",Company,,JPTYO,EMBFRENRT,,,,,,,,,,,,,,,,,,,,,,,,EMBFRENRT,,,,,,,,,,,,,,,,,,,0,,,,,,,,,,,,,,,,,,,,,,,,,,,,,,
DECOEXBCN,DECOEXSA BARCELONA,Company,,ESBCN,DECOEXBCN,,,,,,,,,,,,,,,,,,,,,,,,DECOEXBCN,,,,aereo@decoexsa.com,,,,,,,,,,,,,,,0,,,,,,,,,,,,,,,,,,,,,,,,,,,,,,
TRAOCEDXB,TRANS OCEAN HEAVY EQUIPMENT FZCO,Company,,AEDXB,TRAOCEDXB,,,,,,,,,,,,,,,,,,,,,,,,TRAOCEDXB,,,+971551116600,,,,,,,,,,,,,,,,0,,,,,,,,,,,,,,,,,,,,,,,,,,,,,,
DIEINTAFE,DIETL INTERNATIONAL SERVICES,Company,,USNYC,DIEINTAFE,,,,,,,,,,,,,,,,,,,,,,,,DIEINTAFE,,,,Geoffrey.Dare@dietl.com,,,,,,,,,,,,,,,0,,,,,,,,,,,,,,,,,,,,,,,,,,,,,,
TRILOGBLR,TRIPATH LOGISTICS PVT LTD,Company,,INBLR,TRILOGBLR,,,,,,,,,,,,,,,,,,,,,,,,TRILOGBLR,,,,hemanth@blr.tripathlogistics.com,,,,,,,,,,,,,,,0,,,,,,,,,,,,,,,,,,,,,,,,,,,,,,
EXITRANPE,EXIM TRADING PTY LTD,Company,,NZNPE,EXITRANPE,,,,,,,,,,,,,,,,,,,,,,,,EXITRANPE,,,,,,,,,,,,,,,,,,,0,,,,,,,,,,,,,,,,,,,,,,,,,,,,,,
PLUCARSCL,PLUS CARGO CHILE LTDA,Company,,CLSCL,PLUCARSCL,,,,,,,,,,,,,,,,,,,,,,,,PLUCARSCL,,,,,,,,,,,,,,,,,,,0,,,,,,,,,,,,,,,,,,,,,,,,,,,,,,
FOSSRLMIL,FOSCARINI SRL,Company,,ITMIL,FOSSRLMIL,,,,,,,,,,,,,,,,,,,,,,,,FOSSRLMIL,,,,,,,,,,,,,,,,,,,0,,,,,,,,,,,,,,,,,,,,,,,,,,,,,,
BDGINTILP,"BDG INTERNATIONAL, INC.",Company,,USILP,BDGINTILP,,,,,,,,,,,,,,,,,,,,,www.bdginternational.com,,,BDGINTILP,,,,,,,,,,,,,,,,,,,0,,,,,,,,,,,,,,,,,,,,,,,,,,,,,,
PRIAIRCAR,PRIME AIR CORP (USA),Company,,PRCAR,PRIAIRCAR,,,,,,,,,,,,,,,,,,,,,,,,PRIAIRCAR,,,,,,,,,,,,,,,,,,,0,,,,,,,,,,,,,,,,,,,,,,,,,,,,,,
FESSERGRU,FESHI SERVICOS ADUANEIROS E TRANSPORTES LTDA,Company,,BRGRU,FESSERGRU,,,,,,,,,,,,,,,,,,,,,,,,FESSERGRU,,,,,,,,,,,,,,,,,,,0,,,,,,,,,,,,,,,,,,,,,,,,,,,,,,
PWSKEWAFE,PW SKEWES & CO,Company,,AUQLD,PWSKEWAFE,,,,,,,,,,,,,,,,,,,,,,,,PWSKEWAFE,,,,office@pwskewes.com.au,,,,,,,,,,,,,,,0,,,,,,,,,,,,,,,,,,,,,,,,,,,,,,
KAGLOGSEK,KAGAYAKU LOGISTICS (M) SDN.BHD,Company,,MYSEK,KAGLOGSEK,,,,,,,,,,,,,,,,,,,,,,,,KAGLOGSEK,,,,,,,,,,,,,,,,,,,0,,,,,,,,,,,,,,,,,,,,,,,,,,,,,,
HASMIDAFE,HASENKAMP MIDDLE EAST LLC.,Company,,AEDXB,HASMIDAFE,,,,,,,,,,,,,,,,,,,,,,,,HASMIDAFE,,,,w.tomelden@hasenkamp.com,,,,,,,,,,,,,,,0,,,,,,,,,,,,,,,,,,,,,,,,,,,,,,
BLAARTAFE,BLAFFER ART MUSEUM,Company,,USHOU,BLAARTAFE,,,,,,,,,,,,,,,,,,,,,,,,BLAARTAFE,,,,,,,,,,,,,,,,,,,0,,,,,,,,,,,,,,,,,,,,,,,,,,,,,,
PLUBRASSZ,PLUSCARGO BRASIL,Company,,BRSSZ,PLUBRASSZ,,,,,,,,,,,,,,,,,,,,,,,,PLUBRASSZ,,,,,,,,,,,,,,,,,,,0,,,,,,,,,,,,,,,,,,,,,,,,,,,,,,
COUBASKNZ,"COUNTRY BASE CO., LTD.",Company,,JPKNZ,COUBASKNZ,,,,,,,,,,,,,,,,,,,,,,,,COUBASKNZ,,,,,,,,,,,,,,,,,,,0,,,,,,,,,,,,,,,,,,,,,,,,,,,,,,
CULOGIBKK,"CU LOGISTICS CO.,LTD 410/87-88 SOI TRATCH",Company,,THBKK,CULOGIBKK,,,,,,,,,,,,,,,,,,,,,,,,CULOGIBKK,,,,,,,,,,,,,,,,,,,0,,,,,,,,,,,,,,,,,,,,,,,,,,,,,,
SHIIMPJJI,"SHIDING IMPORT & EXPORT CO., LTD.",Company,,CNJJI,SHIIMPJJI,,,,,,,,,,,,,,,,,,,,,,,,SHIIMPJJI,,,,yinyin_guo@yahoo.com,,,,,,,,,,,,,,,0,,,,,,,,,,,,,,,,,,,,,,,,,,,,,,
MARTYOAFE,MARPOSS KABUSHIKI KAISHA,Company,,JPTYO,MARTYOAFE,,,,,,,,,,,,,,,,,,,,,,,,MARTYOAFE,,,,kaoru.naito@jp.marposs.com,,,,,,,,,,,,,,,0,,,,,,,,,,,,,,,,,,,,,,,,,,,,,,
INTSPERTM,INTERFRACHT SPEDITIONS AG,Company,,NLRTM,INTSPERTM,,,,,,,,,,,,,,,,,,,,,,,,INTSPERTM,,,,,,,,,,,,,,,,,,,0,,,,,,,,,,,,,,,,,,,,,,,,,,,,,,
ZINOQUHKG,ZINOR QU LIMITED,Company,,HKHKG,ZINOQUHKG,,,,,,,,,,,,,,,,,,,,,,,,ZINOQUHKG,,,,,,,,,,,,,,,,,,,0,,,,,,,,,,,,,,,,,,,,,,,,,,,,,,
APTRADMIA,A&P TRADING CORP.,Company,,USMIA,APTRADMIA,,,,,,,,,,,,,,,,,,,,,,,,APTRADMIA,,,,,,,,,,,,,,,,,,,0,,,,,,,,,,,,,,,,,,,,,,,,,,,,,,
LAGLOGSZG,LAGERMAX LOGISTIC AUSTRIA GMBH,Company,,ATSZG,LAGLOGSZG,,,,,,,,,,,,,,,,,,,,,,,,LAGLOGSZG,,,,,,,,,,,,,,,,,,,0,,,,,,,,,,,,,,,,,,,,,,,,,,,,,,
XRUSTSYD,X-RUST,Company,,AUSYD,XRUSTSYD,,,,,,,,,,,,,,,,,,,,,,,,XRUSTSYD,,,,,,,,,,,,,,,,,,,0,,,,,,,,,,,,,,,,,,,,,,,,,,,,,,
TDSSEAAFE,TDS SEAEVER EXHIBITION SERVICE CO LTD,Company,,CNSZX,TDSSEAAFE,,,,,,,,,,,,,,,,,,,,,,,,TDSSEAAFE,,,,,,,,,,,,,,,,,,,0,,,,,,,,,,,,,,,,,,,,,,,,,,,,,,
AEXLOGAFE,AEXHIBIZ LOGISTIC LLP,Company,,INDEL,AEXLOGAFE,,,,,,,,,,,,,,,,,,,,,,,,AEXLOGAFE,,,+919178425900,Ajay.pathak@aexhibizlogistics.com,,,,,,,,,,,,,,,0,,,,,,,,,,,,,,,,,,,,,,,,,,,,,,
UNIINTBKK,UNIVERSE INTER LOGISTICS CO LTD,Company,,THBKK,UNIINTBKK,,,,,,,,,,,,,,,,,,,,,,,,UNIINTBKK,,,,oversea@usllogistics.com,,,,,,,,,,,,,,,0,,,,,,,,,,,,,,,,,,,,,,,,,,,,,,
INDREFLAX,INDUSTRIAL REFRIGERATION PARTS,Company,,USLAX,INDREFLAX,,,,,,,,,,,,,,,,,,,,,,,,INDREFLAX,,,,,,,,,,,,,,,,,,,0,,,,,,,,,,,,,,,,,,,,,,,,,,,,,,
PEOOFLAFE,PEOPLE OF LOGISTICS,Company,,KRSEL,PEOOFLAFE,,,,,,,,,,,,,,,,,,,,,,,,PEOOFLAFE,,,,kay@polkorea.co.kr,,,,,,,,,,,,,,,0,,,,,,,,,,,,,,,,,,,,,,,,,,,,,,
FRIZUFFUL,FRIEDRICH ZUFALL GMBH & CO. KG.,Company,,DEFUL,FRIZUFFUL,,,,,,,,,,,,,,,,,,,,,,,,FRIZUFFUL,,,,,,,,,,,,,,,,,,,0,,,,,,,,,,,,,,,,,,,,,,,,,,,,,,
MONSLTAFE,MONINI SPA,Company,,ITSLT,MONSLTAFE,,,,,,,,,,,,,,,,,,,,,,,,MONSLTAFE,,,,,,,,,,,,,,,,,,,0,,,,,,,,,,,,,,,,,,,,,,,,,,,,,,
KORDEVBAS,KORDA DEVELOPMENTS LTD.,Company,,GBBAS,KORDEVBAS,,,,,,,,,,,,,,,,,,,,,,,,KORDEVBAS,,,,,,,,,,,,,,,,,,,0,,,,,,,,,,,,,,,,,,,,,,,,,,,,,,
TRALOGAFE,"TRADELINKS LOGISTICS & SERVICES CO., LTD.",Company,,VNSGN,TRALOGAFE,,,,,,,,,,,,,,,,,,,,,,,,TRALOGAFE,,,,,,,,,,,,,,,,,,,0,,,,,,,,,,,,,,,,,,,,,,,,,,,,,,
ISRLOGASH,ISRAELCARGO LOGISTICS (ICL) LTD,Company,,ILASH,ISRLOGASH,,,,,,,,,,,,,,,,,,,,,,,,ISRLOGASH,,,,,,,,,,,,,,,,,,,0,,,,,,,,,,,,,,,,,,,,,,,,,,,,,,
QUAINTORD,"QUALITEK INTERNATIONAL, INC.",Company,,USORD,QUAINTORD,,,,,,,,,,,,,,,,,,,,,,,,QUAINTORD,,,,,,,,,,,,,,,,,,,0,,,,,,,,,,,,,,,,,,,,,,,,,,,,,,
AIRSPEKWC,PT. AIR SPEED LOGISTICS,Company,,IDKWC,AIRSPEKWC,,,,,,,,,,,,,,,,,,,,,,,,AIRSPEKWC,,,,,,,,,,,,,,,,,,,0,,,,,,,,,,,,,,,,,,,,,,,,,,,,,,
GLOWIEAFE,GLOBAL MARKETING GROUP LTD.,Company,,GBWIE,GLOWIEAFE,,,,,,,,,,,,,,,,,,,,,,,,GLOWIEAFE,,,,,,,,,,,,,,,,,,,0,,,,,,,,,,,,,,,,,,,,,,,,,,,,,,
BATSHIGAY,BATI SHIPPING & TRADING S.A,Company,,TRGAY,BATSHIGAY,,,,,,,,,,,,,,,,,,,,,,,,BATSHIGAY,,,,sales2@batigroup.com.tr,,,,,,,,,,,,,,,0,,,,,,,,,,,,,,,,,,,,,,,,,,,,,,
PROHKGAFE,"PROACTIVE GLOBAL LOGISTICS CO.,  LTD",Company,,HKHKG,PROHKGAFE,,,,,,,,,,,,,,,,,,,,,,,,PROHKGAFE,,,+8618578496246,tim.ng@proactive-gl.com,,,,,,,,,,,,,,,0,,,,,,,,,,,,,,,,,,,,,,,,,,,,,,
MEREXPAFE,MERKUR EXPO LOGISTICS GMBH,Company,,DEHCS,MEREXPAFE,,,,,,,,,,,,,,,,,,,,,,,,MEREXPAFE,,,,akerman@merkur-expo.com,,,,,,,,,,,,,,,0,,,,,,,,,,,,,,,,,,,,,,,,,,,,,,
QUALOGSSA,QUANTUM LOGÍSTICA LTDA,Company,,BRSSA,QUALOGSSA,,,,,,,,,,,,,,,,,,,,,,,,QUALOGSSA,,,,,,,,,,,,,,,,,,,0,,,,,,,,,,,,,,,,,,,,,,,,,,,,,,
GUAFORCAN,GUANGDONG FOREIGN TRADE IMP & EXP CORP,Company,,CNGGZ,GUAFORCAN,,,,,,,,,,,,,,,,,,,,,,,,GUAFORCAN,,,,,,,,,,,,,,,,,,,0,,,,,,,,,,,,,,,,,,,,,,,,,,,,,,
CONALLQLD,CONSOL ALLIANCE BRISBANE,Company,,AUQLD,CONALLQLD,,,,,,,,,,,,,,,,,,,,,,,,CONALLQLD,,,,,,,,,,,,,,,,,,,0,,,,,,,,,,,,,,,,,,,,,,,,,,,,,,
MARENGCAI,MARINE AND ENGINEERING SERVICES CO. (MESCO),Company,,EGCAI,MARENGCAI,,,,,,,,,,,,,,,,,,,,,,,,MARENGCAI,,,,,,,,,,,,,,,,,,,0,,,,,,,,,,,,,,,,,,,,,,,,,,,,,,
FRIAIRHFA1,FRIDENSON AIR & OCEAN LTD.,Company,,ILHFA,FRIAIRHFA1,,,,,,,,,,,,,,,,,,,,,,,,FRIAIRHFA1,,,,,,,,,,,,,,,,,,,0,,,,,,,,,,,,,,,,,,,,,,,,,,,,,,
TSCLOGAAR,TSCHUDI LOGISTICS A.S.,Company,,DKAAR,TSCLOGAAR,,,,,,,,,,,,,,,,,,,,,,,,TSCLOGAAR,,,,chartering@tschudilogistics.com,,,,,,,,,,,,,,,0,,,,,,,,,,,,,,,,,,,,,,,,,,,,,,
ASEANKAFE,ASELSAN ELEKTRONIK SAN TIC A.S.,Company,,TRANK,ASEANKAFE,,,,,,,,,,,,,,,,,,,,,,,,ASEANKAFE,,,,,,,,,,,,,,,,,,,0,,,,,,,,,,,,,,,,,,,,,,,,,,,,,,
EGECDGIAFE,EGETRA ROISSY,Company,,FRCDG,EGECDGIAFE,,,,,,,,,,,,,,,,,,,,,,,,EGECDGIAFE,,,,,,,,,,,,,,,,,,,0,,,,,,,,,,,,,,,,,,,,,,,,,,,,,,
KODSOLDEL,KODAN SOLUTIONS PRIVATE LIMITED,Company,,INDEL,KODSOLDEL,,,,,,,,,,,,,,,,,,,,,,,,KODSOLDEL,,,,,,,,,,,,,,,,,,,0,,,,,,,,,,,,,,,,,,,,,,,,,,,,,,
JOHMATMMX,JOHAN MATSANDERS,Company,,SEMMX,JOHMATMMX,,,,,,,,,,,,,,,,,,,,,,,,JOHMATMMX,,,,,,,,,,,,,,,,,,,0,,,,,,,,,,,,,,,,,,,,,,,,,,,,,,
CTOGLOVCE,CTO GLOBAL LOGISTICS ITALIA SRL,Company,,ITVCE,CTOGLOVCE,,,,,,,,,,,,,,,,,,,,,,,,CTOGLOVCE,,,,,,,,,,,,,,,,,,,0,,,,,,,,,,,,,,,,,,,,,,,,,,,,,,
GREEXPTPE,GREEN EXPERTS CORP.,Company,,TWTPE,GREEXPTPE,,,,,,,,,,,,,,,,,,,,,www.greenexperts.com.tw,,,GREEXPTPE,,,,ge@greenexperts.com.tw,,,,,,,,,,,,,,,0,,,,,,,,,,,,,,,,,,,,,,,,,,,,,,
DSVTLVAFE,DSV AIR / SEA LTD.,Company,,ILTLV,DSVTLVAFE,,,,,,,,,,,,,,,,,,,,,,,,DSVTLVAFE,,,,hagit.tombak@il.dsv.com,,,,,,,,,,,,,,,0,,,,,,,,,,,,,,,,,,,,,,,,,,,,,,
SHASHIDXB,SHARAF SHIPPING AGENCY LLC,Company,,AEDXB,SHASHIDXB,,,,,,,,,,,,,,,,,,,,,,,,SHASHIDXB,,,+97143130311,,,,,,,,,,,,,,,,0,,,,,,,,,,,,,,,,,,,,,,,,,,,,,,
COLGALAFE,COLUMNS GALLERY,Company,,KRICN,COLGALAFE,,,,,,,,,,,,,,,,,,,,,,,,COLGALAFE,,,,columns@columns.co.kr,,,,,,,,,,,,,,,0,,,,,,,,,,,,,,,,,,,,,,,,,,,,,,
KUEVIEAFE,KUEHNE + NAGEL GES.M.B.H,Company,,ATVIE,KUEVIEAFE,,,,,,,,,,,,,,,,,,,,,www.kuehne-nagel.at,,,KUEVIEAFE,,,+4367682294076,natalie.gartler@kuehne-nagel.com,,,,,,,,,,,,,,,0,,,,,,,,,,,,,,,,,,,,,,,,,,,,,,
PTASPEJKT,PT.AIR SPEED LOGISTICS,Company,,IDJKT,PTASPEJKT,,,,,,,,,,,,,,,,,,,,,,,,PTASPEJKT,,,,Chandra@airspeed.co.id,,,,,,,,,,,,,,,0,,,,,,,,,,,,,,,,,,,,,,,,,,,,,,
ASECARMEL,ASEAN CARGO PTY LIMITED,Company,,AUMEL,ASECARMEL,,,,,,,,,,,,,,,,,,,,,,,,ASECARMEL,,,,,,,,,,,,,,,,,,,0,,,,,,,,,,,,,,,,,,,,,,,,,,,,,,
GLOWESDXB,GLOBELINK WEST STAR SHIPPING LLC,Company,,AEDXB,GLOWESDXB,,,,,,,,,,,,,,,,,,,,,www.glweststardubai.com,,,GLOWESDXB,,,+971564094154,wilbert@glweststardubai.com,,,,,,,,,,,,,,,0,,,,,,,,,,,,,,,,,,,,,,,,,,,,,,
SUPCARHPH,"SUPER CARGO SERVICE CO., LTD.",Company,,VNHPH,SUPCARHPH,,,,,,,,,,,,,,,,,,,,,,,,SUPCARHPH,,,,info-hph@supercargoservice.com,,,,,,,,,,,,,,,0,,,,,,,,,,,,,,,,,,,,,,,,,,,,,,
ODPZTRAFE,ODP GROUP LLC (TEXHA GLOBAL),Company,,UAZTR,ODPZTRAFE,,,,,,,,,,,,,,,,,,,,,,,,ODPZTRAFE,,,,i.yaroshchuk@texha.com,,,,,,,,,,,,,,,0,,,,,,,,,,,,,,,,,,,,,,,,,,,,,,
HAMHELKUA,HAMMOCK HELICOPTER,Company,,MYKUA,HAMHELKUA,,,,,,,,,,,,,,,,,,,,,,,,HAMHELKUA,,,,berenice@hammockheli.com,,,,,,,,,,,,,,,0,,,,,,,,,,,,,,,,,,,,,,,,,,,,,,
ECBOG,EC GROUP S.A.S.,Company,,COBOG,ECBOG,,,,,,,,,,,,,,,,,,,,,,,,ECBOG,,,,,,,,,,,,,,,,,,,0,,,,,,,,,,,,,,,,,,,,,,,,,,,,,,
CORCHIHKG,CORNING (CHINA) LIMITED,Company,,HKHKG,CORCHIHKG,,,,,,,,,,,,,,,,,,,,,,,,CORCHIHKG,,,,,,,,,,,,,,,,,,,0,,,,,,,,,,,,,,,,,,,,,,,,,,,,,,
ATLCORJAX,"ATLANTIC CORAL ENTERPRISES, INC.",Company,,USJAX,ATLCORJAX,,,,,,,,,,,,,,,,,,,,,,,,ATLCORJAX,,,,atlanticcoralmanager@yahoo.com,,,,,,,,,,,,,,,0,,,,,,,,,,,,,,,,,,,,,,,,,,,,,,
NOALOGJKT,PT. NOATUM LOGISTICS INDONESIA,Company,,IDJKT,NOALOGJKT,,,,,,,,,,,,,,,,,,,,,,,,NOALOGJKT,,,,,,,,,,,,,,,,,,,0,,,,,,,,,,,,,,,,,,,,,,,,,,,,,,
ZHAZJGAFE,"ZHANGJIAGANG EXCEEDER MACHINERY CO., LTD.",Company,,CNZJG,ZHAZJGAFE,,,,,,,,,,,,,,,,,,,,,,,,ZHAZJGAFE,,,,,,,,,,,,,,,,,,,0,,,,,,,,,,,,,,,,,,,,,,,,,,,,,,
FRELOGZRH,FREIGHT-LOGISTIC AG,Company,,CHZRH,FRELOGZRH,,,,,,,,,,,,,,,,,,,,,,,,FRELOGZRH,,,,,,,,,,,,,,,,,,,0,,,,,,,,,,,,,,,,,,,,,,,,,,,,,,
SIEMALJHB,SIEGWERK MALAYSIA SDN BHD,Company,,MYJHB,SIEMALJHB,,,,,,,,,,,,,,,,,,,,,,,,SIEMALJHB,,,,,,,,,,,,,,,,,,,0,,,,,,,,,,,,,,,,,,,,,,,,,,,,,,
RECAUSBNE,RECYCLERS AUSTRALIA PTY LTD.,Company,,AUBNE,RECAUSBNE,,,,,,,,,,,,,,,,,,,,,,,,RECAUSBNE,,,,,,,,,,,,,,,,,,,0,,,,,,,,,,,,,,,,,,,,,,,,,,,,,,
H3TECGHXB,H3 TECHNOLOGY GMBH,Company,,USHXB,H3TECGHXB,,,,,,,,,,,,,,,,,,,,,,,,H3TECGHXB,,,,,,,,,,,,,,,,,,,0,,,,,,,,,,,,,,,,,,,,,,,,,,,,,,
LDTRANAFE,"LD TRANSPORT & LOGISTICS SOLUTIONS, SL",Company,,ESMAD,LDTRANAFE,,,,,,,,,,,,,,,,,,,,,,,,LDTRANAFE,,,,comercial@ldtransport.es,,,,,,,,,,,,,,,0,,,,,,,,,,,,,,,,,,,,,,,,,,,,,,
SUNSTADAC,SUN STAR CARGO SYSTEMS  LIMITED,Company,,BDDAC,SUNSTADAC,,,,,,,,,,,,,,,,,,,,,,,,SUNSTADAC,,,,seuli@sunstar-cargo.com,,,,,,,,,,,,,,,0,,,,,,,,,,,,,,,,,,,,,,,,,,,,,,
LUCELEAFE,LUCY ELECTRIC (THAILAND) LTD. (BRANCH: 00001),Company,,THBKK,LUCELEAFE,,,,,,,,,,,,,,,,,,,,,,,,LUCELEAFE,,,+66618196606,,,,,,,,,,,,,,,,0,,,,,,,,,,,,,,,,,,,,,,,,,,,,,,
GUASTACAN,GUANGDONG STATIONERY & SPORTING GOODS,Company,,CNGGZ,GUASTACAN,,,,,,,,,,,,,,,,,,,,,,,,GUASTACAN,,,,,,,,,,,,,,,,,,,0,,,,,,,,,,,,,,,,,,,,,,,,,,,,,,
AQUAIRBAH,AQUA AIR LOGISTICS,Company,,BHBAH,AQUAIRBAH,,,,,,,,,,,,,,,,,,,,,,,,AQUAIRBAH,,,,sales1.bhn@aquaairlogistics.me,,,,,,,,,,,,,,,0,,,,,,,,,,,,,,,,,,,,,,,,,,,,,,
KDFUGN,KDF CO. LTD.,Company,,KRUGN,KDFUGN,,,,,,,,,,,,,,,,,,,,,,,,KDFUGN,,,,,,,,,,,,,,,,,,,0,,,,,,,,,,,,,,,,,,,,,,,,,,,,,,
WORFRETUN,WORLD FREIGHT SERVICES TUNISIA,Company,,TNTUN,WORFRETUN,,,,,,,,,,,,,,,,,,,,,,,,WORFRETUN,,,,,,,,,,,,,,,,,,,0,,,,,,,,,,,,,,,,,,,,,,,,,,,,,,
AGILOGMEM,AGILITY LOGISTICS CORP.,Company,,USMEM,AGILOGMEM,,,,,,,,,,,,,,,,,,,,,,,,AGILOGMEM,,,,,,,,,,,,,,,,,,,0,,,,,,,,,,,,,,,,,,,,,,,,,,,,,,
PATNSWAFE,PATHFINDER BOOKS,Company,,AUNSW,PATNSWAFE,,,,,,,,,,,,,,,,,,,,,,,,PATNSWAFE,,,,pathfinderbooks@optusnet.com.au,,,,,,,,,,,,,,,0,,,,,,,,,,,,,,,,,,,,,,,,,,,,,,
INTCARBNE,INTERPORT CARGO SERVICES PTY LTD,Company,,AUBNE,INTCARBNE,,,,,,,,,,,,,,,,,,,,,,,,INTCARBNE,,,,,,,,,,,,,,,,,,,0,,,,,,,,,,,,,,,,,,,,,,,,,,,,,,
GLOCOMHWD,GLOBAL COMMODITIES CORP.,Company,,USHWD,GLOCOMHWD,,,,,,,,,,,,,,,,,,,,,,,,GLOCOMHWD,,,,,,,,,,,,,,,,,,,0,,,,,,,,,,,,,,,,,,,,,,,,,,,,,,
DHLCGNAFE,DHL TRADE FAIRS & EVENTS GMBH,Company,,DECGN,DHLCGNAFE,,,,,,,,,,,,,,,,,,,,,,,,DHLCGNAFE,,,,niclas.kotula@dhl.com,,,,,,,,,,,,,,,0,,,,,,,,,,,,,,,,,,,,,,,,,,,,,,
SHEHONSZXAFE,"SHENZHEN HONGQDA LOGSITICS CO.,LTD",Company,,CNSNZ,SHEHONSZXAFE,,,,,,,,,,,,,,,,,,,,,,,,SHEHONSZXAFE,,,,op_hqd@126.com,,,,,,,,,,,,,,,0,,,,,,,,,,,,,,,,,,,,,,,,,,,,,,
TTCPUSAFE,"TTC CO., LTD.",Company,,KRPUS,TTCPUSAFE,,,,,,,,,,,,,,,,,,,,,,,,TTCPUSAFE,,,,ttc@thinkthinkcar.com,,,,,,,,,,,,,,,0,,,,,,,,,,,,,,,,,,,,,,,,,,,,,,
BINPHUSGN,"BINH PHU INTERNATIONAL TRADING INVESTMENT CO., LTD.",Company,,VNSGN,BINPHUSGN,,,,,,,,,,,,,,,,,,,,,,,,BINPHUSGN,,,,customerservices@bipshipping.vn,,,,,,,,,,,,,,,0,,,,,,,,,,,,,,,,,,,,,,,,,,,,,,
SHIASISIN,SHIMADZU (ASIA PACIFIC) PTE LTD.,Company,,SGSIN,SHIASISIN,,,,,,,,,,,,,,,,,,,,,,,,SHIASISIN,,,,,,,,,,,,,,,,,,,0,,,,,,,,,,,,,,,,,,,,,,,,,,,,,,
LYNLOGSEA,LYNDEN LOGISTICS,Company,,USSEA,LYNLOGSEA,,,,,,,,,,,,,,,,,,,,,,,,LYNLOGSEA,,,,,,,,,,,,,,,,,,,0,,,,,,,,,,,,,,,,,,,,,,,,,,,,,,
HEREXHAFE,HERMES EXHIBITIONS & PROJECTS LTD.,Company,,ILLOD,HEREXHAFE,,,,,,,,,,,,,,,,,,,,,www.hermes-exhibitions.com,,,HEREXHAFE,,,+972528890130,hagit.tombak@hermes-exhibitions.com,,,,,,,,,,,,,,,0,,,,,,,,,,,,,,,,,,,,,,,,,,,,,,
DMEUSAAFE,DME EXPO LOGISTICS,Company,,USNVD,DMEUSAAFE,,,,,,,,,,,,,,,,,,,,,,,,DMEUSAAFE,,,,,,,,,,,,,,,,,,,0,,,,,,,,,,,,,,,,,,,,,,,,,,,,,,
FRESYSCOK,FREIGHT SYSTEM ( INDIA ) PVT. LTD,Company,,INCOK,FRESYSCOK,,,,,,,,,,,,,,,,,,,,,,,,FRESYSCOK,,,+919895034179,AIR.INCOK@FREIGHTSYSTEMS.COM,,,,,,,,,,,,,,,0,,,,,,,,,,,,,,,,,,,,,,,,,,,,,,
SHEHUASSZX,"SHENZHEN HUAGUANSHUN IMPORT AND EXPORT LIMITED CO., LTD",Company,,CNSZX,SHEHUASSZX,,,,,,,,,,,,,,,,,,,,,,,,SHEHUASSZX,,,,,,,,,,,,,,,,,,,0,,,,,,,,,,,,,,,,,,,,,,,,,,,,,,
JIADTWNJI,"JIANGSU DTW INTERNATIONAL TRANSPORTATION CO.,LTD",Company,,CNNJI,JIADTWNJI,,,,,,,,,,,,,,,,,,,,,,,,JIADTWNJI,,,,,,,,,,,,,,,,,,,0,,,,,,,,,,,,,,,,,,,,,,,,,,,,,,
JSINTEICN,JS INTERNATIONAL KOREA,Company,,KRICN,JSINTEICN,,,,,,,,,,,,,,,,,,,,,,,,JSINTEICN,,,,,,,,,,,,,,,,,,,0,,,,,,,,,,,,,,,,,,,,,,,,,,,,,,
NSJGINAFE,"NSJ CO., LTD.",Company,,KRGIN,NSJGINAFE,,,,,,,,,,,,,,,,,,,,,,,,NSJGINAFE,,,,John Mok <trademok@gmail.com>,,,,,,,,,,,,,,,0,,,,,,,,,,,,,,,,,,,,,,,,,,,,,,
NORAGEOSL,NORAGENT AS,Company,,NOOSL,NORAGEOSL,,,,,,,,,,,,,,,,,,,,,,,,NORAGEOSL,,,,,,,,,,,,,,,,,,,0,,,,,,,,,,,,,,,,,,,,,,,,,,,,,,
UABEURVNO,UAB “EUROLOGUS”,Company,,LTVNO,UABEURVNO,,,,,,,,,,,,,,,,,,,,,,,,UABEURVNO,,,,,,,,,,,,,,,,,,,0,,,,,,,,,,,,,,,,,,,,,,,,,,,,,,
AELBERSZX,AEL BERKMAN FORWARDING (SHANGHAI) LTD,Company,,CNSZX,AELBERSZX,,,,,,,,,,,,,,,,,,,,,,,,AELBERSZX,,,,,,,,,,,,,,,,,,,0,,,,,,,,,,,,,,,,,,,,,,,,,,,,,,
JUSEURPRG,JUSDA EUROPE S.R.O,Company,,CZPRG,JUSEURPRG,,,,,,,,,,,,,,,,,,,,,,,,JUSEURPRG,,,+420736636399,,,,,,,,,,,,,,,,0,,,,,,,,,,,,,,,,,,,,,,,,,,,,,,
ATMGLOZRH,ATM GLOBAL LOGISTCS SA,Company,,CHZRH,ATMGLOZRH,,,,,,,,,,,,,,,,,,,,,,,,ATMGLOZRH,,,,,,,,,,,,,,,,,,,0,,,,,,,,,,,,,,,,,,,,,,,,,,,,,,
ROSPLAHAM,ROSE PLASTIC AG,Company,,DEHAM,ROSPLAHAM,,,,,,,,,,,,,,,,,,,,,,,,ROSPLAHAM,,,,,,,,,,,,,,,,,,,0,,,,,,,,,,,,,,,,,,,,,,,,,,,,,,
DISSINAFE,DISNEY NETWORKS SINGAPORE PTE LTD,Company,,SGSIN,DISSINAFE,,,,,,,,,,,,,,,,,,,,,,,,DISSINAFE,,,,sardjono.insani@disney.com,,,,,,,,,,,,,,,0,,,,,,,,,,,,,,,,,,,,,,,,,,,,,,
KUTFORJED,KUTBI  FOR INTERNATIONAL BUSINESS INTL FREIGHT FORWARDERS SAUDI ARABIA,Company,,SAJED,KUTFORJED,,,,,,,,,,,,,,,,,,,,,,,,KUTFORJED,,,+966126609438,,,,,,,,,,,,,,,,0,,,,,,,,,,,,,,,,,,,,,,,,,,,,,,
CMTGLOAFE,"CMT GLOBAL CO.,LTD.",Company,,KRICN,CMTGLOAFE,,,,,,,,,,,,,,,,,,,,,,,,CMTGLOAFE,,,,,,,,,,,,,,,,,,,0,,,,,,,,,,,,,,,,,,,,,,,,,,,,,,
OCETRARUH,OCEAN TRADING SERVICES - ARABITAL SA,Company,,SARUH,OCETRARUH,,,,,,,,,,,,,,,,,,,,,,,,OCETRARUH,,,,,,,,,,,,,,,,,,,0,,,,,,,,,,,,,,,,,,,,,,,,,,,,,,
JIMPKGAFE,JIM PROJECT & EXPO LOGISTICS (M) SDN BHD,Company,,MYPKG,JIMPKGAFE,,,,,,,,,,,,,,,,,,,,,,,,JIMPKGAFE,,,,enquiry@jim.com.my,,,,,,,,,,,,,,,0,,,,,,,,,,,,,,,,,,,,,,,,,,,,,,
DACPCLTUN,DACHSER TUNISIA P/C LACROIX ELECTRONIQUE,Company,,TNTUN,DACPCLTUN,,,,,,,,,,,,,,,,,,,,,,,,DACPCLTUN,,,,,,,,,,,,,,,,,,,0,,,,,,,,,,,,,,,,,,,,,,,,,,,,,,
ZHONEWGUA,"ZHONGSHAN NEW HUAMEI INDUSTRY CO., LTD.",Company,,CNGUA,ZHONEWGUA,,,,,,,,,,,,,,,,,,,,,,,,ZHONEWGUA,,,,arlene.romano@nffic.com.ph,,,,,,,,,,,,,,,0,,,,,,,,,,,,,,,,,,,,,,,,,,,,,,
SOLISTAFE,SOLMAZ GUMRUK MUSAVIRLIGI A.S.,Company,,TRIST,SOLISTAFE,,,,,,,,,,,,,,,,,,,,,,,,SOLISTAFE,,,,ozanerdost.engin@solmaz.com,,,,,,,,,,,,,,,0,,,,,,,,,,,,,,,,,,,,,,,,,,,,,,
PUBPKGAFE,PUBLIC CARGO MALAYSIA,Company,,MYPKG,PUBPKGAFE,,,,,,,,,,,,,,,,,,,,,,,,PUBPKGAFE,,,,cs2@pbcargo.com.my,,,,,,,,,,,,,,,0,,,,,,,,,,,,,,,,,,,,,,,,,,,,,,
ONTIMESIN,ON TIME WORLDWIDE LOGISTICS PTE LTD,Company,,SGSIN,ONTIMESIN,,,,,,,,,,,,,,,,,,,,,,,,ONTIMESIN,,,,airimport@sin.ontime-express.com,,,,,,,,,,,,,,,0,,,,,,,,,,,,,,,,,,,,,,,,,,,,,,
SECRSGSIN,SECRETLAB SG PTE. LTD.,Company,,SGSIN,SECRSGSIN,,,,,,,,,,,,,,,,,,,,,,,,SECRSGSIN,,,,,,,,,,,,,,,,,,,0,,,,,,,,,,,,,,,,,,,,,,,,,,,,,,
RADVENMAA,RADAR VENTURES PRIVATE LIMITED,Company,,INMAA,RADVENMAA,,,,,,,,,,,,,,,,,,,,,,,,RADVENMAA,,,,,,,,,,,,,,,,,,,0,,,,,,,,,,,,,,,,,,,,,,,,,,,,,,
CRABOLSRZ,CRAFT BOLIVIA S.R.L.,Company,,BOSRZ,CRABOLSRZ,,,,,,,,,,,,,,,,,,,,,,,,CRABOLSRZ,,,,AirPre-alert.BO@craftmulti.com,,,,,,,,,,,,,,,0,,,,,,,,,,,,,,,,,,,,,,,,,,,,,,
ALLI21SIN,ALLIANCE 21  PTE LTD,Company,,SGSIN,ALLI21SIN,,,,,,,,,,,,,,,,,,,,,,,,ALLI21SIN,,,,,,,,,,,,,,,,,,,0,,,,,,,,,,,,,,,,,,,,,,,,,,,,,,
TOTSINAFE,TOTAL BRAND ACTIVATION PTE LTD,Company,,SGSIN,TOTSINAFE,,,,,,,,,,,,,,,,,,,,,www.tbacreative.net,,,TOTSINAFE,,,+6593878473,faith.ko@sg.pico.com,,,,,,,,,,,,,,,0,,,,,,,,,,,,,,,,,,,,,,,,,,,,,,
KUHDUSAFE,KÜHNE + NAGEL (AG & CO.) KG,Company,,DEDUS,KUHDUSAFE,,,,,,,,,,,,,,,,,,,,,,,,KUHDUSAFE,,,+491701171609,thomas.redeleit@kuehne-nagel.com,,,,,,,,,,,,,,,0,,,,,,,,,,,,,,,,,,,,,,,,,,,,,,
GLOINTYVR,GLOBCO INTERNATIONAL INC.,Company,,CAVAN,GLOINTYVR,,,,,,,,,,,,,,,,,,,,,,,,GLOINTYVR,,,,,,,,,,,,,,,,,,,0,,,,,,,,,,,,,,,,,,,,,,,,,,,,,,
SHELEFAFE,SHENZHEN LE FEET INNOVATION TECH CO,Company,,HKHKG,SHELEFAFE,,,,,,,,,,,,,,,,,,,,,,,,SHELEFAFE,,,971 50 987 8868,dannygauthaman@gmai.com,,,,,,,,,,,,,,,0,,,,,,,,,,,,,,,,,,,,,,,,,,,,,,
JVEXPLLAX,"JV EXPLORE, INC.",Company,,USLAX,JVEXPLLAX,,,,,,,,,,,,,,,,,,,,,,,,JVEXPLLAX,,,,alextipakov@gmail.com,,,,,,,,,,,,,,,0,,,,,,,,,,,,,,,,,,,,,,,,,,,,,,
RMDSOFAFE,RMD SERVICES LTD.,Company,,BGSOF,RMDSOFAFE,,,,,,,,,,,,,,,,,,,,,,,,RMDSOFAFE,,,,rosi.nikolova@rmdbg.com,,,,,,,,,,,,,,,0,,,,,,,,,,,,,,,,,,,,,,,,,,,,,,
MILKORAFE,MILKOR (PTY) LTD,Company,,ZACPT,MILKORAFE,,,,,,,,,,,,,,,,,,,,,,,,MILKORAFE,,,,,,,,,,,,,,,,,,,0,,,,,,,,,,,,,,,,,,,,,,,,,,,,,,
SPETIMLJU,SPEDICIJA TIM D.O.O.,Company,,SILJU,SPETIMLJU,,,,,,,,,,,,,,,,,,,,,,,,SPETIMLJU,,,,,,,,,,,,,,,,,,,0,,,,,,,,,,,,,,,,,,,,,,,,,,,,,,
MATFRECDG,MATHEZ FREIGHT FORWARDING,Company,,FRCDG,MATFRECDG,,,,,,,,,,,,,,,,,,,,,,,,MATFRECDG,,,,,,,,,,,,,,,,,,,0,,,,,,,,,,,,,,,,,,,,,,,,,,,,,,
COLLOGSHA,COLLYER LOGISTICS NORTH CHINA LIMITED,Company,,CNSHA,COLLOGSHA,,,,,,,,,,,,,,,,,,,,,,,,COLLOGSHA,,,,,,,,,,,,,,,,,,,0,,,,,,,,,,,,,,,,,,,,,,,,,,,,,,
TREVILTRV,TREVILOG SRL,Company,,ITTRV,TREVILTRV,,,,,,,,,,,,,,,,,,,,,,,,TREVILTRV,,,,luciano@trevilog.it,,,,,,,,,,,,,,,0,,,,,,,,,,,,,,,,,,,,,,,,,,,,,,
MARFREKWN1,MARSHAL FREIGHT INTERNATIONAL LIMITED,Company,,HKKWN,MARFREKWN1,,,,,,,,,,,,,,,,,,,,,,,,MARFREKWN1,,,,,,,,,,,,,,,,,,,0,,,,,,,,,,,,,,,,,,,,,,,,,,,,,,
ORGSANAFE,NUROL MAKINA VE SANAYI A.S.,Company,,TRANK,ORGSANAFE,,,,,,,,,,,,,,,,,,,,,,,,ORGSANAFE,,,,marketing@nurolmakina.com.tr,,,,,,,,,,,,,,,0,,,,,,,,,,,,,,,,,,,,,,,,,,,,,,
CHROBIICN,C.H. ROBINSON FREIGHT SERVICES (KOREA) LTD.,Company,,KRICN,CHROBIICN,,,,,,,,,,,,,,,,,,,,,,,,CHROBIICN,,,,AustalShips@chrobinson.com,,,,,,,,,,,,,,,0,,,,,,,,,,,,,,,,,,,,,,,,,,,,,,
JESBKKAFE,MR. JESUS MANILA MONREAL,Company,,THBKK,JESBKKAFE,,,,,,,,,,,,,,,,,,,,,,,,JESBKKAFE,,,,,,,,,,,,,,,,,,,0,,,,,,,,,,,,,,,,,,,,,,,,,,,,,,
RCSLOGMAA,RCS LOGISTICS PVT LTD,Company,,INMAA,RCSLOGMAA,,,,,,,,,,,,,,,,,,,,,,,,RCSLOGMAA,,,,,,,,,,,,,,,,,,,0,,,,,,,,,,,,,,,,,,,,,,,,,,,,,,
DRELOGBRE,DREWES LOGISTICS GMBH,Company,,DEBRE,DRELOGBRE,,,,,,,,,,,,,,,,,,,,,,,,DRELOGBRE,,,,,,,,,,,,,,,,,,,0,,,,,,,,,,,,,,,,,,,,,,,,,,,,,,
FLLFERRMI,F.LLI FERRETTI E. & E. SRL,Company,,ITRMI,FLLFERRMI,,,,,,,,,,,,,,,,,,,,,,,,FLLFERRMI,,,,,,,,,,,,,,,,,,,0,,,,,,,,,,,,,,,,,,,,,,,,,,,,,,
XIASHUNGB,"XIAMEN SHUNSTONE IMP. & EXP. CO., LTD.",Company,,CNNBO,XIASHUNGB,,,,,,,,,,,,,,,,,,,,,,,,XIASHUNGB,,,,,,,,,,,,,,,,,,,0,,,,,,,,,,,,,,,,,,,,,,,,,,,,,,