ID,Customer Name,Customer Type,Series,Default UNLOCO,Code,Alias,Customer Group,custom_code,Territory,Gender,Lead,Opportunity,Prospect,Account Manager,Image,Billing Currency,Company Bank Account,Price List,Is Internal Customer,Represents Company,TIN (Tax Identification Number),Branch Code,Market Segment,Industry,Customer POS ID,Website,Print Language,Customer Details,Customer Primary Address,Primary Address,Customer Primary Contact,Mobile No,Email Id,First Name,Last Name,Tax ID,Tax Category,Tax Withholding Category,Tax Withholding Group,Payment Terms Template,Loyalty Program,Loyalty Program Tier,Sales Partner,Commission Rate,Allow sales invoice creation without sales order,Allow sales invoice creation without delivery note,Is Frozen,Disabled,Default Warehouse Profit Center,Credit Status,DUNS Number,WatchDog Risk Status,D&B Rating,Failure Score,PAYDEX Score,ID (Allowed to transact with),Company (Allowed to transact with),ID (Supplier Numbers),Company (Supplier Numbers),Supplier Number (Supplier Numbers),ID (Credit & Overdue Limits),Bypass credit limit check at sales order (Credit & Overdue Limits),Company (Credit & Overdue Limits),Credit Limit (Credit & Overdue Limits),Overdue Limit (Credit & Overdue Limits),ID (Default Accounts),Advance Account (Default Accounts),Company (Default Accounts),Default Account (Default Accounts),ID (Sales Team),Commission Rate (Sales Team),Contact No. (Sales Team),Contribution (%) (Sales Team),Contribution to Net Total (Sales Team),Incentives (Sales Team),Sales Person (Sales Team),ID (Customer Portal Users),User (Customer Portal Users) 
ZMTLTDVAR,ZMT LTD,Company,CUST-.YYYY.-,,,,,ZMTLTDVAR,,,,,,,,,,,0,,,,,,,,en,,,"SOPHARMA BUSINESS TOWERS UL. LACHEZAR STANCHEV 5, IZGREV, 1756, SOFIA TOWER A, FLOOR 3,",,,,,,,,,,,,,,0,0,0,0,0,,Good,,,,,,,,,,,,,,,,,,,,,,,,,,,, 
WORTRASOF,WORLD TRANSPORT OVERSEAS BULGARIA LTD,Company,CUST-.YYYY.-,,,,,WORTRASOF,,,,,,,,,,,0,,,,,,,,en,,,"MIMI BALKANSKA STR. 126, WTO LOGISTICS CENTER",,,,,,,,,,,,,,0,0,0,0,0,,Good,,,,,,,,,,,,,,,,,,,,,,,,,,,, 
VANHAIDAD,"VAN HAI TRADE AND SERVICE CO., LTD.",Company,CUST-.YYYY.-,,,,,VANHAIDAD,,,,,,,,,,,0,,,,,,,,en,,,"75 NGUYEN PHUOC LAN HOA XUAN WARD, CAM LE DISTRICT DA NANG VIETNAM",,,,,,,,,,,,,,0,0,0,0,0,,Good,,,,,,,,,,,,,,,,,,,,,,,,,,,, 
UNIFRESJO,UNITED FREIGHT CARGO (SAN JOSE),Company,CUST-.YYYY.-,,,,,UNIFRESJO,,,,,,,,,,,0,,,,,,,,en,,,"CENTRO COMERCIAL REAL., OFICINA #2, HEREDIA, SAN JOSE, COSTA RICA SAN JOSE",,,,,,,,,,,,,,0,0,0,0,0,,Good,,,,,,,,,,,,,,,,,,,,,,,,,,,, 
TIFFANKUL,TIFFANY & CO. JEWELERS MALAYSIA SDN. BHD.,Company,CUST-.YYYY.-,,,,,TIFFANKUL,,,,,,,,,,,0,,,,,,,,en,,,"UNIT 25.02-03, 25TH FLOOR, WISMA CHUANG, 34 JALAN SULTAN ISMAIL, 50250 KUALA LUMPUR MALAYSIA",,,,,,,,,,,,,,0,0,0,0,0,,Good,,,,,,,,,,,,,,,,,,,,,,,,,,,, 
TIFFANCEB,TIFFANY & CO. PHILIPPINES CORPORATION - TIFFANCEB,Company,CUST-.YYYY.-,,,,,TIFFANCEB,,,,,,,,,,,0,,,,,,,,en,,,"NUSTAR RESORT AND CASINO KAWIT ISLAND,SOUTH ROAD PROPERTIES CEBU",,,,,,,,,,,,,,0,0,0,0,0,,Good,,,,,,,,,,,,,,,,,,,,,,,,,,,, 
THRSHIPDXB,THREELINES SHIPPING,Company,CUST-.YYYY.-,,,,,THRSHIPDXB,,,,,,,,,,,0,,,,,,,,en,,,"MARRAKECH, 25TH ST. UMM RAMOOL DUBAI UAE",,,,,,,,,,,,,,0,0,0,0,0,,Good,,,,,,,,,,,,,,,,,,,,,,,,,,,, 
TBNFOOMNL,TBN FOOD PRODUCTS CORPORATION,Company,CUST-.YYYY.-,,,,,TBNFOOMNL,,,,,,,,,,,0,,,,,,,,en,,,"9126 SAMPALUKAN ST. BRGY. SAN ROQUE , STO. TOMAS BATANGAS",,,,,,,,,,,,,,0,0,0,0,0,,Good,,,,,,,,,,,,,,,,,,,,,,,,,,,, 
SUDPREMNL,SUDS PREMIER FRANCHISHING CORP,Company,CUST-.YYYY.-,,,,,SUDPREMNL,,,,,,,,,,,0,,,,,,,,en,,,"174 C. RAYMUNDO AVENUE, BRGY MAYBUNGA PASIG",,,,,,,,,,,,,,0,0,0,0,0,,Good,,,,,,,,,,,,,,,,,,,,,,,,,,,, 
SHILOGNSA,"SHINE LOGISTICS CO.,LTD",Company,CUST-.YYYY.-,,,,,SHILOGNSA,,,,,,,,,,,0,,,,,,,,en,,,"ROOM 706-707, YISHENG BUILDING, NO.13 ZHONGXING ROAD, BUJI STREET, LONGGANG DISTRICT , SHENZHEN NANSHA PT CHINA",,,,,,,,,,,,,,0,0,0,0,0,,Good,,,,,,,,,,,,,,,,,,,,,,,,,,,, 
SHAMILSHG,"SHANGHAI MILKYWAY CHEMICAL LOGISTICS CO.,LTD.",Company,CUST-.YYYY.-,,,,,SHAMILSHG,,,,,,,,,,,0,,,,,,,,en,,,"BUILDING 39, NO.2777 JINXIU EAST ROAD, PUDONG NEW DISTRICT SHANGHAI PT CHINA",,,,,,,,,,,,,,0,0,0,0,0,,Good,,,,,,,,,,,,,,,,,,,,,,,,,,,, 
SHALEADSHA,"SHANGHAI LEAD TRANS INTERNATIONAL LOGISTICS CO., LTD.",Company,CUST-.YYYY.-,,,,,SHALEADSHA,,,,,,,,,,,0,,,,,,,,en,,,"RM.1405&1406, GANG TAI PLAZA, NO.700 EAST YAN'AN ROAD, SHANGHAI CHINA",,,,,,,,,,,,,,0,0,0,0,0,,Good,,,,,,,,,,,,,,,,,,,,,,,,,,,, 
SHAEASSHA,SHANGHAI EASYLINK INTERNATIONAL LOGISTICS LTD.,Company,CUST-.YYYY.-,,,,,SHAEASSHA,,,,,,,,,,,0,,,,,,,,en,,,"12F,BLOCK A,777 HUOSHAN ROAD YANGPU DISTRICT,SHANGHAI CHINA",,,,,,,,,,,,,,0,0,0,0,0,,Good,,,,,,,,,,,,,,,,,,,,,,,,,,,, 
SEASONTPE,"SEA SONIC ELECTRONICS CO., LTD.",Company,CUST-.YYYY.-,,,,,SEASONTPE,,,,,,,,,,,0,,,,,,,,en,,,"8F., #19 ALLEY 360, SEC.1 NEIHU ROAD TAIPEI, TAIWAN, R.O.C",,,,,,,,,,,,,,0,0,0,0,0,,Good,,,,,,,,,,,,,,,,,,,,,,,,,,,, 
SCOMANMRV,SCOUT MANUFACTURING INDUSTRIAL INC.,Company,CUST-.YYYY.-,,,,,SCOMANMRV,,,,,,,,,,,0,,,,,,,,en,,,"LUZON AVENUE, PHASE I, AFAB MARIVELES, 2106, BATAAN",,,,,,,,,,,,,,0,0,0,0,0,,Good,,,,,,,,,,,,,,,,,,,,,,,,,,,, 
SCADSMNL,SCAD SERVICES (S) PTE. LTD.,Company,CUST-.YYYY.-,,,,,SCADSMNL,,,,,,,,,,,0,,,,,,,,en,,,"B23 PHASE 4 EXPANSION ECO-ZONE, ROSARIO, CAVITE",,,,,,,,,,,,,,0,0,0,0,0,,Good,,,,,,,,,,,,,,,,,,,,,,,,,,,, 
ROBAUTLGU,ROBERTS AUTOMOTIVE AND INDUSTRIAL PARTS MFG CORP.,Company,CUST-.YYYY.-,,,,,ROBAUTLGU,,,,,,,,,,,0,,,,,,,,en,,,CANLUBANG INDL ESTATE BRGY PITTLAND CABUYAO LAGUNA,,,,,,,,,,,,,,0,0,0,0,0,,Good,,,,,,,,,,,,,,,,,,,,,,,,,,,, 
REDSLAMNL,RED SLAB POTTERY,Company,CUST-.YYYY.-,,,,,REDSLAMNL,,,,,,,,,,,0,,,,,,,,en,,,"37-B, SANCHEZ FARM, PUROK GRIPO, BRGY BULO, VICTORIA TARLAC",,,,,,,,,,,,,,0,0,0,0,0,,Good,,,,,,,,,,,,,,,,,,,,,,,,,,,, 
PTGPIJKT,PT GPI LOGISTICS,Company,CUST-.YYYY.-,,,,,PTGPIJKT,,,,,,,,,,,0,,,,,,,,en,,,JL IR H JUANDA III NO 26 A-BA JAKARTA PUSAT INDONESIA,,,,,,,,,,,,,,0,0,0,0,0,,Good,,,,,,,,,,,,,,,,,,,,,,,,,,,, 
PRIWORPCL,PRIORITY (CANADA) WORLDWIDE SERVICES,Company,CUST-.YYYY.-,,,,,PRIWORPCL,,,,,,,,,,,0,,,,,,,,en,,,195 AVENUE DU VOYAGEUR POINTE CLAIRE POINTE CLAIRE H9R 6B2 CANADA,,,,,,,,,,,,,,0,0,0,0,0,,Good,,,,,,,,,,,,,,,,,,,,,,,,,,,, 
PRIGLOMNL,PRIME GLOVES MANUFACTURING INC.,Company,CUST-.YYYY.-,,,,,PRIGLOMNL,,,,,,,,,,,0,,,,,,,,en,,,"#8 PROGRESS STREET, LISP III BRGY. SAN RAFAEL STO. TOMAS BATANGAS",,,,,,,,,,,,,,0,0,0,0,0,,Good,,,,,,,,,,,,,,,,,,,,,,,,,,,, 
POLLIMBIA,POLBALT LIMITED LIABILITY COMPANY,Company,CUST-.YYYY.-,,,,,POLLIMBIA,,,,,,,,,,,0,,,,,,,,en,,,"UL. OCOTOWA 3 LOK. 3, BIALYSTOK POLAND",,,,,,,,,,,,,,0,0,0,0,0,,Good,,,,,,,,,,,,,,,,,,,,,,,,,,,, 
PENPRIMBA,PENTAGON PRIME KENYA CO LIMITED,Company,CUST-.YYYY.-,,,,,PENPRIMBA,,,,,,,,,,,0,,,,,,,,en,,,"NO. S9-08, MTC BUILDING (AMABALAL HOUSE) 9TH FLOOR, SOUTH TOWER, NKRUMAH ROAD P.O BOX 2050 MOMBASA KENYA",,,,,,,,,,,,,,0,0,0,0,0,,Good,,,,,,,,,,,,,,,,,,,,,,,,,,,, 
PAKASIKHI,PAK ASIA SHIPPING & LOGISTICS,Company,CUST-.YYYY.-,,,,,PAKASIKHI,,,,,,,,,,,0,,,,,,,,en,,,"SUITE # 1108-1109 11TH FLOOR, SAIMA TRADE TOWER, I.I CHUNDRIGARH ROAD, KARACHI- 74000, PAKISTAN",,,,,,,,,,,,,,0,0,0,0,0,,Good,,,,,,,,,,,,,,,,,,,,,,,,,,,, 
NTEXSTO,NTEX AB - NTEXSTO,Company,CUST-.YYYY.-,,,,,NTEXSTO,,,,,,,,,,,0,,,,,,,,en,,,"BOX 8702, SE-402 75 GOTHENBURG STOCKHOLM SWEDEN",,,,,,,,,,,,,,0,0,0,0,0,,Good,350568940,Clear,3A2,66 percentile,,,,,,,,,,,,,,,,,,,,,,,, 
MGLASISGN,"MGL ASIA VIETNAM CO., LTD",Company,CUST-.YYYY.-,,,,,MGLASISGN,,,,,,,,,,,0,,,,,,,,en,,,"11TH FLOOR, SATRA BUILDING, 275B PHAM NGU LAO STREET, PHAM NGU LAO WARD DISTRICT 1",,,,,,,,,,,,,,0,0,0,0,0,,Good,,,,,,,,,,,,,,,,,,,,,,,,,,,, 
MBSLOGSTR,MBS LOGISTICS,Company,CUST-.YYYY.-,,,,,MBSLOGSTR,,,,,,,,,,,0,,,,,,,,en,,,"ZAUNACKERSTRASSE 1, 70771 LEINFELDEN-ECHTERDNGEN GERMANY",,,,,,,,,,,,,,0,0,0,0,0,,Good,,,,,,,,,,,,,,,,,,,,,,,,,,,, 
LUCLOGNGB,"LUCKYSTAR LOGISTICS CO.,LTD",Company,CUST-.YYYY.-,,,,,LUCLOGNGB,,,,,,,,,,,0,,,,,,,,en,,,"ROOM 309, QIANCHENG INTERNATIONAL BUILDING, NO. 666 YANGMUQI ROAD YINZHOU DISTRICT, NINGBO CITY CHINA",,,,,,,,,,,,,,0,0,0,0,0,,Good,,,,,,,,,,,,,,,,,,,,,,,,,,,, 
LESGANMNL,LES GANTS PHILIPPINES INC.,Company,CUST-.YYYY.-,,,,,LESGANMNL,,,,,,,,,,,0,,,,,,,,en,,,"F.C.I.E. P.E.Z.A. BRGY LANGKAAN DASMARINAS,",,,,,,,,,,,,,,0,0,0,0,0,,Good,,,,,,,,,,,,,,,,,,,,,,,,,,,, 
LEOLOGNDA,LEOSTAR LOGISTICS PVT. LTD,Company,CUST-.YYYY.-,,,,,LEOLOGNDA,,,,,,,,,,,0,,,,,,,,en,,,"1610-1611, ASTRALIS TOWER SUPERNOVA, SECTOR -94, NOIDA INDIA",,,,,,,,,,,,,,0,0,0,0,0,,Good,,,,,,,,,,,,,,,,,,,,,,,,,,,, 
LEAGLOHKG,LEAD GLOBAL LOGISTICS,Company,CUST-.YYYY.-,,,,,LEAGLOHKG,,,,,,,,,,,0,,,,,,,,en,,,ROOM 603 CHUNG YING BUILDING 20 CONNAUGHT ROAD WEST SHEUNG WAN HONGKONG,,,,,,,,,,,,,,0,0,0,0,0,,Good,,,,,,,,,,,,,,,,,,,,,,,,,,,, 
LAMWORBAK,LAM WORLD GLOBAL TRANSPORT SOLUTIONS,Company,CUST-.YYYY.-,,,,,LAMWORBAK,,,,,,,,,,,0,,,,,,,,en,,,"ISR PLAZA 69 NIZAMI STREET AZ, BAKU",,,,,,,,,,,,,,0,0,0,0,0,,Good,,,,,,,,,,,,,,,,,,,,,,,,,,,, 
JPGLUBMNL,JPG LUBRICANTS ASIA PACIFIC CORP.,Company,CUST-.YYYY.-,,,,,JPGLUBMNL,,,,,,,,,,,0,,,,,,,,en,,,C/ 2ND FLR. CHINABANK BLDG. PASEO DE,,,,,,,,,,,,,,0,0,0,0,0,,Good,,,,,,,,,,,,,,,,,,,,,,,,,,,, 
JANINTNJI,JANCO INTERNATIONAL FREIGHT CHINA LTD- NANJING BRANCH,Company,CUST-.YYYY.-,,,,,JANINTNJI,,,,,,,,,,,0,,,,,,,,en,,,"ROOM 917,BLOCK 2, OCEAN INTERNATIONAL CENTER NO.168, SOUTH TAIPING RD, NANJING, CHINA",,,,,,,,,,,,,,0,0,0,0,0,,Good,,,,,,,,,,,,,,,,,,,,,,,,,,,, 
HAWFREDXB,HAWK FREIGHT SERVICES FZE,Company,CUST-.YYYY.-,,,,,HAWFREDXB,,,,,,,,,,,0,,,,,,,,en,,,"HAWK LOGISTICS CENTER, PLOT NO: W-28, DUBAI AIRPORT FREE ZONE, P.O.BOX NO: 54438",,,,,,,,,,,,,,0,0,0,0,0,,Good,,,,,,,,,,,,,,,,,,,,,,,,,,,, 
GRAOCESZX1,"GRAND OCEAN SHIPPING CO.,LTD",Company,CUST-.YYYY.-,,,,,GRAOCESZX1,,,,,,,,,,,0,,,,,,,,en,,,"10# DINGFENG MANSION,NO 1036,BAOAN SOUTH ROAD, LUOHU DISTRICT,SHENZHEN,CHINA",,,,,,,,,,,,,,0,0,0,0,0,,Good,,,,,,,,,,,,,,,,,,,,,,,,,,,, 
GASHOSMNL,GASTRONOVA HOSPITALITY GROUP CORP,Company,CUST-.YYYY.-,,,,,GASHOSMNL,,,,,,,,,,,0,,,,,,,,en,,,2274 UDC CHINO ROCES AVE. EXTENSION MAGALLANES MAKATI 1232 PHILIPPINES,,,,,,,,,,,,,,0,0,0,0,0,,Good,,,,,,,,,,,,,,,,,,,,,,,,,,,, 
FSCINDMAA,FCSG INDIA PRIVATE LIMITED-CHENNAI,Company,CUST-.YYYY.-,,,,,FSCINDMAA,,,,,,,,,,,0,,,,,,,,en,,,"NEW NO 38, OLD NO 51,52 & 53, S-2, 2ND FLOOR , ESWARAN KOIL STREET ALANDUR ,CHENNAI – 600016. INDIA",,,,,,,,,,,,,,0,0,0,0,0,,Good,,,,,,,,,,,,,,,,,,,,,,,,,,,, 
EVOSUPBOM,EVO SUPPLY CHAIN PVT. LTD,Company,CUST-.YYYY.-,,,,,EVOSUPBOM,,,,,,,,,,,0,,,,,,,,en,,,"6TH FLOR AWFIS AMBIENCE MALL NH-8 MALL, NH-8, GURUGRAM 122002 INDIA",,,,,,,,,,,,,,0,0,0,0,0,,Good,,,,,,,,,,,,,,,,,,,,,,,,,,,, 
ELIBALAFE,ELIANO BALUYUT POTTERY INC.,Company,CUST-.YYYY.-,,,,,ELIBALAFE,,,,,,,,,,,0,,,,,,,,en,,,"175 STO. NINO, STO. TOMAS, PAMPANGA, PHILIPPINES 2020",,,,,,,,,,,,,,0,0,0,0,0,,Good,,,,,,,,,,,,,,,,,,,,,,,,,,,, 
DHLISCMNL,DHL ISC,Company,CUST-.YYYY.-,,,,,DHLISCMNL,,,,,,,,,,,0,,,,,,,,en,,,"O/B OF DATIAN SUBIC SHOES INC LOT 1P7-A, PHASE 2, SUBIC BAY GATEWAY PARK SUBIC BAY FREEPORT ZONE 2222",,,,,,,,,,,,,,0,0,0,0,0,,Good,,,,,,,,,,,,,,,,,,,,,,,,,,,, 
DEPOFTMNL2,DEPARTMENT OF TRANSPORTATION,Company,CUST-.YYYY.-,,,,,DEPOFTMNL2,,,,,,,,,,,0,,,,,,,,en,,,"THE COLUMBIA TOWER, ORTIGAS AVE. WACK-WACK WACK GREENHILLS MANDALUYONG CITY NCR 1555 PHILIPPINES",,,,,,,,,,,,,,0,0,0,0,0,,Good,,,,,,,,,,,,,,,,,,,,,,,,,,,, 
DAHLOGINN,DAHNAY LOGISTICS PRIVATE LIMITED,Company,CUST-.YYYY.-,,,,,DAHLOGINN,,,,,,,,,,,0,,,,,,,,en,,,B 306 MONDEAL HEIGHTS NEAR NOVOTEL HOTEL ISCON CROSS ROAD SG HIGHWAY INDIA,,,,,,,,,,,,,,0,0,0,0,0,,Good,,,,,,,,,,,,,,,,,,,,,,,,,,,, 
CSTINTLAX,CST INT'L GROUP INC.,Company,CUST-.YYYY.-,,,,,CSTINTLAX,,,,,,,,,,,0,,,,,,,,en,,,"273 W RALPH ST, SAN GABRIEL LOS ANGELES USA",,,,,,,,,,,,,,0,0,0,0,0,,Good,,,,,,,,,,,,,,,,,,,,,,,,,,,, 
CREARTMNL,CREATIVE ARTS AND HANDICRAFTS,Company,CUST-.YYYY.-,,,,,CREARTMNL,,,,,,,,,,,0,,,,,,,,en,,,PROVINCIAL HI WAY PUROK MASAGANA BRGY KABULUSAN PAKIL LAGUNA,,,,,,,,,,,,,,0,0,0,0,0,,Good,,,,,,,,,,,,,,,,,,,,,,,,,,,, 
CLASQUSGN,CLASQUIN VIET NAM LIMITED,Company,CUST-.YYYY.-,,,,,CLASQUSGN,,,,,,,,,,,0,,,,,,,,en,,,"2ND FLOOR, GOLDEN LINK BUILDING, , 132A NGUYEN TRONG TUYEN, PHU NHUAN DISTRICT HO CHI MINH CITY VIET NAM",,,,,,,,,,,,,,0,0,0,0,0,,Good,,,,,,,,,,,,,,,,,,,,,,,,,,,, 
CLASQUBDN,CLASQUIN SA - CLASQUBDN,Company,CUST-.YYYY.-,,,,,CLASQUBDN,,,,,,,,,,,0,,,,,,,,en,,,RUE DU MONT CARLIERS,,,,,,,,,,,,,,0,0,0,0,0,,Good,,,,,,,,,,,,,,,,,,,,,,,,,,,, 
CLASQUBKK,"CLASQUIN (THAILAND) CO., LTD.",Company,CUST-.YYYY.-,,,,,CLASQUBKK,,,,,,,,,,,0,,,,,,,,en,,,"14TH FL UNIT F-G, 163 OCEAN INSURANCE BUILDING SURAWONGSE RD. SURIYAWONGSE BANGRAK - 10500 BANGKOK THAILAND",,,,,,,,,,,,,,0,0,0,0,0,,Good,,,,,,,,,,,,,,,,,,,,,,,,,,,, 
CFSESTTLL,CF&S ESTONIA AS,Company,CUST-.YYYY.-,,,,,CFSESTTLL,,,,,,,,,,,0,,,,,,,,en,,,SEPISE STR. 7 TALLINN ESTONIA,,,,,,,,,,,,,,0,0,0,0,0,,Good,,,,,,,,,,,,,,,,,,,,,,,,,,,, 
CCCINDMNL,CCCP INDUSTRIES,Company,CUST-.YYYY.-,,,,,CCCINDMNL,,,,,,,,,,,0,,,,,,,,en,,,M.H DEL PILAR ST BAGUMBAYAN DARAGA ALBAY 4501,,,,,,,,,,,,,,0,0,0,0,0,,Good,,,,,,,,,,,,,,,,,,,,,,,,,,,, 
CASLOGHKG,CASIA LOGISTICS TECH LIMITED,Company,CUST-.YYYY.-,,,,,CASLOGHKG,,,,,,,,,,,0,,,,,,,,en,,,"RM 902, 9/F OFFICEPLUS PRINCE EDWARD 794-802 NATHAN RD KL HONGKONG",,,,,,,,,,,,,,0,0,0,0,0,,Good,,,,,,,,,,,,,,,,,,,,,,,,,,,, 
BROBRINOT,BROKBRIDGE,Company,CUST-.YYYY.-,,,,,BROBRINOT,,,,,,,,,,,0,,,,,,,,en,,,"CUMBERLAND COURT 808 MOUNT STREET, NOTTINGHAM, NOTTINGHAMSHIRE, NG1 6HH, UNITED KINGDOM",,,,,,,,,,,,,,0,0,0,0,0,,Good,,,,,,,,,,,,,,,,,,,,,,,,,,,, 
BONGLOHPH,BOND GLOBAL LOGISTICS JOINT STOCK COMPANY,Company,CUST-.YYYY.-,,,,,BONGLOHPH,,,,,,,,,,,0,,,,,,,,en,,,"4ND FL, 274 DA NANG STR, NGO QUYEN WARD HAI PHONG CITY, VIET NAM",,,,,,,,,,,,,,0,0,0,0,0,,Good,,,,,,,,,,,,,,,,,,,,,,,,,,,, 
BESLOGMNL,BEST LOGISTICS FREIGHT CORP,Company,CUST-.YYYY.-,,,,,BESLOGMNL,,,,,,,,,,,0,,,,,,,,en,,,GROUND FLOOR NES CARGO BUILDING MARCOS ALVAREZ AVENUE TALON 5 LAS PIŃAS CITY 1747,,,,,,,,,,,,,,0,0,0,0,0,,Good,,,,,,,,,,,,,,,,,,,,,,,,,,,, 
ASITERFMNL,ASIAN TERMINALS INCORPORATED,Company,CUST-.YYYY.-,,,,,ASITERFMNL,,,,,,,,,,,0,,,,,,,,en,,,"A. BONIFACIO DRIVE, PORT AREA MANILA",,,,,,,,,,,,,,0,0,0,0,0,,Good,,,,,,,,,,,,,,,,,,,,,,,,,,,, 
BABSHIBOM,BABAJI SHIVRAM CLEARING & CARRIERS PVT LTD,Company,CUST-.YYYY.-,,,,,BABSHIBOM,,,,,,,,,,,0,,,,,,,,en,,,"PLOT NO.2, BEHIND EXCOM HOUSE,SAKI VIHAR ROAD, SAKINAKA, SAKINAKA, ANDHERI EAST, MUMBAI INDIA",,,,,,,,,,,,,,0,0,0,0,0,,Good,,,,,,,,,,,,,,,,,,,,,,,,,,,, 
APELOGBKK,APEX LOGISTICS INTERNATIONAL (THAILAND) LTD,Company,CUST-.YYYY.-,,,,,APELOGBKK,,,,,,,,,,,0,,,,,,,,en,,,"UNIT 1405-1406, FLOOR 14, 1788 NEW PETCHABURI RD., BANG KAPI SUBDISTRICT HUAI KHWANG DISTRICT, BANGKOK 10310 THAILAND",,,,,,,,,,,,,,0,0,0,0,0,,Good,,,,,,,,,,,,,,,,,,,,,,,,,,,, 
ANTLOGBOM,ANTARES LOGISTICS PRIVATE LIMITED,Company,CUST-.YYYY.-,,,,,ANTLOGBOM,,,,,,,,,,,0,,,,,,,,en,,,"O-307, RUNWAL R SQUARE, L.B.S. MARG, OPP. VEENA NAGAR, MULUND (W),MUMBAI MH 400080 INDIA",,,,,,,,,,,,,,0,0,0,0,0,,Good,,,,,,,,,,,,,,,,,,,,,,,,,,,, 
5JNATMNL,5J NATA GROWER AND WHOLESALER,Company,CUST-.YYYY.-,,,,,5JNATMNL,,,,,,,,,,,0,,,,,,,,en,,,"KM. 37 LANDICHO ST. PULONG BUHANGIN, STA. MARIA, BULACAN",,,,,,,,,,,,,,0,0,0,0,0,,Good,,,,,,,,,,,,,,,,,,,,,,,,,,,, 
WORLD-TECH MARKETING CORP,WORLD-TECH MARKETING CORP,Company,CUST-.YYYY.-,,,,Local,WORTMCMNL,,,,,,,,,,,0,,,,,,,,en,,,"RM 1801-1802,F18,ZHILIANJIABLDG, NO.9002,LONGXIANG STR",,,,,,,,,,,,,,0,0,0,0,0,,Good,,,,,,,,,,,,,,,,,,,,,,,,,,,, 
ZIARGUMNL,"ZI-ARGUS (PILIPINAS), INC.",Company,CUST-.YYYY.-,,,,Local,ZIARGUMNL,,,,,,,,,,,0,,,,,,,,en,,,"GF METRO DRUG INC. COMPOUND MANALACAVE. STA. MARIA INDUSTRIAL ESTATE BAGUMBAYAN,TAGUIG CITY",,,eleonil.regala@zi-argus.com,,,,,,,,,,,0,0,0,0,0,,Good,718799083,Flagged,NQ4,,,,,,,,,,,,,,,,,,,,,,,,, 
YOKTIRMNL,"YOKOHAMA TIRE PHILIPPINES, INC.",Company,CUST-.YYYY.-,,,,Local,YOKTIRMNL,,,,,,,,,,,0,,,,,,,,en,,,"IE-5 CLARK FREEPORT ZONE CLARK,PAMPANGA",,,,,,,,,,,,,,0,0,0,0,0,,Good,718812571,Clear,5A2,,,,,,,,,,,,,,,,,,,,,,,,, 
YAZTORMNL,YAZAKI TORRES MANUFACTURING INC.,Company,CUST-.YYYY.-,,,,Local,YAZTORMNL,,,,,,,,,,,0,,,,,,,,en,,,"YTMI REALTY SPECIAL ECONOMIC ZONEBRGY MAKILING CALAMBA,CALAMBA, LAGUNA",,,maivillacarlos@gmail.com,,,,,,,,,,,0,0,0,0,0,,Good,718657539,Clear,N3,,,,,,,,,,,,,,,,,,,,,,,,, 
WESELEMNL,WESTCO ELECTRICAL & EQUIPMENT CORP.,Company,CUST-.YYYY.-,,,,Local,WESELEMNL,,,,,,,,,,,0,,,,,,,,en,,,"8F 68 KALAYAAN VCP BUILDING68 KALAYAAN AVE. TEACHER'S VILLAGE,QUEZON CITY",,,accounting@westco-phil.com,,,,,,,,,,,0,0,0,0,0,,Good,718845084,Clear,2AA3,,,,,,,,,,,,,,,,,,,,,,,,, 
VINAUTMNL,VINFAST AUTO PHILIPPINES CORP,Company,CUST-.YYYY.-,,,,Local,VINAUTMNL,,,,,,,,,,,0,,,,,,,,en,,,"UNIT 1603 CAPITAL HOUSE 9TH AVECOR LANE S BONIFACIO GLOBAL CITY,TAGUIG",,,,,,,,,,,,,,0,0,0,0,0,,Good,719055139,Clear,N3,,,,,,,,,,,,,,,,,,,,,,,,, 
VENQUAMNL,"VENETO QUARTZ, INC",Company,CUST-.YYYY.-,,,,Local,VENQUAMNL,,,,,,,,,,,0,,,,,,,,en,,,"FIRST INDUSTRIAL TOWNSHIP (FIT)LOT 4 PAGASPAS,TANUAN CITY BATANGAS",,639088659698,shiennah.marcelo@gmail.com,,,,,,,,,,,0,0,0,0,0,,Good,,No Match,,,,,,,,,,,,,,,,,,,,,,,,,, 
VARAIRMNL,VARACE AIR CORPORATION,Company,CUST-.YYYY.-,,,,Local,VARAIRMNL,,,,,,,,,,,0,,,,,,,,en,,,"124 DOMESTIC ROAD, MANILADOMESTIC AIRPORT,PASAY CITY",,,info@cogentphils.com,,,,,,,,,,,0,0,0,0,0,,Good,719804130,Clear,3A-,,,,,,,,,,,,,,,,,,,,,,,,, 
UNIREFMNL,UNIFORM REFRIGERATION & AIRCONDITIONING SUPPLY INC,Company,CUST-.YYYY.-,,,,Local,UNIREFMNL,,,,,,,,,,,0,,,,,,,,en,,,"431 SALES STREET, QUIAPO,MANILA",,,charles@uniform.com.ph,,,,,,,,,,,0,0,0,0,0,,Good,,No Match,,,,,,,,,,,,,,,,,,,,,,,,,, 
UNICHOMNL,UNIQUE CHOICE LOGISTICS INC.,Company,CUST-.YYYY.-,,,,Local,UNICHOMNL,,,,,,,,,,,0,,,,,,,,en,,,"RM.317 GEDCOR BLDG.,NINOY AQUINO AVE., SAN DIONISIO,PARANAQUE CITY",,639557269465,seblante.fe@gmail.com,,,,,,,,,,,0,0,0,0,0,,Good,727673099,Clear,C3,,,,,,,,,,,,,,,,,,,,,,,,, 
TRIVWOMNL,"TRIPLE V WORLDWIDE LOGISTICS, INC.",Company,CUST-.YYYY.-,,,,Local,TRIVWOMNL,,,,,,,,,,,0,,,,,,,,en,,,"4F SOTELO BUSINESS CENTER 695 QUIRINO AVE.BRGY. TAMBO,PARANAQUE CITY",,639979633427,accounting01@triplev-phils.com,,,,,,,,,,,0,0,0,0,0,,Good,721860013,Clear,A3,,,,,,,,,,,,,,,,,,,,,,,,, 
TRIMACMNL,TRIUMPH MACHINERY CORPORATION,Company,CUST-.YYYY.-,,,,Local,TRIMACMNL,,,,,,,,,,,0,,,,,,,,en,,,"BLOCK 2, LOT 13, MARIAN ROAD-2SAN MARTIN DE PORRES,,PARANAQUE CITY",,,mdfalcasantos@trimcorph.com,,,,,,,,,,,0,0,0,0,0,,Good,718702137,Clear,3A3,,,,,,,,,,,,,,,,,,,,,,,,, 
TRAINTIMNL,TRANSMODAL INTERNATIONAL INC.,Company,CUST-.YYYY.-,,,,Local,TRAINTIMNL,,,,,,,,,,,0,,,,,,,,en,,,"G/F TMI CENTRE ARZOBISPO ST.,BRGY 655 ZONE 069 INTRAMUROS,MANILA",,,info@transmodalphil.com,,,,,,,,,,,0,0,0,0,0,,Good,718845456,Clear,3A3,,,,,,,,,,,,,,,,,,,,,,,,, 
TOWMEDMNL,"TOWER MEDICAL DISTRIBUTING CO., INC.",Company,CUST-.YYYY.-,,,,Local,TOWMEDMNL,,,,,,,,,,,0,,,,,,,,en,,,"12 MAHIYAIN ST.BRGY. SIKATUNA VILLAGE DILIMAN,QUEZON CITY",,639177132062,raddy.guevara@towermedicalphils.com,,,,,,,,,,,0,0,0,0,0,,Good,721853935,Clear,DD-,,,,,,,,,,,,,,,,,,,,,,,,, 
TONHSIMNL,TONG HSING ELECTRONICS (PHILS) INC.,Company,CUST-.YYYY.-,,,,Local,TONHSIMNL,,,,,,,,,,,0,,,,,,,,en,,,"PLANT 2, 103 PROSPERITY AVENUECALMERAY INTERNATIONAL BUSINESS PARK CANLUBANG,CALAMBA CITY",,,,,,,,,,,,,,0,0,0,0,0,,Good,718701493,Clear,5A3,,,,,,,,,,,,,,,,,,,,,,,,, 
TIFPHIMNL,TIFFANY & CO. PHILIPPINES CORPORATION - TIFPHIMNL,Company,CUST-.YYYY.-,,,,Local,TIFPHIMNL,,,,,,,,,,,0,,,,,,,,en,,,"7/F AYALA TRIANGLE GARDENS TOWER 2 MAKATI AVENUECORNER PASEO DE ROXAS BEL-AIR,MAKATI CITY, PHILIPPINES",,,ChristineJoyce.Lucido@Tiffany.com,,,,,,,,,,,0,0,0,0,0,,Good,850427319,Clear,N3,,,,,,,,,,,,,,,,,,,,,,,,, 
TERCOTMNL,"TERRA COTTA ART WORKS, INC.",Company,CUST-.YYYY.-,,,,Local,TERCOTMNL,,,,,,,,,,,0,,,,,,,,en,,,"SAN PABLO PROPIOSAN SIMON,PAMPANGA",,,,,,,,,,,,,,0,0,0,0,0,,Good,721166213,Clear,N-,,,,,,,,,,,,,,,,,,,,,,,,, 
TEMAUTMNL,TEMIC AUTOMOTIVE PHILIPPINES INC.,Company,CUST-.YYYY.-,,,,Local,TEMAUTMNL,,,,,,,,,,,0,,,,,,,,en,,,"TEMIC BUILDING BAGSAKAN ROADFTI-SPECIAL ECONOMIC ZONE COMPLEX,TAGUIG CITY",,,joan.figuera-ext@continental-corporation.com,,,,,,,,,,,0,0,0,0,0,,Good,,No Match,,,,,,,,,,,,,,,,,,,,,,,,,, 
TECHNOCVE,TECHNOMOLVA INC.,Company,CUST-.YYYY.-,,,,Local,TECHNOCVE,,,,,,,,,,,0,,,,,,,,en,,,"LOT 15, BLK 20 PHASE IV, CEZ, PEZA,,ROSARIO",,639985820773,myra.technomolva@gmail.com,,,,,,,,,,,0,0,0,0,0,,Good,721465219,Clear,3A3,,,,,,,,,,,,,,,,,,,,,,,,, 
TDKPHIMNL,TDK PHILIPPINES CORPORATION,Company,CUST-.YYYY.-,,,,Local,TDKPHIMNL,,,,,,,,,,,0,,,,,,,,en,,,"119 EAST SCIENCE AVENUE, SEPZLAGUNA TECHNOPARK,BINAN",,,,,,,,,,,,,,0,0,0,0,0,,Good,718810401,Clear,5A2,,,,,,,,,,,,,,,,,,,,,,,,, 
TAIFONMNL,"TAI FONG LONG INTERNATIONAL CO., LTD.",Company,CUST-.YYYY.-,,,,Local,TAIFONMNL,,,,,,,,,,,0,,,,,,,,en,,,"LOT IL-2 A PART OF BLDG. D3 & D4 THIRD FLOORSUBIC BAY GATEWAY PARK 2, SUBIC BAY FREEPORT ZONE,SUBIC",,,linda.l@toughbuilt.com,,,,,,,,,,,0,0,0,0,0,,Good,723302287,Flagged,NQ4,,,,,,,,,,,,,,,,,,,,,,,,, 
SYSINTMNL,SYSU INTERNATIONAL INC.,Company,CUST-.YYYY.-,,,,Local,SYSINTMNL,,,,,,,,,,,0,,,,,,,,en,,,"145 PANAY AVENUESOUTH TRIANGLE NCR,QUEZON CITY",,,,,,,,,,,,,,0,0,0,0,0,,Good,718868888,Clear,5A3,,,,,,,,,,,,,,,,,,,,,,,,, 
SUPCOCMNL,"SUPERSTAR COCONUT PRODUCTS CO., INC.",Company,CUST-.YYYY.-,,,,Local,SUPCOCMNL,,,,,,,,,,,0,,,,,,,,en,,,"BO. MALABANAN, CANDELARIA,QUEZON PROVINCE",,639984088894,apple@superstarcoconut.com,,,,,,,,,,,0,0,0,0,0,,Good,721899193,Flagged,DS,,,,,,,,,,,,,,,,,,,,,,,,, 
SUNNIEMNL,SUNNIES INC.,Company,CUST-.YYYY.-,,,,Local,SUNNIEMNL,,,,,,,,,,,0,,,,,,,,en,,,"NO. 10 CALLE INDUSTRIA, BAGUMBAYAN,QUEZON CITY",,639052082280,oliversevilla@sunniesstudios.com,,,,,,,,,,,0,0,0,0,0,,Good,725555460,Clear,4A3,,,,,,,,,,,,,,,,,,,,,,,,, 
SUMITRMNL,"SUMITRONICS PHILS., INC.",Company,CUST-.YYYY.-,,,,Local,SUMITRMNL,,,,,,,,,,,0,,,,,,,,en,,,"20 RING ROAD. LIGHT INDUSTRY AND SCIENCE PARK IISPECIAL ECONOMIC ZONE LA MESA,CALAMBA CITY",,,stx-p-import@sumitronics.co.jp,,,,,,,,,,,0,0,0,0,0,,Good,718837917,Clear,5A3,,,,,,,,,,,,,,,,,,,,,,,,, 
SUIPHIMNL,SUITOU PHILIPPINES INC,Company,CUST-.YYYY.-,,,,Local,SUIPHIMNL,,,,,,,,,,,0,,,,,,,,en,,,"LOT 1-2 BLOCK 9 HERMOSA ECOZONEAND INDUSTRIAL PARK PALIHAN,HERMOSA",,,ladyjane.nicolas@kwe.com,,,,,,,,,,,0,0,0,0,0,,Good,673046294,Clear,3A3,,,,,,,,,,,,,,,,,,,,,,,,, 
STJUDEMNL,ST. JUDE CONSULTING AND SYSTEM SERVICES INC,Company,CUST-.YYYY.-,,,,Local,STJUDEMNL,,,,,,,,,,,0,,,,,,,,en,,,"2602 BAGONG DIWA STREETPOBLACION,MAKATI CITY",,,,,,,,,,,,,,0,0,0,0,0,,Good,721531390,Clear,EE-,,,,,,,,,,,,,,,,,,,,,,,,, 
STACONMNL,STAR CONCORD INC.,Company,CUST-.YYYY.-,,,,Local,STACONMNL,,,,,,,,,,,0,,,,,,,,en,,,"UNIT 907, 9TH FLLOR RI-RANCE CORPORATE CENTER LOT16,BLK 2 ASEANA ENCLAVE,ASEANA CITY,,PARANAQUE CITY",,63287723500,tricia.castillo@starconcord.com.ph,,,,,,,,,,,0,0,0,0,0,,Good,,No Match,,,,,,,,,,,,,,,,,,,,,,,,,, 
SPESTEMNL,"SPECIAL STEEL PRODUCTS CO., INC.",Company,CUST-.YYYY.-,,,,Local,SPESTEMNL,,,,,,,,,,,0,,,,,,,,en,,,"1907-1908 CITYLAND PASONG TAMO TOWER2210 DON CHINO ROCES AVE. BRGY. PIO DEL PILLAR,MAKATI CITY",,,,,,,,,,,,,,0,0,0,0,0,,Good,718740616,Clear,3A3,,,,,,,,,,,,,,,,,,,,,,,,, 
SPEPULCEB,SPECIALTY PULP MANUFACTURING INC,Company,CUST-.YYYY.-,,,,Local,SPEPULCEB,,,,,,,,,,,0,,,,,,,,en,,,"NEW JUBILEE AGRO-INDUSTRIAL ECONOMIC ZONEBRGY., HILAPNITAN, MUNICIPALITY OF BAYBAY,LEYTE",,,,,,,,,,,,,,0,0,0,0,0,,Good,726276207,Flagged,DS,,,,,,,,,,,,,,,,,,,,,,,,, 
SOUSEAMNL,"SOUTH SEAS NATIVE TREASURES, INC.",Company,CUST-.YYYY.-,,,,Local,SOUSEAMNL,,,,,,,,,,,0,,,,,,,,en,,,"UNIT C, WINDSOUTH 2 BUILDING 104 EAST SCIENCE AVE.LAGUNA TECHNOPARK, SEZ BINAN,LAGUNA",,,jannine@southseasphil.com,,,,,,,,,,,0,0,0,0,0,,Good,722270725,Flagged,DS,,,,,,,,,,,,,,,,,,,,,,,,, 
SOUPROMNL,SOUTHERN PROCESSING CORP.,Company,CUST-.YYYY.-,,,,Local,SOUPROMNL,,,,,,,,,,,0,,,,,,,,en,,,"DIVERSION ROAD DOMOIT 4301 LUCENA CITY (CAPITAL)QUEZON PHILIPPINES,LUCENA",,,,,,,,,,,,,,0,0,0,0,0,,Good,718699275,Clear,AA-,,,,,,,,,,,,,,,,,,,,,,,,, 
SOUASIMNL,SOUTHEAST ASIA FOODS INC.,Company,CUST-.YYYY.-,,,,Local,SOUASIMNL,,,,,,,,,,,0,,,,,,,,en,,,"12/F CENTERPOINT CONDOMINIUM GARNET ROADCOR. JULIA VARGAS AVE. ORTIGAS CENTER,PASIG CITY",,,,,,,,,,,,,,0,0,0,0,0,,Good,718830961,Flagged,NQ4,,,,,,,,,,,,,,,,,,,,,,,,, 
SOMPHIMNL,SOMNOMED PHILIPPINES INC.,Company,CUST-.YYYY.-,,,,Local,SOMPHIMNL,,,,,,,,,,,0,,,,,,,,en,,,"ALLEGRO CENTER 3RD FLOORPASONG TAMO EXTENSION 2284,MAKATI CITY",,639176523279,lcasedo@somnomed.com,,,,,,,,,,,0,0,0,0,0,,Good,721561280,Flagged,N4,,,,,,,,,,,,,,,,,,,,,,,,, 
SITCONMNL,"SITC CONTAINER LINES PHILS., INC.",Company,CUST-.YYYY.-,,,,Local,SITCONMNL,,,,,,,,,,,0,,,,,,,,en,,,"7TH FLOOR TOWER A TWO E-COM CENTERBAYSHORE AVE. BRGY.076,PASAY CITY",,,sitcmgt@sitcphil.com.ph,,,,,,,,,,,0,0,0,0,0,,Good,721932796,Clear,N-,,,,,,,,,,,,,,,,,,,,,,,,, 
SINCARMNL,"SINO CARGOWORKS AGENCIES, INC.",Company,CUST-.YYYY.-,,,,Local,SINCARMNL,,,,,,,,,,,0,,,,,,,,en,,,"UNIT 703 7TH FLOOR, EASTERFIELD CENTER BLDGMACAPAGAL AVENUE,PASAY CITY",,,,,,,,,,,,,,0,0,0,0,0,,Good,720104033,Clear,2A-,,,,,,,,,,,,,,,,,,,,,,,,, 
SINASIMNL,SINO ASIA LINES INC,Company,CUST-.YYYY.-,,,,Local,SINASIMNL,,,,,,,,,,,0,,,,,,,,en,,,"c/o Everbest Shipping Agency240 G. P. Sevilla St. 5th Avenue,Grace Park, Kalookan City",,,,,,,,,,,,,,0,0,0,0,0,,Good,,No Match,,,,,,,,,,,,,,,,,,,,,,,,,, 
SIKPHIMNL,SIKA PHILIPPINES INC,Company,CUST-.YYYY.-,,,,Local,SIKPHIMNL,,,,,,,,,,,0,,,,,,,,en,,,"NO. 888 CAYETANO AVENUE WAREHOUSE 5 AND 6, C5 EXT.DIVERSION RD. PALINGON-TIPAS,TAGUIG CITY",,,panao.joanna@ph.sika.com,,,,,,,,,,,0,0,0,0,0,,Good,718682230,Clear,4A3,,,,,,,,,,,,,,,,,,,,,,,,, 
SIILOGMNL,SIIX LOGISTICS PHILS. INC.,Company,CUST-.YYYY.-,,,,Local,SIILOGMNL,,,,,,,,,,,0,,,,,,,,en,,,"108 COMPETENCE DRIVE CARMELRAY INDUSTRIAL PARK1 SEPZ CANLUBANG,CALAMBA CITY",,,export@miffi.com.ph,,,,,,,,,,,0,0,0,0,0,,Good,718841117,Flagged,NQ4,,,,,,,,,,,,,,,,,,,,,,,,, 
SIIEMSMNL,"SIIX EMS PHILIPPINES, INC.",Company,CUST-.YYYY.-,,,,Local,SIIEMSMNL,,,,,,,,,,,0,,,,,,,,en,,,"#108 COMPETENCE DRIVE CARMELRAY INDUSTRIAL PARK 1SEPZ, BRGY. CANLUBANG,CALAMBA CITY LAGUNA",,63288962015,winda.montejo@siix.com.ph,,,,,,,,,,,0,0,0,0,0,,Good,722577228,Clear,5A3,,,,,,,,,,,,,,,,,,,,,,,,, 
SHITRAMNL,SHIPCO TRANSPORT (PHILIPPINES) INC.,Company,CUST-.YYYY.-,,,,Local,SHITRAMNL,,,,,,,,,,,0,,,,,,,,en,,,"6TH FLOOR TIM BUILDING5600 SERGIO OSMENA HIGHWAY BRGY. PALANAN,MAKATI CITY",,639399209434,mnl@shipco.com,,,,,,,,,,,0,0,0,0,0,,Good,721395630,Clear,3A-,,,,,,,,,,,,,,,,,,,,,,,,, 
SHIPHIMNL,SHIMANO (PHILIPPINES) INC.,Company,CUST-.YYYY.-,,,,Local,SHIPHIMNL,,,,,,,,,,,0,,,,,,,,en,,,"LOT 21 A PHASE 1B FIRST PHILIPPINE INDUSTRIAL PARKBATANGAS,TANAUAN CITY",,,MelissaLat@sph.shimano.com.sg,,,,,,,,,,,0,0,0,0,0,,Good,722376944,Clear,5A-,,,,,,,,,,,,,,,,,,,,,,,,, 
SHIMADMNL,SHIMADZU PHILIPPINES MANUFACTURING INC.,Company,CUST-.YYYY.-,,,,Local,SHIMADMNL,,,,,,,,,,,0,,,,,,,,en,,,"PHASE III , LOT 15, BLOCK 15, CAVITE EPZ,,ROSARIO, CAVITE",,,impex2@shimadzuspm.ph,,,,,,,,,,,0,0,0,0,0,,Good,718902117,Clear,5A3,,,,,,,,,,,,,,,,,,,,,,,,, 
SHECOTMNL,SHELMED COTTAGE TREASURES,Company,CUST-.YYYY.-,,,,Local,SHECOTMNL,,,,,,,,,,,0,,,,,,,,en,,,"F. LOTIVIO STREET,DARAGA, ALBAY",,,jimmanzanillo1965@gmail.com,,,,,,,,,,,0,0,0,0,0,,Good,718776867,Flagged,DS,,,,,,,,,,,,,,,,,,,,,,,,, 
SHEARTMNL,"SHELL ARTS CO., INC.",Company,CUST-.YYYY.-,,,,Local,SHEARTMNL,,,,,,,,,,,0,,,,,,,,en,,,"FIRST CAVITE INDUSTRIAL ESTATE(FCIE)GOV. DRIVE BGY. LANGKAAN,DASMARINAS",,,abigailbarcoshellarts@gmail.com,,,,,,,,,,,0,0,0,0,0,,Good,718672421,Clear,3A3,,,,,,,,,,,,,,,,,,,,,,,,, 
SEOBEAMNL,SEOUL BEAUTY INC.,Company,CUST-.YYYY.-,,,,Local,SEOBEAMNL,,,,,,,,,,,0,,,,,,,,en,,,"#36 SCT. ST. BRGY. LAGING HANDASANTIAGO DEL MONTE,QUEZON CITY",,639212817669,gck@seoulwhitekorea.com,,,,,,,,,,,0,0,0,0,0,,Good,727662460,Flagged,DS,,,,,,,,,,,,,,,,,,,,,,,,, 
SEMMINMNL,SEMIRARA MINING AND POWER CORPORATION,Company,CUST-.YYYY.-,,,,Local,SEMMINMNL,,,,,,,,,,,0,,,,,,,,en,,,"2ND FLOOR DMCI PLAZA 2281 DON CHINO ROCES AVENUEMAGALLANES,CITY OF MAKATI",,,,,,,,,,,,,,0,0,0,0,0,,Good,718695372,Clear,5A2,,,,,,,,,,,,,,,,,,,,,,,,, 
SEACUSMNL1,SEABORNE CUSTOMS SERVICES COMPANY INC.,Company,CUST-.YYYY.-,,,,Local,SEACUSMNL1,,,,,,,,,,,0,,,,,,,,en,,,"1728 DELIXIO BLDG. SINGALONG ST.MALATE,MANILA",,,,,,,,,,,,,,0,0,0,0,0,,Good,,No Match,,,,,,,,,,,,,,,,,,,,,,,,,, 
SEACHEMNL,"SEALBOND CHEMICAL INDUSTRIES, INC.",Company,CUST-.YYYY.-,,,,Local,SEACHEMNL,,,,,,,,,,,0,,,,,,,,en,,,"A-2 GEN. NATIVIDAD ST. IBAYO TIPAS,TAGUIG CITY",,,s_roquero@yahoo.com,,,,,,,,,,,0,0,0,0,0,,Good,721530640,Clear,3A3,,,,,,,,,,,,,,,,,,,,,,,,, 
SCUMARMNL,SCUDERIA MARKETING AND DISTRIBUTION CORPORATION,Company,CUST-.YYYY.-,,,,Local,SCUMARMNL,,,,,,,,,,,0,,,,,,,,en,,,"1 PAG-ASA ST. PATUBIG,MARILAO",,,,,,,,,,,,,,0,0,0,0,0,,Good,725952170,Clear,2AA3,,,,,,,,,,,,,,,,,,,,,,,,, 
SCOMFGMNL,SCOUT MFG. INDUSTRIAL INC.,Company,CUST-.YYYY.-,,,,Local,SCOMFGMNL,,,,,,,,,,,0,,,,,,,,en,,,"LUZON AVENUE PHASE IBRGY MALAYA MARIVELES BATAAN,PHMNL",,639121339986,gracie@dong-in.com,,,,,,,,,,,0,0,0,0,0,,Good,659621758,Flagged,DS,,,,,,,,,,,,,,,,,,,,,,,,, 
SANMIGYMDL,SAN MIGUEL YAMAMURA PACKAGING CORPORATION,Company,CUST-.YYYY.-,,,,Local,SANMIGYMDL,,,,,,,,,,,0,,,,,,,,en,,,"10TH FLR., SAN MIGUEL PROPERTIES CENTRENO. 7 SAIN FRANCIS ST., ORTIGAS CENTER,MANDALUYONG CITY",,,,,,,,,,,,,,0,0,0,0,0,,Good,718923741,Clear,5A3,,,,,,,,,,,,,,,,,,,,,,,,, 
SANMIGMMNL,SAN MIGUEL BREWERY INC.,Company,CUST-.YYYY.-,,,,Local,SANMIGMMNL,,,,,,,,,,,0,,,,,,,,en,,,"40 SAN MIGUEL AVENUE,MANDALUYONG CITY",,,,,,,,,,,,,,0,0,0,0,0,,Good,718993959,Clear,5A2,,,,,,,,,,,,,,,,,,,,,,,,, 
SANMIGDVO,SAN MIGUEL FOODS POULTRY PROCESSING PLANT,Company,CUST-.YYYY.-,,,,Local,SANMIGDVO,,,,,,,,,,,0,,,,,,,,en,,,"DARONG, STA CRUZ PLANT, DAVAO DEL SUR,DAVAO DEL SUR",,,,,,,,,,,,,,0,0,0,0,0,,Good,673045587,Flagged,DS,,,,,,,,,,,,,,,,,,,,,,,,, 
SANDENMNL,SANYO DENKI PHILIPPINES INC.,Company,CUST-.YYYY.-,,,,Local,SANDENMNL,,,,,,,,,,,0,,,,,,,,en,,,"NO. 2 BLOCK F-1 SUBIC TECHNO PARKARGONAUT HIGHWAY, BOTON AREA SBFZ,OLONGAPO CITY",,639186774934,sdp-finance2@sanyodenki.com,,,,,,,,,,,0,0,0,0,0,,Good,718890098,Clear,5A2,,,,,,,,,,,,,,,,,,,,,,,,, 
SAMELEMMNL,SAMSUNG ELECTRO-MECHANICS PHILIPPINES CORPORATION,Company,CUST-.YYYY.-,,,,Local,SAMELEMMNL,,,,,,,,,,,0,,,,,,,,en,,,"BLK. 5&6 CALAMBA PREMIER INTERNATIONAL PARK ,BARANGAY BATINO, PRINZA CALAMBA CITY,CALAMBA CITY",,,,,,,,,,,,,,0,0,0,0,0,,Good,718833668,Clear,5A3,,,,,,,,,,,,,,,,,,,,,,,,, 
REPBISMNL,REPUBLIC BISCUIT CORPORATION,Company,CUST-.YYYY.-,,,,Local,REPBISMNL,,,,,,,,,,,0,,,,,,,,en,,,"57 GEN LUIS ST., SITIO CAPREBRGY NAGKAISANG NAYON AREA 9 DIST II, NOVALICHES,QUEZON CITY",,,arsenia.cayanan@rebisco.rebmain.com,,,,,,,,,,,0,0,0,0,0,,Good,718774581,Clear,5A3,,,,,,,,,,,,,,,,,,,,,,,,, 
REMENTMNL,REMAL ENTERPRISES INC.,Company,CUST-.YYYY.-,,,,Local,REMENTMNL,,,,,,,,,,,0,,,,,,,,en,,,"YCT BLDG 829 EDSA COR EUGENIO LOPEZ ST.DILIMAN,QUEZON CITY",,,,,,,,,,,,,,0,0,0,0,0,,Good,718897093,Clear,3A3,,,,,,,,,,,,,,,,,,,,,,,,, 
RELPROMNL,RELIANCE PRODUCERS COOPERATIVE (RPC),Company,CUST-.YYYY.-,,,,Local,RELPROMNL,,,,,,,,,,,0,,,,,,,,en,,,"NO. 7, GOLDEN MILE AVE.,GOLDEN MILE BUSINESS PARK MADUYA,CARMONA",,,maryann.sardalla@rpc.com.ph,,,,,,,,,,,0,0,0,0,0,,Good,659638755,Flagged,DS,,,,,,,,,,,,,,,,,,,,,,,,, 
QESTECMNL,"QES TECHNOLOGY PHILIPPINES, INC",Company,CUST-.YYYY.-,,,,Local,QESTECMNL,,,,,,,,,,,0,,,,,,,,en,,,"UNIT 507 PAGE 1 BLDG. 1215 ACACIA AVE.MADRIGAL BUSINESS PARK ALABANG,MUNTINLUPA CITY",,63287711251,odense@qesnet.com,,,,,,,,,,,0,0,0,0,0,,Good,659624929,Clear,2A3,,,,,,,,,,,,,,,,,,,,,,,,, 
PURDUTPAM,PUREGOLD DUTYFREE INC.,Company,CUST-.YYYY.-,,,,Local,PURDUTPAM,,,,,,,,,,,0,,,,,,,,en,,,"CM RECTO HIGHWAY CORNER P. KALAW STREET,,CLARKFIELD",,,abarrios@puregold.com.ph,,,,,,,,,,,0,0,0,0,0,,Good,,No Match,,,,,,,,,,,,,,,,,,,,,,,,,, 
PURDUTMNL,"PUREGOLD DUTY FREE, INC.",Company,CUST-.YYYY.-,,,,Local,PURDUTMNL,,,,,,,,,,,0,,,,,,,,en,,,"BESIDE DFP, 2ND LEVEL, ARRIVAL IMMIGRATION AREA,NAIA TERMINAL 3, NAIA BARANGAY 183,PASAY CITY, PHILIPPINES",,639228980331,logistics@edfconce.com,,,,,,,,,,,0,0,0,0,0,,Good,718968787,Flagged,DS,,,,,,,,,,,,,,,,,,,,,,,,, 
PROMEDMNL,PROGRESSIVE MEDICAL CORPORATION,Company,CUST-.YYYY.-,,,,Local,PROMEDMNL,,,,,,,,,,,0,,,,,,,,en,,,"200 C. RAYMUNDO AVE., CANIOGAN,PASIG CITY",,639208163272,Michelle.Belches@pmc.ph,,,,,,,,,,,0,0,0,0,0,,Good,718789118,Clear,4A2,,,,,,,,,,,,,,,,,,,,,,,,, 
PMFTCMNL,PMFTC INC.,Company,CUST-.YYYY.-,,,,Local,PMFTCMNL,,,,,,,,,,,0,,,,,,,,en,,,"PLANT C & D CHAMPACA STREETBARANGAY FORTUNE,MARIKINA CITY",,,nelissa.marcos@pmi.com,,,,,,,,,,,0,0,0,0,0,,Good,721489201,Clear,5A3,,,,,,,,,,,,,,,,,,,,,,,,, 
PINSUPMNL,PINNACLE SUPPLIES AND SERVICES UNLIMITED INC,Company,CUST-.YYYY.-,,,,Local,PINSUPMNL,,,,,,,,,,,0,,,,,,,,en,,,"2ND, 3RD AND 4TH FLR JELGO BLDG., J.M. ST.CITYLAND SUBD.,CARMONA CAVITE",,639178192895,finance@pinnaclemedical.com.ph,,,,,,,,,,,0,0,0,0,0,,Good,725337943,Clear,3A3,,,,,,,,,,,,,,,,,,,,,,,,, 
PHIRETMNL,"PHILIPPINE RETAIL FORMULAS, INC.",Company,CUST-.YYYY.-,,,,Local,PHIRETMNL,,,,,,,,,,,0,,,,,,,,en,,,"IGNITION VENTURE STUDIO, NORTH PENTHOUSE UNIT,MARAJO 312, 26TH ST COR 4TH AVE, FORT BONIFACIO,TAGUIG CITY",,639178115118,paolo@prf.com.co,,,,,,,,,,,0,0,0,0,0,,Good,728320755,Flagged,DS,,,,,,,,,,,,,,,,,,,,,,,,, 
PHIRESMNL,"PHILIPPINE RESINS INDUSTRIES, INC",Company,CUST-.YYYY.-,,,,Local,PHIRESMNL,,,,,,,,,,,0,,,,,,,,en,,,"UNIT 5 22ND FLR ZUELLIG BLDG MKATI AVE COR PASEODE ROXS AVE. URDANETA 1225,MAKATI CITY",,639088765966,dlucernas_ph@eg.keihin.co.jp,,,,,,,,,,,0,0,0,0,0,,Good,718909591,Clear,5A3,,,,,,,,,,,,,,,,,,,,,,,,, 
PHIGROMNL,PHILIPPINE GROCERS FOOD EXPORTS INC.,Company,CUST-.YYYY.-,,,,Local,PHIGROMNL,,,,,,,,,,,0,,,,,,,,en,,,"2ND FLR. MEJORE COMPOUND#401 F. LEGASPI ST. MAYBUNGA,,PASIG CITY",,,sales@philippinegrocers.com,,,,,,,,,,,0,0,0,0,0,,Good,721507085,Clear,3A3,,,,,,,,,,,,,,,,,,,,,,,,, 
PHIGREMNL,"PHIL GREEN PLASTICS, CORPORATION",Company,CUST-.YYYY.-,,,,Local,PHIGREMNL,,,,,,,,,,,0,,,,,,,,en,,,"11TH AVENUE BLOCK 25, PHASE2,BEZ MARIVELES BATAAN",,,,,,,,,,,,,,0,0,0,0,0,,Good,,No Match,,,,,,,,,,,,,,,,,,,,,,,,,, 
PHICANCEB,PHILBEST CANNING CORPORATION,Company,CUST-.YYYY.-,,,,Local,PHICANCEB,,,,,,,,,,,0,,,,,,,,en,,,"PUROK SAYDALA, BARRIO TAMBLERGENERAL SANTOS CITY 9500,PHILIPPINES",,,,,,,,,,,,,,0,0,0,0,0,,Good,,No Match,,,,,,,,,,,,,,,,,,,,,,,,,, 
PHIBONNMNL,"PHILIPPINE BONDED WAREHOUSE SERVICE,INC.",Company,CUST-.YYYY.-,,,,Local,PHIBONNMNL,,,,,,,,,,,0,,,,,,,,en,,,"PHILIPPINE MANUFACTURING INCNO 13 & 14 C3 ROAD NAVOTAS,METRO MANILA",,,,,,,,,,,,,,0,0,0,0,0,,Good,718832371,Clear,D-,,,,,,,,,,,,,,,,,,,,,,,,, 
PHIBATMNL,PHILIPPINE BATTERIES INC.,Company,CUST-.YYYY.-,,,,Local,PHIBATMNL,,,,,,,,,,,0,,,,,,,,en,,,"STA MARIA INDUSTRIAL PARKBO BULAC SPECIAL ECONOMIC ZONE,STA. MARIA, BULACAN",,,,,,,,,,,,,,0,0,0,0,0,,Good,718845183,Clear,4AA3,,,,,,,,,,,,,,,,,,,,,,,,, 
PHIADVMNL,PHILIPPINE ADVANCED PROCESSING TECHNOLOGY INC,Company,CUST-.YYYY.-,,,,Local,PHIADVMNL,,,,,,,,,,,0,,,,,,,,en,,,"BLOCK 15 LOT 13, PHASE 3, CAVITE EXPORTPROCESSING ZONE,ROSARIO",,,irvinjohnmatanguihan02@gmail.com,,,,,,,,,,,0,0,0,0,0,,Good,718909856,Clear,4A3,,,,,,,,,,,,,,,,,,,,,,,,, 
PETPAUPMNL,PETER PAUL PHILIPPINE CORPORATION,Company,CUST-.YYYY.-,,,,Local,PETPAUPMNL,,,,,,,,,,,0,,,,,,,,en,,,"3RD FL., UNIT D, JMT CORPORATECONDOMINIUM, ADB AVENUE, ORTIGAS CENTER,PASIG CITY",,,export@peterpaul.com.ph,,,,,,,,,,,0,0,0,0,0,,Good,718900756,Clear,HH3,,,,,,,,,,,,,,,,,,,,,,,,, 
PETPAUCMNL,PETER PAUL COCONUT WATER CORPORATION,Company,CUST-.YYYY.-,,,,Local,PETPAUCMNL,,,,,,,,,,,0,,,,,,,,en,,,"3RD FLR. UNIT D,JMT CORPORATE CODOMINIUM, ADBAVE. ORTIGAS CENTER,PASIG CITY",,,accounting.ppcwc@peterpaul.com.ph,,,,,,,,,,,0,0,0,0,0,,Good,722659406,Clear,4A3,,,,,,,,,,,,,,,,,,,,,,,,, 
PEPCOLBTG,"PEPSI-COLA PRODUCTS PHILIPPINES, INC.",Company,CUST-.YYYY.-,,,,Local,PEPCOLBTG,,,,,,,,,,,0,,,,,,,,en,,,"MAHARLIKA HI-WAYBRGY. SAN MIGUEL,CITY OF STO TOMAS",,639176311509,ranier.rosacay@pcppi.com.ph,,,,,,,,,,,0,0,0,0,0,,Good,722887932,Flagged,DS,,,,,,,,,,,,,,,,,,,,,,,,, 
PAUYUPCEB,PAUL-YU PHILIPPINES CORPORATION,Company,CUST-.YYYY.-,,,,Local,PAUYUPCEB,,,,,,,,,,,0,,,,,,,,en,,,"MEPZ II, LOT 3 BLOCK 7 BASE 1 BASAKLAPU LAPU CITY,CEBU",,639352412070,shipping@paulyu.com.tw,,,,,,,,,,,0,0,0,0,0,,Good,719428369,Clear,O-,,,,,,,,,,,,,,,,,,,,,,,,, 
PANMANMNL,PANASONIC MANUFACTURING PHILIPPINES CORP.,Company,CUST-.YYYY.-,,,,Local,PANMANMNL,,,,,,,,,,,0,,,,,,,,en,,,"BO. MAPANDAN ORTIGAS AVENUE EXTENSIONTAYTAY,,RIZAL PHILIPPINES",,,,,,,,,,,,,,0,0,0,0,0,,Good,718940794,Flagged,DS,,,,,,,,,,,,,,,,,,,,,,,,, 
PACKAGMNL,PACKAGEWORLD INC.,Company,CUST-.YYYY.-,,,,Local,PACKAGMNL,,,,,,,,,,,0,,,,,,,,en,,,"ABI COMPOUNDBO. MALITLIT,STA. ROSA",,,maribel.berjamin@asia-brewery.com,,,,,,,,,,,0,0,0,0,0,,Good,718843345,Clear,5A-,,,,,,,,,,,,,,,,,,,,,,,,, 
PACIFIMNL,"PACIFICSURGICAL, INC.",Company,CUST-.YYYY.-,,,,Local,PACIFIMNL,,,,,,,,,,,0,,,,,,,,en,,,"9TH FLOOR DOMINION BUILDING 833ARNAIZ STREET,MAKATI CITY",,,dalia@pacificsurgical.ph,,,,,,,,,,,0,0,0,0,0,,Good,719805186,Clear,4A-,,,,,,,,,,,,,,,,,,,,,,,,, 
PACDISMNL,PACIFICPHIL DISTRIBUTION GROUP INC.,Company,CUST-.YYYY.-,,,,Local,PACDISMNL,,,,,,,,,,,0,,,,,,,,en,,,"UNIT 706 CITYLAND HERRERA TOWER #98 VARUFINO ST. CORNER VALERO ST.SALCEDO VILLAGE BRGY.,MAKATI CITY",,639176720104,paul.james@onepacgrp.com,,,,,,,,,,,0,0,0,0,0,,Good,724324611,Clear,DD-,,,,,,,,,,,,,,,,,,,,,,,,, 
OROHANCGY,ORO HANDMADE INNOVATIONS INC.,Company,CUST-.YYYY.-,,,,Local,OROHANCGY,,,,,,,,,,,0,,,,,,,,en,,,"ZONE 1, BARRA OPOL,MISAMIS ORIENTAL",,639478902988,info@cdohandmade.com,,,,,,,,,,,0,0,0,0,0,,Good,728103995,Flagged,DS,,,,,,,,,,,,,,,,,,,,,,,,, 
OPTODEMNL,"OPTODEV, INC.",Company,CUST-.YYYY.-,,,,Local,OPTODEMNL,,,,,,,,,,,0,,,,,,,,en,,,"LAGUNA INTERNATIONAL INDUSTRIAL PARK (LIIP)MAMPLASAN,BINAN, LAGUNA",,63498448021,,,,,,,,,,,,0,0,0,0,0,,Good,718825250,Clear,5A2,,,,,,,,,,,,,,,,,,,,,,,,, 
OPTLOGDVO,OPTION LOGISTICS,Company,CUST-.YYYY.-,,,,Local,OPTLOGDVO,,,,,,,,,,,0,,,,,,,,en,,,"2nd Flr. Senido Bldg. II A.C. Cortes AveMandaue City,Cebu Philipines",,,,,,,,,,,,,,0,0,0,0,0,,Good,,No Match,,,,,,,,,,,,,,,,,,,,,,,,,, 
OOCLOGMNL,"OOCL LOGISTICS PHILIPPINES, INC",Company,CUST-.YYYY.-,,,,Local,OOCLOGMNL,,,,,,,,,,,0,,,,,,,,en,,,"11TH FLOOR, TWO E-COM CENTRE TOWER BBAYSHORE AVE., MALL OF ASIA COMPLEX,PASAY CITY",,,kristine.esperida@oocllogistics.com,,,,,,,,,,,0,0,0,0,0,,Good,720429331,Clear,1AA-,,,,,,,,,,,,,,,,,,,,,,,,, 
ONBITSMNL,ON-BITS PARTS TECHNOLOGIES INC.,Company,CUST-.YYYY.-,,,,Local,ONBITSMNL,,,,,,,,,,,0,,,,,,,,en,,,"G/F ESR BLDG. 3408 ADORA ST.BGY. TEJEROS,MAKATI CITY",,,clromer@gmail.com,,,,,,,,,,,0,0,0,0,0,,Good,721554194,Clear,1A3,,,,,,,,,,,,,,,,,,,,,,,,, 
OLEFATMNL,"OLEO-FATS, INC.",Company,CUST-.YYYY.-,,,,Local,OLEFATMNL,,,,,,,,,,,0,,,,,,,,en,,,"#5 MERCURY AVENUEBAGUMBAYAN 3 LIBIS,QUEZON CIY",,639338287428,CCTUNGOL@OLEOFATS.COM,,,,,,,,,,,0,0,0,0,0,,Good,718844269,Clear,5A3,,,,,,,,,,,,,,,,,,,,,,,,, 
NSBENGMNL,NSB ENGINEERING AND FABRICATION,Company,CUST-.YYYY.-,,,,Local,NSBENGMNL,,,,,,,,,,,0,,,,,,,,en,,,"PUROK 4 309 ML QUEZON STLOWER BICUTAN,TAGUIG CITY",,,,,,,,,,,,,,0,0,0,0,0,,Good,,No Match,,,,,,,,,,,,,,,,,,,,,,,,,, 
NIPSANMNL2,NIPPON SANSO INGASCO PHILIPPINES INC,Company,CUST-.YYYY.-,,,,Local,NIPSANMNL2,,,,,,,,,,,0,,,,,,,,en,,,"INDUSTRIAL TOWNSHIP BRGY PAGASPAS,TANAUAN",,,omar.bondoc@ns-ingasco.com.ph,,,,,,,,,,,0,0,0,0,0,,Good,721548907,Clear,4AA3,,,,,,,,,,,,,,,,,,,,,,,,, 
NIKPHIMNL,NIKKOSHI PHILIPPINES CORPORATION,Company,CUST-.YYYY.-,,,,Local,NIKPHIMNL,,,,,,,,,,,0,,,,,,,,en,,,"LOT 3, FIRST ST. FIRST PHILIPPINE INDUSTRIAL PARKBRGY. STA. ANASTACIA,,STO. TOMAS",,,,,,,,,,,,,,0,0,0,0,0,,Good,722685211,Flagged,DS,,,,,,,,,,,,,,,,,,,,,,,,, 
NIDSUBCMNL,NIDEC SUBIC PHILIPPINES CORPORATION,Company,CUST-.YYYY.-,,,,Local,NIDSUBCMNL,,,,,,,,,,,0,,,,,,,,en,,,"BLOCK B SUBIC TECHNOPARKARGONAUT HIGHWAY, BOTON AREA,SUBIC BAY FREE ZONE",,,mayviel.bogtong@nidec.com,,,,,,,,,,,0,0,0,0,0,,Good,718857949,Clear,5A2,,,,,,,,,,,,,,,,,,,,,,,,, 
NIDSANMNL,NIDEC SANKYO PHILIPPINES CORPORATION,Company,CUST-.YYYY.-,,,,Local,NIDSANMNL,,,,,,,,,,,0,,,,,,,,en,,,"NSFL #1 BINARY STREET COR MAIN AVENUE LISP 1BRGY DIEZMO CABUYAO CITY,BINAN LAGUNA 4024 PHILS",,,,,,,,,,,,,,0,0,0,0,0,,Good,,No Match,,,,,,,,,,,,,,,,,,,,,,,,,, 
NIDPREMNL,NIDEC PRECISION PHILIPPINES CORPORATION,Company,CUST-.YYYY.-,,,,Local,NIDPREMNL,,,,,,,,,,,0,,,,,,,,en,,,"119 EAST MAIN AVENUE, LAGUNA TECHNOPARK SPECIALECONOMIC ZONE, BINAN,LAGUNA",,,joivi.arellano@nidec.com,,,,,,,,,,,0,0,0,0,0,,Good,718953813,Clear,5A2,,,,,,,,,,,,,,,,,,,,,,,,, 
NIDPHIMNL,NIDEC PHILIPPINES CORPORATION,Company,CUST-.YYYY.-,,,,Local,NIDPHIMNL,,,,,,,,,,,0,,,,,,,,en,,,"136 NORTH SCIENCE AVE. EXTENSIONSPECIAL ECONOMIC ZONE LAGUNA TECHNOPARK,BINAN LAGUNA",,,mayviel.bogtong@nidec.com,,,,,,,,,,,0,0,0,0,0,,Good,718898596,Clear,5A-,,,,,,,,,,,,,,,,,,,,,,,,, 
NIDINSMNL,NIDEC INSTRUMENTS (PHILIPPINES) CORPORATION,Company,CUST-.YYYY.-,,,,Local,NIDINSMNL,,,,,,,,,,,0,,,,,,,,en,,,"NO. 01 MAIN AVENUE COR. BINARY ST.LISP 1- SEZ DIEZMO 4025 CABUYAO,CABUYAO CITY",,,maryclaire.carandang@nidec-instruments.com.ph,,,,,,,,,,,0,0,0,0,0,,Good,722897477,Clear,N3,,,,,,,,,,,,,,,,,,,,,,,,, 
NEWTRIMNL,NEW TRIUMPH GENERAL MERCHANDISING CORP.,Company,CUST-.YYYY.-,,,,Local,NEWTRIMNL,,,,,,,,,,,0,,,,,,,,en,,,"58 CM RECTO AVENUESTA. CRUZ,MANILA",,,newtriumph_corp@yahoo.com,,,,,,,,,,,0,0,0,0,0,,Good,720659259,Clear,3A3,,,,,,,,,,,,,,,,,,,,,,,,, 
NETMFGMNL,NETTEX MFG. & EXPORT CORP.,Company,CUST-.YYYY.-,,,,Local,NETMFGMNL,,,,,,,,,,,0,,,,,,,,en,,,"LAMCO ST. BO. LAWANG BATO,,VALENZUELA CITY",,,melmorales_728@yahoo.com,,,,,,,,,,,0,0,0,0,0,,Good,,No Match,,,,,,,,,,,,,,,,,,,,,,,,,, 
NESPHILGU,NESTLE PHILIPPINES INC.,Company,CUST-.YYYY.-,,,,Local,NESPHILGU,,,,,,,,,,,0,,,,,,,,en,,,"BO. NIUGAN,CABUYAO",,,,,,,,,,,,,,0,0,0,0,0,,Good,723418653,Flagged,DS,,,,,,,,,,,,,,,,,,,,,,,,, 
NATLEGCEB,"NATURES LEGACY EXIMPORT, INC.",Company,CUST-.YYYY.-,,,,Local,NATLEGCEB,,,,,,,,,,,0,,,,,,,,en,,,"UPPER COGON COMPOSTELA,CEBU",,,,,,,,,,,,,,0,0,0,0,0,,Good,719570699,Clear,3A-,,,,,,,,,,,,,,,,,,,,,,,,, 
NATGRIMNL,NATIONAL GRID CORPORATION OF THE PHILIPPINES,Company,CUST-.YYYY.-,,,,Local,NATGRIMNL,,,,,,,,,,,0,,,,,,,,en,,,"NATIONAL TRANSMISSION CORPORATION POWER CENTERQUEZON AVENUE CORNER BIR ROAD, DILIMAN,QUEZON CITY",,,TIPNGCP@ngcp.ph,,,,,,,,,,,0,0,0,0,0,,Good,721464600,Clear,N-,,,,,,,,,,,,,,,,,,,,,,,,, 
NATCRAMNL,"NATIVE CRAFTS & ARTS INDUSTRIES, INC.",Company,CUST-.YYYY.-,,,,Local,NATCRAMNL,,,,,,,,,,,0,,,,,,,,en,,,"BRGY. PIO CRUZCOSA, MCARTHUR HI-WAYCALUMPIT,BULACAN",,,napchan@ncabiz.com,,,,,,,,,,,0,0,0,0,0,,Good,718824782,Clear,2A3,,,,,,,,,,,,,,,,,,,,,,,,, 
NATAERMNL,NATURA AEROPACK CORPORATION,Company,CUST-.YYYY.-,,,,Local,NATAERMNL,,,,,,,,,,,0,,,,,,,,en,,,"FIRST INDUSTRIAL TOWNSHIP SPECIAL ECONOMIC ZONEBRGY. PAGASPAS,TANAUAN CITY",,,,,,,,,,,,,,0,0,0,0,0,,Good,719046799,Flagged,DS,,,,,,,,,,,,,,,,,,,,,,,,, 
MULRNCMNL,"MULTIFLEX RNC PHILS., INC.",Company,CUST-.YYYY.-,,,,Local,MULRNCMNL,,,,,,,,,,,0,,,,,,,,en,,,"KM 23, EAST SERVICE ROADSOUTH SUPERHIGHWAY, BARRIO CUPANG,MUNTINLUPA",,639178352560,shella.luminario@uratex.com.ph,,,,,,,,,,,0,0,0,0,0,,Good,718703861,Clear,5A2,,,,,,,,,,,,,,,,,,,,,,,,, 
MTCOPTMNL,MTC OPTO MEDIC INC.,Company,CUST-.YYYY.-,,,,Local,MTCOPTMNL,,,,,,,,,,,0,,,,,,,,en,,,"YROLF BLDG. 631-635 RONQUILLO ST.QUIAPO,MANILA",,,marichris.onglim@mtcph.com,,,,,,,,,,,0,0,0,0,0,,Good,718910896,Clear,3A3,,,,,,,,,,,,,,,,,,,,,,,,, 
MSCMEDIMNL,MSC MEDITERRANEAN SHIPPING COMPANY PHILIPPINES INC.,Company,CUST-.YYYY.-,,,,Local,MSCMEDIMNL,,,,,,,,,,,0,,,,,,,,en,,,"15F AIA TOWER 8767 PASEO DE ROXAS BEL-AIR 1209CITY OF MAKATI NCR FOURTH DISTRICT PHILIPPINES,MAKATI CITY",,,,,,,,,,,,,,0,0,0,0,0,,Good,850433180,Flagged,DS,,,,,,,,,,,,,,,,,,,,,,,,, 
MOTNAICVE,MOTTAI-NAI PHILIPPINES TECHNOLOGY CORP,Company,CUST-.YYYY.-,,,,Local,MOTNAICVE,,,,,,,,,,,0,,,,,,,,en,,,"UNIT 5 BLK 7 LOT 6 FCIEBRGY. LANGKAAN,DASMARINAS",,639062245300,accounting@mptcanodizing.com,,,,,,,,,,,0,0,0,0,0,,Good,722055175,Clear,AA3,,,,,,,,,,,,,,,,,,,,,,,,, 
MORTHAMNL,"MORE THAN A CHAIR, INC.",Company,CUST-.YYYY.-,,,,Local,MORTHAMNL,,,,,,,,,,,0,,,,,,,,en,,,"SITIO LIBUTAD, BRGY. STA. MARIA,,MABALACAT, PAMPANGA",,639285031949,mtcsales1@morethanachair.com,,,,,,,,,,,0,0,0,0,0,,Good,720411578,Clear,O-,,,,,,,,,,,,,,,,,,,,,,,,, 
MOOCONMNL,MOOG CONTROLS CORPORATION PHILS.,Company,CUST-.YYYY.-,,,,Local,MOOCONMNL,,,,,,,,,,,0,,,,,,,,en,,,"BAGUIO CITY ECONOMIC ZONE LOAKAN ROAD,BAGUIO CITY",,,,,,,,,,,,,,0,0,0,0,0,,Good,,No Match,,,,,,,,,,,,,,,,,,,,,,,,,, 
MONPHIMNL,MONDELEZ PHILIPPINES INC.,Company,CUST-.YYYY.-,,,,Local,MONPHIMNL,,,,,,,,,,,0,,,,,,,,en,,,"8378 DR. A. SANTOS AVENUEBF, PARANAQUE,METRO MANILA",,,,,,,,,,,,,,0,0,0,0,0,,Good,723002689,Flagged,DS,,,,,,,,,,,,,,,,,,,,,,,,, 
MONNISMNL,MONDE NISSIN CORPORATION,Company,CUST-.YYYY.-,,,,Local,MONNISMNL,,,,,,,,,,,0,,,,,,,,en,,,"FELIX REYES STREET, BALIBAGOCITY OF SANTA ROSA,LAGUNA",,,,,,,,,,,,,,0,0,0,0,0,,Good,721548303,Flagged,DS,,,,,,,,,,,,,,,,,,,,,,,,, 
MONMYSMNL,MONDE M.Y. SAN CORPORATION,Company,CUST-.YYYY.-,,,,Local,MONMYSMNL,,,,,,,,,,,0,,,,,,,,en,,,"534 GRACIA ST. BRGY. STO. DOMINGO,CAINTA RIZAL",,,,,,,,,,,,,,0,0,0,0,0,,Good,718847908,Clear,5A2,,,,,,,,,,,,,,,,,,,,,,,,, 
MIUSINMNL,MIURA SINGAPORE CO PTE. LTD. PHILIPPINE BRANCH,Company,CUST-.YYYY.-,,,,Local,MIUSINMNL,,,,,,,,,,,0,,,,,,,,en,,,"UNIT 901 9F ALABANG BUSINESS TOWER PH 1MADRIGAL BUSINESS PARK ACACIA AVE. AYALA ALABANG,MUNTINLUPA CITY",,639054614323,ildelyn.magsino@miuraz.com,,,,,,,,,,,0,0,0,0,0,,Good,726329121,Clear,FB,,,,,,,,,,,,,,,,,,,,,,,,, 
MIQLOGMNL,"MIQ LOGISTICS PHILIPPINES, INC.",Company,CUST-.YYYY.-,,,,Local,MIQLOGMNL,,,,,,,,,,,0,,,,,,,,en,,,"GLOBAL LOGISTICS CENTER, UNIT 112,SKY FREIGHT BLDGNINOY AQUINO AVENUE, STO. NINO,PARANAQUE CITY",,639228473645,rita.palmes@miq.com,,,,,,,,,,,0,0,0,0,0,,Good,,No Match,,,,,,,,,,,,,,,,,,,,,,,,,, 
MFICLEMNL,MFIT CLEANTECH INDUSTRIES CORPORATION,Company,CUST-.YYYY.-,,,,Local,MFICLEMNL,,,,,,,,,,,0,,,,,,,,en,,,"9141 BENITEZ COMPOUND DAANG BALITE ROADLALAAN 4118 SILANG,CAVITE",,639178630500,operations@mfitcleantech.com,,,,,,,,,,,0,0,0,0,0,,Good,727672053,Clear,2A3,,,,,,,,,,,,,,,,,,,,,,,,, 
MERCOMMNL,MERIGOLD COMMODITIES CORP,Company,CUST-.YYYY.-,,,,Local,MERCOMMNL,,,,,,,,,,,0,,,,,,,,en,,,"222 P SANTIAGO ST PASO DE BLAS VALENZUELA CITY,PHILIPPINES",,,,,,,,,,,,,,0,0,0,0,0,,Good,718669906,Clear,3A3,,,,,,,,,,,,,,,,,,,,,,,,, 
MERBATMNL,"MERCURY BATTERY INDUSTRIES, INC.",Company,CUST-.YYYY.-,,,,Local,MERBATMNL,,,,,,,,,,,0,,,,,,,,en,,,"330 QUIRINO AVE.,BAESA QUEZON CITY,PHILIPPINES,QUEZON CITY",,,,,,,,,,,,,,0,0,0,0,0,,Good,727625245,Flagged,DS,,,,,,,,,,,,,,,,,,,,,,,,, 
MEGFISMNL,MEGA FISHING CORPORATION,Company,CUST-.YYYY.-,,,,Local,MEGFISMNL,,,,,,,,,,,0,,,,,,,,en,,,"1076 M. NAVALSAN JOSE POB.,NAVOTAS",,,ccruz@megasardines.com,,,,,,,,,,,0,0,0,0,0,,Good,718855711,Clear,3AA3,,,,,,,,,,,,,,,,,,,,,,,,, 
MAELOGAMNL,MAERSK LOGISTICS AND SERVICES PHILIPPINES INC.,Company,CUST-.YYYY.-,,,,Local,MAELOGAMNL,,,,,,,,,,,0,,,,,,,,en,,,"9/F ONE E-COM CENTER, HARBOR DRIVECOR SUNSET AVENUE MALL OF ASIA COMPLEX,PASAY CITY",,,,,,,,,,,,,,0,0,0,0,0,,Good,718847254,Clear,N3,,,,,,,,,,,,,,,,,,,,,,,,, 
LUXGOOMNL,"LUXURY GOODS PHILIPPINES, INC.",Company,CUST-.YYYY.-,,,,Local,LUXGOOMNL,,,,,,,,,,,0,,,,,,,,en,,,"7TH FLOOR GLORIETTA 4 AYALA AVENUEAYALA CENTER SAN LORENZO,MAKATI CITY",,,ronel.panaligan@dbschenker.com,,,,,,,,,,,0,0,0,0,0,,Good,850440169,Clear,4A-,,,,,,,,,,,,,,,,,,,,,,,,, 
LUXFREMNL,"LUXURY FREIGHT AND GLOBAL LOGISTICS, INC.",Company,CUST-.YYYY.-,,,,Local,LUXFREMNL,,,,,,,,,,,0,,,,,,,,en,,,"RM. 317 GEDCOR SQUARE BLDG., IRASAN ST.,NINOY AQUINO AVE., SAN DIONISIO,,PARANAQUE CITY",,63284010163,bul@luxuryfreight.ph,,,,,,,,,,,0,0,0,0,0,,Good,850436430,Clear,2A3,,,,,,,,,,,,,,,,,,,,,,,,, 
LUXFREMMNL,LUXURY FREIGHT AND GLOBAL LOGISTICS INC. FAO: MASSAGE CHAIR,Company,CUST-.YYYY.-,,,,Local,LUXFREMMNL,,,,,,,,,,,0,,,,,,,,en,,,"GEDCOR SQUARE BUILDING LOT D, UNIT A, B & C IRASANSTREET NINOY AQUINO AVE, BRGY. SAN DIONISIO,PARANAQUE CITY",,639255553810,bul@luxuryfreight.ph,,,,,,,,,,,0,0,0,0,0,,Good,850436430,Clear,2A3,,,,,,,,,,,,,,,,,,,,,,,,, 
LUXFRECMNL,LUXURY FREIGHT AND GLOBAL LOGISTICS INC. FAO: CARPET TILES,Company,CUST-.YYYY.-,,,,Local,LUXFRECMNL,,,,,,,,,,,0,,,,,,,,en,,,"GEDCOR SQUARE BUILDING LOT D, UNIT A, B & CIRASAN STREET, NINOY AQUINO AVE.,SAN DIONISIO, PARANAQUE CITY",,,bul@luxuryfreight.ph,,,,,,,,,,,0,0,0,0,0,,Good,722430295,Flagged,DS,,,,,,,,,,,,,,,,,,,,,,,,, 
LUXFREAMNL,LUXURY FREIGHT AND GLOBAL LOGISTICS INC. FAO: ANIMAL FEEDS,Company,CUST-.YYYY.-,,,,Local,LUXFREAMNL,,,,,,,,,,,0,,,,,,,,en,,,"GEDCOR SQUARE BUILDING LOT D, UNIT A, B & C IRASANSTREET NINOY AQUINO AVE. BRGY. SAN DIONISIO,PARANAQUE CITY",,639255553810,bul@luxuryfreight.ph,,,,,,,,,,,0,0,0,0,0,,Good,850436430,Clear,2A3,,,,,,,,,,,,,,,,,,,,,,,,, 
LUFTECMNL,LUFTHANSA TECHNIK PHILIPPINES INC.,Company,CUST-.YYYY.-,,,,Local,LUFTECMNL,,,,,,,,,,,0,,,,,,,,en,,,"MACROASIA ECOZONE, VILLAMORAIRBASE,PASAY CITY",,,irene.paraiso@ltp.com.ph,,,,,,,,,,,0,0,0,0,0,,Good,718892151,Clear,5AA3,,,,,,,,,,,,,,,,,,,,,,,,, 
LTINTEMNL,"L & T INTERNATIONAL GROUP, PHILS. INC.",Company,CUST-.YYYY.-,,,,Local,LTINTEMNL,,,,,,,,,,,0,,,,,,,,en,,,"7500 A.BONIFACIO COR, TINSAY STS. CLARKFIELD,CLARK FREEPORT ZONE,PAMPANGA",,,,,,,,,,,,,,0,0,0,0,0,,Good,718830334,Flagged,N4,,,,,,,,,,,,,,,,,,,,,,,,, 
LOUVUIMNL,LOUIS VUITTON (PHILIPPINES) INC.,Company,CUST-.YYYY.-,,,,Local,LOUVUIMNL,,,,,,,,,,,0,,,,,,,,en,,,"LEVEL 23 TOWER I THE ENTERPRISE CENTERAYALA AVENUE PASEO DE ROXAS SAN LORENZO,MAKATI CITY",,63288899412,ramon-ian.candolesas@louisvuitton.com,,,,,,,,,,,0,0,0,0,0,,Good,725795991,Flagged,DS,,,,,,,,,,,,,,,,,,,,,,,,, 
LIVINNMNL,LIVING INNOVATIONS CORP.,Company,CUST-.YYYY.-,,,,Local,LIVINNMNL,,,,,,,,,,,0,,,,,,,,en,,,"LOT 5 NINOY AQUINO AVENUESAN DIONISIO,PARANAQUE",,,,,,,,,,,,,,0,0,0,0,0,,Good,722920915,Flagged,DS,,,,,,,,,,,,,,,,,,,,,,,,, 
LITDRUMNL,LITTMAN DRUG CORPORATION,Company,CUST-.YYYY.-,,,,Local,LITDRUMNL,,,,,,,,,,,0,,,,,,,,en,,,"3RD FLR NO.3 JAIME CARDINAL SIN ST.E. DELA PAZ PLEASANT HILLS,MANDALUYONG CITY",,639338180246,,,,,,,,,,,,0,0,0,0,0,,Good,721076206,Clear,4A-,,,,,,,,,,,,,,,,,,,,,,,,, 
LAROSEMNL,"LA ROSE NOIRE PHILIPPINES, INC.",Company,CUST-.YYYY.-,,,,Local,LAROSEMNL,,,,,,,,,,,0,,,,,,,,en,,,"LOT 1-A & B, IE-05 AREA,M.A. ROXAS HIGHWAY,CLARK FREEPORT ZONE",,639178769912,PHLRNLogistic1@la-rose-noire.com,,,,,,,,,,,0,0,0,0,0,,Good,721979664,Clear,4A3,,,,,,,,,,,,,,,,,,,,,,,,, 
LANDMAMNL,THE LANDMARK CORPORATION,Company,CUST-.YYYY.-,,,,Local,LANDMAMNL,,,,,,,,,,,0,,,,,,,,en,,,"LANDMARK BUILDING AYALA CENTERMAKATI AVENUE,MAKATI",,,,,,,,,,,,,,0,0,0,0,0,,Good,718664667,Clear,5A2,,,,,,,,,,,,,,,,,,,,,,,,, 
KNIGHTMNL,"KNIGHTCLEAN, INC.",Company,CUST-.YYYY.-,,,,Local,KNIGHTMNL,,,,,,,,,,,0,,,,,,,,en,,,"PUROK 3 GENERAL MALVAR STREETBARANGAY SAN VICENTE,,BINAN LAGUNA",,,zandro@greenphils.net,,,,,,,,,,,0,0,0,0,0,,Good,726314339,Clear,O-,,,,,,,,,,,,,,,,,,,,,,,,, 
KMTCMNL,KMTC PHILIPPINES CORPORATION,Company,CUST-.YYYY.-,,,,Local,KMTCMNL,,,,,,,,,,,0,,,,,,,,en,,,"UNIT N1B, 9/F TIMES PLAZA BLDG.U.N AVE COR TAFT AVE. ERMITA MANILA,MANILA",,,,,,,,,,,,,,0,0,0,0,0,,Good,721939916,Clear,3A3,,,,,,,,,,,,,,,,,,,,,,,,, 
KINELEMNL,KINPO ELECTRONICS (PHILS.) INC.,Company,CUST-.YYYY.-,,,,Local,KINELEMNL,,,,,,,,,,,0,,,,,,,,en,,,"BLOCK 7 LOT 1, MAIN BOULEVARD, LIMA TECHNOLOGYCENTRE - SPECIAL ECONOMIC ZONE, LIPA CITY,,BATANGAS",,,,,,,,,,,,,,0,0,0,0,0,,Good,722057254,Clear,5A3,,,,,,,,,,,,,,,,,,,,,,,,, 
KAWMOTMNL,KAWASAKI MOTORS (PHILS) CORPORATION,Company,CUST-.YYYY.-,,,,Local,KAWMOTMNL,,,,,,,,,,,0,,,,,,,,en,,,"KM 23 EAST SERVICE ROAD.,BRGY CUPANG,MUNTINLUPA CITY",,,,,,,,,,,,,,0,0,0,0,0,,Good,718816739,Clear,5A3,,,,,,,,,,,,,,,,,,,,,,,,, 
KARCHEMNL,KARCHER INC.,Company,CUST-.YYYY.-,,,,Local,KARCHEMNL,,,,,,,,,,,0,,,,,,,,en,,,"BAYS 5,6,7 NO .8006 ECH PLAZA,DR. A. SANTOS AVENUE., BRGY. BF HOMES, SUCAT,PARANAQUE CITY",,639176321322,Marlauren.Nicolas@ph.karcher.com,,,,,,,,,,,0,0,0,0,0,,Good,723083523,Clear,2A3,,,,,,,,,,,,,,,,,,,,,,,,, 
JUAFONMNL,JUAN FONG INDUSTRIAL CORP.,Company,CUST-.YYYY.-,,,,Local,JUAFONMNL,,,,,,,,,,,0,,,,,,,,en,,,"LOT IL-2, BLDG. D UNIT 3 & 4 SUBIC BAYGATEWAY PARK PHASE II, SUBIC BAY FREEPORT ZONE,SUBIC",,,jfic.logistic@fu-gees.com,,,,,,,,,,,0,0,0,0,0,,Good,659625424,Flagged,DS,,,,,,,,,,,,,,,,,,,,,,,,, 
JTINTPMNL,JT INTERNATIONAL (PHILIPPINES) INC.,Company,CUST-.YYYY.-,,,,Local,JTINTPMNL,,,,,,,,,,,0,,,,,,,,en,,,"PENTHOUSE W OFFICE BLDG. 28TH ST.CORNER 11 AVENUE BONIFACION GLOBAL CITY,TAGUIG CITY",,,,,,,,,,,,,,0,0,0,0,0,,Good,720802263,Clear,5AA3,,,,,,,,,,,,,,,,,,,,,,,,, 
ITASEIMNL,"ITABASHI SEIKI PHILIPPINES, INC.",Company,CUST-.YYYY.-,,,,Local,ITASEIMNL,,,,,,,,,,,0,,,,,,,,en,,,"LOT1,1A,3 AND 5 BLOCK16, PHASE IVCAVITE ECONOMIC ZONE,ROSARIO",,639177952315,impex.sup@itabashi-seiki.co.jp,,,,,,,,,,,0,0,0,0,0,,Good,718800907,Clear,3A3,,,,,,,,,,,,,,,,,,,,,,,,, 
IONEMSMNL,IONICS EMS INC.,Company,CUST-.YYYY.-,,,,Local,IONEMSMNL,,,,,,,,,,,0,,,,,,,,en,,,"CIRCUIT ST., LIGHT INDUSTRY AND SCIENCE PARK 1BRGY. DIEZMO,,CABUYAO",,,finance@ionics-ems.com,,,,,,,,,,,0,0,0,0,0,,Good,718859135,Clear,4AA3,,,,,,,,,,,,,,,,,,,,,,,,, 
INVMANMNL,INVENTORY MANAGEMENT SERVICES INC,Company,CUST-.YYYY.-,,,,Local,INVMANMNL,,,,,,,,,,,0,,,,,,,,en,,,"BLK 2 PHASE 5 EAST MAIN AVE LAGUNATECHNOPARK INC SEPZ,LAGUNA",,,sarahjennifer.ecotech@gmail.com,,,,,,,,,,,0,0,0,0,0,,Good,718852965,Clear,1A3,,,,,,,,,,,,,,,,,,,,,,,,, 
INFPLAMNL,INFINITY PLASTIC MOULD MACHINERY CO LTD,Company,CUST-.YYYY.-,,,,Local,INFPLAMNL,,,,,,,,,,,0,,,,,,,,en,,,"726 GOZON COMPOUND RIZAL AVE BGY TANONG,MALABON NCR PHILIPPINES",,,,,,,,,,,,,,0,0,0,0,0,,Good,,No Match,,,,,,,,,,,,,,,,,,,,,,,,,, 
IMCPHIMNL,IMCD PHILIPPINES CORPORATION (FORMERLY:DANASIA INC.),Company,CUST-.YYYY.-,,,,Local,IMCPHIMNL,,,,,,,,,,,0,,,,,,,,en,,,"9TH FLOOR WILCON IT HUBCHINO ROCES AVENUE,MAKATI CITY",,,donna.deiparine@imcd.ph,,,,,,,,,,,0,0,0,0,0,,Good,718824139,Clear,4A2,,,,,,,,,,,,,,,,,,,,,,,,, 
IMAPHIMNL,IMASEN PHILIPPINE MANUFACTURING CORPORATION,Company,CUST-.YYYY.-,,,,Local,IMAPHIMNL,,,,,,,,,,,0,,,,,,,,en,,,"101 EAST MAIN AVE.LAGUNA TECHNOPARK,,BINAN",,,amie_torres@imasen.com.ph,,,,,,,,,,,0,0,0,0,0,,Good,718990732,Clear,5A3,,,,,,,,,,,,,,,,,,,,,,,,, 
IFACEMNL,IFACE INC.,Company,CUST-.YYYY.-,,,,Local,IFACEMNL,,,,,,,,,,,0,,,,,,,,en,,,"3481 STA ANA DRIVESUN VALLEY SUBDIVISION,PARANAQUE CITY",,,,,,,,,,,,,,0,0,0,0,0,,Good,721982783,Clear,3A3,,,,,,,,,,,,,,,,,,,,,,,,, 
HOMEDICEB,HOME EDITION MANUFACTURING CORP.,Company,CUST-.YYYY.-,,,,Local,HOMEDICEB,,,,,,,,,,,0,,,,,,,,en,,,"HERNAN CORTES EXT.,TIPOLO,MANDAUE CITY",,,home@homeedition.mfg.com,,,,,,,,,,,0,0,0,0,0,,Good,719576993,Flagged,DS,,,,,,,,,,,,,,,,,,,,,,,,, 
HMRPHIMNL,"HMR PHILIPPINES, INC.",Company,CUST-.YYYY.-,,,,Local,HMRPHIMNL,,,,,,,,,,,0,,,,,,,,en,,,"PIONEER COR RELIANCE ST.,HIGHWAY HILLS BARANGKA ILAYA,MANDALUYONG CITY",,,rhema.abriz@hmrphils.com,,,,,,,,,,,0,0,0,0,0,,Good,718680598,Clear,5AA3,,,,,,,,,,,,,,,,,,,,,,,,, 
HMMPHIMNL,"HMM (PHILIPPINES), INC",Company,CUST-.YYYY.-,,,,Local,HMMPHIMNL,,,,,,,,,,,0,,,,,,,,en,,,"703B-704B EAST TOWER 8921 ASEANA AVENUE BUILDINGTAMBO, CITY OF PARANAQUE NCR, FOURTH DISTRICT,PARANAQUE",,,pheem@hmm21.com,,,,,,,,,,,0,0,0,0,0,,Good,722645074,Clear,3A3,,,,,,,,,,,,,,,,,,,,,,,,, 
HELBABMNL,HELLO BABY GARMENT MANUFACTURING CORP.,Company,CUST-.YYYY.-,,,,Local,HELBABMNL,,,,,,,,,,,0,,,,,,,,en,,,"#389 MANOTOC COMP. BINANG 2ND,BOCAUE",,,arbuez_impex@yahoo.com,,,,,,,,,,,0,0,0,0,0,,Good,659591976,Flagged,DS,,,,,,,,,,,,,,,,,,,,,,,,, 
HEIIMPMNL,HEINEN IMPORT & EXPORT (HEINIMEX) CORP.,Company,CUST-.YYYY.-,,,,Local,HEIIMPMNL,,,,,,,,,,,0,,,,,,,,en,,,"OLD NEOART COMPOUND, STIO CUBOLBRGY SAPA LIBUTOD,ANGELES CITY",,,ressie@heinimex.com,,,,,,,,,,,0,0,0,0,0,,Good,721512622,Clear,3A3,,,,,,,,,,,,,,,,,,,,,,,,, 
GREENPMNL,GREENPHILS INC.,Company,CUST-.YYYY.-,,,,Local,GREENPMNL,,,,,,,,,,,0,,,,,,,,en,,,"BLK.15 LOT11 8TH STREETGOLDEN MILE BUSINESS PARK BRGY. MADUYA,CARMONA",,639178532178,zandro@greenphils.net,,,,,,,,,,,0,0,0,0,0,,Good,722272747,Clear,1A-,,,,,,,,,,,,,,,,,,,,,,,,, 
FURAUTMNL,FURUKAWA AUTOMOTIVE SYSTEMS LIMA PHILIPPINES INC.,Company,CUST-.YYYY.-,,,,Local,FURAUTMNL,,,,,,,,,,,0,,,,,,,,en,,,"PHASE 2A, BLOCK 2, LOT 3LIMA TECHNOLOGY CENTER, LIPA CITY,BATANGAS",,639275746363,rhian.ilagan@tdg-shibusawa.com,,,,,,,,,,,0,0,0,0,0,,Good,721938181,Clear,4A-,,,,,,,,,,,,,,,,,,,,,,,,, 
FUJIFIMNL,FUJIFILM PHILIPPINES INC.,Company,CUST-.YYYY.-,,,,Local,FUJIFIMNL,,,,,,,,,,,0,,,,,,,,en,,,"30TH FLOOR, JOY NOSTALG CENTER,ADB AVENUE ORTIGAS CENTER,PASIG CITY",,,,,,,,,,,,,,0,0,0,0,0,,Good,721939270,Clear,4A2,,,,,,,,,,,,,,,,,,,,,,,,, 
FRECONMNL,"FREIGHT CONNECTION PHILS., INC.",Company,CUST-.YYYY.-,,,,Local,FRECONMNL,,,,,,,,,,,0,,,,,,,,en,,,"UNIT E-I, 3RD FLOOR, MALATE BAYVIEW MANSION,1781 M. ADRIATICO STREET BRGY 699 ZONE 076 MALATE,MANILA CITY",,,,,,,,,,,,,,0,0,0,0,0,,Good,718792955,Clear,3A3,,,,,,,,,,,,,,,,,,,,,,,,, 
FRABAKMNL,FRANKLIN BAKER COMPANY OF THE PHILIPPINES,Company,CUST-.YYYY.-,,,,Local,FRABAKMNL,,,,,,,,,,,0,,,,,,,,en,,,"39 PLAZA DRIVE ROCKWELL CENTER 4TH FLOOR PHINMAPLAZA POBLACION,MAKATI CITY, PHILIPPINES",,639178176300,karen.leuterio@franklinbaker.ph,,,,,,,,,,,0,0,0,0,0,,Good,718655822,Clear,4AA3,,,,,,,,,,,,,,,,,,,,,,,,, 
FRABAKDVO,"FRANKLIN BAKER, INCORPORATED",Company,CUST-.YYYY.-,,,,Local,FRABAKDVO,,,,,,,,,,,0,,,,,,,,en,,,"DADC ECONOMIC ZONE DARONO STA. CRUZ,DAVAO DEL SUR",,,sure.binasa@franklinbaker.com,,,,,,,,,,,0,0,0,0,0,,Good,718655822,Clear,4AA3,,,,,,,,,,,,,,,,,,,,,,,,, 
FASTENMNL,"FASTENERS, INCORPORATED",Company,CUST-.YYYY.-,,,,Local,FASTENMNL,,,,,,,,,,,0,,,,,,,,en,,,"510 MAKISIG STREET BACOOD, BARANGAY 618 ZONE 061STA. MESA,MANILA",,639173004965,export@fasteners.ph,,,,,,,,,,,0,0,0,0,0,,Good,718919459,Clear,3A-,,,,,,,,,,,,,,,,,,,,,,,,, 
FASINTMNL,FASHION INTERIORS MANUFACTURING INC,Company,CUST-.YYYY.-,,,,Local,FASINTMNL,,,,,,,,,,,0,,,,,,,,en,,,"14-18 ENTERPRISE ROAD, PAMPANGA ECONOMIC ZONE,CACUTUD,ANGELES CITY",,,export@fimi.ph,,,,,,,,,,,0,0,0,0,0,,Good,722913647,Clear,3AA-,,,,,,,,,,,,,,,,,,,,,,,,, 
FASFORMNL,FAST FORWARD INC.,Company,CUST-.YYYY.-,,,,Local,FASFORMNL,,,,,,,,,,,0,,,,,,,,en,,,"UNIT 2505 CITYLAND PASONG TAMO TOWER2210 PASONG TAMO CHINO ROCES AVENUE,MAKATI CITY",,,,,,,,,,,,,,0,0,0,0,0,,Good,725321178,Flagged,DS,,,,,,,,,,,,,,,,,,,,,,,,, 
FASDEVMNL,FAS DEVELOPMENT CORPORATION,Company,CUST-.YYYY.-,,,,Local,FASDEVMNL,,,,,,,,,,,0,,,,,,,,en,,,"56 D. BONIFACIO ST., EAST CANUMAY,VALENZUELA CITY",,,mperalta@fasdevcorp.com,,,,,,,,,,,0,0,0,0,0,,Good,,No Match,,,,,,,,,,,,,,,,,,,,,,,,,, 
FACPARMNL,FACE PARTY INC.,Company,CUST-.YYYY.-,,,,Local,FACPARMNL,,,,,,,,,,,0,,,,,,,,en,,,"NO.10, CALLE INDUSTRIABAGUMBAYAN,QUEZON CITY",,639178516634,marivicramirez@sunniesstudios.com,,,,,,,,,,,0,0,0,0,0,,Good,659614815,Clear,3A-,,,,,,,,,,,,,,,,,,,,,,,,, 
EXCQUAMNL,EXCELLENT QUALITY APPAREL INC.,Company,CUST-.YYYY.-,,,,Local,EXCQUAMNL,,,,,,,,,,,0,,,,,,,,en,,,"LOT 5, BLOCK 5, PHASE II,CEZ ROSARIO,CAVITE",,,elpidiomartinez39@yahoo.com,,,,,,,,,,,0,0,0,0,0,,Good,719498248,Clear,1AA3,,,,,,,,,,,,,,,,,,,,,,,,, 
EXCQUAGMNL,EXCELLENT QUALITY GOODS SUPPLY COMPANY,Company,CUST-.YYYY.-,,,,Local,EXCQUAGMNL,,,,,,,,,,,0,,,,,,,,en,,,"1101-1103 RIZAL AVENUE COR FUGOSO ST,BRGY. 335 ZONE 033 STA. CRUZ,MANILA",,,importdocs2@excelsiorph.com,,,,,,,,,,,0,0,0,0,0,,Good,659612646,Flagged,DS,,,,,,,,,,,,,,,,,,,,,,,,, 
EVESHIMNL,EVERGREEN SHIPPING AGENCY PHILS CORP,Company,CUST-.YYYY.-,,,,Local,EVESHIMNL,,,,,,,,,,,0,,,,,,,,en,,,"6TH FLOOR,EQUITABLE BANK TOWER8751 PASEO DE ROXAS ST.,,MAKATI",,,aireenfrancisco@evergreen-shipping.com.ph,,,,,,,,,,,0,0,0,0,0,,Good,721471365,Clear,3A3,,,,,,,,,,,,,,,,,,,,,,,,, 
EURMEDMNL,"EURO-MED LABORATORIES PHIL., INC.",Company,CUST-.YYYY.-,,,,Local,EURMEDMNL,,,,,,,,,,,0,,,,,,,,en,,,"2/F PPL BLDG UNITED NATIONS AVE. COR SAN MARCELINOST. 674 ERMITA,MANILA",,,,,,,,,,,,,,0,0,0,0,0,,Good,718665847,Clear,5A2,,,,,,,,,,,,,,,,,,,,,,,,, 
EURHEAMNL,"EURO-PACIFIC HEALTH CARE DISTRIBUTOR, INC.",Company,CUST-.YYYY.-,,,,Local,EURHEAMNL,,,,,,,,,,,0,,,,,,,,en,,,"5 PINE STREET,WEST FAIRVIEW,QUEZON CITY",,,blueboxlogistics@gmail.com,,,,,,,,,,,0,0,0,0,0,,Good,721396794,Clear,3A-,,,,,,,,,,,,,,,,,,,,,,,,, 
ESSMANMNL,"ESSILOR MANUFACTURING PHILIPPINES, INC.",Company,CUST-.YYYY.-,,,,Local,ESSMANMNL,,,,,,,,,,,0,,,,,,,,en,,,"2ND FLOOR SFB NO. 10FREEPORT AREA OF BATAAN,MARIVELES BATAAN",,639178951549,ruizl@essilor.com.ph,,,,,,,,,,,0,0,0,0,0,,Good,718654098,Clear,5A3,,,,,,,,,,,,,,,,,,,,,,,,, 
ERGEBLMNL,"ERGO EBLOCKS, INC.",Company,CUST-.YYYY.-,,,,Local,ERGEBLMNL,,,,,,,,,,,0,,,,,,,,en,,,"BRGY. SAN FERNANDOMALVAR,MALVAR",,,cnafarrete@ergo.com.ph,,,,,,,,,,,0,0,0,0,0,,Good,723822763,Flagged,DS,,,,,,,,,,,,,,,,,,,,,,,,, 
ERGCONMNL,"ERGO CONTRACTS PHILS., INC.",Company,CUST-.YYYY.-,,,,Local,ERGCONMNL,,,,,,,,,,,0,,,,,,,,en,,,"LOT 3 PHASE II-B CARMELRAY INDUSTRIAL PARK,CANLUBANG",,639988469203,cnafarrete@ergo.com.ph,,,,,,,,,,,0,0,0,0,0,,Good,720944073,Clear,2AA-,,,,,,,,,,,,,,,,,,,,,,,,, 
ENGPREMNL,"ENGTEK PRECISION PHILIPPINES, INC.",Company,CUST-.YYYY.-,,,,Local,ENGPREMNL,,,,,,,,,,,0,,,,,,,,en,,,"L10 PHASE IIA, SPECIAL EXPORT PROCESSING ZONE ICALMERAY INDUSTRIAL PARK 1, CANLUBANG CALAMBA,LAGUNA",,,fa_receivables@engtek.com.ph,,,,,,,,,,,0,0,0,0,0,,Good,718920457,Clear,4A3,,,,,,,,,,,,,,,,,,,,,,,,, 
EHSLENMNL,"EHS LENS PHILIPPINES, INC.",Company,CUST-.YYYY.-,,,,Local,EHSLENMNL,,,,,,,,,,,0,,,,,,,,en,,,"LOT 1-A, PHASE 1-B FIRST PHILIPPINEINDUSTRIAL PARK,TANAUAN CITY",,63495431260,mariadonna.medina@hoya.com,,,,,,,,,,,0,0,0,0,0,,Good,721952240,Clear,5A2,,,,,,,,,,,,,,,,,,,,,,,,, 
EHMETACVE,EH METAL RECYCLING CORPORATION,Company,CUST-.YYYY.-,,,,Local,EHMETACVE,,,,,,,,,,,0,,,,,,,,en,,,"44 AUSTRALIA STREET, SOUTH SUSANA HOMESMOLINO 2, BACOOR,CAVITE",,,,,,,,,,,,,,0,0,0,0,0,,Good,719761611,Flagged,DS,,,,,,,,,,,,,,,,,,,,,,,,, 
EEICORMNL,EEI CORPORATION,Company,CUST-.YYYY.-,,,,Local,EEICORMNL,,,,,,,,,,,0,,,,,,,,en,,,"#12 MANGAHAN ST. BAGUMBAYAN,,QUEZON CITY",,,,,,,,,,,,,,0,0,0,0,0,,Good,723107314,Flagged,DS,,,,,,,,,,,,,,,,,,,,,,,,, 
EDWKELMNL,"EDWARD KELLER (PHILS.), INC.",Company,CUST-.YYYY.-,,,,Local,EDWKELMNL,,,,,,,,,,,0,,,,,,,,en,,,"101 PROSPERITY CORNER UNITY AVENUECARMELRAY INDUSTRIAL PARK 1 CANLUBANG,,CALAMBA",,,rheian.alla@dksh.com,,,,,,,,,,,0,0,0,0,0,,Good,718865900,Clear,4AA2,,,,,,,,,,,,,,,,,,,,,,,,, 
EDSMANMNL,"EDS MANUFACTURING, INC.",Company,CUST-.YYYY.-,,,,Local,EDSMANMNL,,,,,,,,,,,0,,,,,,,,en,,,"EMI SPECIAL ECONOMIC ZONE ANABU II,IMUS, CAVITE",,,scmamolo@emiyazaki.com.ph,,,,,,,,,,,0,0,0,0,0,,Good,718689128,Clear,5A3,,,,,,,,,,,,,,,,,,,,,,,,, 
ECUWORMNL,ECU WORLDWIDE (PHILIPPINES) INC.,Company,CUST-.YYYY.-,,,,Local,ECUWORMNL,,,,,,,,,,,0,,,,,,,,en,,,"UNIT 804-805 8TH FLOOR SCAPE BUILDING D.MACAPAGAL AVENUE, MOA COMPLEX,PASAY CITY",,639088162213,karens@ecuworldwide.com,,,,,,,,,,,0,0,0,0,0,,Good,720475136,Clear,3A3,,,,,,,,,,,,,,,,,,,,,,,,, 
EASCAMMNL,EAST-CAM TECH CORP.,Company,CUST-.YYYY.-,,,,Local,EASCAMMNL,,,,,,,,,,,0,,,,,,,,en,,,"MINDANAO AVENUE, PHASE II AFAB MARIVELES,BATAAN",,,nerybee@dong-in.com,,,,,,,,,,,0,0,0,0,0,,Good,719407116,Clear,4A-,,,,,,,,,,,,,,,,,,,,,,,,, 
EAGMANMNL,EAGLE MAN MACHINE AND CONSTRUCTION SUPPLY,Company,CUST-.YYYY.-,,,,Local,EAGMANMNL,,,,,,,,,,,0,,,,,,,,en,,,"UNIT 24 ROMACOM BLDG. NATIONAL ROADPOBLACION,MUNTINLUPA",,,,,,,,,,,,,,0,0,0,0,0,,Good,,No Match,,,,,,,,,,,,,,,,,,,,,,,,,, 
EAGEXPMNL,"EAGLE EXPRESS LINES, INC.",Company,CUST-.YYYY.-,,,,Local,EAGEXPMNL,,,,,,,,,,,0,,,,,,,,en,,,"CARGO VILLAGE COMPLEX BUILDING ANINOY AQUINO AVE.,PARANAQUE CITY",,,,,,,,,,,,,,0,0,0,0,0,,Good,718667488,Clear,3A3,,,,,,,,,,,,,,,,,,,,,,,,, 
EAGCEMMNL,EAGLE CEMENT CORPORATION,Company,CUST-.YYYY.-,,,,Local,EAGCEMMNL,,,,,,,,,,,0,,,,,,,,en,,,"2/F SMITS CORPORATE CENTER, NO. 155 EDSABARANGAY WACK-WACK,MANDALUYONG CITY",,,,,,,,,,,,,,0,0,0,0,0,,Good,718984792,Clear,5A2,,,,,,,,,,,,,,,,,,,,,,,,, 
DUTFRECMNL,DUTY FREE PHILIPPINES CORPORATION,Company,CUST-.YYYY.-,,,,Local,DUTFRECMNL,,,,,,,,,,,0,,,,,,,,en,,,"FIESTAMALL FORWARD WAREHOUSE (CBW84)NINOY AQUINO AVENUE,,PARANAQUE CITY",,,logistics@edfconce.com,,,,,,,,,,,0,0,0,0,0,,Good,722579976,Flagged,DS,,,,,,,,,,,,,,,,,,,,,,,,, 
DUNINTMNL,DUNLOP INTERNATIONAL (PHILIPPINES) INC.,Company,CUST-.YYYY.-,,,,Local,DUNINTMNL,,,,,,,,,,,0,,,,,,,,en,,,"10TH AVENUE THE FREEPORT AREA OF BATAAN,MARIVELES",,,,,,,,,,,,,,0,0,0,0,0,,Good,718714751,Clear,3AA3,,,,,,,,,,,,,,,,,,,,,,,,, 
DTGMEDMNL,DTG MEDICAL INCORPORATED,Company,CUST-.YYYY.-,,,,Local,DTGMEDMNL,,,,,,,,,,,0,,,,,,,,en,,,"L24 PHILIPPINE STOCK EXCHANGE TOWER, ONE BONIFACIOHIGH STREET, 28TH ST CORNER 5TH AVE TAGUIG CITY,TAGUIG",,,,,,,,,,,,,,0,0,0,0,0,,Good,659627854,Clear,2A3,,,,,,,,,,,,,,,,,,,,,,,,, 
DSVAIRMNL,DSV AIR & SEA INC.,Company,CUST-.YYYY.-,,,,Local,DSVAIRMNL,,,,,,,,,,,0,,,,,,,,en,,,"6F WEST TOWER 8912 ASEAN AVE BLDG COR N ABUEVA STBRGY STO NINO,TAMBO PARANAQUE CITY",,,,,,,,,,,,,,0,0,0,0,0,,Good,718970825,Clear,4A3,,,,,,,,,,,,,,,,,,,,,,,,, 
DOXINGMNL1,DOXO INGREDIENTS INC.,Company,CUST-.YYYY.-,,,,Local,DOXINGMNL1,,,,,,,,,,,0,,,,,,,,en,,,"RM 307 168 D TUAZON STCORNER N AMORANTO ST,QUEZON CITY",,,,,,,,,,,,,,0,0,0,0,0,,Good,718860307,Clear,5A2,,,,,,,,,,,,,,,,,,,,,,,,, 
DONINRMNL,DONG IN RECREATIONAL EQUIPMENT MFG. CORP.,Company,CUST-.YYYY.-,,,,Local,DONINRMNL,,,,,,,,,,,0,,,,,,,,en,,,"SFB 11 FAB MARIVELES,MARIVELES BATAAN",,,operationk1@dong-in.com,,,,,,,,,,,0,0,0,0,0,,Good,726277767,Flagged,DS,,,,,,,,,,,,,,,,,,,,,,,,, 
DONINEMNL1,"DONG IN ENTECH CO.,LTD EASTCAM TECH CORP",Company,CUST-.YYYY.-,,,,Local,DONINEMNL1,,,,,,,,,,,0,,,,,,,,en,,,"MINDANAO AVENUE PHASE II AFAB, MARIVELES,BATAAN, 2106, PHILIPPINES,MARIVELES",,,,,,,,,,,,,,0,0,0,0,0,,Good,,No Match,,,,,,,,,,,,,,,,,,,,,,,,,, 
DONINEMNL,"DONG IN ENTECH K-1, INC.",Company,CUST-.YYYY.-,,,,Local,DONINEMNL,,,,,,,,,,,0,,,,,,,,en,,,"2ND FLOOR SFB NO. 11 BATAAN ECO-ZONEMARIVELES,BATAAN",,639356256111,,,,,,,,,,,,0,0,0,0,0,,Good,,No Match,,,,,,,,,,,,,,,,,,,,,,,,,, 
DOMCHEMNL,DOMINION CHEMICALS CORPORATION,Company,CUST-.YYYY.-,,,,Local,DOMCHEMNL,,,,,,,,,,,0,,,,,,,,en,,,"ZONE 4 NATIONAL HIGWAY SAN ISIDRO 4431,IRIGA CITY",,,,,,,,,,,,,,0,0,0,0,0,,Good,718693997,Clear,3A3,,,,,,,,,,,,,,,,,,,,,,,,, 
DOLPHIGES,"DOLE PHILIPPINES, INC.",Company,CUST-.YYYY.-,,,,Local,DOLPHIGES,,,,,,,,,,,0,,,,,,,,en,,,"CANNERY ROAD, CANNERY SITE,POLOMOLOK, SOUTH COTABATO",,63835002500,Ma.Orchid.Guilas@doleintl.com,,,,,,,,,,,0,0,0,0,0,,Good,718851595,Clear,5A2,,,,,,,,,,,,,,,,,,,,,,,,, 
DKSPHIMNL,DKSH PHILIPPINES INC.,Company,CUST-.YYYY.-,,,,Local,DKSPHIMNL,,,,,,,,,,,0,,,,,,,,en,,,"3RD FLOOR, SCIENCE HUB TOWER 2, CAMPUS AVENUEMCKINLEY HILL CYBERPARK, PINAGSAMA,TAGUIG CITY",,639989600143,Nieva.Tragura@dksh.com,,,,,,,,,,,0,0,0,0,0,,Good,721486850,Clear,4A3,,,,,,,,,,,,,,,,,,,,,,,,, 
CYMFINCEB,CYMRU FINE FURNITURE AND ACCESSORIES TRADERS,Company,CUST-.YYYY.-,,,,Local,CYMFINCEB,,,,,,,,,,,0,,,,,,,,en,,,"H. ABELLANA ST. CANDUMAN RD., PAGSABUNGAN,MANDAUE CITY",,,aires.cymru@gmail.com,,,,,,,,,,,0,0,0,0,0,,Good,722626314,Flagged,DS,,,,,,,,,,,,,,,,,,,,,,,,, 
COSSHIMNL,"COSCO SHIPPING LINES (PHILIPPINES), INC.",Company,CUST-.YYYY.-,,,,Local,COSSHIMNL,,,,,,,,,,,0,,,,,,,,en,,,"GROUND FLOOR, CAROLINA BUILDING2106 MADRE IGNACIA ST. MALATE,MANILA",,,,,,,,,,,,,,0,0,0,0,0,,Good,721506749,Clear,1AA3,,,,,,,,,,,,,,,,,,,,,,,,, 
CONTEMMNL,CONTINENTAL TEMIC ELECTRONICS PHILIPPINES INC.,Company,CUST-.YYYY.-,,,,Local,CONTEMMNL,,,,,,,,,,,0,,,,,,,,en,,,"16 RING ROADD LISP2 - SEZ BRG.Y LA MESA,CALAMBA CITY, LAGUNA",,639173290044,abbey.gail.suelto@continental-corporation.com,,,,,,,,,,,0,0,0,0,0,,Good,718957228,Flagged,DS,,,,,,,,,,,,,,,,,,,,,,,,, 
CMACGMMNL,CMA CGM PHILIPPINES INC.,Company,CUST-.YYYY.-,,,,Local,CMACGMMNL,,,,,,,,,,,0,,,,,,,,en,,,"8TH FLOOR EAST TOWER 8912 ASEAN AVENUE BUILDINGALONG ASEAN AVE. CORNER ABUEVA STREET ASEANA CITY,PARANAQUE",,,,,,,,,,,,,,0,0,0,0,0,,Good,721956332,Clear,1AA3,,,,,,,,,,,,,,,,,,,,,,,,, 
CLATRAMNL,CLARK TRAVEL RETAIL CORP.,Company,CUST-.YYYY.-,,,,Local,CLATRAMNL,,,,,,,,,,,0,,,,,,,,en,,,"CLARK INTERNATIONAL AIRPORT TERMINALANDRES BONIFACIO AVENUE CLARK FREEPORT ZONE,PAMPANGA",,,,,,,,,,,,,,0,0,0,0,0,,Good,850445189,Clear,3A3,,,,,,,,,,,,,,,,,,,,,,,,, 
CHRDIOMNL,"CHRISTIAN DIOR PHILIPPINES, INC",Company,CUST-.YYYY.-,,,,Local,CHRDIOMNL,,,,,,,,,,,0,,,,,,,,en,,,"23F TOWER 1 THE ENTERPRISE CENTER 6766 AYALA AVE.COR. PASEO DE ROXAS BRGY. SAN LORENZO,,MAKATI CITY",,,,,,,,,,,,,,0,0,0,0,0,,Good,727671804,Clear,5A3,,,,,,,,,,,,,,,,,,,,,,,,, 
CHEMWOMNL,CHEMWORLD MARKETING CORPORATION,Company,CUST-.YYYY.-,,,,Local,CHEMWOMNL,,,,,,,,,,,0,,,,,,,,en,,,"4TH FLOOR EXECUTIVE BUILDING CENTER369 SEN GIL PUYAT AVE., CORNER MAKATI AVENUE,MAKATI CITY",,,ben.gonzales@chemworld.ph,,,,,,,,,,,0,0,0,0,0,,Good,719290504,Flagged,DS,,,,,,,,,,,,,,,,,,,,,,,,, 
CHAPOKMNL,CHAROEN POKPHAND FOODS PHILIPPINES CORP.,Company,CUST-.YYYY.-,,,,Local,CHAPOKMNL,,,,,,,,,,,0,,,,,,,,en,,,"UNIT 1C-1D LSC BLDG LAZATIN BLVD.DOLORES HOMESITE EXIT 2, CITY OF SAN FERNANDO,PAMPANGA",,639171293191,operations.dolorcbchs@gmail.com,,,,,,,,,,,0,0,0,0,0,,Good,850438114,Flagged,DS,,,,,,,,,,,,,,,,,,,,,,,,, 
CHALINMNL,"CHARTER LINK CLARK, INC.",Company,CUST-.YYYY.-,,,,Local,CHALINMNL,,,,,,,,,,,0,,,,,,,,en,,,"PANDAY PIRA AVENUE EXTENSION IE 1, PHASE 11CLARK FREEPORT ZONE CLARKFIELD,PAMPANGA",,63454993175,marya@charterlink.com.hk,,,,,,,,,,,0,0,0,0,0,,Good,722662269,Clear,N-,,,,,,,,,,,,,,,,,,,,,,,,, 
CENPACMNL,CENTURY PACIFIC AGRICULTURAL VENTURES INC.,Company,CUST-.YYYY.-,,,,Local,CENPACMNL,,,,,,,,,,,0,,,,,,,,en,,,"SUITE 505 CENTERPOINT BLDG JULIA VARGAS COR GARNETST.ORTIGAS CENTER BRGY SAN ANTONIO,PASIG CITY",,,,,,,,,,,,,,0,0,0,0,0,,Good,726243603,Flagged,DS,,,,,,,,,,,,,,,,,,,,,,,,, 
CELPHIMNL,CELINE PHILIPPINES CORP.,Company,CUST-.YYYY.-,,,,Local,CELPHIMNL,,,,,,,,,,,0,,,,,,,,en,,,"2-05, 7F, GLORIETTA 4, 1224 AYALA CENTER,SAN LORENZO,CITY OF MAKATI",,,helen.mak@lvmhfashion.com,,,,,,,,,,,0,0,0,0,0,,Good,850444363,Flagged,N4,,,,,,,,,,,,,,,,,,,,,,,,, 
CATEYEMNL,CATS EYE ENTERPRISES,Company,CUST-.YYYY.-,,,,Local,CATEYEMNL,,,,,,,,,,,0,,,,,,,,en,,,"4TH FLOOR 2117 BIBLE ST. SIMEON DOON COMP.KARUHATAN,,VALENZUELA",,,,,,,,,,,,,,0,0,0,0,0,,Good,,No Match,,,,,,,,,,,,,,,,,,,,,,,,,, 
CASPHIMNL,CASTEM PHILS. CORPORATION,Company,CUST-.YYYY.-,,,,Local,CASPHIMNL,,,,,,,,,,,0,,,,,,,,en,,,"LOT 7 AND 9 BLOCK 15 PHASE 111CEPZA ROSARIO,CAVITE",,,cpc_mc2@castem.ph,,,,,,,,,,,0,0,0,0,0,,Good,718851181,Clear,3AA3,,,,,,,,,,,,,,,,,,,,,,,,, 
CASBELMNL,CASA BELLA HOME AND LIVING CORP.,Company,CUST-.YYYY.-,,,,Local,CASBELMNL,,,,,,,,,,,0,,,,,,,,en,,,"G/F AIC EMPIRE TOWER GARNET ROADSAN ANTONIO, ORTIGAS,PASIG CITY",,63282827962,admin@contractworldfurniture.com,,,,,,,,,,,0,0,0,0,0,,Good,722242666,Clear,3A3,,,,,,,,,,,,,,,,,,,,,,,,, 
CARMANMNL,CARATS MANUFACTURING INC,Company,CUST-.YYYY.-,,,,Local,CARMANMNL,,,,,,,,,,,0,,,,,,,,en,,,"LOT 13 BLK 2 ANGELES INDUSTRIAL PARK SPECIALECONOMIC ZONE CALIBUTBUT BACOLOR,PAMPANGA",,,,,,,,,,,,,,0,0,0,0,0,,Good,721397354,Flagged,N4,,,,,,,,,,,,,,,,,,,,,,,,, 
CARAGRMNL,"CARDINAL AGRI PRODUCTS, INC.",Company,CUST-.YYYY.-,,,,Local,CARAGRMNL,,,,,,,,,,,0,,,,,,,,en,,,"2F JEO BLDG. M. RODRIGUEZ ST. POBLACIONDISTRICT II BROOKES POINT,PALAWAN",,,allacuna@cardinalagri.com,,,,,,,,,,,0,0,0,0,0,,Good,727672307,Flagged,DS,,,,,,,,,,,,,,,,,,,,,,,,, 
BULPHIMNL,BULGARI (PHILIPPINES) INC.,Company,CUST-.YYYY.-,,,,Local,BULPHIMNL,,,,,,,,,,,0,,,,,,,,en,,,"7F ASCOTT MAKATI, GLORIETTA 4AYALA CENTRE EAST STREET SAN LORENZO,MAKATI CITY",,,Irene.Wong@bulgari.com,,,,,,,,,,,0,0,0,0,0,,Good,686851195,Clear,2AA3,,,,,,,,,,,,,,,,,,,,,,,,, 
BUHPHIMNL,"BUHLER PHILIPPINES, INC.",Company,CUST-.YYYY.-,,,,Local,BUHPHIMNL,,,,,,,,,,,0,,,,,,,,en,,,"21ST FLR TOWER 1 THE ENT. CENTER 6766 AYALA AVECORNER PASEO DE ROXAS LEGASPI VILLAGE SAN LORENZO,CITY OF MAKATI",,,may.atienza@buhlergroup.com,,,,,,,,,,,0,0,0,0,0,,Good,721965812,Clear,1AA3,,,,,,,,,,,,,,,,,,,,,,,,, 
BFDGLOMNL,BFD GLOBAL FOOTWEAR MANUFACTURING INC.,Company,CUST-.YYYY.-,,,,Local,BFDGLOMNL,,,,,,,,,,,0,,,,,,,,en,,,"SFB NO. 1 LUZON AVENUEPHASE I, FREEPORT AREA OF BATAAN,MARIVELES",,,,,,,,,,,,,,0,0,0,0,0,,Good,725900401,Clear,N-,,,,,,,,,,,,,,,,,,,,,,,,, 
BENLINMNL,BEN LINE AGENCIES PHILIPPINES INC.,Company,CUST-.YYYY.-,,,,Local,BENLINMNL,,,,,,,,,,,0,,,,,,,,en,,,"UNIT 701 A, 7TH FLOOR, TOWER A, TWO E-COM CENTERPALM COAST AVE., MALL OF ASIA COMPLEX,PASAY CITY",,,import.cserv@benline.com.ph,,,,,,,,,,,0,0,0,0,0,,Good,718979263,Clear,3A3,,,,,,,,,,,,,,,,,,,,,,,,, 
BELELEMNL,BELL ELECTRONICS CORPORATION,Company,CUST-.YYYY.-,,,,Local,BELELEMNL,,,,,,,,,,,0,,,,,,,,en,,,"NO. 8 CARMELRAY INDUSTRIAL PARK 1CANLUBANG,CALAMBA CITY, LAGUNA",,,acctg2@bell-philippines.com.ph,,,,,,,,,,,0,0,0,0,0,,Good,718850019,Clear,3A3,,,,,,,,,,,,,,,,,,,,,,,,, 
BEAREFMNL,BEAUTY REFINERY INC.,Company,CUST-.YYYY.-,,,,Local,BEAREFMNL,,,,,,,,,,,0,,,,,,,,en,,,"#36 SCOUT SANTIAGOBRGY. LAGING HANDA,QUEZON CITY",,639171005005,finance@blkcosmetics.com.ph,,,,,,,,,,,0,0,0,0,0,,Good,659579651,Clear,3A-,,,,,,,,,,,,,,,,,,,,,,,,, 
BEABOXMNL,BEAUTY BOX CORP.,Company,CUST-.YYYY.-,,,,Local,BEABOXMNL,,,,,,,,,,,0,,,,,,,,en,,,"24 MADISON ST.BARANKA ILAYA,MANDALUYONG CITY",,639178943081,richardjr@beautyboxcorp.com,,,,,,,,,,,0,0,0,0,0,,Good,,No Match,,,,,,,,,,,,,,,,,,,,,,,,,, 
BADBUIMNL,BADAN BUILDING MATERIALS CORP.,Company,CUST-.YYYY.-,,,,Local,BADBUIMNL,,,,,,,,,,,0,,,,,,,,en,,,"ALVIERA INDUSTRIAL PARK, LOT 18 & 19DOLORES (HACIENDA DOLORES),PORAC",,639175550581,sonya.g@sanarystone.com,,,,,,,,,,,0,0,0,0,0,,Good,,No Match,,,,,,,,,,,,,,,,,,,,,,,,,, 
AUTTECMNL,AUTOMATED TECHNOLOGY PHILIPPINES INC.,Company,CUST-.YYYY.-,,,,Local,AUTTECMNL,,,,,,,,,,,0,,,,,,,,en,,,"#1 HOLOGRAM ST. COR MAIN AVENUE LIGHTINDUSTRY AND SCIENCE PARK I SEPZ,CABUYAO",,,ddile@atecphil.com,,,,,,,,,,,0,0,0,0,0,,Good,718694102,Clear,5A3,,,,,,,,,,,,,,,,,,,,,,,,, 
ATLGULMNL,ATLANTIC GULF & PACIFIC COMPANY OF MLA INC.,Company,CUST-.YYYY.-,,,,Local,ATLGULMNL,,,,,,,,,,,0,,,,,,,,en,,,"AG&P SPECIAL ECONOMIC ZONESAN ROQUE BAUAN,BATANGAS",,639055235908,RBELNAS@nmm.ph,,,,,,,,,,,0,0,0,0,0,,Good,721880334,Flagged,NQ4,,,,,,,,,,,,,,,,,,,,,,,,, 
ASLPACPMNL,"ALL SYSTEMS LOGISTICS, INC. FAO: PACIFICPHIL DISTRIBUTION",Company,CUST-.YYYY.-,,,,Local,ASLPACPMNL,,,,,,,,,,,0,,,,,,,,en,,,"3 STA. AGUEDA AVENUEPASCOR DRIVE,PARANAQUE CITY",,,evelyn@asti.com.ph,,,,,,,,,,,0,0,0,0,0,,Good,722840550,Flagged,DS,,,,,,,,,,,,,,,,,,,,,,,,, 
ASLLFGMNL,"ALL SYSTEMS LOGISTICS, INC. FAO: LUXURY FREIGHT-GEDCOR",Company,CUST-.YYYY.-,,,,Local,ASLLFGMNL,,,,,,,,,,,0,,,,,,,,en,,,"ROOM 317, GEDCOR SQUARE BLDG COR IRASAN ST. NAIA,SAN DIONISIO, PARANAQUE CITY,PARANAQUE CITY",,,evelyn@asti.com.ph,,,,,,,,,,,0,0,0,0,0,,Good,850436430,Clear,2A3,,,,,,,,,,,,,,,,,,,,,,,,, 
ASITERMNL,"ASIAN TERMINALS, INC.",Company,CUST-.YYYY.-,,,,Local,ASITERMNL,,,,,,,,,,,0,,,,,,,,en,,,"ATI HEAD OFFICE, A. BONIFACIO DRIVEPROCUREMENT DEPARTMENT PORT AREA,MANILA PHILIPPINES",,,,,,,,,,,,,,0,0,0,0,0,,Good,718708985,Clear,5A2,,,,,,,,,,,,,,,,,,,,,,,,, 
ASIPENMNL,ASIA PACIFIC ENERGY CORPORATION,Company,CUST-.YYYY.-,,,,Local,ASIPENMNL,,,,,,,,,,,0,,,,,,,,en,,,"TECO-SPECIAL ECONOMIC ZONEBO. BUNGADUL MABALACAT,,MABALACAT",,,,,,,,,,,,,,0,0,0,0,0,,Good,719616617,Clear,4A3,,,,,,,,,,,,,,,,,,,,,,,,, 
ASIPCAMNL,ASIA PACIFIC CARGO LOGISTICS NETWORK,Company,CUST-.YYYY.-,,,,Local,ASIPCAMNL,,,,,,,,,,,0,,,,,,,,en,,,"FAO BUSKOWITZ DEVELOPMENT INC 4TH FLOOR DOMINIONBUILDING NO 833 A ARNAIZ AVENUE,MAKATI CITY",,,,,,,,,,,,,,0,0,0,0,0,,Good,,No Match,,,,,,,,,,,,,,,,,,,,,,,,,, 
ASIDEVMNL,ASIAN DEVELOPMENT BANK,Company,CUST-.YYYY.-,,,,Local,ASIDEVMNL,,,,,,,,,,,0,,,,,,,,en,,,"6 ADB AVENUE,MANDALUYONG CITY",,,accastro@adb.org,,,,,,,,,,,0,0,0,0,0,,Good,718708159,Clear,O-,,,,,,,,,,,,,,,,,,,,,,,,, 
ASICONMNL,"ASIAN CONSOLIDATION INTERNATIONAL SERVICES, INC.",Company,CUST-.YYYY.-,,,,Local,ASICONMNL,,,,,,,,,,,0,,,,,,,,en,,,"11TH FLOOR DONA VICTORIA BUILDING 429.U.N. AVE.,BR429 U.N. AVE., BRGY 666 ZONE 72,ERMITA, MANILA",,639338659356,khiene.acct@asianconsolidation.com.ph,,,,,,,,,,,0,0,0,0,0,,Good,718851272,Clear,3A3,,,,,,,,,,,,,,,,,,,,,,,,, 
ASICERMNL,ASIA CERAMICS CORPORATION,Company,CUST-.YYYY.-,,,,Local,ASICERMNL,,,,,,,,,,,0,,,,,,,,en,,,"SAN VICENTESTO. TOMAS,PAMPANGA",,639209503910,trcamins@necophils.com,,,,,,,,,,,0,0,0,0,0,,Good,719563991,Clear,2A-,,,,,,,,,,,,,,,,,,,,,,,,, 
ASICARMNL,ASIA CARGO CONTAINER LINE INC.,Company,CUST-.YYYY.-,,,,Local,ASICARMNL,,,,,,,,,,,0,,,,,,,,en,,,"31ST FLOOR, JUAN LUNA ST.,COR. DASMARINAS ST., BINONDO,MANILA",,,,,,,,,,,,,,0,0,0,0,0,,Good,726279144,Flagged,DS,,,,,,,,,,,,,,,,,,,,,,,,, 
ASIBREMNL,ASIA BREWERY INCORPORATED,Company,CUST-.YYYY.-,,,,Local,ASIBREMNL,,,,,,,,,,,0,,,,,,,,en,,,"KM 43, NATIONAL HIGHWAYBRGY. SALA CABUYAO,LAGUNA",,,maribel.berjamin@asia-brewery.com,,,,,,,,,,,0,0,0,0,0,,Good,718685522,Clear,5A2,,,,,,,,,,,,,,,,,,,,,,,,, 
AOLHOMSFS,AOLLY HOME INC,Company,CUST-.YYYY.-,,,,Local,AOLHOMSFS,,,,,,,,,,,0,,,,,,,,en,,,"LOT IL-2 BLDG. B, UNITS 1,2 AND 3RD FLOOR,SUBIC BAY GATEWAY PARK, PHASE 2,,SUBIC BAY FREEPORT ZONE",,,,,,,,,,,,,,0,0,0,0,0,,Good,726382534,Flagged,DS,,,,,,,,,,,,,,,,,,,,,,,,, 
ANDALBMNL,ANDY ALBAO CORPORATION,Company,CUST-.YYYY.-,,,,Local,ANDALBMNL,,,,,,,,,,,0,,,,,,,,en,,,"TIAONG-LIPA ROAD PUROK 1 SAN AGUSTIN,TIAONG",,639179215490,andyalbao@cocowonder.com.ph,,,,,,,,,,,0,0,0,0,0,,Good,722670320,Flagged,DS,,,,,,,,,,,,,,,,,,,,,,,,, 
AMETECMNL,"AMERICAN TECHNOLOGIES, INC.",Company,CUST-.YYYY.-,,,,Local,AMETECMNL,,,,,,,,,,,0,,,,,,,,en,,,"NO. 5 IDEAL ST., COR. MCCOLLOUGH ST.,BRGY. ADDITION HILLS,MANDALUYONG CITY",,,,,,,,,,,,,,0,0,0,0,0,,Good,718671415,Clear,3A3,,,,,,,,,,,,,,,,,,,,,,,,, 
AMCSPEMNL,AMCOR SPECIALTY CARTONS RIZAL CORP.,Company,CUST-.YYYY.-,,,,Local,AMCSPEMNL,,,,,,,,,,,0,,,,,,,,en,,,"KM. 22 ORTIGAS AVENUE EXTENSION BO. MAPANDAN,CAINTA",,,monette.silvano@amcor.com,,,,,,,,,,,0,0,0,0,0,,Good,718655152,Clear,5A3,,,,,,,,,,,,,,,,,,,,,,,,, 
AMBINTMNL1,AMBICA INTERNATIONAL CORPORATION,Company,CUST-.YYYY.-,,,,Local,AMBINTMNL1,,,,,,,,,,,0,,,,,,,,en,,,"9 AMSTERDAMMERVILLE,PARANAQUE",,,Anna.caspe@ambicaglobal.com,,,,,,,,,,,0,0,0,0,0,,Good,718974520,Clear,4AA3,,,,,,,,,,,,,,,,,,,,,,,,, 
ALYSTOMNL,ALYSSA STONE TRADING,Company,CUST-.YYYY.-,,,,Local,ALYSTOMNL,,,,,,,,,,,0,,,,,,,,en,,,"B21 L22 MENZYLAND SUBDIVISION,MALOLOS CITY",,639954281002,alyssastonet@gmail.com,,,,,,,,,,,0,0,0,0,0,,Good,,No Match,,,,,,,,,,,,,,,,,,,,,,,,,, 
ALTGLOMNL,"ALTA GLOBAL SERVICES, INC.",Company,CUST-.YYYY.-,,,,Local,ALTGLOMNL,,,,,,,,,,,0,,,,,,,,en,,,"#3 STA.AGUEDA AVENUE, PASCOR DRIVE,,PARANAQUE CITY",,,morales.willy@atn.com.ph,,,,,,,,,,,0,0,0,0,0,,Good,659635329,Clear,3A-,,,,,,,,,,,,,,,,,,,,,,,,, 
ALREXPMNL,ALRIVER EXPORT CORPORATION,Company,CUST-.YYYY.-,,,,Local,ALREXPMNL,,,,,,,,,,,0,,,,,,,,en,,,"#246 STA. MONICA ST., BRGY. KAPITOLYO,PASIG CITY",,,regine.alriver@gmail.com,,,,,,,,,,,0,0,0,0,0,,Good,722225125,Flagged,DS,,,,,,,,,,,,,,,,,,,,,,,,, 
ALPPHIMNL,ALPLA PHILIPPINES INC.,Company,CUST-.YYYY.-,,,,Local,ALPPHIMNL,,,,,,,,,,,0,,,,,,,,en,,,"SILANGAN INDUSTRIAL ESTATEBRGY. CANLUBANG, CALAMBA CITY,LAGUNA",,639053097763,Ronalyn.Camino@alpla.com,,,,,,,,,,,0,0,0,0,0,,Good,722052289,Clear,5A3,,,,,,,,,,,,,,,,,,,,,,,,, 
ALLUREMNL,ALLURE ASIA INC.,Company,CUST-.YYYY.-,,,,Local,ALLUREMNL,,,,,,,,,,,0,,,,,,,,en,,,"NO. 36 SCOUT SANTIAGO ST.BRGY. LAGING HANDA,QUEZON CITY",,639175998837,kimi.barra@happyskincosmetics.com,,,,,,,,,,,0,0,0,0,0,,Good,725541502,Clear,3A3,,,,,,,,,,,,,,,,,,,,,,,,, 
ALLTRAMNL,"ALL TRANSPORT NETWORK, INC.",Company,CUST-.YYYY.-,,,,Local,ALLTRAMNL,,,,,,,,,,,0,,,,,,,,en,,,"3 STA. AGUEDA AVE. PASCOR DRIVE,PARANAQUE CITY",,,,,,,,,,,,,,0,0,0,0,0,,Good,718997034,Flagged,DS,,,,,,,,,,,,,,,,,,,,,,,,, 
ALLSYSMNL,"ALL SYSTEMS LOGISTICS, INC.",Company,CUST-.YYYY.-,,,,Local,ALLSYSMNL,,,,,,,,,,,0,,,,,,,,en,,,"3 STA. AGUEDA AVENUEPASCOR DRIVE,PARANAQUE CITY",,639778025336,dimaano.dyanne@asti.com.ph,,,,,,,,,,,0,0,0,0,0,,Good,722840550,Flagged,DS,,,,,,,,,,,,,,,,,,,,,,,,, 
ALLPACMNL,ALLEGRO PACIFIC (PHILS.) INC.,Company,CUST-.YYYY.-,,,,Local,ALLPACMNL,,,,,,,,,,,0,,,,,,,,en,,,"MULTINATIONAL VILLAGE RD.,KAINGIN II, BO. IBAYO,PARANAQUE CITY",,,,,,,,,,,,,,0,0,0,0,0,,Good,,No Match,,,,,,,,,,,,,,,,,,,,,,,,,, 
ALLNATCEB,"ALL NATURAL COCO PRODUCTS, INC.",Company,CUST-.YYYY.-,,,,Local,ALLNATCEB,,,,,,,,,,,0,,,,,,,,en,,,"ALL NATURAL COCO PRODUCTS COMPOUND,BARANGAY BUNTIS, BACONG,NEGROS ORIENTAL",,,,,,,,,,,,,,0,0,0,0,0,,Good,686857457,Flagged,N4,,,,,,,,,,,,,,,,,,,,,,,,, 
ALLBIOMNL,ALLTECH BIOTECHNOLOGY CORP.,Company,CUST-.YYYY.-,,,,Local,ALLBIOMNL,,,,,,,,,,,0,,,,,,,,en,,,"UNIT 1101-1102 11TH FLR ASIAN STAR BLDG 2402-2404ASEAN DRIVE FILINVEST ALABANG,MUNTINLUPA CITY",,,,,,,,,,,,,,0,0,0,0,0,,Good,718856081,Clear,4A-,,,,,,,,,,,,,,,,,,,,,,,,, 
ALJMEDMNL,ALJERON MEDICAL ENTERPRISES,Company,CUST-.YYYY.-,,,,Local,ALJMEDMNL,,,,,,,,,,,0,,,,,,,,en,,,"77 KANLAON ST BRGY HIGHWAY HILLS,MANDALUYONG CITY",,639178139552,f.tonog@aljeronmedical.com,,,,,,,,,,,0,0,0,0,0,,Good,673044647,Clear,2A3,,,,,,,,,,,,,,,,,,,,,,,,, 
AGREXIDVO,"AGRI EXIM GLOBAL PHILIPPINES, INC.",Company,CUST-.YYYY.-,,,,Local,AGREXIDVO,,,,,,,,,,,0,,,,,,,,en,,,"QUINOKOL DARONG SANTA CRUZ,DAVAO DEL SUR,DAVAO",,639369856517,jeankay.basa@AGRIEXIMFZE.COM,,,,,,,,,,,0,0,0,0,0,,Good,673039337,Clear,BR,,,,,,,,,,,,,,,,,,,,,,,,, 
ACAPLAMNL,"ACADEMY PLASTIC MODEL TOY CO., INC",Company,CUST-.YYYY.-,,,,Local,ACAPLAMNL,,,,,,,,,,,0,,,,,,,,en,,,"LOT 6 BLOCK 4 PHASE 2PEZA ROSARIO,CAVITE",,,elaineimpx@academy.co.kr,,,,,,,,,,,0,0,0,0,0,,Good,720822626,Clear,1A3,,,,,,,,,,,,,,,,,,,,,,,,, 
ABNUTRMNL,AB NUTRIBEV CORP.,Company,CUST-.YYYY.-,,,,Local,ABNUTRMNL,,,,,,,,,,,0,,,,,,,,en,,,"KM 43 NATIONAL HIGHWAYBARRIO SALA,CABUYAO",,,maribel.berjamin@asia-brewery.com,,,,,,,,,,,0,0,0,0,0,,Good,722660735,Clear,5A3,,,,,,,,,,,,,,,,,,,,,,,,, 
8SOURCMNL,8SOURCES INC,Company,CUST-.YYYY.-,,,,Local,8SOURCMNL,,,,,,,,,,,0,,,,,,,,en,,,"PROJECT 8 17 ROAD 15BAHAY TORO,QUEZON CITY",,,,,,,,,,,,,,0,0,0,0,0,,Good,719849788,Clear,O-,,,,,,,,,,,,,,,,,,,,,,,,, 
ZHESUNHGH,"ZHEJIANG SUNMARR INT'L TRANSPORTATION CO., LTD.",Company,CUST-.YYYY.-,,,,Agent,ZHESUNHGH,,,,,,,,,,,0,,,,,,,,en,,,"(MEMBER OF WCA, CIFA) XIAOSHAN DISTRICT",,+8657182379024,chenfei@sunmarr.com,,,,,,,,,,,0,0,0,0,0,,Good,421361230,Clear,3A1,91 percentile / class 1,,,,,,,,,,,,,,,,,,,,,,,, 
YOUCARIPS,YOUR CARGO CONTACT LTD,Company,CUST-.YYYY.-,,,,Agent,YOUCARIPS,,,,,,,,,,,0,,,,,,,,en,,,30 MAYFLY WAY ARDLEIGH,,,,,,,,,,,,,,0,0,0,0,0,,Good,230447744,Clear,1A1,90 percentile,,,,,,,,,,,,,,,,,,,,,,,, 
WORFAMSZX,"WORLD FAMILY LOGISTICS CO., LTD",Company,CUST-.YYYY.-,,,,Agent,WORFAMSZX,,,,,,,,,,,0,,,,,,,,en,,,"RM 1801-1802,F18,ZHILIANJIABLDG, NO.9002,LONGXIANG STR",,,,,,,,,,,,,,0,0,0,0,0,,Good,,No Match,,,,,,,,,,,,,,,,,,,,,,,,,, 
WISINTPVG,"WISDOM INTERNATIONAL CARGO (GUANG ZHOU) CO.,LTD SHANGHAI BRANCH",Company,CUST-.YYYY.-,,,,Agent,WISINTPVG,,,,,,,,,,,0,,,,,,,,en,,,"NO. 999 WEST ZHONG SHAN ROAD, CHANGNING DISTRICT SHANGHAI. (200051)",,,,,,,,,,,,,,0,0,0,0,0,,Good,,No Match,,,,,,,,,,,,,,,,,,,,,,,,,, 
WATPAKKHI,WATERLINK PAKISTAN ( PVT) LTD,Company,CUST-.YYYY.-,,,,Agent,WATPAKKHI,,,,,,,,,,,0,,,,,,,,en,,,SARFARAZ AKBAR,,,,,,,,,,,,,,0,0,0,0,0,,Good,773691205,Flagged,DS,,,,,,,,,,,,,,,,,,,,,,,,, 
WALLOGSZX,WALKER LOGISTICS (HK) LIMITED,Company,CUST-.YYYY.-,,,,Agent,WALLOGSZX,,,,,,,,,,,0,,,,,,,,en,,,411 ROOM JINTIAN BUILDING HEPING ROAD LUOHU DISTRICT,,+8675525194335,tonypeng_sz@walkerhk.com.hk,,,,,,,,,,,0,0,0,0,0,,Good,637398052,Clear,BR,,,,,,,,,,,,,,,,,,,,,,,,, 
VINSHIHKG,VINFLAIR SHIPPING LIMITED,Company,CUST-.YYYY.-,,,,Agent,VINSHIHKG,,,,,,,,,,,0,,,,,,,,en,,,"UNIT 1706, 17/F, TOWER 3,ENTERPRISE SQUARE, 9 SHEUNG YUET ROAD, KOWLOON BAY, HONG KONG",,+85227963310,,,,,,,,,,,,0,0,0,0,0,,Good,680171068,Clear,FF-,,,,,,,,,,,,,,,,,,,,,,,,, 
UNIGLOSGN,"UNIVERSE GLOBAL LOGISTICS CO., LTD",Company,CUST-.YYYY.-,,,,Agent,UNIGLOSGN,,,,,,,,,,,0,,,,,,,,en,,,"1/11/245 DANG THUY TRAM, WARD 13, BINH THANH DIST.,",,,,,,,,,,,,,,0,0,0,0,0,,Good,646536048,Clear,NB-,,,,,,,,,,,,,,,,,,,,,,,,, 
UNICARSHA,"UNION CARGO INTERNATIONAL FORWARDER CO., LTD",Company,CUST-.YYYY.-,,,,Agent,UNICARSHA,,,,,,,,,,,0,,,,,,,,en,,,"ROOM A901,BUILDING NO.4,3RD PHASE OF TIAN'AN CYBER PARK, LONGGANG DISTRICT",,,cus06@szunioncargo.com,,,,,,,,,,,0,0,0,0,0,,Good,,No Match,,,,,,,,,,,,,,,,,,,,,,,,,, 
UNILOGSHA,UNIGLOBE LOGISTICS SHANGHAI LTD,Company,CUST-.YYYY.-,,,,Agent,UNILOGSHA,,,,,,,,,,,0,,,,,,,,en,,,RM403 CANHONG FORTUNE EDIFICE NO 1067-1087 WUZHONG,,,,,,,,,,,,,,0,0,0,0,0,,Good,548300574,Clear,A1,92 percentile / class 1,,,,,,,,,,,,,,,,,,,,,,,, 
TULKHIPBOM,TULSIDAS KHIMJI PVT. LTD,Company,CUST-.YYYY.-,,,,Agent,TULKHIPBOM,,,,,,,,,,,0,,,,,,,,en,,,"61, ADARSH INDUSTRIAL ESTATE SAHAR ROAD, ANDHERI (EAST)",,+912267774444,,,,,,,,,,,,0,0,0,0,0,,Good,650610769,Clear,BR,,,,,,,,,,,,,,,,,,,,,,,,, 
TRALOGDEL,TRANSZONE LOGISTICS INDIA PVT. LTD.,Company,CUST-.YYYY.-,,,,Agent,TRALOGDEL,,,,,,,,,,,0,,,,,,,,en,,,"Plot No 211, Block A, Road No 4, Steet 7, Ruchika Building, Mahipalpur Extension,",,+911126783045,,,,,,,,,,,,0,0,0,0,0,,Good,859533140,Clear,1A3,25 percentile / class 3,,,,,,,,,,,,,,,,,,,,,,,, 
TRAEXPSLC,TRANS-EXPEDITE SLC,Company,CUST-.YYYY.-,,,,Agent,TRAEXPSLC,,,,,,,,,,,0,,,,,,,,en,,,1670 S 5500 W STE 300,,+13852157025,,,,,,,,,,,,0,0,0,0,0,,Good,125295167,Clear,1R3,47 percentile / class 3,,,,,,,,,,,,,,,,,,,,,,,, 
TRAEXPDFW,TRANS EXPEDITE INC,Company,CUST-.YYYY.-,,,,Agent,TRAEXPDFW,,,,,,,,,,,0,,,,,,,,en,,,7 FOUNDERS BLVD,,,,,,,,,,,,,,0,0,0,0,0,,Good,125295167,Clear,1R3,47 percentile / class 3,,,,,,,,,,,,,,,,,,,,,,,, 
TRALOGMAA,TRANNSAFE LOGISTICS,Company,CUST-.YYYY.-,,,,Agent,TRALOGMAA,,,,,,,,,,,0,,,,,,,,en,,,"ALANDUR, CHENNAI 600016 INSIA",,,,,,,,,,,,,,0,0,0,0,0,,Good,,No Match,,,,,,,,,,,,,,,,,,,,,,,,,, 
TIGINTRTM,TIGERS INTERNATIONAL LOGISTICS BV,Company,CUST-.YYYY.-,,,,Agent,TIGINTRTM,,,,,,,,,,,0,,,,,,,,en,,,SHANNONWEG 72-74 EORI NO: NL807343717,,+31102966000,erwin.regtvoort@kamino.com,,,,,,,,,,,0,0,0,0,0,,Good,402818822,Flagged,NQ,,,,,,,,,,,,,,,,,,,,,,,,, 
TFALOGPME,TFA LOGISTICS & DISTRIBUTION LTD,Company,CUST-.YYYY.-,,,,Agent,TFALOGPME,,,,,,,,,,,0,,,,,,,,en,,,"PARK HOUSE, HIGH STREET COLNBROOK, BERKSHIRE SL3 0LX UNITED KINGDOM",,+441753257181,,,,,,,,,,,,0,0,0,0,0,,Good,734974681,Clear,2A1,98 percentile,,,,,,,,,,,,,,,,,,,,,,,, 
TANINTASH,TANKO INTERNATIONAL (97) LTD.,Company,CUST-.YYYY.-,,,,Agent,TANINTASH,,,,,,,,,,,0,,,,,,,,en,,,"HAMEGINIM BLVD 54,",,,elad@tanko.global,,,,,,,,,,,0,0,0,0,0,,Good,532143989,Clear,O2,,,,,,,,,,,,,,,,,,,,,,,,, 
SWILOGPKG,SWIFT LOGISTICS TA SDN BHD,Company,CUST-.YYYY.-,,,,Agent,SWILOGPKG,,,,,,,,,,,0,,,,,,,,en,,,SUITE 8 02 LEVEL 8 IMS 2 NO 88 JALAN BATAI LAUT 4 TAMAN INTAN KLANG SELANGOR EHSAN,,,,,,,,,,,,,,0,0,0,0,0,,Good,894488324,Clear,BR,,,,,,,,,,,,,,,,,,,,,,,,, 
SUNLOGSZX,SUNWAY LOGISTICS GROUP,Company,CUST-.YYYY.-,,,,Agent,SUNLOGSZX,,,,,,,,,,,0,,,,,,,,en,,,"30 FLOOR,NEWS BLDG.MIDDLES SHENNAN ROAD,",,,,,,,,,,,,,,0,0,0,0,0,,Good,,No Match,,,,,,,,,,,,,,,,,,,,,,,,,, 
STRTRAFBG,STRECK TRANSPORTGES MBH - STRTRAFBG,Company,CUST-.YYYY.-,,,,Agent,STRTRAFBG,,,,,,,,,,,0,,,,,,,,en,,,BLANKREUTESTRASSE 6,,+497611305471,,,,,,,,,,,,0,0,0,0,0,,Good,,No Match,,,,,,,,,,,,,,,,,,,,,,,,,, 
STRTRANNUE,STRECK TRANSPORTGES MBH - STRTRANNUE,Company,CUST-.YYYY.-,,,,Agent,STRTRANNUE,,,,,,,,,,,0,,,,,,,,en,,,NEUWIEDER STRASSE 14 NORDOSTLICHE AUSSENSTADT,,,,,,,,,,,,,,0,0,0,0,0,,Good,,No Match,,,,,,,,,,,,,,,,,,,,,,,,,, 
STRTRAFRA,STRECK TRANSPORTGES MBH - STRTRAFRA,Company,CUST-.YYYY.-,,,,Agent,STRTRAFRA,,,,,,,,,,,0,,,,,,,,en,,,RAIFFEISENSTR. 27-29 70794 FILDERSTADT-BONLANDEN,,+4971177058632,,,,,,,,,,,,0,0,0,0,0,,Good,,No Match,,,,,,,,,,,,,,,,,,,,,,,,,, 
STRTRAKNUE,STRECK TRANSPORTGES MBH - STRTRAKNUE,Company,CUST-.YYYY.-,,,,Agent,STRTRAKNUE,,,,,,,,,,,0,,,,,,,,en,,,KILIANSTRASSE 86,,,,,,,,,,,,,,0,0,0,0,0,,Good,,No Match,,,,,,,,,,,,,,,,,,,,,,,,,, 
SPEPOWHKG,SPEED POWER EXPRESS SERVICES LIMITED,Company,CUST-.YYYY.-,,,,Agent,SPEPOWHKG,,,,,,,,,,,0,,,,,,,,en,,,ROOM 1811 WING FUNG IND BLDG 40-50 SHA TSUI ROAD WAN,,,,,,,,,,,,,,0,0,0,0,0,,Good,664022585,Clear,HH-,,,,,,,,,,,,,,,,,,,,,,,,, 
SPAAIRMAD,SPARBER AIR CARGO SAU,Company,CUST-.YYYY.-,,,,Agent,SPAAIRMAD,,,,,,,,,,,0,,,,,,,,en,,,CENTRO DE CARGA AEREA EDIF. SERVI. GENERALES - OFIC. 417 - 419,,+34913937455,barajas@sparber.es,,,,,,,,,,,0,0,0,0,0,,Good,468926877,Clear,,,,,,,,,,,,,,,,,,,,,,,,,, 
SNETFRDEL,S-NET FREIGHT (INDIA) PVT. LTD.,Company,CUST-.YYYY.-,,,,Agent,SNETFRDEL,,,,,,,,,,,0,,,,,,,,en,,,"301, 3RD FLOOR, PLOT NO. 23 DWARKA SECTOR - 20",,+911140073667,,,,,,,,,,,,0,0,0,0,0,,Good,876859353,Flagged,O4,1 percentile / class 4,,,,,,,,,,,,,,,,,,,,,,,, 
SHOSHIBOM,SHOOLIN SHIPPING SERVICES INDIA PVT. LTD,Company,CUST-.YYYY.-,,,,Agent,SHOSHIBOM,,,,,,,,,,,0,,,,,,,,en,,,"603, FILIX, 6TH FLOOR II OPP, ASIAN PAINTS, LBS MARG BHANDUP II",,+912225696300,,,,,,,,,,,,0,0,0,0,0,,Good,650581031,Clear,2A3,25 percentile / class 3,,,,,,,,,,,,,,,,,,,,,,,, 
SHIPWADXB,SHIPWAVES,Company,CUST-.YYYY.-,,,,Agent,SHIPWADXB,,,,,,,,,,,0,,,,,,,,en,,,"211, BUSINESS VENUE BUILDING, OPPOSITE AL NASR CLU UMM HURAIR ROAD, OUD METHA, P.O BOX.19205",,+971564041410,may.calapre@shipwaves.com,,,,,,,,,,,0,0,0,0,0,,Good,850094982,Flagged,DS,,,,,,,,,,,,,,,,,,,,,,,,, 
SHILOGLAX,SHIPIT LOGISTICS,Company,CUST-.YYYY.-,,,,Agent,SHILOGLAX,,,,,,,,,,,0,,,,,,,,en,,,13500 S. FIGUEROA ST.,,,,,,,,,,,,,,0,0,0,0,0,,Good,131755652,Flagged,DS,50 percentile / class 3,,,,,,,,,,,,,,,,,,,,,,,, 
SHIP4WTLV,SHIP4WD,Company,CUST-.YYYY.-,,,,Agent,SHIP4WTLV,,,,,,,,,,,0,,,,,,,,en,,,"3 ARIK EINSTEIN STREET,",,+972527990740,Yuval.Kravitz@ship4wd.com,,,,,,,,,,,0,0,0,0,0,,Good,,No Match,,,,,,,,,,,,,,,,,,,,,,,,,, 
SHEQIASZX,SHENZHEN QIANHAI ANO SUPPLY CHAIN CO. LTD,Company,CUST-.YYYY.-,,,,Agent,SHEQIASZX,,,,,,,,,,,0,,,,,,,,en,,,"RM 1306-1307 HUAIDE INTERNATIONAL PLAZA NO 73 GUANGSHEN RD. FUYONG TOWN, BAO'AN DISTRICT SHENZH",,,,,,,,,,,,,,0,0,0,0,0,,Good,,No Match,,,,,,,,,,,,,,,,,,,,,,,,,, 
SHEMAXSHA,"SHENZHEN MAXSPEED GLOBAL FORWARDING CO., LTD.",Company,CUST-.YYYY.-,,,,Agent,SHEMAXSHA,,,,,,,,,,,0,,,,,,,,en,,,"RM 1505 YU'AN BUILDING, NO.738 DONGFANG RD. PUDONG DISTRICT,",,,,,,,,,,,,,,0,0,0,0,0,,Good,,No Match,,,,,,,,,,,,,,,,,,,,,,,,,, 
SHEGOLDSHA,"SHENZHEN GOLDEN SHIPPING CO.,LTD",Company,CUST-.YYYY.-,,,,Agent,SHEGOLDSHA,,,,,,,,,,,0,,,,,,,,en,,,"UNIT 802, 8 / F, ZHUJIANG INTERNATIONAL CENTRE, 9009 LONGXIANG AVENUE, LONGGANG DISTRICT",,,,,,,,,,,,,,0,0,0,0,0,,Good,403169887,Clear,2A2,73 percentile / class 2,,,,,,,,,,,,,,,,,,,,,,,, 
SHEDAPSZX,"SHENZHEN DAP INTERNATIONAL LOGISTICS CO., LTD.",Company,CUST-.YYYY.-,,,,Agent,SHEDAPSZX,,,,,,,,,,,0,,,,,,,,en,,,RM405 BUILDING NO 11 ECOOL INDUSTRIAL AREA FUHAI STREET BAOAN DISTRICT,,+8675523322107,,,,,,,,,,,,0,0,0,0,0,,Good,403214733,Clear,1AA2,85 percentile / class 2,,,,,,,,,,,,,,,,,,,,,,,, 
SHEAWSNSA,SHENZHEN AWS TOMAX INTERNATIONAL TRANSPORTATION CO LTD,Company,CUST-.YYYY.-,,,,Agent,SHEAWSNSA,,,,,,,,,,,0,,,,,,,,en,,,"RM2201, BUILDING A, XINTIAN CENTURY BUSINESS CENTER FUTIAN DISTRICT, SHENZHEN, GUANGDONG, CHINA",,+8675588250525,gyl03@awstrans.com.cn,,,,,,,,,,,0,0,0,0,0,,Good,529912717,Clear,3A1,99 percentile / class 1,,,,,,,,,,,,,,,,,,,,,,,, 
SHAXENSHA,SHANGHAI XEN FREIGHT AGENCY LTD,Company,CUST-.YYYY.-,,,,Agent,SHAXENSHA,,,,,,,,,,,0,,,,,,,,en,,,7F RM707 NO 188 SIPING ROAD SHANGHAI,,+862160342971,,,,,,,,,,,,0,0,0,0,0,,Good,412389872,Flagged,CC4,3 percentile / class 5,,,,,,,,,,,,,,,,,,,,,,,, 
SHAWISSHA,"SHANGHAI WISE SHIPPING CO.,LIMITED",Company,CUST-.YYYY.-,,,,Agent,SHAWISSHA,,,,,,,,,,,0,,,,,,,,en,,,"ROOM 608,NO.761,GONGPING ROAD HONGKOU DISTRICT",,,,,,,,,,,,,,0,0,0,0,0,,Good,,No Match,,,,,,,,,,,,,,,,,,,,,,,,,, 
SHASUNSSHA,SHANGHAI SUNSHINE INTERNATIONAL FORWARDING AGENCY CO LTD,Company,CUST-.YYYY.-,,,,Agent,SHASUNSSHA,,,,,,,,,,,0,,,,,,,,en,,,"ROOM 627, ZHONGQI BUILDING NO 2000 NORTH ZHONGSHAN ROAD",,,,,,,,,,,,,,0,0,0,0,0,,Good,554414471,Clear,A1,99 percentile / class 1,,,,,,,,,,,,,,,,,,,,,,,, 
SHASMISHA,SHANGHAI SMILE CARGO SERVICE CO. LTD,Company,CUST-.YYYY.-,,,,Agent,SHASMISHA,,,,,,,,,,,0,,,,,,,,en,,,"ROOM 10,NO.291, WULIU DA DAO PUDONG AIRPORT",,+862150104971,Julie.zhou@smilecargo.com,,,,,,,,,,,0,0,0,0,0,,Good,527888263,Clear,3A1,98 percentile / class 1,,,,,,,,,,,,,,,,,,,,,,,, 
SHASAFPVG,"SHANGHAI SAFESWIFT LOGISTICS CO,.LTD",Company,CUST-.YYYY.-,,,,Agent,SHASAFPVG,,,,,,,,,,,0,,,,,,,,en,,,"40,B, NEW CENTURY PLAZA NO.48, XINGYI ROAD,",,+862152897771,importcs.sha@ssl-logistics.com,,,,,,,,,,,0,0,0,0,0,,Good,561006351,Clear,A2,83 percentile / class 2,,,,,,,,,,,,,,,,,,,,,,,, 
SHAPOWPVG,"SHANGHAI POWER INTERNATIONAL TRANSPORTATION CO.,LTD.",Company,CUST-.YYYY.-,,,,Agent,SHAPOWPVG,,,,,,,,,,,0,,,,,,,,en,,,"RM A201B,BOHAI BUSINESS BUILDING, NO.210, LONGCHAN",,+862165109277,,,,,,,,,,,,0,0,0,0,0,,Good,421328701,Clear,N2,47 percentile / class 3,,,,,,,,,,,,,,,,,,,,,,,, 
SHALEASHA,"SHANGHAI LEAGUE SHIPPING CO., LTD.",Company,CUST-.YYYY.-,,,,Agent,SHALEASHA,,,,,,,,,,,0,,,,,,,,en,,,2ND FLOOR BUILDING A BLOCK 1 NO 723 TONXIN ROAD HONGKOU DISTRICT,,,,,,,,,,,,,,0,0,0,0,0,,Good,543452182,Clear,3A1,100 percentile / class 1,,,,,,,,,,,,,,,,,,,,,,,, 
SHAKTLSHA,"SHANGHAI KTL INTERNATIONAL LOGISTICS CO., LTD.",Company,CUST-.YYYY.-,,,,Agent,SHAKTLSHA,,,,,,,,,,,0,,,,,,,,en,,,"12F SHANGHAI SQUARE NO. 138, HUAIHAI MIDDLE ROAD,",,,,,,,,,,,,,,0,0,0,0,0,,Good,975659724,Clear,N2,60 percentile / class 3,,,,,,,,,,,,,,,,,,,,,,,, 
SHABEYPVG,SHANGHAI BEYOND INTERNATIONAL LOGISTICS CO LTD,Company,CUST-.YYYY.-,,,,Agent,SHABEYPVG,,,,,,,,,,,0,,,,,,,,en,,,ROOM 301 NO.8 BUILDING NO.950 DALIAN ROAD,,,,,,,,,,,,,,0,0,0,0,0,,Good,527898466,Clear,,,,,,,,,,,,,,,,,,,,,,,,,, 
SEASKYBLR,"SEA SKY WORLD WIDE LOGISTICS, PVT LTD.,",Company,CUST-.YYYY.-,,,,Agent,SEASKYBLR,,,,,,,,,,,0,,,,,,,,en,,,"2884, BHAVISHYATH MANSION,2ND MAIN, KODIHALLI, HAL 2ND STAGE INDIRANAGAR BANGALORE-560008",,,,,,,,,,,,,,0,0,0,0,0,,Good,310377641,Flagged,--,,,,,,,,,,,,,,,,,,,,,,,,, 
SCHTRALYS,SCHNEIDER TRANSPORTS SAS,Company,CUST-.YYYY.-,,,,Agent,SCHTRALYS,,,,,,,,,,,0,,,,,,,,en,,,13 AVENUE DES ARRIVAUX SAINT-QUENTIN-FALLAVIER,,,,,,,,,,,,,,0,0,0,0,0,,Good,264217910,Clear,1A3,46 percentile,,,,,,,,,,,,,,,,,,,,,,,, 
REDLINHAM,RED LINE INTERN SPEDITION GMBH,Company,CUST-.YYYY.-,,,,Agent,REDLINHAM,,,,,,,,,,,0,,,,,,,,en,,,HAFERBACHSTRASSE 9-15 GEWERBEPARK KACHTENHAUSEN 1-10,,,,,,,,,,,,,,0,0,0,0,0,,Good,,,,,,,,,,,,,,,,,,,,,,,,,,,, 
RLGLOBORD,R+L GLOBAL LOGISTICS - RLGLOBORD,Company,CUST-.YYYY.-,,,,Agent,RLGLOBORD,,,,,,,,,,,0,,,,,,,,en,,,3658 ATLANTA INDUTRIAL DRIVE SUITE B,,+17709194614,,,,,,,,,,,,0,0,0,0,0,,Good,,No Match,,,,,,,,,,,,,,,,,,,,,,,,,, 
RLGLOBATL,R+L GLOBAL LOGISTICS - RLGLOBATL,Company,CUST-.YYYY.-,,,,Agent,RLGLOBATL,,,,,,,,,,,0,,,,,,,,en,,,3511 NATURALLY FRESH BLVD SUITE 460 AFC WORLDWIDE EXPRESS DBA R+L GLOBAL LOGISTICS,,,,,,,,,,,,,,0,0,0,0,0,,Good,,No Match,,,,,,,,,,,,,,,,,,,,,,,,,, 
RLGLOBCVG,R+L GLOBAL LOGISTICS - RLGLOBCVG,Company,CUST-.YYYY.-,,,,Agent,RLGLOBCVG,,,,,,,,,,,0,,,,,,,,en,,,1301 AVIATION BLVD # 016439NF,,,,,,,,,,,,,,0,0,0,0,0,,Good,,No Match,,,,,,,,,,,,,,,,,,,,,,,,,, 
QUICARHAM,QUICK CARGO SERVICES GMBH,Company,CUST-.YYYY.-,,,,Agent,QUICARHAM,,,,,,,,,,,0,,,,,,,,en,,,"LUFTFRACHTZENTRUM 610/3 , STUTTGART GERMANY",,+49711812,sabine.hottinger@quick-cargo-service.de,,,,,,,,,,,0,0,0,0,0,,Good,,,,,,,,,,,,,,,,,,,,,,,,,,,, 
QUICARAMS,QUICK CARGO SERVICES BV,Company,CUST-.YYYY.-,,,,Agent,QUICARAMS,,,,,,,,,,,0,,,,,,,,en,,,HOEKSTEEN 27-29 2132,,,,,,,,,,,,,,0,0,0,0,0,,Good,412401627,Clear,1A2,62 percentile,,,,,,,,,,,,,,,,,,,,,,,, 
QUASEAIST,QUALITAIR& SEA,Company,CUST-.YYYY.-,,,,Agent,QUASEAIST,,,,,,,,,,,0,,,,,,,,en,,,HALKALI CADDESI BEHEYI HATUN KONAGI N16 YESILKOY,,+902124660101,,,,,,,,,,,,0,0,0,0,0,,Good,,No Match,,,,,,,,,,,,,,,,,,,,,,,,,, 
QCSQUILAMS,QCS QUICK CARGO SERVICE INTERNATIONAL LOGISTICS,Company,CUST-.YYYY.-,,,,Agent,QCSQUILAMS,,,,,,,,,,,0,,,,,,,,en,,,HOEKSTEEN 2729 2132 MT HOOFDDROP,,+31203164900,,,,,,,,,,,,0,0,0,0,0,,Good,,No Match,,,,,,,,,,,,,,,,,,,,,,,,,, 
QCSLOGKLA,QCS LOGISTICS SDN BHD,Company,CUST-.YYYY.-,,,,Agent,QCSLOGKLA,,,,,,,,,,,0,,,,,,,,en,,,"NO.28, JALAN BAYU TINGGI 8,BATU UNJUR, 41200 KLANG",,+60333231343,,,,,,,,,,,,0,0,0,0,0,,Good,813061717,Flagged,DS,,,,,,,,,,,,,,,,,,,,,,,,, 
QCSQUIFRA,QCS - QUICK CARGO SERVICE GMBH - QCSQUIFRA,Company,CUST-.YYYY.-,,,,Agent,QCSQUIFRA,,,,,,,,,,,0,,,,,,,,en,,,KURHESSENSTRASSE 3 D,,+49496105911318,,,,,,,,,,,,0,0,0,0,0,,Good,,,,,,,,,,,,,,,,,,,,,,,,,,,, 
QCSQUIHAM,QCS - QUICK CARGO SERVICE GMBH - QCSQUIHAM,Company,CUST-.YYYY.-,,,,Agent,QCSQUIHAM,,,,,,,,,,,0,,,,,,,,en,,,WERNER-WITT-STRASSE 5,,+4940866253308,,,,,,,,,,,,0,0,0,0,0,,Good,,,,,,,,,,,,,,,,,,,,,,,,,,,, 
PUMLOGICN,PUMAS LOGISTICS CO.LTD.,Company,CUST-.YYYY.-,,,,Agent,PUMLOGICN,,,,,,,,,,,0,,,,,,,,en,,,90 CHANGJEON RO MAPO -GU SEOUL,,,,,,,,,,,,,,0,0,0,0,0,,Good,688289388,Clear,O2,86 percentile / class 2,,,,,,,,,,,,,,,,,,,,,,,, 
SINCAKJKT,PT. SINAR CAKRA BUANA,Company,CUST-.YYYY.-,,,,Agent,SINCAKJKT,,,,,,,,,,,0,,,,,,,,en,,,JL. MERUYA ILIR RAYA KOMPLEK PERKANTORAN TAMAN KEBON JERUK BLOK A XI NO. 36,,,,,,,,,,,,,,0,0,0,0,0,,Good,564430574,Flagged,DS,,,,,,,,,,,,,,,,,,,,,,,,, 
PORAVAJKT,PT. PORT AVANT LOGISTICS,Company,CUST-.YYYY.-,,,,Agent,PORAVAJKT,,,,,,,,,,,0,,,,,,,,en,,,"SOHO CAPITAL BUILDING 26TH FLOOR, ROOM 2605, JL. LETJEN S. PARMAN KAV.28,",,+622166677222,bastian.irianto@port-avant.co.id,,,,,,,,,,,0,0,0,0,0,,Good,631048176,Flagged,DS,,,,,,,,,,,,,,,,,,,,,,,,, 
PTPORTLAX,PT. PORT ALLIANCE - PTPORTLAX,Company,CUST-.YYYY.-,,,,Agent,PTPORTLAX,,,,,,,,,,,0,,,,,,,,en,,,"SOHO CAPITAL BUILDING 26TH FLOOR, ROOM 2605 JL. LETJEN. S. PARMAN KAV.28",,+622150566888,fanny.dianrestianna@port-alliance.co.id,,,,,,,,,,,0,0,0,0,0,,Good,564442367,Flagged,DS,,,,,,,,,,,,,,,,,,,,,,,,, 
PORALLJKT,PT. PORT ALLIANCE - PORALLJKT,Company,CUST-.YYYY.-,,,,Agent,PORALLJKT,,,,,,,,,,,0,,,,,,,,en,,,"SOHO CAPITAL BUILDING 26TH FLOOR, ROOM 2605, JL. LETJEN. S. PARMAN KAV.28",,+622150566888,agung.prabowo@port-alliance.co.id,,,,,,,,,,,0,0,0,0,0,,Good,564442367,Flagged,DS,,,,,,,,,,,,,,,,,,,,,,,,, 
PLAJAYJKT,PT. PLATINUM JAYA LOGISTIC,Company,CUST-.YYYY.-,,,,Agent,PLAJAYJKT,,,,,,,,,,,0,,,,,,,,en,,,MEGA OFFICE PARK OP 5 NO.9 KOTA HARAPAN INDAH MEDAN SATRIA BEKASI JAWA BARAT INDONESIA,,+622188387272,,,,,,,,,,,,0,0,0,0,0,,Good,660006264,Clear,3AA3,,,,,,,,,,,,,,,,,,,,,,,,, 
GLOPUTSUB,PT GLOBAL PUTRA INDOLOGISTICS,Company,CUST-.YYYY.-,,,,Agent,GLOPUTSUB,,,,,,,,,,,0,,,,,,,,en,,,GEDUNG GPI LANTAI 3 JL PERAK TIMUR NO 280 RT 002 RW 003 PERAK UTARA PABEAN CANTIAN,,,,,,,,,,,,,,0,0,0,0,0,,Good,728862277,Clear,3AA3,,,,,,,,,,,,,,,,,,,,,,,,, 
PROLOGSZX1,PROCARGO LOGISTICS LIMITED,Company,CUST-.YYYY.-,,,,Agent,PROLOGSZX1,,,,,,,,,,,0,,,,,,,,en,,,"UNIT 702, BUILDING 4, TONGTAI CENTER, NO.6259 BAO'AN BLVD., BAO'AN DISTRICT",,,,,,,,,,,,,,0,0,0,0,0,,Good,552405543,Flagged,NQ4,,,,,,,,,,,,,,,,,,,,,,,,, 
PRIWORGSO,PRIORITY WORLDWIDE SERVICES - PRIWORGSO,Company,CUST-.YYYY.-,,,,Agent,PRIWORGSO,,,,,,,,,,,0,,,,,,,,en,,,7361 COCA-COLA DRIVE,,+14107667470,imports@priorityworldwide.com,,,,,,,,,,,0,0,0,0,0,,Good,,No Match,,,,,,,,,,,,,,,,,,,,,,,,,, 
PRIWORLGB,PRIORITY WORLDWIDE SERVICES - PRIWORLGB,Company,CUST-.YYYY.-,,,,Agent,PRIWORLGB,,,,,,,,,,,0,,,,,,,,en,,,12616 YUKON AVE.,,+13103488449,sales@priorityworldwide.com,,,,,,,,,,,0,0,0,0,0,,Good,,No Match,,,,,,,,,,,,,,,,,,,,,,,,,, 
PRIWORLAX1,PRIORITY WORLDWIDE - PRIWORLAX1,Company,CUST-.YYYY.-,,,,Agent,PRIWORLAX1,,,,,,,,,,,0,,,,,,,,en,,,1200 W WALNUT ST,,+13103488449,,,,,,,,,,,,0,0,0,0,0,,Good,,No Match,,,,,,,,,,,,,,,,,,,,,,,,,, 
PRIWORYUL,PRIORITY WORLDWIDE - PRIWORYUL,Company,CUST-.YYYY.-,,,,Agent,PRIWORYUL,,,,,,,,,,,0,,,,,,,,en,,,195 RUE VOYAGEUR,,,,,,,,,,,,,,0,0,0,0,0,,Good,,No Match,,,,,,,,,,,,,,,,,,,,,,,,,, 
PRILOGBOM,PRIMETIME LOGI SERVICES PVT. LTD,Company,CUST-.YYYY.-,,,,Agent,PRILOGBOM,,,,,,,,,,,0,,,,,,,,en,,,"MAROL, ANDHERI(E), MUMBAI-400059",,,,,,,,,,,,,,0,0,0,0,0,,Good,861751695,Clear,O3,25 percentile / class 3,,,,,,,,,,,,,,,,,,,,,,,, 
PRIWORDEL,PRIME WORLD LOGISTICS,Company,CUST-.YYYY.-,,,,Agent,PRIWORDEL,,,,,,,,,,,0,,,,,,,,en,,,"BLOCK -A , BUILDING NO- A-17/2 ,OFFICE NO- 106 ROAD NO-2 ,MAHIPALPUR EXTN.",,+917065872872,Santosh@primeworldlogistics.com,,,,,,,,,,,0,0,0,0,0,,Good,645057280,Clear,O3,33 percentile / class 3,,,,,,,,,,,,,,,,,,,,,,,, 
PORINTNYC,PORTEX INTERNATIONAL INC.,Company,CUST-.YYYY.-,,,,Agent,PORINTNYC,,,,,,,,,,,0,,,,,,,,en,,,805 KENT AVE APT 204,,,,,,,,,,,,,,0,0,0,0,0,,Good,96818834,Flagged,--,3 percentile / class 4,,,,,,,,,,,,,,,,,,,,,,,, 
PORALLLAX,PORT ALLIANCE LOGISTICS INTERNATIONAL INC.,Company,CUST-.YYYY.-,,,,Agent,PORALLLAX,,,,,,,,,,,0,,,,,,,,en,,,"20955 PATHFINDER ROAD, SUITE 230,",,,AN@PORT-ALLIANCE.COM,,,,,,,,,,,0,0,0,0,0,,Good,118147192,Flagged,--,14 percentile / class 4,,,,,,,,,,,,,,,,,,,,,,,, 
PILAIRBKK,PILOT AIR CARGO CO. LTD.,Company,CUST-.YYYY.-,,,,Agent,PILAIRBKK,,,,,,,,,,,0,,,,,,,,en,,,"PILOT HOUSE,2024/47-48 SUKHUMVIT 50, RIMTANG ROTFAI ROAD KLONGTOEY, BANGKOK",,+63 (*) 660-2742-799,anavin@pilotbkk.com,,,,,,,,,,,0,0,0,0,0,,Good,,No Match,,,,,,,,,,,,,,,,,,,,,,,,,, 
PIFGLOXMN,PIF GLOBAL LOGISTICS(CHINA)LTD. XIAMEN BRANCH,Company,CUST-.YYYY.-,,,,Agent,PIFGLOXMN,,,,,,,,,,,0,,,,,,,,en,,,"ROOM 311,SHENGTONG CENTER,NO.40,XIANGYUN 1ST ROAD FREE TRADE DISTRICT",,+865925792700,amy.fan@piflogistics.com,,,,,,,,,,,0,0,0,0,0,,Good,416006911,Clear,BR,,,,,,,,,,,,,,,,,,,,,,,,, 
PIFGLOSZX,PIF GLOBAL LOGISTICS(CHINA)LTD. SHENZHEN,Company,CUST-.YYYY.-,,,,Agent,PIFGLOSZX,,,,,,,,,,,0,,,,,,,,en,,,"FLOOR 6, XINGHANGHUAFU 4TH, UNIT F, FUYONG STREET BAO'AN DISTRICT, SHENZHEN,",,+8675523289519,gigi.yao@piflogistics.com,,,,,,,,,,,0,0,0,0,0,,Good,,No Match,,,,,,,,,,,,,,,,,,,,,,,,,, 
PERMATKHH,PERFECT MATCH LOGISTICS CO. LTD.,Company,CUST-.YYYY.-,,,,Agent,PERMATKHH,,,,,,,,,,,0,,,,,,,,en,,,"2F, NO. 398, SEC. 5, ANHE RD., ANNAN DIST.",,+88664128800,,,,,,,,,,,,0,0,0,0,0,,Good,658128046,Clear,3AA2,80 percentile / class 2,,,,,,,,,,,,,,,,,,,,,,,, 
PENPRISGN,"PENTAGON PRIME VIET NAM CO., LTD",Company,CUST-.YYYY.-,,,,Agent,PENPRISGN,,,,,,,,,,,0,,,,,,,,en,,,"NO.203, NAM KY KHOI NGHIA STREET, VO THI SAU WARD, DISTRICT 3",,+84909057856,cs@pentagonprimevn.com,,,,,,,,,,,0,0,0,0,0,,Good,555713654,Flagged,N4,,,,,,,,,,,,,,,,,,,,,,,,, 
PENSHESZX,PENAVICO SHENZHEN LOGISTICS LTD.,Company,CUST-.YYYY.-,,,,Agent,PENSHESZX,,,,,,,,,,,0,,,,,,,,en,,,"20F, ANLIAN PLAZA, NO. 4018 JINTIAN ROAD FUNTIAN DISTRICT",,,,,,,,,,,,,,0,0,0,0,0,,Good,544812100,Clear,3A1,99 percentile / class 1,,,,,,,,,,,,,,,,,,,,,,,, 
PEGGLONRT,"PEGASUS GLOBAL EXPRESS CO., LTD",Company,CUST-.YYYY.-,,,,Agent,PEGGLONRT,,,,,,,,,,,0,,,,,,,,en,,,1-8-11 SHINKIBA KOTOU-KU,,+81335226055,,,,,,,,,,,,0,0,0,0,0,,Good,718249999,Clear,BR,,,,,,,,,,,,,,,,,,,,,,,,, 
PCSCOMHAN,PCS COMMERCIAL AND EXPRESS SERVICE JSC,Company,CUST-.YYYY.-,,,,Agent,PCSCOMHAN,,,,,,,,,,,0,,,,,,,,en,,,6TH FLOOR 25T1-N05 BLD DONG NAM TRAN DUY HUNG URBAN AREA TRUNG HOA WARD CAU GIAY DIST,,,,,,,,,,,,,,0,0,0,0,0,,Good,,No Match,,,,,,,,,,,,,,,,,,,,,,,,,, 
PARBROSGN,"PARTNERS & BROTHERS LOGISTICS CO., LTD",Company,CUST-.YYYY.-,,,,Agent,PARBROSGN,,,,,,,,,,,0,,,,,,,,en,,,"02ND FLOOR VITACO BUILDING, 36 PHAN DINH GIOT WARD 2, TAN BINH DIST., HCM CITY, VIET NAM.",,,,,,,,,,,,,,0,0,0,0,0,,Good,557066638,Clear,1A3,,,,,,,,,,,,,,,,,,,,,,,,, 
PARTNEMIA,PARTNERLOG GROUP INC.,Company,CUST-.YYYY.-,,,,Agent,PARTNEMIA,,,,,,,,,,,0,,,,,,,,en,,,"990 BISCAYNE BLVD #502,MIAMI, FLORIDA 33132 UNITED STATES OF AMERICA",,,,,,,,,,,,,,0,0,0,0,0,,Good,79999763,Flagged,--,35 percentile / class 3,,,,,,,,,,,,,,,,,,,,,,,, 
PARGRAHKG,PARISI GRAND SMOOTH LOGISTICS LTD,Company,CUST-.YYYY.-,,,,Agent,PARGRAHKG,,,,,,,,,,,0,,,,,,,,en,,,"UNIT G & H, 9/F DRAGON INDUSTRIAL BUILDING, NO.93 KING LAM STREET, LAI CHI KOK",,+85228510530,benny@parisigs.com,,,,,,,,,,,0,0,0,0,0,,Good,666720961,Clear,O2,86 percentile / class 2,,,,,,,,,,,,,,,,,,,,,,,, 
PARINTBLR,PAREKH INTEGRATED SERVICES PVT LTD,Company,CUST-.YYYY.-,,,,Agent,PARINTBLR,,,,,,,,,,,0,,,,,,,,en,,,"NO.106/1,12TH KM ATTALIKA WARE HOUSING, MYSORE ROAD, RR NAGAR, CAR#AADCP1503FINBLR4",,+914449007154,saktheswari.y@pispl.in,,,,,,,,,,,0,0,0,0,0,,Good,877255517,Clear,BR,,,,,,,,,,,,,,,,,,,,,,,,, 
PANALOSIN,PANALOGS PTE LTD,Company,CUST-.YYYY.-,,,,Agent,PANALOSIN,,,,,,,,,,,0,,,,,,,,en,,,PAN ASIA LOGISTICS CENTRE 21 CHANGI NORTH WAY SINGAPORE 498774,,,,,,,,,,,,,,0,0,0,0,0,,Good,595397112,Clear,N-,39 percentile / class 3,,,,,,,,,,,,,,,,,,,,,,,, 
PANPROSIN,PANALOGS PROJECT PTE LTD,Company,CUST-.YYYY.-,,,,Agent,PANPROSIN,,,,,,,,,,,0,,,,,,,,en,,,PAN ASIA LOGISTICS CENTRE 21 CHANGI NORTH WAY CHANGI,,+6581269689,Ali.Ridza@panalogs.com,,,,,,,,,,,0,0,0,0,0,,Good,595397112,Clear,N-,39 percentile / class 3,,,,,,,,,,,,,,,,,,,,,,,, 
ORIPOWTPE,"ORIENTAL POWER LOGISTICS CO., LTD",Company,CUST-.YYYY.-,,,,Agent,ORIPOWTPE,,,,,,,,,,,0,,,,,,,,en,,,"8F 2 NO. 10 SUE WEI 4TH ROAD KAOHSIUNG, TAIPEI TAIWAN ROC",,+88675352991,jessica_sung@opl.com.tw,,,,,,,,,,,0,0,0,0,0,,Good,658727156,Clear,AA1,92 percentile / class 2,,,,,,,,,,,,,,,,,,,,,,,, 
ORIFRETPE,"ORIENTAL FREIGHT SERVICES CO., LTD",Company,CUST-.YYYY.-,,,,Agent,ORIFRETPE,,,,,,,,,,,0,,,,,,,,en,,,"9F.-1, NO. 51, HENGYANG RD., ZHONGZHENG DIST.,",,+886225429029,,,,,,,,,,,,0,0,0,0,0,,Good,656148080,Clear,4A1,93 percentile / class 2,,,,,,,,,,,,,,,,,,,,,,,, 
ORICARDXB,ORIENT CARGO AGENCY,Company,CUST-.YYYY.-,,,,Agent,ORICARDXB,,,,,,,,,,,0,,,,,,,,en,,,"AL-QUSAIS PLAZA OFFICE # 509, DAMASCUS STREET 2, P.O. BOX 14671",,+97142633184,annie.innocent@ottacargo.com,,,,,,,,,,,0,0,0,0,0,,Good,559202096,Flagged,DS,,,,,,,,,,,,,,,,,,,,,,,,, 
OPTIMABOS,OPTIMA,Company,CUST-.YYYY.-,,,,Agent,OPTIMABOS,,,,,,,,,,,0,,,,,,,,en,,,"130 NEW BOSTON STREET, WODBURN MA",,,sveligor@stackry.com,,,,,,,,,,,0,0,0,0,0,,Good,,No Match,,,,,,,,,,,,,,,,,,,,,,,,,, 
OPTEXPNRT,OPTEC EXPRESS INC.,Company,CUST-.YYYY.-,,,,Agent,OPTEXPNRT,,,,,,,,,,,0,,,,,,,,en,,,"SHIMBASHI HARA BIDG 3F 2-10-5 SHIMBASHI MINATO-KU TOKYO,105-0004",,+81345007408,op@optec-exp.com.cn,,,,,,,,,,,0,0,0,0,0,,Good,693253096,Clear,BB3,32 percentile / class 4,,,,,,,,,,,,,,,,,,,,,,,, 
OPETRAMAD,OPER-TRAIMER S.A,Company,CUST-.YYYY.-,,,,Agent,OPETRAMAD,,,,,,,,,,,0,,,,,,,,en,,,"CENTRO DE CARGA AEREA-EISENHOWER AVDA. SUR DEL AEROPUERTO DE BARAJAS 16-2. B 28042, MADRID ESPANA",,,,,,,,,,,,,,0,0,0,0,0,,Good,462884722,Clear,A2,89 percentile,,,,,,,,,,,,,,,,,,,,,,,, 
OLDDOMILM,"OLD DOMINION FREIGHT LINE, INC",Company,CUST-.YYYY.-,,,,Agent,OLDDOMILM,,,,,,,,,,,0,,,,,,,,en,,,500 OLD DOMINION WAY,,+13368825964,Camille.Boutchyard@odfl.com,,,,,,,,,,,0,0,0,0,0,,Good,6870877,Clear,5A2,67 percentile / class 3,,,,,,,,,,,,,,,,,,,,,,,, 
OIAGLOCLE,OIA GLOBAL,Company,CUST-.YYYY.-,,,,Agent,OIAGLOCLE,,,,,,,,,,,0,,,,,,,,en,,,19987 COMMERCE PKWY,,+14408264400,Kin.Mei@oiaglobal.com,,,,,,,,,,,0,0,0,0,0,,Good,,No Match,,,,,,,,,,,,,,,,,,,,,,,,,, 
NTEXGOT,NTEX AB - NTEXGOT,Company,CUST-.YYYY.-,,,,Agent,NTEXGOT,,,,,,,,,,,0,,,,,,,,en,,,BOX 8702,,+46317278500,sea.import@ntex.se,,,,,,,,,,,0,0,0,0,0,,Good,350568940,Clear,3A2,66 percentile,,,,,,,,,,,,,,,,,,,,,,,, 
NOWCHIMLA,NOWPORTS CHILE SPA,Company,CUST-.YYYY.-,,,,Agent,NOWCHIMLA,,,,,,,,,,,0,,,,,,,,en,,,"AVENIDA APOQUINDO OF 119,LAS CONDES",,,,,,,,,,,,,,0,0,0,0,0,,Good,,No Match,,,,,,,,,,,,,,,,,,,,,,,,,, 
NOALOGORD,NOATUM LOGISTICS US LLC,Company,CUST-.YYYY.-,,,,Agent,NOALOGORD,,,,,,,,,,,0,,,,,,,,en,,,8550 W BRYN MAWR AVE STE 400 CHB 20,,,,,,,,,,,,,,0,0,0,0,0,,Good,37435033,Flagged,BR,43 percentile / class 3,,,,,,,,,,,,,,,,,,,,,,,, 
NOALOGSEL,NOATUM LOGISTICS KOREA LTD,Company,CUST-.YYYY.-,,,,Agent,NOALOGSEL,,,,,,,,,,,0,,,,,,,,en,,,"5/F SAM YOUNG BLDG., 44 SINGSU-RD MAPO-KU SEOUL, KOREA",,+8227193993,,,,,,,,,,,,0,0,0,0,0,,Good,687233648,Clear,3A1,99 percentile / class 1,,,,,,,,,,,,,,,,,,,,,,,, 
NMTLOJIST,NMT LOJISTIKA A.S.,Company,CUST-.YYYY.-,,,,Agent,NMTLOJIST,,,,,,,,,,,0,,,,,,,,en,,,KORE SEHITLERI CADDESI ISTANBLOOM OFFICES NO: 16/1 OFIS NO:23 ZINCIRLIKUYU,,,,,,,,,,,,,,0,0,0,0,0,,Good,505266744,Flagged,3A3,,,,,,,,,,,,,,,,,,,,,,,,, 
NMTLOJISL,NMT LOJISTIK ANONIM SIRKETI,Company,CUST-.YYYY.-,,,,Agent,NMTLOJISL,,,,,,,,,,,0,,,,,,,,en,,,"ESENTEPE, KORE SEHITLERI CADDESI",,,,,,,,,,,,,,0,0,0,0,0,,Good,505266744,Clear,3A3,,,,,,,,,,,,,,,,,,,,,,,,, 
NKKSHIDEL,NKK SHIPPING & LOGISTICS PVT. LTD.,Company,CUST-.YYYY.-,,,,Agent,NKKSHIDEL,,,,,,,,,,,0,,,,,,,,en,,,"406-407, RATTAN JYOTI BUILDING",,+911125711586,,,,,,,,,,,,0,0,0,0,0,,Good,860308988,Clear,BR,,,,,,,,,,,,,,,,,,,,,,,,, 
NINFUTNGB,NINGBO FUTURE INTERNATIONAL FREIGHT AGENCY CO LTD,Company,CUST-.YYYY.-,,,,Agent,NINFUTNGB,,,,,,,,,,,0,,,,,,,,en,,,4TH FLOOR BUILDING 3 OF SHANGDONG BUSINESS CENTER NO 1926 CHANHAI ROAD JIANGDONG DISTRICT,,,,,,,,,,,,,,0,0,0,0,0,,Good,421279633,Clear,3A3,36 percentile / class 3,,,,,,,,,,,,,,,,,,,,,,,, 
NELHEUGRU,NELSON HEUSI LOGÍSTICA E ARMAZÉNS GERAIS LTDA,Company,CUST-.YYYY.-,,,,Agent,NELHEUGRU,,,,,,,,,,,0,,,,,,,,en,,,"RUA GIL STEIN FERREIRA, 258 - SALA 301 - CENTRO ITAJAI, SANTA CATARINA, BRAZIL",,,,,,,,,,,,,,0,0,0,0,0,,Good,,No Match,,,,,,,,,,,,,,,,,,,,,,,,,, 
NBNSEAHAM,NBN SEA FREIGHT,Company,CUST-.YYYY.-,,,,Agent,NBNSEAHAM,,,,,,,,,,,0,,,,,,,,en,,,"P.O. BOX: 2868 MUSHERIB AREA, AL DIWAN ST., NBK COMMERCIAL BLDG.,",,,,,,,,,,,,,,0,0,0,0,0,,Good,575641728,Flagged,DS,,,,,,,,,,,,,,,,,,,,,,,,, 
NAUCARCOK,NAUTICAL CARGO PVT. LTD.,Company,CUST-.YYYY.-,,,,Agent,NAUCARCOK,,,,,,,,,,,0,,,,,,,,en,,,"CC 59/801A, ELIZABETH MEMORIAL BUILDING THEVARA FERRY JUNCTION COCHIN KERALA, INDIA",,,csv@nauticalcargo.in,,,,,,,,,,,0,0,0,0,0,,Good,873945253,Clear,H3,25 percentile / class 3,,,,,,,,,,,,,,,,,,,,,,,, 
MVXCHALOS,MVX CHANGE LIMITED,Company,CUST-.YYYY.-,,,,Agent,MVXCHALOS,,,,,,,,,,,0,,,,,,,,en,,,"DR S. EZEKUSE STR, LEKKI PHASE1, LAGOS.",,,,,,,,,,,,,,0,0,0,0,0,,Good,,No Match,,,,,,,,,,,,,,,,,,,,,,,,,, 
GLOFREPKG,MS GLOBAL FREIGHT SOLUTION SDN.BHD.,Company,CUST-.YYYY.-,,,,Agent,GLOFREPKG,,,,,,,,,,,0,,,,,,,,en,,,"BLOCK A, 3RD FLOOR, UNIT 317,KELANA CENTRE POINT NO. 3 JALAN SS 7/19,KELANA JAYA, 47301 PETALING",,+60378873903,kelvin.leong@msglobal.com.my,,,,,,,,,,,0,0,0,0,0,,Good,659313087,Clear,FF-,,,,,,,,,,,,,,,,,,,,,,,,, 
MPLOGIFRA,MP LOGISTIK GMBH,Company,CUST-.YYYY.-,,,,Agent,MPLOGIFRA,,,,,,,,,,,0,,,,,,,,en,,,RONTGENSTR. 20 48432 RHEINE,,+49597180245633,,,,,,,,,,,,0,0,0,0,0,,Good,,,,,,,,,,,,,,,,,,,,,,,,,,,, 
MOVINTICD,MOVERS INTERNATIONAL PVT LTD,Company,CUST-.YYYY.-,,,,Agent,MOVINTICD,,,,,,,,,,,0,,,,,,,,en,,,"44 LGF WORLD TRADE CENTER BABAR ROAD, CONNAUGHT PLACE",,+911123411144,prealert@moversintl.com,,,,,,,,,,,0,0,0,0,0,,Good,860508502,Clear,O2,53 percentile / class 2,,,,,,,,,,,,,,,,,,,,,,,, 
MODFRESHJ,MODERN FREIGHT COMPANY LLC,Company,CUST-.YYYY.-,,,,Agent,MODFRESHJ,,,,,,,,,,,0,,,,,,,,en,,,PO BOX 5727 | DUBAI CARGO VILLAGE,,+97142822118,,,,,,,,,,,,0,0,0,0,0,,Good,851094045,Clear,2A3,,,,,,,,,,,,,,,,,,,,,,,,, 
MODEXPTPE,MODERN EXPRESS INTERNATIONAL INC.,Company,CUST-.YYYY.-,,,,Agent,MODEXPTPE,,,,,,,,,,,0,,,,,,,,en,,,"11F-6, NO. 155, SEC. 1 KEELUNG ROAD, TAIPEI",,00886 2 2528 7171,meotpe@ms7.hinet.net,,,,,,,,,,,0,0,0,0,0,,Good,656420676,Clear,3AA1,91 percentile / class 2,,,,,,,,,,,,,,,,,,,,,,,, 
MIRTASADB,MIRA TASIMA HIZMETLERI INSAAT SAN VE TIC LTD. STI,Company,CUST-.YYYY.-,,,,Agent,MIRTASADB,,,,,,,,,,,0,,,,,,,,en,,,EGITIM MAH KASAP ISMAIL CIKMAZI SK NO 8 KAT 3 HASANPASA KADIKOY ISTANBUL,,+902163475750,,,,,,,,,,,,0,0,0,0,0,,Good,,No Match,,,,,,,,,,,,,,,,,,,,,,,,,, 
MILSPEBEG,MILSPED GROUP,Company,CUST-.YYYY.-,,,,Agent,MILSPEBEG,,,,,,,,,,,0,,,,,,,,en,,,BUL. ARSENIJA CARNOJEVICA 59V,,+381117454417,marko.zeljkovic@milsped.com,,,,,,,,,,,0,0,0,0,0,,Good,,No Match,,,,,,,,,,,,,,,,,,,,,,,,,, 
MILSPEGJS,MILSPED,Company,CUST-.YYYY.-,,,,Agent,MILSPEGJS,,,,,,,,,,,0,,,,,,,,en,,,INDUSTRIJSKA CESTA 3 SLOVENIA,,+38630641119,,,,,,,,,,,,0,0,0,0,0,,Good,500735185,Clear,3A1,78 percentile / class 1,,,,,,,,,,,,,,,,,,,,,,,, 
MGLLOGSYD,MGL LOGISTICS PTY LTD,Company,CUST-.YYYY.-,,,,Agent,MGLLOGSYD,,,,,,,,,,,0,,,,,,,,en,,,"3/346 PORT HACKING ROAD CARINGBAH, NSW 2229 AUSTRALIA",,+61297000100,Todd.crooks@mgllog.com.au,,,,,,,,,,,0,0,0,0,0,,Good,752441241,Clear,HH2,45 percentile,,,,,,,,,,,,,,,,,,,,,,,, 
MENQVLSGN,"MENTFIELD QV LOGISTICS VIETNAM CO., LTD.",Company,CUST-.YYYY.-,,,,Agent,MENQVLSGN,,,,,,,,,,,0,,,,,,,,en,,,"ROOM 10.04, FLOOR 10TH, SATRA BUILDING, 275B PHAM NGU LAO STREET, DISTRICT 1,",,+842871099030,,,,,,,,,,,,0,0,0,0,0,,Good,555387460,Clear,3A3,,,,,,,,,,,,,,,,,,,,,,,,, 
MELLOGHAN,MELODY LOGISTICS CO. LTD.,Company,CUST-.YYYY.-,,,,Agent,MELLOGHAN,,,,,,,,,,,0,,,,,,,,en,,,"NO. 01 NGUYEN VAN DAU STREET, WARD 05 PHU NUAN DISTRICT HO CHI MINH VIETNAM",,+842432003162,,,,,,,,,,,,0,0,0,0,0,,Good,555293640,Clear,3A3,,,,,,,,,,,,,,,,,,,,,,,,, 
MBSLOGDUS,MBS LOGISTICS GMBH - MBSLOGDUS,Company,CUST-.YYYY.-,,,,Agent,MBSLOGDUS,,,,,,,,,,,0,,,,,,,,en,,,WAHLERSTRASSE 37,,,,,,,,,,,,,,0,0,0,0,0,,Good,,,,,,,,,,,,,,,,,,,,,,,,,,,, 
MBSLOGMUC,MBS LOGISTICS GMBH - MBSLOGMUC,Company,CUST-.YYYY.-,,,,Agent,MBSLOGMUC,,,,,,,,,,,0,,,,,,,,en,,,ZEPPELINSTRASSE 4,,,,,,,,,,,,,,0,0,0,0,0,,Good,,,,,,,,,,,,,,,,,,,,,,,,,,,, 
MAXWORCAN1,MAXTOP WORLDWIDE LOGISTICS (GZ) LTD,Company,CUST-.YYYY.-,,,,Agent,MAXWORCAN1,,,,,,,,,,,0,,,,,,,,en,,,"RM 401, 4/F, BUILDING 8, BLOCK A, HANTIAN SCIENCE AND TECHNOLOGY CITY NO. 17, SHENHAI RD, GUICHENG,",,,,,,,,,,,,,,0,0,0,0,0,,Good,420604917,Clear,3A1,90 percentile / class 1,,,,,,,,,,,,,,,,,,,,,,,, 
MANLOGISL,"MANUPORT LOGISTICS SERVICES CO., LTD.",Company,CUST-.YYYY.-,,,,Agent,MANLOGISL,,,,,,,,,,,0,,,,,,,,en,,,"KUCUKBAKKALKOY MAH. KAYISDAGI CAD. ALLIANZ PLAZA, SITESI NO. 1 KAT 8",,+902163475750,e.ergenc@manuport-logistics.com.tr,,,,,,,,,,,0,0,0,0,0,,Good,,No Match,,,,,,,,,,,,,,,,,,,,,,,,,, 
MAGLOGMEL,MAGELLAN LOGISTICS PTY LTD.,Company,CUST-.YYYY.-,,,,Agent,MAGLOGMEL,,,,,,,,,,,0,,,,,,,,en,,,35 CATALINA DRIVE TULLAMARINE,,,,,,,,,,,,,,0,0,0,0,0,,Good,743771276,Clear,HH2,35 percentile,,,,,,,,,,,,,,,,,,,,,,,, 
M2TRANSAV,M2 TRANSPORT ATL,Company,CUST-.YYYY.-,,,,Agent,M2TRANSAV,,,,,,,,,,,0,,,,,,,,en,,,3401 NORMAN BERRY DR STE 270,,,,,,,,,,,,,,0,0,0,0,0,,Good,,No Match,,,,,,,,,,,,,,,,,,,,,,,,,, 
MYINTETXG,M&Y INTERNATIONAL LOGISTICS CO.LTD.,Company,CUST-.YYYY.-,,,,Agent,MYINTETXG,,,,,,,,,,,0,,,,,,,,en,,,K ROOM 4 FLOOR TEDA BUILDING NO. 256 JIEFANG ROAD HEXI DISTRICT,,,Yukichen.my@hi-trust.com,,,,,,,,,,,0,0,0,0,0,,Good,544528408,Clear,1AA2,56 percentile / class 3,,,,,,,,,,,,,,,,,,,,,,,, 
MPINTESGN,"M & P INTERNATIONAL CO., LTD.",Company,CUST-.YYYY.-,,,,Agent,MPINTESGN,,,,,,,,,,,0,,,,,,,,en,,,"PEARL PLAZA TOWER, 25TH FLOOR, 561A DIEN BIEN PHU STR., WARD 25 BIN THANH DIST.",,+84 357 302 348,cs07@mpivn.com,,,,,,,,,,,0,0,0,0,0,,Good,555273705,Clear,3A3,,,,,,,,,,,,,,,,,,,,,,,,, 
LYOEXPSIN,LYON EXPRESS PTE LTD,Company,CUST-.YYYY.-,,,,Agent,LYOEXPSIN,,,,,,,,,,,0,,,,,,,,en,,,CARGO AGENTS BLK C 115 AIRPORT CARGO ROAD CHANGI,,,,,,,,,,,,,,0,0,0,0,0,,Good,659365322,Flagged,DS,44 percentile / class 3,,,,,,,,,,,,,,,,,,,,,,,, 
LSILOGDUB,LSI LOGISTICS SOLUTIONS IRELAND LTD,Company,CUST-.YYYY.-,,,,Agent,LSILOGDUB,,,,,,,,,,,0,,,,,,,,en,,,PAMARON HOUSE BALLYBIN ROAD,,+35318499860,,,,,,,,,,,,0,0,0,0,0,,Good,987034613,Flagged,NQ,,,,,,,,,,,,,,,,,,,,,,,,, 
LOXINTPVG,"LOXSON INTERNATIONAL LOGISTICS CO., LTD. - LOXINTPVG",Company,CUST-.YYYY.-,,,,Agent,LOXINTPVG,,,,,,,,,,,0,,,,,,,,en,,,"16F, LEADER BUSINESS CENTER, NO.666 SOUTH CHANGJIANG ROAD, KUNSHAN",,,,,,,,,,,,,,0,0,0,0,0,,Good,549517447,Clear,,,,,,,,,,,,,,,,,,,,,,,,,, 
LOXINTSHA,"LOXSON INTERNATIONAL LOGISTICS CO., LTD. - LOXINTSHA",Company,CUST-.YYYY.-,,,,Agent,LOXINTSHA,,,,,,,,,,,0,,,,,,,,en,,,"16F, LEADER BUSINESS CENTER, NO.666 SOUTH CHANGJIANG ROAD, KUNSHAN, JIANGSU, CHINA",,,,,,,,,,,,,,0,0,0,0,0,,Good,549517447,Clear,,,,,,,,,,,,,,,,,,,,,,,,,, 
LOGLOGSHA,LOGMAN LOGISTICS (WUHAN) CO LTD,Company,CUST-.YYYY.-,,,,Agent,LOGLOGSHA,,,,,,,,,,,0,,,,,,,,en,,,"19TH FLOOR,WENTONG PLAZA, NO.739 KUNMING ROAD,YANGPU DISTRICT",,+862160955068,byron@logmanlog.com,,,,,,,,,,,0,0,0,0,0,,Good,,No Match,,,,,,,,,,,,,,,,,,,,,,,,,, 
LOGISTLAX,LOGISTICON INC.,Company,CUST-.YYYY.-,,,,Agent,LOGISTLAX,,,,,,,,,,,0,,,,,,,,en,,,605 W MAIN ST STE 106,,+19199335464,,,,,,,,,,,,0,0,0,0,0,,Good,6001767,Clear,2R3,18 percentile / class 4,,,,,,,,,,,,,,,,,,,,,,,, 
LOGSPZWAW,LOGINEX SP. Z O.O.,Company,CUST-.YYYY.-,,,,Agent,LOGSPZWAW,,,,,,,,,,,0,,,,,,,,en,,,UL. SKIERNIEWICKA 10 01-230 WARSAW TAX ID: 5222995196,,,,,,,,,,,,,,0,0,0,0,0,,Good,426746974,Flagged,1A4,1 percentile,,,,,,,,,,,,,,,,,,,,,,,, 
LKCLOGMAA,LKC LOGISTICS PVT LTD,Company,CUST-.YYYY.-,,,,Agent,LKCLOGMAA,,,,,,,,,,,0,,,,,,,,en,,,"NEW NO.9, OLD NO.5, KANAGA-SARASWATHI TOWERS, CORAL MERCHANT STREET, CHENNAI, 600001,TN,INDIA",,,,,,,,,,,,,,0,0,0,0,0,,Good,873937560,Clear,O2,71 percentile / class 2,,,,,,,,,,,,,,,,,,,,,,,, 
LIOTRABKK,"LION TRANS CO.,LTD",Company,CUST-.YYYY.-,,,,Agent,LIOTRABKK,,,,,,,,,,,0,,,,,,,,en,,,"1011 SUPALAI GRAND TOWER UNIT 1404, 14TH FL, RAMA 3 RD, CHONGNONSEE, YANNAWA,",,+6626833088,,,,,,,,,,,,0,0,0,0,0,,Good,661284395,Clear,2A2,88 percentile / class 2,,,,,,,,,,,,,,,,,,,,,,,, 
LINLOGODE,LINK LOGISTICS,Company,CUST-.YYYY.-,,,,Agent,LINLOGODE,,,,,,,,,,,0,,,,,,,,en,,,C.F. TIETGENS BOUL 20,,+4572623545,llm@linklog.com,,,,,,,,,,,0,0,0,0,0,,Good,306399293,Clear,,,,,,,,,,,,,,,,,,,,,,,,,, 
LIMLOJIST,LIMA LOJISTIK HIZMETLERI SAN.VE TIC.A.S.,Company,CUST-.YYYY.-,,,,Agent,LIMLOJIST,,,,,,,,,,,0,,,,,,,,en,,,"HSANIYE MAH. IZMIR YOLU CD. EFE PLAZA NO: 116 / 11 NILUFER - BURSA,",,+902244435601,,,,,,,,,,,,0,0,0,0,0,,Good,,No Match,,,,,,,,,,,,,,,,,,,,,,,,,, 
LIAAIRCAN,LIAONING AIR SEA WORLDWIDE LOGISTICS LTD,Company,CUST-.YYYY.-,,,,Agent,LIAAIRCAN,,,,,,,,,,,0,,,,,,,,en,,,ROOM B 23B/F GOLDSUN BUILDING 109 TIYU WEST ROAD,,,,,,,,,,,,,,0,0,0,0,0,,Good,544779838,Clear,3A1,83 percentile / class 2,,,,,,,,,,,,,,,,,,,,,,,, 
LEONORHAM,LEOPROEX NORTH EUROPE GMBH,Company,CUST-.YYYY.-,,,,Agent,LEONORHAM,,,,,,,,,,,0,,,,,,,,en,,,BALLINDAMM 39,,+4940696324930,john.schliecker@leoproexnortheurope.com,,,,,,,,,,,0,0,0,0,0,,Good,,,,,,,,,,,,,,,,,,,,,,,,,,,, 
LEOGLOBKK,"LEO GLOBAL LOGISTICS CO., LTD.",Company,CUST-.YYYY.-,,,,Agent,LEOGLOBKK,,,,,,,,,,,0,,,,,,,,en,,,"251-251/1 SOL PAKDEE, BANGKORLAEM RAMA 3 ROAD",,+6626891122,center@leogloballogistics.com,,,,,,,,,,,0,0,0,0,0,,Good,660444738,Clear,4A2,80 percentile / class 2,,,,,,,,,,,,,,,,,,,,,,,, 
LAMTRAZRH,LAMPRECHT TRANSPORT LTD.,Company,CUST-.YYYY.-,,,,Agent,LAMTRAZRH,,,,,,,,,,,0,,,,,,,,en,,,"FRACHT WEST, POSTFACH 194 ZURICH-FLUGHAFEN",,+41 (4) 381-6508-725,anita.aschwanden@lamprecht.ch,,,,,,,,,,,0,0,0,0,0,,Good,480250779,Clear,O-,,,,,,,,,,,,,,,,,,,,,,,,, 
LAMTRAZET,LAMPRECHT TRANSPORT AG - LAMTRAZET,Company,CUST-.YYYY.-,,,,Agent,LAMTRAZET,,,,,,,,,,,0,,,,,,,,en,,,"HAUPTGEBAUDE Z, POSTFACH 39 EMBRACH-EMBRAPORT",,,,,,,,,,,,,,0,0,0,0,0,,Good,480250779,Clear,O-,,,,,,,,,,,,,,,,,,,,,,,,, 
LAMTRABSL,LAMPRECHT TRANSPORT AG - LAMTRABSL,Company,CUST-.YYYY.-,,,,Agent,LAMTRABSL,,,,,,,,,,,0,,,,,,,,en,,,DEP - BASEL MARITIME PETER MERIAN STR 48 EXPORT UEBERSEE,,+41612847474,Christoph.Reichenstein@lamprecht.ch,,,,,,,,,,,0,0,0,0,0,,Good,480250779,Clear,O-,,,,,,,,,,,,,,,,,,,,,,,,, 
LAMTRAAZRH,LAMPRECHT TRANSPORT AG - LAMTRAAZRH,Company,CUST-.YYYY.-,,,,Agent,LAMTRAAZRH,,,,,,,,,,,0,,,,,,,,en,,,OBERSTRASSE 149 900 ST GALLEN,,,,,,,,,,,,,,0,0,0,0,0,,Good,480250779,Clear,O-,,,,,,,,,,,,,,,,,,,,,,,,, 
KTLULUMER,KTL ULUSLARARASI TASIMACILIK VE TICARET,Company,CUST-.YYYY.-,,,,Agent,KTLULUMER,,,,,,,,,,,0,,,,,,,,en,,,ANONIM SIRKETI BALMUMCU MORBASAN SK KOZA IS MERKEZI B BLOK GIRIS,,+902123550666,cigdem.tomrukcu@kinaygroup.com,,,,,,,,,,,0,0,0,0,0,,Good,502670754,Clear,1A3,,,,,,,,,,,,,,,,,,,,,,,,, 
KTLINTISL,KTL INTERNATIONAL TRANSPORT AND TRADE S.A,Company,CUST-.YYYY.-,,,,Agent,KTLINTISL,,,,,,,,,,,0,,,,,,,,en,,,KTL ULUSLARARASI TAS. VE TIC. A.S. BARBOROS BULVARI MORBASAN SOK. KOZA IS MERKEZI B,,+902123550666,,,,,,,,,,,,0,0,0,0,0,,Good,,No Match,,,,,,,,,,,,,,,,,,,,,,,,,, 
KMGINTSGN,"KMG INTERNATIONAL CO., LTD",Company,CUST-.YYYY.-,,,,Agent,KMGINTSGN,,,,,,,,,,,0,,,,,,,,en,,,"224A DONG KHE STREET, NGO QUYEN DISTRICT HAI PHONG CITY",,,,,,,,,,,,,,0,0,0,0,0,,Good,557297312,Clear,3A2,,,,,,,,,,,,,,,,,,,,,,,,, 
KLOGLOOPO,"K-LOG LOGISTICA, SA",Company,CUST-.YYYY.-,,,,Agent,KLOGLOOPO,,,,,,,,,,,0,,,,,,,,en,,,"RUA DO PINHAL, 250 PT-4470-640",,,,,,,,,,,,,,0,0,0,0,0,,Good,,No Match,,,,,,,,,,,,,,,,,,,,,,,,,, 
KINGLOSIN,KINGSMEN GLOBAL PTE LTD,Company,CUST-.YYYY.-,,,,Agent,KINGLOSIN,,,,,,,,,,,0,,,,,,,,en,,,59 UBI AVENUE 1 #05-18 IZLINK CENTRE,,+6567421488,d.yeocw@kingsmenglobal.com,,,,,,,,,,,0,0,0,0,0,,Good,595273056,Clear,2A-,87 percentile / class 1,,,,,,,,,,,,,,,,,,,,,,,, 
KHAIMISGN,"KHAI MINH GLOBAL CO.,LTD (KMG) – HO CHI MINH BRANCH",Company,CUST-.YYYY.-,,,,Agent,KHAIMISGN,,,,,,,,,,,0,,,,,,,,en,,,"03 FLR SOVILACO, 01 PHO QUANG STR, TAN BINH DIST, HO CHI MINH, VIETNAM",,+84839971569,thaont@kmg.vn,,,,,,,,,,,0,0,0,0,0,,Good,665504435,Clear,BR,,,,,,,,,,,,,,,,,,,,,,,,, 
KHAGLOHAN,"KHAI MINH GLOBAL CO., LTD.",Company,CUST-.YYYY.-,,,,Agent,KHAGLOHAN,,,,,,,,,,,0,,,,,,,,en,,,ATTENTION: THE ACCOUNTS PAYABLE MANAGER 99 LE DUAN STR,,+84439411989,import.cs@kmg.vn,,,,,,,,,,,0,0,0,0,0,,Good,555341394,Clear,3A3,,,,,,,,,,,,,,,,,,,,,,,,, 
KEISPEIEG,KEIMELMAYR SPEDITIONS- UND TRANSPORT GMBH,Company,CUST-.YYYY.-,,,,Agent,KEISPEIEG,,,,,,,,,,,0,,,,,,,,en,,,SCHIRMERSTRASSE 5,,+43732902091,,,,,,,,,,,,0,0,0,0,0,,Good,300204221,Clear,2A1,95 percentile,,,,,,,,,,,,,,,,,,,,,,,, 
KCAINTMIA,"KCARLTON INTERNATIONAL, INC",Company,CUST-.YYYY.-,,,,Agent,KCAINTMIA,,,,,,,,,,,0,,,,,,,,en,,,"2962 SW 26TH TERRACE, SUITE 111 FORT LAUDERDALE, FL 33312MIA",,+19547926505,,,,,,,,,,,,0,0,0,0,0,,Good,,No Match,,,,,,,,,,,,,,,,,,,,,,,,,, 
JNFREICOK,JN FREIGHT FORWARDERS PVT LTD,Company,CUST-.YYYY.-,,,,Agent,JNFREICOK,,,,,,,,,,,0,,,,,,,,en,,,"DOOR NO 39/3720 C, 1ST FLOOR, SR COMPLEX CHITTOOR ROAD, RAVIPURAM, ERNAKULAM",,+914844182230,,,,,,,,,,,,0,0,0,0,0,,Good,,No Match,,,,,,,,,,,,,,,,,,,,,,,,,, 
JIAYISNKG,JIANGSU YISHUN LOGISTICS CO LTD,Company,CUST-.YYYY.-,,,,Agent,JIAYISNKG,,,,,,,,,,,0,,,,,,,,en,,,RM204 CHINA EASTERN AIRLINES CARGO BUILDING NANJIN NANJING LUKOU INTERNATIONAL AIRPORT,,,,,,,,,,,,,,0,0,0,0,0,,Good,528185750,Clear,3A1,99 percentile / class 1,,,,,,,,,,,,,,,,,,,,,,,, 
JIATONSHA,JIANGSU TONGZE INTERNATIONAL LOGISTICS CO LTD,Company,CUST-.YYYY.-,,,,Agent,JIATONSHA,,,,,,,,,,,0,,,,,,,,en,,,"ROOM 818, 814, 818 MP BLOCK A, NO. 18 WEI YE ROAD",,+8651236871635,overseas@js-tongze.com,,,,,,,,,,,0,0,0,0,0,,Good,,No Match,,,,,,,,,,,,,,,,,,,,,,,,,, 
JIAAIRNKG,JIANGSU AIR & SEA FREIGHT FORWARDING,Company,CUST-.YYYY.-,,,,Agent,JIAAIRNKG,,,,,,,,,,,0,,,,,,,,en,,,"ROOM 1801-1807, BUILDING F1, GREENLAND WINDOW BUSINESS PLAZA, NO.12, JINLAN ROAD, JIANGNING DIST",,+862552482411,accounting@nasfreight.com,,,,,,,,,,,0,0,0,0,0,,Good,548305626,Clear,3A1,94 percentile / class 1,,,,,,,,,,,,,,,,,,,,,,,, 
ITSLOGBUD,ITS LOGISTICS HUNGARY,Company,CUST-.YYYY.-,,,,Agent,ITSLOGBUD,,,,,,,,,,,0,,,,,,,,en,,,2220 VECSES HUNGARY |,,,,,,,,,,,,,,0,0,0,0,0,,Good,,No Match,,,,,,,,,,,,,,,,,,,,,,,,,, 
ISSINDHZR,ISSGF INDIA PVT LTD,Company,CUST-.YYYY.-,,,,Agent,ISSINDHZR,,,,,,,,,,,0,,,,,,,,en,,,2ND FLOOR OFFICE NO 202 SILVER ARC BUILDING PLOT NO 57 SECTOR 8 TAGORE ROAD KACHCHH GUJARAT,,,,,,,,,,,,,,0,0,0,0,0,,Good,738690992,Clear,BR,,,,,,,,,,,,,,,,,,,,,,,,, 
ISSGLODEL,ISS GLOBAL FORWARDING - ISSGLODEL,Company,CUST-.YYYY.-,,,,Agent,ISSGLODEL,,,,,,,,,,,0,,,,,,,,en,,,"4TH FLOOR, RM # 77 8/1A SIR WILLIAM JONES SARANI",,,,,,,,,,,,,,0,0,0,0,0,,Good,872373570,Flagged,DS,,,,,,,,,,,,,,,,,,,,,,,,, 
ISSGLOHAM,ISS GLOBAL FORWARDING - ISSGLOHAM,Company,CUST-.YYYY.-,,,,Agent,ISSGLOHAM,,,,,,,,,,,0,,,,,,,,en,,,"103, BIN DIRHAM PLAZA B-RING RODA, P.O BOX 30286,",,,,,,,,,,,,,,0,0,0,0,0,,Good,872373570,Flagged,DS,,,,,,,,,,,,,,,,,,,,,,,,, 
ISRLOGASH,ISRAELCARGO LOGISTICS (ICL) LTD,Company,CUST-.YYYY.-,,,,Agent,ISRLOGASH,,,,,,,,,,,0,,,,,,,,en,,,GOLAN/GILBOA ST AIRPORT CITY LOD,,+97239777333,,,,,,,,,,,,0,0,0,0,0,,Good,533534343,Flagged,B2,,,,,,,,,,,,,,,,,,,,,,,,, 
ISRCARTLV,ISRAEL CARGO LOGISTICS LTD.,Company,CUST-.YYYY.-,,,,Agent,ISRCARTLV,,,,,,,,,,,0,,,,,,,,en,,,P.O.B 1100 LOD AIRPORT 70100,,,,,,,,,,,,,,0,0,0,0,0,,Good,533534343,Clear,B2,,,,,,,,,,,,,,,,,,,,,,,,, 
INELOGDEL,INEXT LOGISTICS & SUPPLY CHAIN PRIVATE LIMITED,Company,CUST-.YYYY.-,,,,Agent,INELOGDEL,,,,,,,,,,,0,,,,,,,,en,,,"PLOT NO. 3 & 4, BLOCK K-1, RAJAPURI, UTTAM NAGAR, OPP. SECTOR-5",,,,,,,,,,,,,,0,0,0,0,0,,Good,771529317,Clear,BR,,,,,,,,,,,,,,,,,,,,,,,,, 
IMEGLBSHJ,IMEX GLBAL FREIGHT (FZC),Company,CUST-.YYYY.-,,,,Agent,IMEGLBSHJ,,,,,,,,,,,0,,,,,,,,en,,,"FREIGHT CENTER, OFFICE NO.: 604 CARGO TERMINAL 2 SHARJAH INTL. AIRPORT SHARJAH, UNITED ARAB EMIRATE",,+971564157055,ziyad@imexgf.com,,,,,,,,,,,0,0,0,0,0,,Good,,No Match,,,,,,,,,,,,,,,,,,,,,,,,,, 
ILSBER,ILS AG,Company,CUST-.YYYY.-,,,,Agent,ILSBER,,,,,,,,,,,0,,,,,,,,en,,,INTERNATIONALER SPEDITIONS- UND LOGISTIKSERVICE ALEXANDER-MEIBNER-STR 18,,,,,,,,,,,,,,0,0,0,0,0,,Good,,,,,,,,,,,,,,,,,,,,,,,,,,,, 
ILSINTLGB,ILS (INTERNATIONAL LOGISTICS SERVICES),Company,CUST-.YYYY.-,,,,Agent,ILSINTLGB,,,,,,,,,,,0,,,,,,,,en,,,18618 S FERRIS PL,,+13106718300,silvia@ilsinc.net,,,,,,,,,,,0,0,0,0,0,,Good,,No Match,,,,,,,,,,,,,,,,,,,,,,,,,, 
IDELOGAMM,IDEAL LOGISTICS,Company,CUST-.YYYY.-,,,,Agent,IDELOGAMM,,,,,,,,,,,0,,,,,,,,en,,,"FAYSAL-FARHAN AL-JERBAH ST.,",,+96265515199,haya@ideal-logs.com,,,,,,,,,,,0,0,0,0,0,,Good,850389613,Clear,O3,,,,,,,,,,,,,,,,,,,,,,,,, 
ICLISRTLV,ICL-ISRAEL CARGO LOGISTICS LTD,Company,CUST-.YYYY.-,,,,Agent,ICLISRTLV,,,,,,,,,,,0,,,,,,,,en,,,P.O.B 1100 LOD AIRPORT,,+97239777399,dafna@show-time.co.il,,,,,,,,,,,0,0,0,0,0,,Good,600046395,Clear,O2,,,,,,,,,,,,,,,,,,,,,,,,, 
ICLISRDFW,ICL - ISRAEL CARGO LOGISTICS LTD.,Company,CUST-.YYYY.-,,,,Agent,ICLISRDFW,,,,,,,,,,,0,,,,,,,,en,,,1 HAGILBOA ST. PO BOX 1100,,,,,,,,,,,,,,0,0,0,0,0,,Good,600046395,Clear,O2,,,,,,,,,,,,,,,,,,,,,,,,, 
IBERSABCN,IBERCONDOR S.A.,Company,CUST-.YYYY.-,,,,Agent,IBERSABCN,,,,,,,,,,,0,,,,,,,,en,,,C/NAPOLS 282 286 BARCELONA SPAIN,,,,,,,,,,,,,,0,0,0,0,0,,Good,464501766,Flagged,2A3,56 percentile,,,,,,,,,,,,,,,,,,,,,,,, 
IASGLOSIN,IAS GLOBAL LOGISTICS PTE LTD,Company,CUST-.YYYY.-,,,,Agent,IASGLOSIN,,,,,,,,,,,0,,,,,,,,en,,,18 Boon Lay Way #03-94 Tradehub 21,,+6569081680,matthew.ong@iasglobalog.com.sg,,,,,,,,,,,0,0,0,0,0,,Good,595443980,Flagged,DS,95 percentile / class 1,,,,,,,,,,,,,,,,,,,,,,,, 
HUASUPNGB,"HUANJI SUPPLY CHAIN MANAGEMENT CO.,LTD.",Company,CUST-.YYYY.-,,,,Agent,HUASUPNGB,,,,,,,,,,,0,,,,,,,,en,,,"FLOOR 11 FORTUNE BLDG 828 FUMINGLU, JIANGDONGQU",,+8657487643024,Joyce@nb-hj.com,,,,,,,,,,,0,0,0,0,0,,Good,529094984,Clear,3A1,100 percentile / class 1,,,,,,,,,,,,,,,,,,,,,,,, 
HPKLOGPEK,"HPK LOGISTICS (BEIJING) CO., LTD.",Company,CUST-.YYYY.-,,,,Agent,HPKLOGPEK,,,,,,,,,,,0,,,,,,,,en,,,"Rm 301, Hengtong Building, No.1, 8th Street Airport Logistics Park, Shunyi District",,+861064572140,op2@hpklogistics.com,,,,,,,,,,,0,0,0,0,0,,Good,,No Match,,,,,,,,,,,,,,,,,,,,,,,,,, 
HMLSUPHPH,HML SUPPLY CHAIN JSC,Company,CUST-.YYYY.-,,,,Agent,HMLSUPHPH,,,,,,,,,,,0,,,,,,,,en,,,"TANG 5B, TOA NHA HL TOWER , 82 DUY TAN, CAU GIAY DIST, HA NOI",,+84901366699,Suri@hml.com.vn,,,,,,,,,,,0,0,0,0,0,,Good,,No Match,,,,,,,,,,,,,,,,,,,,,,,,,, 
HMGCHISAI,HMGS CHILE SOLUCIONES DE TRANSPORTE LTDA.,Company,CUST-.YYYY.-,,,,Agent,HMGCHISAI,,,,,,,,,,,0,,,,,,,,en,,,AVENIDA ALONSO DE CORDOVA 5670 LAS CONDES,,+6593391843,J.SANCHEZ@HANSAMEYER-CL.COM,,,,,,,,,,,0,0,0,0,0,,Good,815636354,Clear,O3,,,,,,,,,,,,,,,,,,,,,,,,, 
HERPORCDG,HERPORT SA,Company,CUST-.YYYY.-,,,,Agent,HERPORCDG,,,,,,,,,,,0,,,,,,,,en,,,17 AVENUE DE LA DEMI LUNE ROISSY CDG,,+842253629858,,,,,,,,,,,,0,0,0,0,0,,Good,271171821,Clear,,,,,,,,,,,,,,,,,,,,,,,,,, 
HANOTRSGN,HANOTRANS CO. LTD.,Company,CUST-.YYYY.-,,,,Agent,HANOTRSGN,,,,,,,,,,,0,,,,,,,,en,,,"NO.2 BICH CAU STR., QUOC TU GIAM WARD DONG DA DIST., HANOI, VIETNAM",,+862160733236,si-han@hanotrans.com.vn,,,,,,,,,,,0,0,0,0,0,,Good,556558030,Clear,BR,,,,,,,,,,,,,,,,,,,,,,,,, 
GWLPROSHG,GWL PROJECT (SHANGHAI) LIMITED,Company,CUST-.YYYY.-,,,,Agent,GWLPROSHG,,,,,,,,,,,0,,,,,,,,en,,,"ROOM 706, #2 BUILDING MOON STAR INTERNATIONAL COMMERCIAL PLAZA LANE 155 SONGBAO ROAD,",,+8618933900768,remond.zhao@gwlproject.com,,,,,,,,,,,0,0,0,0,0,,Good,421370785,Clear,1AA2,72 percentile / class 2,,,,,,,,,,,,,,,,,,,,,,,, 
GUAAIRCAN,"GUANGZHOU AIRBORNE GLOBAL LOGISTICS CO., LTD.",Company,CUST-.YYYY.-,,,,Agent,GUAAIRCAN,,,,,,,,,,,0,,,,,,,,en,,,"ROOM 2203 YI'AN PLAZA, 33RD JIAN SHE LIU ROAD, YUEXIU DISTRICT",,+8615521250191,Fred.chen@airborne-log.com,,,,,,,,,,,0,0,0,0,0,,Good,,No Match,,,,,,,,,,,,,,,,,,,,,,,,,, 
GUAACTCAN,GUANGZHOU ACTION AIR LOGISTICS LIMITED,Company,CUST-.YYYY.-,,,,Agent,GUAACTCAN,,,,,,,,,,,0,,,,,,,,en,,,"ROOM 3309-3311 YINGKAI BUILDING, HUAXIA ROAD NO.16",,+41912226394,winny.ye@actionair.cn,,,,,,,,,,,0,0,0,0,0,,Good,529053656,Clear,A1,93 percentile / class 1,,,,,,,,,,,,,,,,,,,,,,,, 
GREENWZRH,GREENWILL SA,Company,CUST-.YYYY.-,,,,Agent,GREENWZRH,,,,,,,,,,,0,,,,,,,,en,,,VIA BOSSI 1,,+8675728336408,c.stegen@greenwill.ch,,,,,,,,,,,0,0,0,0,0,,Good,480660682,Clear,EE3,28 percentile,,,,,,,,,,,,,,,,,,,,,,,, 
GRECHASZX,"GREEN CHANNEL LOGISTICS CO., LTD. (GCL)",Company,CUST-.YYYY.-,,,,Agent,GRECHASZX,,,,,,,,,,,0,,,,,,,,en,,,"3001 BLOCK A ZHONGMIN TIMES SQUARE NO.12, EAST SUNGANG ROAD, LUOHU, SHENZHEN, CHINA",,+8675586223151,op18.szx@gclchina.net,,,,,,,,,,,0,0,0,0,0,,Good,,No Match,,,,,,,,,,,,,,,,,,,,,,,,,, 
GRESHANSH,GREAT SHARE INTERNATIONAL LOGISTICS LIMITED,Company,CUST-.YYYY.-,,,,Agent,GRESHANSH,,,,,,,,,,,0,,,,,,,,en,,,"RM2210, SUNSHINE BUSINESS BUILDING 98 CHUANGYE RD, NANSHAN DIST",,+6567708033,kevin@greatsharelogistics.com,,,,,,,,,,,0,0,0,0,0,,Good,,No Match,,,,,,,,,,,,,,,,,,,,,,,,,, 
GOWLOGSIN,GOWELL LOGISTICS SVS PTE LTD,Company,CUST-.YYYY.-,,,,Agent,GOWLOGSIN,,,,,,,,,,,0,,,,,,,,en,,,"192 PANDAN LOOP #01-02, PANTECH BUSINESS HUB,",,+6581011602,,,,,,,,,,,,0,0,0,0,0,,Good,595169564,Flagged,DS,22 percentile / class 3,,,,,,,,,,,,,,,,,,,,,,,, 
GOROCESZX,"GORGEOUS OCEAN INTERNATIONAL LOGISTICS CO.,LTD",Company,CUST-.YYYY.-,,,,Agent,GOROCESZX,,,,,,,,,,,0,,,,,,,,en,,,"15TH FLOOR, BLOCK B, BUILDING 5, HENGMING ONE INNOVATION CENTER,LONGCHENG STREET, LONGGANG DISTR",,,,,,,,,,,,,,0,0,0,0,0,,Good,,No Match,,,,,,,,,,,,,,,,,,,,,,,,,, 
GOFAIRHRP,GOFOWARD AIRSEA,Company,CUST-.YYYY.-,,,,Agent,GOFAIRHRP,,,,,,,,,,,0,,,,,,,,en,,,STRANDVEJEN 72,,+4553552252,as@goforward.dk,,,,,,,,,,,0,0,0,0,0,,Good,,No Match,,,,,,,,,,,,,,,,,,,,,,,,,, 
GOFORWAAR,GO FORWARD,Company,CUST-.YYYY.-,,,,Agent,GOFORWAAR,,,,,,,,,,,0,,,,,,,,en,,,STRANDVEJEN 72,,,,,,,,,,,,,,0,0,0,0,0,,Good,305747921,Flagged,NQ-,-1 percentile,,,,,,,,,,,,,,,,,,,,,,,, 
GMTTRASIN,GMT TRANSPEED PTE LTD,Company,CUST-.YYYY.-,,,,Agent,GMTTRASIN,,,,,,,,,,,0,,,,,,,,en,,,"165 KAKI BUKIT AVE 1, 2ND LEVEL, SHUN LI INDUSTRIA",,,,,,,,,,,,,,0,0,0,0,0,,Good,595459383,Flagged,DS,96 percentile / class 1,,,,,,,,,,,,,,,,,,,,,,,, 
GLOEXPXMN,GLOBE EXPRESS,Company,CUST-.YYYY.-,,,,Agent,GLOEXPXMN,,,,,,,,,,,0,,,,,,,,en,,,"XIAMEN RM405 TOWER C N0.212 NANWU ROAD,GAOQI AIRPO, HULI DISTRICT",,+865922618802,,,,,,,,,,,,0,0,0,0,0,,Good,,No Match,,,,,,,,,,,,,,,,,,,,,,,,,, 
GLOLOGSGN,GLOBAL LOGISTICS & TRANSPORT CO. LTD,Company,CUST-.YYYY.-,,,,Agent,GLOLOGSGN,,,,,,,,,,,0,,,,,,,,en,,,RD FLOOR NO LE QUOC HUNG STREET WARD 12 DISTRICT 4,,+84621616458,,,,,,,,,,,,0,0,0,0,0,,Good,556781916,Clear,B3,,,,,,,,,,,,,,,,,,,,,,,,, 
GLOLINSZX,GLOBAL LINK LOGISTICS CO. LTD.,Company,CUST-.YYYY.-,,,,Agent,GLOLINSZX,,,,,,,,,,,0,,,,,,,,en,,,ROOM 33DE TOWER B HONGLONG CENTURY PLAZA EAST SHENNAN ROAD SHENZHEN P.R.CHINA,,,,,,,,,,,,,,0,0,0,0,0,,Good,528730055,Clear,1AA1,92 percentile / class 1,,,,,,,,,,,,,,,,,,,,,,,, 
GLOCORRUH,GLOBAL CORP LOGISTICS (SAUDI) L.L.C (JEDDAH),Company,CUST-.YYYY.-,,,,Agent,GLOCORRUH,,,,,,,,,,,0,,,,,,,,en,,,"7425, AHMAD AL ATTAS-AZ ZAHRA DIST., UNIT NO.22, JEDDAH 23425-2744,",,+966126540764,,,,,,,,,,,,0,0,0,0,0,,Good,,No Match,,,,,,,,,,,,,,,,,,,,,,,,,, 
GLLINKICN,GL LINK KOREA CO LTD,Company,CUST-.YYYY.-,,,,Agent,GLLINKICN,,,,,,,,,,,0,,,,,,,,en,,,"SUITE 901-903, GASAN W-CENTER 181, GASANDIGITAL 1-RO",,,,,,,,,,,,,,0,0,0,0,0,,Good,631156317,Clear,1AA3,41 percentile / class 3,,,,,,,,,,,,,,,,,,,,,,,, 
GEIAIRHAM,GEIS AIR SEA GMBH,Company,CUST-.YYYY.-,,,,Agent,GEIAIRHAM,,,,,,,,,,,0,,,,,,,,en,,,MATTENTWIETE 8,,+4940298134201,,,,,,,,,,,,0,0,0,0,0,,Good,,,,,,,,,,,,,,,,,,,,,,,,,,,, 
GATGLOHKG,GATEWAY GLOBAL LOGISTICS (HK) LIMITED,Company,CUST-.YYYY.-,,,,Agent,GATGLOHKG,,,,,,,,,,,0,,,,,,,,en,,,UNIT 1 3 AND 11 12 22 F TOWER 2 EVER GAIN PLAZA 88 CONTAINER PORT ROAD KWAI CHUNG NEW TERRITORIES,,,,,,,,,,,,,,0,0,0,0,0,,Good,667193718,Clear,2AA1,96 percentile / class 1,,,,,,,,,,,,,,,,,,,,,,,, 
GALFREDEL,GALLIARD FREIGHT SOLUTIONS PVT. LTD.,Company,CUST-.YYYY.-,,,,Agent,GALFREDEL,,,,,,,,,,,0,,,,,,,,en,,,"E-515, RAMPHAL CHOWK, 1ST FLOOR SECTOR - 7, DWARKA New Delhi - 110075,",,,,,,,,,,,,,,0,0,0,0,0,,Good,873935041,Clear,A3,25 percentile / class 3,,,,,,,,,,,,,,,,,,,,,,,, 
FUTAIRAMS,FUTURE AIRFREIGHT B.V.,Company,CUST-.YYYY.-,,,,Agent,FUTAIRAMS,,,,,,,,,,,0,,,,,,,,en,,,BURGEMEESTER POSTWEG 87,,,,,,,,,,,,,,0,0,0,0,0,,Good,489224399,Clear,C2,46 percentile,,,,,,,,,,,,,,,,,,,,,,,, 
FTILOGSGN,FTI LOGISTICS CORP.,Company,CUST-.YYYY.-,,,,Agent,FTILOGSGN,,,,,,,,,,,0,,,,,,,,en,,,"12TH FLOOR, WASECO BLDG, NO 10.,PHO QUANG STR TAN BINH DIST",,,,,,,,,,,,,,0,0,0,0,0,,Good,,No Match,,,,,,,,,,,,,,,,,,,,,,,,,, 
FTLOGI,FT LOGISTICS CORPORATION,Company,CUST-.YYYY.-,,,,Agent,FTLOGI,,,,,,,,,,,0,,,,,,,,en,,,"FLOOR 12, WASECO BUILDING , 10 PHO QUANG ST,. TAN",,,,,,,,,,,,,,0,0,0,0,0,,Good,555479093,Flagged,2A4,,,,,,,,,,,,,,,,,,,,,,,,, 
FRESYSJED,FREIGHT SYSTEMS JEDDAH,Company,CUST-.YYYY.-,,,,Agent,FRESYSJED,,,,,,,,,,,0,,,,,,,,en,,,"TAHLIA ST. OFFICE NO. 503, PO BOX 17462",,+966533327096,manuel.sajed@freightsystems.com,,,,,,,,,,,0,0,0,0,0,,Good,,No Match,,,,,,,,,,,,,,,,,,,,,,,,,, 
FORKIEWAW,FORMAG-KIEV,Company,CUST-.YYYY.-,,,,Agent,FORKIEWAW,,,,,,,,,,,0,,,,,,,,en,,,"16-B MOSKOVSKIY AVE, 04073, KIEV,",,,,,,,,,,,,,,0,0,0,0,0,,Good,,No Match,,,,,,,,,,,,,,,,,,,,,,,,,, 
FORINTSHA,FORAIR INTERNATIONAL LOGISTICS ( SHANGHAI) LIMITED,Company,CUST-.YYYY.-,,,,Agent,FORINTSHA,,,,,,,,,,,0,,,,,,,,en,,,M 520 BLDG 5 NO 1018 SHIWAN SEVENTH AVE PUDONG SHANGHAI CHINA,,,,,,,,,,,,,,0,0,0,0,0,,Good,540480678,Clear,,,,,,,,,,,,,,,,,,,,,,,,,, 
FOPSHIMXP,FOPPIANI SHIPPING & LOGISTICS SRL,Company,CUST-.YYYY.-,,,,Agent,FOPSHIMXP,,,,,,,,,,,0,,,,,,,,en,,,"SEDE LEGALE VIA CHEMNITZ, 4 MACROLOTTO",,+39057472951,,,,,,,,,,,,0,0,0,0,0,,Good,,No Match,,,,,,,,,,,,,,,,,,,,,,,,,, 
FIRSTEDMM,FIRST STEP ESTABLISHMENT FOR TRANSPORTATION “JITEX”,Company,CUST-.YYYY.-,,,,Agent,FIRSTEDMM,,,,,,,,,,,0,,,,,,,,en,,,"41 PORT GATE BUILDING,KHALIDIYAH JANUBIYAH",,,,,,,,,,,,,,0,0,0,0,0,,Good,672736403,Flagged,DS,,,,,,,,,,,,,,,,,,,,,,,,, 
FIBLOGSIN,FIBS LOGISTICS SINGAPORE PTE LTD,Company,CUST-.YYYY.-,,,,Agent,FIBLOGSIN,,,,,,,,,,,0,,,,,,,,en,,,1 COMMONWEALTH LANE #09-04 ONE COMMONWEALTH,,+6569806123,TLorenz@fibs-logistics.com,,,,,,,,,,,0,0,0,0,0,,Good,659380696,Clear,N-,97 percentile / class 1,,,,,,,,,,,,,,,,,,,,,,,, 
FIBLOGHKG,FIBS LOGISTICS LIMITED,Company,CUST-.YYYY.-,,,,Agent,FIBLOGHKG,,,,,,,,,,,0,,,,,,,,en,,,"4/F., KT ONE 158 WAI YIP STREET KWUN TONG,",,+85226299788,,,,,,,,,,,,0,0,0,0,0,,Good,686353761,Clear,AA-,,,,,,,,,,,,,,,,,,,,,,,,, 
FIBLOGBOM,FIBS LOGISTICS INDIA PVT. LTD. - FIBLOGBOM,Company,CUST-.YYYY.-,,,,Agent,FIBLOGBOM,,,,,,,,,,,0,,,,,,,,en,,,UNIT NO 702 SAGARTECH PLAZA A WING ANDHERI EAST,,+919819556670,swapnil.narkar@fibs-logistics.com,,,,,,,,,,,0,0,0,0,0,,Good,854246799,Clear,O3,25 percentile / class 3,,,,,,,,,,,,,,,,,,,,,,,, 
FIBLOGDEL,FIBS LOGISTICS INDIA PVT. LTD. - FIBLOGDEL,Company,CUST-.YYYY.-,,,,Agent,FIBLOGDEL,,,,,,,,,,,0,,,,,,,,en,,,UNIT NO 702 SAGARTECH PLAZA A WING SAKI NAKA ANDHERI EAST,,,,,,,,,,,,,,0,0,0,0,0,,Good,854246799,Clear,O3,25 percentile / class 3,,,,,,,,,,,,,,,,,,,,,,,, 
FIBLOGBKK,"FIBS LOGISTICS CO., LTD.",Company,CUST-.YYYY.-,,,,Agent,FIBLOGBKK,,,,,,,,,,,0,,,,,,,,en,,,"68-68/6 S&B TOWER 1ST FLOOR, ROOM NO.119, PAN RD, BANG RAK,",,+66889899198,pui.butchan@fibs-logistics.com,,,,,,,,,,,0,0,0,0,0,,Good,662891382,Flagged,N4,,,,,,,,,,,,,,,,,,,,,,,,, 
FIBLOGXMN,FIBS LOGISTICS (CHINA) LIMITED XIAMEN BRANCH,Company,CUST-.YYYY.-,,,,Agent,FIBLOGXMN,,,,,,,,,,,0,,,,,,,,en,,,"ROOM 703 BLOCK A NEW KING CENTER NO. 21 JIAHE ROAD,",,,,,,,,,,,,,,0,0,0,0,0,,Good,,No Match,,,,,,,,,,,,,,,,,,,,,,,,,, 
FIBLOGSHA,FIBS LOGISTICS (CHINA) LIMITED,Company,CUST-.YYYY.-,,,,Agent,FIBLOGSHA,,,,,,,,,,,0,,,,,,,,en,,,"ROOM 608,609 NO.218, WU SONG ROAD",,+862161803500,SHA@FIBS-LOGISTICS.COM,,,,,,,,,,,0,0,0,0,0,,Good,,No Match,,,,,,,,,,,,,,,,,,,,,,,,,, 
FERRARMXP,FERRARI SPA,Company,CUST-.YYYY.-,,,,Agent,FERRARMXP,,,,,,,,,,,0,,,,,,,,en,,,VIA PALLI 12 LOC CASE NUOVE 21019 SOMMA LOMBARDO,,,,,,,,,,,,,,0,0,0,0,0,,Good,563695324,Clear,,,,,,,,,,,,,,,,,,,,,,,,,, 
FERLOGSIN,FERRARI LOGISTICS SINGAPORE PTE. LTD.,Company,CUST-.YYYY.-,,,,Agent,FERLOGSIN,,,,,,,,,,,0,,,,,,,,en,,,"9 RAFFLES PLACE, #17-05 REPUBLIC PLAZA,",,+6593391843,accounts.sg@ferrarigroup.net,,,,,,,,,,,0,0,0,0,0,,Good,936933972,Clear,2A2,64 percentile / class 2,,,,,,,,,,,,,,,,,,,,,,,, 
ETALOGHKG,ETA LOGISTICS HK LIMITED,Company,CUST-.YYYY.-,,,,Agent,ETALOGHKG,,,,,,,,,,,0,,,,,,,,en,,,"UNIT 2002, 20/F, SEAVIEW BUILDING, 139 HOI BUN ROAD, KWUN TONG, HONG KONG",,,,,,,,,,,,,,0,0,0,0,0,,Good,664537288,Clear,HH-,,,,,,,,,,,,,,,,,,,,,,,,, 
ETALOGLHR,ETA LOGISTICS (UK) LTD,Company,CUST-.YYYY.-,,,,Agent,ETALOGLHR,,,,,,,,,,,0,,,,,,,,en,,,"UNIT 1, CAMBERLEY BUSINESS CENTRE, BRACEBRIDGE,",,+442088903066,colin.hoskins@eta-logistics.com,,,,,,,,,,,0,0,0,0,0,,Good,218682535,Clear,A3,49 percentile,,,,,,,,,,,,,,,,,,,,,,,, 
ENVGLOCMB,ENVIO GLOBAL LOGISTICS (PVT) LTD,Company,CUST-.YYYY.-,,,,Agent,ENVGLOCMB,,,,,,,,,,,0,,,,,,,,en,,,"FIRST FLOOR, PARKLAND-I, NO.33,",,,,,,,,,,,,,,0,0,0,0,0,,Good,667441928,Flagged,DS,,,,,,,,,,,,,,,,,,,,,,,,, 
EGFINTSZX,"EGF INTERNATIONAL (CHINA) CO., LTD.",Company,CUST-.YYYY.-,,,,Agent,EGFINTSZX,,,,,,,,,,,0,,,,,,,,en,,,"RM 2603-2604, INTERNATIONAL CULTURE BUILDING NO.3039 SHENNAN MIDDLE ROAD, SHENZHEN",,,,,,,,,,,,,,0,0,0,0,0,,Good,,No Match,,,,,,,,,,,,,,,,,,,,,,,,,, 
ECXGLOKUL,ECX GLOBAL FORWARDING (M) SDN BHD,Company,CUST-.YYYY.-,,,,Agent,ECXGLOKUL,,,,,,,,,,,0,,,,,,,,en,,,"LOT 2, JALAN PJS 7/21 BANDAR SUNWAY PETALING JAYA,",,+60356320418,cckul@ecxglobal.com.my,,,,,,,,,,,0,0,0,0,0,,Good,865770916,Clear,3A-,,,,,,,,,,,,,,,,,,,,,,,,, 
DENCARBRU,DENY CARGO BVBA,Company,CUST-.YYYY.-,,,,Agent,DENCARBRU,,,,,,,,,,,0,,,,,,,,en,,,BEDRIJVENZONE MACHELEN CARGO 751 1830 MACHELEN,,+3227522141,petra@denycargo.be,,,,,,,,,,,0,0,0,0,0,,Good,500170030,Clear,1A1,92 percentile,,,,,,,,,,,,,,,,,,,,,,,, 
DCGLOGFXT,DCG LOGISTICS LTD,Company,CUST-.YYYY.-,,,,Agent,DCGLOGFXT,,,,,,,,,,,0,,,,,,,,en,,,"25 FLOOR, NORTH TOWER HUBEI BUILDING, BINHE ROAD, FUTIAN, SHENZHEN, P.RBINHE ROAD",,86 755 82737010,docs28@dcglogistics.com,,,,,,,,,,,0,0,0,0,0,,Good,,No Match,,,,,,,,,,,,,,,,,,,,,,,,,, 
DCLOGIITJ,DC LOGISTICS BRASIL LTD,Company,CUST-.YYYY.-,,,,Agent,DCLOGIITJ,,,,,,,,,,,0,,,,,,,,en,,,"RUA CAMBORIU 590 SC, FAZENDA",,+554732494028,debora.araujo@dclogisticsbrasil.com,,,,,,,,,,,0,0,0,0,0,,Good,913643730,Clear,4A2,,,,,,,,,,,,,,,,,,,,,,,,, 
CRISOLPVG,CRITICAL SOLUTIONS LIMITED,Company,CUST-.YYYY.-,,,,Agent,CRISOLPVG,,,,,,,,,,,0,,,,,,,,en,,,"NO.1100 QIHANG ROAD, PUDONG AIRPORT PUDONG PUDONG DISTRICT",,+862168351866,zoe@criticalsolutionsltd.com,,,,,,,,,,,0,0,0,0,0,,Good,,No Match,,,,,,,,,,,,,,,,,,,,,,,,,, 
CRELOGSIN,CREO LOGISTICS PTE LTD,Company,CUST-.YYYY.-,,,,Agent,CRELOGSIN,,,,,,,,,,,0,,,,,,,,en,,,"8 BURN ROAD, #12-15, TRIVEX SINGAPORE",,+6531576008,clara.lee@creo-logistics.com,,,,,,,,,,,0,0,0,0,0,,Good,595146430,Clear,AA-,96 percentile / class 1,,,,,,,,,,,,,,,,,,,,,,,, 
CLOLOGPVG,"CLOUD LOGISTICS CHINA CO., LTD.",Company,CUST-.YYYY.-,,,,Agent,CLOLOGPVG,,,,,,,,,,,0,,,,,,,,en,,,"ROOM 2105, NO. 469 WUSONG ROAD, HONGKOU DISTRICT, SHANGHAI",,,,,,,,,,,,,,0,0,0,0,0,,Good,,No Match,,,,,,,,,,,,,,,,,,,,,,,,,, 
CLOLOGNYC,CLOUD LOGISTICS,Company,CUST-.YYYY.-,,,,Agent,CLOLOGNYC,,,,,,,,,,,0,,,,,,,,en,,,63 FLUSHING AVE. BUILDING 292 STE 322,,+17186376511,crosstrade@clfus.com,,,,,,,,,,,0,0,0,0,0,,Good,,No Match,,,,,,,,,,,,,,,,,,,,,,,,,, 
CLEARFCFJ,CLEARFREIGHT INC,Company,CUST-.YYYY.-,,,,Agent,CLEARFCFJ,,,,,,,,,,,0,,,,,,,,en,,,1960 EAST GRAND AVE. SUITE 700,,+13107260400,,,,,,,,,,,,0,0,0,0,0,,Good,40372427,Flagged,5A3,29 percentile / class 4,,,,,,,,,,,,,,,,,,,,,,,, 
CLASHAXMN,CLASQUIN SHANGHAI LTD. XIAMEN BRANCH,Company,CUST-.YYYY.-,,,,Agent,CLASHAXMN,,,,,,,,,,,0,,,,,,,,en,,,"RM1907 BUYNOW TECHNOLOGY BUILDING NO.76 HUBIN SOUTH ROAD, XIAMEN, FUJIAN PROVINCE",,,,,,,,,,,,,,0,0,0,0,0,,Good,421129411,Clear,3A3,11 percentile / class 4,,,,,,,,,,,,,,,,,,,,,,,, 
CLASHASZX,CLASQUIN SHANGHAI LTD SHENZHEN BRANCH,Company,CUST-.YYYY.-,,,,Agent,CLASHASZX,,,,,,,,,,,0,,,,,,,,en,,,"ROMCD-1, F/28 BLOCK/A HONGLONG CENTURY PLAZA, 3001 HEPING ROAD, LOUHU DISTRICT,",,,,,,,,,,,,,,0,0,0,0,0,,Good,421129411,Clear,3A3,11 percentile / class 4,,,,,,,,,,,,,,,,,,,,,,,, 
CLASQUQZV,CLASQUIN SA - CLASQUQZV,Company,CUST-.YYYY.-,,,,Agent,CLASQUQZV,,,,,,,,,,,0,,,,,,,,en,,,170 RUE DE CHATAGNON CENTRE D' ACTIVITES CENTR'ALP INOPOLIS-BAT A 38430,,+33141846446,,,,,,,,,,,,0,0,0,0,0,,Good,275557384,Clear,,,,,,,,,,,,,,,,,,,,,,,,,, 
CLASQUNAN,CLASQUIN NANTES,Company,CUST-.YYYY.-,,,,Agent,CLASQUNAN,,,,,,,,,,,0,,,,,,,,en,,,10 ALLEE GEORGES NOE-ZONE D2A-IMMEUBLE TERRA INNOVA 1,,+33228094481,,,,,,,,,,,,0,0,0,0,0,,Good,275557384,Clear,,,,,,,,,,,,,,,,,,,,,,,,,, 
CLASQUGER,CLASQUIN GERMANY GMBH,Company,CUST-.YYYY.-,,,,Agent,CLASQUGER,,,,,,,,,,,0,,,,,,,,en,,,LANGENSTRASSE 52-54 D28195 BREMEN,,,,,,,,,,,,,,0,0,0,0,0,,Good,,,,,,,,,,,,,,,,,,,,,,,,,,,, 
CLASQUANR,CLASQUIN FRANCE,Company,CUST-.YYYY.-,,,,Agent,CLASQUANR,,,,,,,,,,,0,,,,,,,,en,,,573 RUE DELA VOYETTE CRT NO2 89273,,,,,,,,,,,,,,0,0,0,0,0,,Good,,No Match,,,,,,,,,,,,,,,,,,,,,,,,,, 
CLAFARHKG,CLASQUIN (FAR EAST) LTD,Company,CUST-.YYYY.-,,,,Agent,CLAFARHKG,,,,,,,,,,,0,,,,,,,,en,,,"UNITS 05-09, 12/F, METRO LOFT NO. 38 KWAI HEI STREET, KWAI CHUNG, N.T. HK",,+85224093329,,,,,,,,,,,,0,0,0,0,0,,Good,662574243,Clear,EE2,86 percentile / class 2,,,,,,,,,,,,,,,,,,,,,,,, 
CHAKENBOH,CHARLES KENDALL FREIGHT,Company,CUST-.YYYY.-,,,,Agent,CHAKENBOH,,,,,,,,,,,0,,,,,,,,en,,,UNIT 2 SOUTH EAST SECTOR BOURNEMOUTH INTL AIRPORT CHRISTCHURCH D,,+441202593949,ishave@charleskendall.com,,,,,,,,,,,0,0,0,0,0,,Good,,No Match,,,,,,,,,,,,,,,,,,,,,,,,,, 
CENLOGLOS,CEN LOGISTICS LIMITED,Company,CUST-.YYYY.-,,,,Agent,CENLOGLOS,,,,,,,,,,,0,,,,,,,,en,,,37 ALHAJI SAUBANA OGUNDIPE STREET ALAGBADO-ILE,,+2348065580696,e.ebenezer@cen-logistics.com,,,,,,,,,,,0,0,0,0,0,,Good,,No Match,,,,,,,,,,,,,,,,,,,,,,,,,, 
CASGLOSHA,"CASIA GLOBAL LOGISTICS CO., LTD",Company,CUST-.YYYY.-,,,,Agent,CASGLOSHA,,,,,,,,,,,0,,,,,,,,en,,,"ROOM 505 ZHONGTIAN BUILDING NO. 1063 SIPING ROAD, YANGPU, SHANGHAI. 200092",,,,,,,,,,,,,,0,0,0,0,0,,Good,529062463,Clear,4A1,96 percentile / class 1,,,,,,,,,,,,,,,,,,,,,,,, 
CASNARGOA,CASASCO & NARDI SPA,Company,CUST-.YYYY.-,,,,Agent,CASNARGOA,,,,,,,,,,,0,,,,,,,,en,,,PIAZZA FOSSATELLO 3 16124,,,,,,,,,,,,,,0,0,0,0,0,,Good,431043678,Clear,2A1,95 percentile,,,,,,,,,,,,,,,,,,,,,,,, 
CARLOGSHG,"CARNIVAL LOGISTICS (SHENZHEN) CO., LTD.",Company,CUST-.YYYY.-,,,,Agent,CARLOGSHG,,,,,,,,,,,0,,,,,,,,en,,,"RM 1507 WANHUI BUILDING, LONGGANG RD.",,+8675528287309,,,,,,,,,,,,0,0,0,0,0,,Good,,No Match,,,,,,,,,,,,,,,,,,,,,,,,,, 
CARDBALGB,CARGO SERVICES INC DBA CSI GLOBAL,Company,CUST-.YYYY.-,,,,Agent,CARDBALGB,,,,,,,,,,,0,,,,,,,,en,,,7640 MILES DR,,,,,,,,,,,,,,0,0,0,0,0,,Good,868158353,Flagged,--,5 percentile / class 4,,,,,,,,,,,,,,,,,,,,,,,, 
CARCOMRAN,CARGO COMPASS SPA,Company,CUST-.YYYY.-,,,,Agent,CARCOMRAN,,,,,,,,,,,0,,,,,,,,en,,,P.IVA 01678000504 VIA VITTIME CIVILI DI GUERRA 5,,,,,,,,,,,,,,0,0,0,0,0,,Good,442339744,Clear,,,,,,,,,,,,,,,,,,,,,,,,,, 
BEITINSHA,"BEIJING TINGDING GLOBAL FORWARDING CO., LTD.",Company,CUST-.YYYY.-,,,,Agent,BEITINSHA,,,,,,,,,,,0,,,,,,,,en,,,"411 BUILD. 1 TIANXING STREET NO. 1 FANGSHAN DISTRICT,",,,,,,,,,,,,,,0,0,0,0,0,,Good,,No Match,,,,,,,,,,,,,,,,,,,,,,,,,, 
BEELOGHPH,BEE LOGISTICS CORPORATION HAIPHONG BRANCH,Company,CUST-.YYYY.-,,,,Agent,BEELOGHPH,,,,,,,,,,,0,,,,,,,,en,,,"175-176 BINH KIEU II ZONE, DONG HAI WARD HAI AN DIST",,,,,,,,,,,,,,0,0,0,0,0,,Good,,No Match,,,,,,,,,,,,,,,,,,,,,,,,,, 
BEELOGSGN,BEE LOGISTICS CORPORATION,Company,CUST-.YYYY.-,,,,Agent,BEELOGSGN,,,,,,,,,,,0,,,,,,,,en,,,"75 NGUYEN PHUOC LAN STREET, HAO XUAN WARD CAM LEE DISTRICT DA NANG CITY VIETNAM",,+842363575767,sally.vnsgn@beelogistics.com,,,,,,,,,,,0,0,0,0,0,,Good,555301990,Flagged,O-,,,,,,,,,,,,,,,,,,,,,,,,, 
AWOXHBWUH,AWOT XH CORPORATION WUHAN BRANCH,Company,CUST-.YYYY.-,,,,Agent,AWOXHBWUH,,,,,,,,,,,0,,,,,,,,en,,,"ROOM710,HAIMACENTER,HOUXIANGHE, NORTHROAD, JIANGHAN DISTRICT,",,+862785711102,Miya_Wan@awotglobal.com,,,,,,,,,,,0,0,0,0,0,,Good,,No Match,,,,,,,,,,,,,,,,,,,,,,,,,, 
AWOXHSSZG,AWOT XH CORPORATION SUZHOU BRANCH,Company,CUST-.YYYY.-,,,,Agent,AWOXHSSZG,,,,,,,,,,,0,,,,,,,,en,,,"ROOM 2104,NO.19 GUANGJI SOUTH ROAD,",,+8651266093658,apple_su@awotglobal.com,,,,,,,,,,,0,0,0,0,0,,Good,554406015,Clear,BR,,,,,,,,,,,,,,,,,,,,,,,,, 
AWOGLOTPE,AWOT GLOBAL TAIWAN CORPORATION,Company,CUST-.YYYY.-,,,,Agent,AWOGLOTPE,,,,,,,,,,,0,,,,,,,,en,,,10 F 2 NO 77 SEC 4 NANKING EAST ROAD,,,,,,,,,,,,,,0,0,0,0,0,,Good,656800641,Clear,BB2,85 percentile / class 2,,,,,,,,,,,,,,,,,,,,,,,, 
AWOGLOSGN,"AWOT GLOBAL LOGISTICS VIETNAM CO., LTD",Company,CUST-.YYYY.-,,,,Agent,AWOGLOSGN,,,,,,,,,,,0,,,,,,,,en,,,"19TH FLOOR, OPAL TOWER, NO. 92, NGUYEN HUU CANH STREET, WARD 22, BINH THANH DISTRI",,+84838998992,,,,,,,,,,,,0,0,0,0,0,,Good,556418489,Clear,4A3,,,,,,,,,,,,,,,,,,,,,,,,, 
AWOGLOBOM,AWOT GLOBAL LOGISTICS INDIA PRIVATE LIMITED,Company,CUST-.YYYY.-,,,,Agent,AWOGLOBOM,,,,,,,,,,,0,,,,,,,,en,,,"4 FLOOR,M.R. ARCADE (OPP VIJAYA BANK) NEAR BYRATHI CROSS, HENNUR BAGALUR ROAD",,+918028445044,Suma_Parengattil@awotglobal.com,,,,,,,,,,,0,0,0,0,0,,Good,861304329,Flagged,O4,12 percentile / class 4,,,,,,,,,,,,,,,,,,,,,,,, 
AWOGLOBKK,"AWOT GLOBAL LOGISTICS (THAILAND) CO., LTD",Company,CUST-.YYYY.-,,,,Agent,AWOGLOBKK,,,,,,,,,,,0,,,,,,,,en,,,"36/153 RK BIZ CENTER VILLAGE, MOTORWAY ROAD, KLONG SONG TON NOON, LAD KRABANG",,+6621717692,,,,,,,,,,,,0,0,0,0,0,,Good,661744845,Clear,4A1,100 percentile / class 1,,,,,,,,,,,,,,,,,,,,,,,, 
AWOGLOSIN,AWOT GLOBAL LOGISTICS (S) PTE LTD,Company,CUST-.YYYY.-,,,,Agent,AWOGLOSIN,,,,,,,,,,,0,,,,,,,,en,,,7 AIRLINE ROAD #01-07 CARGO AGENTS BLDG E P.O. BOX 789 CHANGI AIRFREIGHT CENTRE,,+6565425488,daphne_lek@awotglobal.com,,,,,,,,,,,0,0,0,0,0,,Good,659230460,Clear,NB-,100 percentile / class 1,,,,,,,,,,,,,,,,,,,,,,,, 
AWOGLOPKG,AWOT GLOBAL LOGISTICS (M) SDN BHD,Company,CUST-.YYYY.-,,,,Agent,AWOGLOPKG,,,,,,,,,,,0,,,,,,,,en,,,"#7-02B, LVL 2, TOWER 7, UOA BUSINESS PARK NO.1, JALAN PENGATURCARA U1/51A, SEKSYEN U1",,,,,,,,,,,,,,0,0,0,0,0,,Good,813055157,Flagged,DS,,,,,,,,,,,,,,,,,,,,,,,,, 
AWOGLOSEL,"AWOT GLOBAL LOGISTICS (KOREA) CO.,LTD.",Company,CUST-.YYYY.-,,,,Agent,AWOGLOSEL,,,,,,,,,,,0,,,,,,,,en,,,"406, KOLON SCIENCE VALLEY,43 DIGITAL-RO 34-GIL,",,+82269257232,hellen_lee@awotglobal.com,,,,,,,,,,,0,0,0,0,0,,Good,694839282,Clear,4A1,98 percentile / class 1,,,,,,,,,,,,,,,,,,,,,,,, 
AWOGLOHKG,AWOT GLOBAL EXPRESS (HK) LTD,Company,CUST-.YYYY.-,,,,Agent,AWOGLOHKG,,,,,,,,,,,0,,,,,,,,en,,,"RM 3705-07, 37/F., KING PALACE PLAZA 52A SHA TSUI ROAD",,+85231026200,,,,,,,,,,,,0,0,0,0,0,,Good,663437988,Clear,DD1,93 percentile / class 2,,,,,,,,,,,,,,,,,,,,,,,, 
AWOGLOPVG,AWOT GLOBAL CORPORATION SHANGHAI BRANCH,Company,CUST-.YYYY.-,,,,Agent,AWOGLOPVG,,,,,,,,,,,0,,,,,,,,en,,,19F 2ND BUILDING HUAYI NO 2020 WEST ZHON SHAN ROAD,,+862168351301,,,,,,,,,,,,0,0,0,0,0,,Good,545399222,Clear,A1,100 percentile / class 1,,,,,,,,,,,,,,,,,,,,,,,, 
AWOGLOCPVG,AWOT GLOBAL CORPORATION HUIZHOU BRANCH,Company,CUST-.YYYY.-,,,,Agent,AWOGLOCPVG,,,,,,,,,,,0,,,,,,,,en,,,"HUICHENG DISTRICT, HUIZHOU CITY, PRC (516003)",,+867522971565,Blue_Zhang@awotglobal.com,,,,,,,,,,,0,0,0,0,0,,Good,545399222,Clear,A1,100 percentile / class 1,,,,,,,,,,,,,,,,,,,,,,,, 
AWOGLOXSA,AWOT GLOBAL CORPORATION - AWOGLOXSA,Company,CUST-.YYYY.-,,,,Agent,AWOGLOXSA,,,,,,,,,,,0,,,,,,,,en,,,"RM.1704,NORTH TOWER,R&Y YINGLI BLDG NO.3, HUAQUIANG RD.,ZHUJIANG NEW CITY",,,,,,,,,,,,,,0,0,0,0,0,,Good,545399222,Clear,A1,100 percentile / class 1,,,,,,,,,,,,,,,,,,,,,,,, 
AWOGLOSHA,AWOT GLOBAL CORPORATION - AWOGLOSHA,Company,CUST-.YYYY.-,,,,Agent,AWOGLOSHA,,,,,,,,,,,0,,,,,,,,en,,,"15F,QIN GONG INTERNATIONAL BUILDING,NO.198 SI PING ROAD",,+862165752376,,,,,,,,,,,,0,0,0,0,0,,Good,545399222,Clear,A1,100 percentile / class 1,,,,,,,,,,,,,,,,,,,,,,,, 
AWOGLOSZP,AWOT GLOBAL CORPORATION - AWOGLOSZP,Company,CUST-.YYYY.-,,,,Agent,AWOGLOSZP,,,,,,,,,,,0,,,,,,,,en,,,"16F, NO.183,METRO PLAZA, TIAN HE NORTH ROAD, TIAN HE DISTRICT, GUANGZHOU, P.R.CHINA",,+862038012388,alice_li@awotglobal.com,,,,,,,,,,,0,0,0,0,0,,Good,545399222,Clear,A1,100 percentile / class 1,,,,,,,,,,,,,,,,,,,,,,,, 
AVAMARRBK,AVALON MARITIME C/O ILS INC,Company,CUST-.YYYY.-,,,,Agent,AVAMARRBK,,,,,,,,,,,0,,,,,,,,en,,,18618 S FERRIS PL RANCHO DOMINGUEZ,,,,,,,,,,,,,,0,0,0,0,0,,Good,,No Match,,,,,,,,,,,,,,,,,,,,,,,,,, 
ATLUKRIEV,ATLAS GROUP UKRAINE,Company,CUST-.YYYY.-,,,,Agent,ATLUKRIEV,,,,,,,,,,,0,,,,,,,,en,,,"KNYAZHIY ZATON ULITSA, 9-A, OFFICE 369 DARNYTSKYI RAION",,,,,,,,,,,,,,0,0,0,0,0,,Good,498395421,Clear,,,,,,,,,,,,,,,,,,,,,,,,,, 
ASHLOGBOM,ASHCON LOGISTICS INDIA PVT. LTD,Company,CUST-.YYYY.-,,,,Agent,ASHLOGBOM,,,,,,,,,,,0,,,,,,,,en,,,"NO. 217, PLOT 61, RAHEJA ARCADE, SECTOR 11, CBD BELAPUR, NAVI MUMBAI - 400614 INDIA",,,,,,,,,,,,,,0,0,0,0,0,,Good,861194592,Clear,A3,25 percentile / class 3,,,,,,,,,,,,,,,,,,,,,,,, 
APRGLOIST,APRON GLOBAL LOJISTIK DIS TIC. LTD. STI.,Company,CUST-.YYYY.-,,,,Agent,APRGLOIST,,,,,,,,,,,0,,,,,,,,en,,,BARBAROS MH. AKZAMBAK SK. UPHILL COURT SITESI A1 B NO:3/88 ATASEHIR,,,,,,,,,,,,,,0,0,0,0,0,,Good,,No Match,,,,,,,,,,,,,,,,,,,,,,,,,, 
APCLOGMMX,APC LOGISTICS AB - APCLOGMMX,Company,CUST-.YYYY.-,,,,Agent,APCLOGMMX,,,,,,,,,,,0,,,,,,,,en,,,FLINTYXEGATAN 7,,,fredrik.svensson@apclogistics.com,,,,,,,,,,,0,0,0,0,0,,Good,,No Match,,,,,,,,,,,,,,,,,,,,,,,,,, 
APCLOGARN,APC LOGISTICS AB - APCLOGARN,Company,CUST-.YYYY.-,,,,Agent,APCLOGARN,,,,,,,,,,,0,,,,,,,,en,,,P.O. BOX 228 STOCKHOLM,,,,,,,,,,,,,,0,0,0,0,0,,Good,,No Match,,,,,,,,,,,,,,,,,,,,,,,,,, 
ALLWAYTPE,"ALL THE WAY EXPRESS (TAIWAN ) CO., LTD.",Company,CUST-.YYYY.-,,,,Agent,ALLWAYTPE,,,,,,,,,,,0,,,,,,,,en,,,"8F-5 NO.309 FUHSING N, RD.",,+886227150200,angel@alltheway.com.tw,,,,,,,,,,,0,0,0,0,0,,Good,658612366,Clear,BB2,88 percentile / class 2,,,,,,,,,,,,,,,,,,,,,,,, 
ALLCARTLV,ALL CARGO LOGISTICS SERVICES LTD,Company,CUST-.YYYY.-,,,,Agent,ALLCARTLV,,,,,,,,,,,0,,,,,,,,en,,,3 HASHARON ST 7019900 AIRPORT CITY,,,,,,,,,,,,,,0,0,0,0,0,,Good,,No Match,,,,,,,,,,,,,,,,,,,,,,,,,, 
ALITRAMXP,ALITRANS SRL,Company,CUST-.YYYY.-,,,,Agent,ALITRAMXP,,,,,,,,,,,0,,,,,,,,en,,,VIA FRANCIA 37,,,,,,,,,,,,,,0,0,0,0,0,,Good,436542476,Clear,2A1,100 percentile,,,,,,,,,,,,,,,,,,,,,,,, 
AITWORDUS,AIT WORLDWIDE LOGISTICS GERMANY GMBH,Company,CUST-.YYYY.-,,,,Agent,AITWORDUS,,,,,,,,,,,0,,,,,,,,en,,,KLAUS-BUNGERT-STRASSE 3,,+4921154012563,nleifheit@aitworldwide.com,,,,,,,,,,,0,0,0,0,0,,Good,,No Match,,,,,,,,,,,,,,,,,,,,,,,,,, 
AITWORFXT,AIT WORLDWIDE LOGISTICS (UK) LIMITED,Company,CUST-.YYYY.-,,,,Agent,AITWORFXT,,,,,,,,,,,0,,,,,,,,en,,,"1-2 BLACKTHORNE ROAD, MCKAY TRADING ESTATE BLACKTHORNE ROAD COLNBROOK",,+441753680300,cnewell@aitworldwide.com,,,,,,,,,,,0,0,0,0,0,,Good,294853957,Clear,3A2,80 percentile,,,,,,,,,,,,,,,,,,,,,,,, 
AIRSEATPE,AIR SEA WORLDWIDE TAIWAN LTD,Company,CUST-.YYYY.-,,,,Agent,AIRSEATPE,,,,,,,,,,,0,,,,,,,,en,,,10F NO 19 SEC. 3 NANJING EAST ROAD ZHONGSHAN DIST TAIPEI CITY TAIWAN,,,,,,,,,,,,,,0,0,0,0,0,,Good,,No Match,,,,,,,,,,,,,,,,,,,,,,,,,, 
AIRSEAHKG,AIR SEA WORLDWIDE LOGISTICS LTD,Company,CUST-.YYYY.-,,,,Agent,AIRSEAHKG,,,,,,,,,,,0,,,,,,,,en,,,40/F 169 ELECTRIC ROAD NORTH POINT,,+85228656868,,,,,,,,,,,,0,0,0,0,0,,Good,662069426,Clear,O1,91 percentile / class 2,,,,,,,,,,,,,,,,,,,,,,,, 
AIROCESWK,AIR OCEAN INTERNATIONAL IMPORT & EXPORT LLC,Company,CUST-.YYYY.-,,,,Agent,AIROCESWK,,,,,,,,,,,0,,,,,,,,en,,,"AL ARBEED COMPLEX, FLOOR 10, OFFICE NO. 18 HABEEB MUNAWAR STREET, FARWANYA, KUWAIT",,+96560608214,shipping@airocean-intl.com,,,,,,,,,,,0,0,0,0,0,,Good,850395746,Flagged,DS,,,,,,,,,,,,,,,,,,,,,,,,, 
AIOSHAPVG,"AIO (SHANGHAI) INTERNATIONAL CARGO CO, LTD.",Company,CUST-.YYYY.-,,,,Agent,AIOSHAPVG,,,,,,,,,,,0,,,,,,,,en,,,ROOM 403 NO 216 TANGSHAN RD.SHANGHAI RD,,+862155882560,shane.cao@aiocargo.com,,,,,,,,,,,0,0,0,0,0,,Good,,No Match,,,,,,,,,,,,,,,,,,,,,,,,,, 
AILOGISHK,"AI LOGISTICS CO., LTD",Company,CUST-.YYYY.-,,,,Agent,AILOGISHK,,,,,,,,,,,0,,,,,,,,en,,,"RM406, NO. 8, SHUIWAN BUILDING, ZHAOSHANG RD, NANSHAN DIST,",,,,,,,,,,,,,,0,0,0,0,0,,Good,402535788,Clear,CC3,18 percentile / class 4,,,,,,,,,,,,,,,,,,,,,,,, 
AFRLOGDUR,AFRICAN LOGISTICS SERVICES,Company,CUST-.YYYY.-,,,,Agent,AFRLOGDUR,,,,,,,,,,,0,,,,,,,,en,,,"17A & 17B, CEDAR PARK, QUARRY PARK CL, RIVERHORSE VALLEY,",,+27312795721,,,,,,,,,,,,0,0,0,0,0,,Good,653762194,Clear,O-,,,,,,,,,,,,,,,,,,,,,,,,, 
ADDLOGSGN1,ADDICON LOGISTICS MANAGEMENT (VN) COMPANY,Company,CUST-.YYYY.-,,,,Agent,ADDLOGSGN1,,,,,,,,,,,0,,,,,,,,en,,,"(AIL GROUP) THE GOLDEN BUILDING, NO. 19 TAN CANH S WARD 1, TAN BINH DISTRICT",,,,,,,,,,,,,,0,0,0,0,0,,Good,557077845,Clear,3A3,,,,,,,,,,,,,,,,,,,,,,,,, 
4LOGTLV,ACCUTEST TECHNOLOGIES INC.,Company,CUST-.YYYY.-,,,,Agent,ACCTEMNL,,,,,,,,,,,0,,,,,,,,en,,,"HA-YESTIRA ST 31, RAMAT GAN",,+97235554000,haim.pack@4log.com,,,,,,,,,,,0,0,0,0,0,,Good,,No Match,,,,,,,,,,,,,,,,,,,,,,,,,, 
PRIWARMNL,PRIME WAREHOUSE DYNAMICS CORP.,Company,CUST-.YYYY.-,,,,Affiliates,PRIWARMNL,Philippines,,,,,,,,,,1,PRIME WAREHOUSE DYNAMICS CORP.,,,,,,,en,,,,,,,,,,,,,,,,,0,0,0,0,0,,Good,,,,,,erd7v3rrf6,ALL SYSTEMS LOGISTICS INC.,,,,,,,,,,,,,,,,,,,,,
