ID,Customer Name,Customer Type,Series,Default UNLOCO,Code,Alias,Customer Group,custom_code,Territory,Gender,Lead,Opportunity,Prospect,Account Manager,Image,Billing Currency,Company Bank Account,Price List,Is Internal Customer,Represents Company,TIN (Tax Identification Number),Branch Code,Market Segment,Industry,Customer POS ID,Website,Print Language,Customer Details,Customer Primary Address,Primary Address,Customer Primary Contact,Mobile No,Email Id,First Name,Last Name,Tax ID,Tax Category,Tax Withholding Category,Tax Withholding Group,Payment Terms Template,Loyalty Program,Loyalty Program Tier,Sales Partner,Commission Rate,Allow sales invoice creation without sales order,Allow sales invoice creation without delivery note,Is Frozen,Disabled,Default Warehouse Profit Center,Credit Status,DUNS Number,WatchDog Risk Status,D&B Rating,Failure Score,PAYDEX Score,ID (Allowed to transact with),Company (Allowed to transact with),ID (Supplier Numbers),Company (Supplier Numbers),Supplier Number (Supplier Numbers),ID (Credit & Overdue Limits),Bypass credit limit check at sales order (Credit & Overdue Limits),Company (Credit & Overdue Limits),Credit Limit (Credit & Overdue Limits),Overdue Limit (Credit & Overdue Limits),ID (Default Accounts),Advance Account (Default Accounts),Company (Default Accounts),Default Account (Default Accounts),ID (Sales Team),Commission Rate (Sales Team),Contact No. (Sales Team),Contribution (%) (Sales Team),Contribution to Net Total (Sales Team),Incentives (Sales Team),Sales Person (Sales Team),ID (Customer Portal Users),User (Customer Portal Users)
TRACARPNH,TRANSPEED CARGO (CAMBODIA) CO. LTD.,Company,,KHPNH,TRACARPNH,,Commercial,,All Territories,,,,,,,,,,,,,,,,,,,,TRACARPNH,,,,,,,,,,,,,,,,,,,0,,,,,,,,,,,,,,,,,,,,,,,,,,,,,,
ANDERINYC,"A.N. DERINGER, INC",Company,,USNYC,ANDERINYC,,Commercial,,All Territories,,,,,,,,,,,,,,,,,,,,ANDERINYC,,,,,,,,,,,,,,,,,,,0,,,,,,,,,,,,,,,,,,,,,,,,,,,,,,
TRAFREKUL3,TRANSOCEAN FREIGHT SERVICES SDN BHD/AIR,Company,,MYKUL,TRAFREKUL3,,Commercial,,All Territories,,,,,,,,,,,,,,,,,,,,TRAFREKUL3,,,,,,,,,,,,,,,,,,,0,,,,,,,,,,,,,,,,,,,,,,,,,,,,,,
SHAZFISHA,SHANGHAI ZF INT'L TRANSPORTATION,Company,,CNSHA,SHAZFISHA,,Commercial,,All Territories,,,,,,,,,,,,,,,,,,,,SHAZFISHA,,,,,,,,,,,,,,,,,,,0,,,,,,,,,,,,,,,,,,,,,,,,,,,,,,
EXPPAKKHI,EXPOLANKA PAKISTAN (PVT) LTD.,Company,,PKKHI,EXPPAKKHI,,Commercial,,All Territories,,,,,,,,,,,,,,,,,www.expolankafreight.com,,,EXPPAKKHI,,,,,,,,,,,,,,,,,,,0,,,,,,,,,,,,,,,,,,,,,,,,,,,,,,
ATLLOGDAC,ATLAS LOGISTICS BANGLADESH (PVT) LIMITED,Company,,BDDAC,ATLLOGDAC,,Commercial,,All Territories,,,,,,,,,,,,,,,,,www.atlaslogistics.co.in,,,ATLLOGDAC,,,,operation@bd.atlaslogistics.co.in,,,,,,,,,,,,,,,0,,,,,,,,,,,,,,,,,,,,,,,,,,,,,,
WMOLOGCEK,WMO LOGISTICS,Company,,USCEK,WMOLOGCEK,,Commercial,,All Territories,,,,,,,,,,,,,,,,,,,,WMOLOGCEK,,,,,,,,,,,,,,,,,,,0,,,,,,,,,,,,,,,,,,,,,,,,,,,,,,
ADSAIRMIA,ADS AIR & OCEAN FREIGHT,Company,,USMIA,ADSAIRMIA,,Commercial,,All Territories,,,,,,,,,,,,,,,,,,,,ADSAIRMIA,,,,,,,,,,,,,,,,,,,0,,,,,,,,,,,,,,,,,,,,,,,,,,,,,,
ITELOGVNO,ITELLA LOGISTICS UAB (LITHUANIA),Company,,LTVNO,ITELOGVNO,,Commercial,,All Territories,,,,,,,,,,,,,,,,,www.itella.lt/logistics,,,ITELOGVNO,,,+37052196638,airsea.lt@itella.com,,,,,,,,,,,,,,,0,,,,,,,,,,,,,,,,,,,,,,,,,,,,,,
TARLOGXMN,TARGET LOGISTICS SERVICES,Company,,CNXMN,TARLOGXMN,,Commercial,,All Territories,,,,,,,,,,,,,,,,,,,,TARLOGXMN,,,,xmn.international@targetlogistics.com,,,,,,,,,,,,,,,0,,,,,,,,,,,,,,,,,,,,,,,,,,,,,,
KAMINTNWK,"KAMINO INTERNATIONAL TRANSPORT, INC.",Company,,USNWK,KAMINTNWK,,Commercial,,All Territories,,,,,,,,,,,,,,,,,,,,KAMINTNWK,,,,,,,,,,,,,,,,,,,0,,,,,,,,,,,,,,,,,,,,,,,,,,,,,,
VERCANCEB,"VERSA-CAN INDUSTRIAL SERVICE AND SUPPLY, INC.",Company,,PHCEB,VERCANCEB,,Commercial,,All Territories,,,,,,,,,,,,,,,,,,,,VERCANCEB,,,+639173289481,vanessa@versa-can.com,,,,,,,,,,,,,,,0,,,,,,,,,,,,,,,,,,,,,,,,,,,,,,
TKLSPEGOT,TKL SPEDITION AB,Company,,SEGOT,TKLSPEGOT,,Commercial,,All Territories,,,,,,,,,,,,,,,,,,,,TKLSPEGOT,,,,,,,,,,,,,,,,,,,0,,,,,,,,,,,,,,,,,,,,,,,,,,,,,,
ALINKFLAX,A-LINK FREIGHT INC.,Company,,USLAX,ALINKFLAX,,Commercial,,All Territories,,,,,,,,,,,,,,,,,,,,ALINKFLAX,,,,,,,,,,,,,,,,,,,0,,,,,,,,,,,,,,,,,,,,,,,,,,,,,,
TARAIRPEN,TARGET AIRFREIGHT (M) SDN BHD,Company,,MYPEN,TARAIRPEN,,Commercial,,All Territories,,,,,,,,,,,,,,,,,,,,TARAIRPEN,,,,,,,,,,,,,,,,,,,0,,,,,,,,,,,,,,,,,,,,,,,,,,,,,,
FAILOGAMS,FAIREXX LOGISTICS FOR EXHIBITIONS BV,Company,,NLAMS,FAILOGAMS,,Commercial,,All Territories,,,,,,,,,,,,,,,,,,,,FAILOGAMS,,,,,,,,,,,,,,,,,,,0,,,,,,,,,,,,,,,,,,,,,,,,,,,,,,
LOGISBBCN,LOGISBER,Company,,ESBCN,LOGISBBCN,,Commercial,,All Territories,,,,,,,,,,,,,,,,,,,,LOGISBBCN,,,,,,,,,,,,,,,,,,,0,,,,,,,,,,,,,,,,,,,,,,,,,,,,,,
AGIMELAFE,AGILITY FAIRS & EVENTS,Company,,AUMEL,AGIMELAFE,,Commercial,,All Territories,,,,,,,,,,,,,,,,,,,,AGIMELAFE,,,,,,,,,,,,,,,,,,,0,,,,,,,,,,,,,,,,,,,,,,,,,,,,,,
NOALOGORD,NOATUM LOGISTICS US LLC,Company,,USORD,NOALOGORD,,Commercial,,All Territories,,,,,,,,,,,,,,,,,,,,NOALOGORD,,,,,,,,,,,,,,,,,,,0,,,,,,,,,,,,,,,,,,,,,,,,,,,,,,
SWEMANLAX,SWEET MANUFACTURING COMPANY,Company,,USLAX,SWEMANLAX,,Commercial,,All Territories,,,,,,,,,,,,,,,,,,,,SWEMANLAX,,,,,,,,,,,,,,,,,,,0,,,,,,,,,,,,,,,,,,,,,,,,,,,,,,
INTSPAPMF,INTERCOSPED SPA,Company,,ITPMF,INTSPAPMF,,Commercial,,All Territories,,,,,,,,,,,,,,,,,,,,INTSPAPMF,,,,,,,,,,,,,,,,,,,0,,,,,,,,,,,,,,,,,,,,,,,,,,,,,,
ROSTARIST,ROSIO TARIM OTOMOTIV MEDIKAL,Company,,TRIST,ROSTARIST,,Commercial,,All Territories,,,,,,,,,,,,,,,,,,,,ROSTARIST,,,+905498132055,,,,,,,,,,,,,,,,0,,,,,,,,,,,,,,,,,,,,,,,,,,,,,,
SCATRAYYZ,S.CASSIS TRANSPORT EXPRESS INTERNATIONAL,Company,,CAYYZ,SCATRAYYZ,,Commercial,,All Territories,,,,,,,,,,,,,,,,,,,,SCATRAYYZ,,,,,,,,,,,,,,,,,,,0,,,,,,,,,,,,,,,,,,,,,,,,,,,,,,
APTSHOSGN,"APT SHOWFREIGHT VIETNAM CO., LTD.",Company,,VNSGN,APTSHOSGN,,Commercial,,All Territories,,,,,,,,,,,,,,,,,,,,APTSHOSGN,,,,le.huong@aptshowfreight.com,,,,,,,,,,,,,,,0,,,,,,,,,,,,,,,,,,,,,,,,,,,,,,
NOALOGAUH,NOATUM LOGISTICS (MIDDLE EAST),Company,,AEAUH,NOALOGAUH,,Commercial,,All Territories,,,,,,,,,,,,,,,,,,,,NOALOGAUH,,,,,,,,,,,,,,,,,,,0,,,,,,,,,,,,,,,,,,,,,,,,,,,,,,
MANLOGMAD,MANUPORT LOGISTICS ESPANA S.L.,Company,,ESMAD,MANLOGMAD,,Commercial,,All Territories,,,,,,,,,,,,,,,,,,,,MANLOGMAD,,,,,,,,,,,,,,,,,,,0,,,,,,,,,,,,,,,,,,,,,,,,,,,,,,
REAINTBJS,"REALOGISTICS INT'L (BEIJING) CO., LTD.",Company,,CNBJS,REAINTBJS,,Commercial,,All Territories,,,,,,,,,,,,,,,,,,,,REAINTBJS,,,,,,,,,,,,,,,,,,,0,,,,,,,,,,,,,,,,,,,,,,,,,,,,,,
PRIOCESHA,PRIMY OCEAN AIR LOGISTICS CO. LTD,Company,,CNSHA,PRIOCESHA,,Commercial,,All Territories,,,,,,,,,,,,,,,,,,,,PRIOCESHA,,,,,,,,,,,,,,,,,,,0,,,,,,,,,,,,,,,,,,,,,,,,,,,,,,
FRESYSSIN,FREIGHT SYSTEMS LOGISTICS PTE LTD,Company,,SGSIN,FRESYSSIN,,Commercial,,All Territories,,,,,,,,,,,,,,,,,,,,FRESYSSIN,,,,,,,,,,,,,,,,,,,0,,,,,,,,,,,,,,,,,,,,,,,,,,,,,,
HAWELLAKL,HAWK ELLERY FREIGHT SERVICES,Company,,NZAKL,HAWELLAKL,,Commercial,,All Territories,,,,,,,,,,,,,,,,,,,,HAWELLAKL,,,,,,,,,,,,,,,,,,,0,,,,,,,,,,,,,,,,,,,,,,,,,,,,,,
BALGRUIST,BALCIOGLU GRUP STANDART IZOLASYON VE YAPI,Company,,TRIST,BALGRUIST,,Commercial,,All Territories,,,,,,,,,,,,,,,,,,,,BALGRUIST,,,,oznur@gruptrans.com,,,,,,,,,,,,,,,0,,,,,,,,,,,,,,,,,,,,,,,,,,,,,,
UNIPARHAM,UNIPARTS GMBH,Company,,DEHAM,UNIPARHAM,,Commercial,,All Territories,,,,,,,,,,,,,,,,,,,,UNIPARHAM,,,,info@unipartsgmbh.de,,,,,,,,,,,,,,,0,,,,,,,,,,,,,,,,,,,,,,,,,,,,,,
ALTLOGSIN,ALTUS LOGISTICS PTE LTD.,Company,,SGSIN,ALTLOGSIN,,Commercial,,All Territories,,,,,,,,,,,,,,,,,,,,ALTLOGSIN,,,,,,,,,,,,,,,,,,,0,,,,,,,,,,,,,,,,,,,,,,,,,,,,,,
CONFORMFM,"CONNECT FORWARDING AND TRADING CO., LTD.",Company,,MOMFM,CONFORMFM,,Commercial,,All Territories,,,,,,,,,,,,,,,,,,,,CONFORMFM,,,,,,,,,,,,,,,,,,,0,,,,,,,,,,,,,,,,,,,,,,,,,,,,,,
SAGAIRLIL,SAGA AIR,Company,,FRLIL,SAGAIRLIL,,Commercial,,All Territories,,,,,,,,,,,,,,,,,,,,SAGAIRLIL,,,,,,,,,,,,,,,,,,,0,,,,,,,,,,,,,,,,,,,,,,,,,,,,,,
DECAIRMAD,DECOEXSA AIR & SEA DIVISION (WIN),Company,,ESMAD,DECAIRMAD,,Commercial,,All Territories,,,,,,,,,,,,,,,,,,,,DECAIRMAD,,,,,,,,,,,,,,,,,,,0,,,,,,,,,,,,,,,,,,,,,,,,,,,,,,
PACCONCEB,"PACIFIC CONCORD CONTAINER LINES, INC.",Company,,PHCEB,PACCONCEB,,Commercial,,All Territories,,,,,,,,,,,,,,,,,,,,PACCONCEB,,,,,,,,,,,,,,,,,,,0,,,,,,,,,,,,,,,,,,,,,,,,,,,,,,
SHAHARTSN,"SHANDONG HARMONY SHIPPING AND FORWARDING AGENT CO., LTD",Company,,CNTSN,SHAHARTSN,,Commercial,,All Territories,,,,,,,,,,,,,,,,,,,,SHAHARTSN,,,,,,,,,,,,,,,,,,,0,,,,,,,,,,,,,,,,,,,,,,,,,,,,,,
SKYEXPTPE,SKYWAY EXPRESS INT'L CORP,Company,,TWTPE,SKYEXPTPE,,Commercial,,All Territories,,,,,,,,,,,,,,,,,,,,SKYEXPTPE,,,,skyway@skywayexpress.com.tw,,,,,,,,,,,,,,,0,,,,,,,,,,,,,,,,,,,,,,,,,,,,,,
KAMINTSEA,"KAMINO INTERNATIONAL TRANSPORT, INC.",Company,,USSEA,KAMINTSEA,,Commercial,,All Territories,,,,,,,,,,,,,,,,,,,,KAMINTSEA,,,,,,,,,,,,,,,,,,,0,,,,,,,,,,,,,,,,,,,,,,,,,,,,,,
INTINTSZX,INTERGLOBO INTERNATIONAL FREIGHT FORWARDING,Company,,CNSZX,INTINTSZX,,Commercial,,All Territories,,,,,,,,,,,,,,,,,,,,INTINTSZX,,,,,,,,,,,,,,,,,,,0,,,,,,,,,,,,,,,,,,,,,,,,,,,,,,
CEBOVECCEB,CEBU OVERSEA HARDWARE COMPANY INC.,Company,,PHCEB,CEBOVECCEB,,Commercial,,All Territories,,,,,,,,,,,,,,,,,,,,CEBOVECCEB,,,,,,,,,,,,,,,,,,,0,,,,,,,,,,,,,,,,,,,,,,,,,,,,,,
ROSEXPSEL,"ROSETTE EXPO, INC.",Company,,KRSEL,ROSEXPSEL,,Commercial,,All Territories,,,,,,,,,,,,,,,,,,,,ROSEXPSEL,,,,todd.lee@rstexpo.co.kr,,,,,,,,,,,,,,,0,,,,,,,,,,,,,,,,,,,,,,,,,,,,,,
PENSHESZX,PENAVICO SHENZHEN LOGISTICS LTD.,Company,,CNSZX,PENSHESZX,,Commercial,,All Territories,,,,,,,,,,,,,,,,,,,,PENSHESZX,,,,,,,,,,,,,,,,,,,0,,,,,,,,,,,,,,,,,,,,,,,,,,,,,,
LAGLOGLNZ,LAGERMAX LOGISTICS AUSTRIA GMBH,Company,,ATLNZ,LAGLOGLNZ,,Commercial,,All Territories,,,,,,,,,,,,,,,,,,,,LAGLOGLNZ,,,,,,,,,,,,,,,,,,,0,,,,,,,,,,,,,,,,,,,,,,,,,,,,,,
UNILOGILAX,UNIFREIGHT LOGISTIC. INC.,Company,,USLAX,UNILOGILAX,,Commercial,,All Territories,,,,,,,,,,,,,,,,,,,,UNILOGILAX,,,,,,,,,,,,,,,,,,,0,,,,,,,,,,,,,,,,,,,,,,,,,,,,,,
DALDATYRDLC,"DALIAN DATIAN W.INT'L TRANSPORTATION CO.,LTD",Company,,CNDLC,DALDATYRDLC,,Commercial,,All Territories,,,,,,,,,,,,,,,,,,,,DALDATYRDLC,,,,,,,,,,,,,,,,,,,0,,,,,,,,,,,,,,,,,,,,,,,,,,,,,,
KERFRETPE,KERRY FREIGHT INTERNATIONAL COMPANY LIMITED,Company,,TWTPE,KERFRETPE,,Commercial,,All Territories,,,,,,,,,,,,,,,,,www.kerrylogistics.com,,,KERFRETPE,,,,speedy@speedy.com.tw,,,,,,,,,,,,,,,0,,,,,,,,,,,,,,,,,,,,,,,,,,,,,,
ETALOGLHR,ETA LOGISTICS (UK) LTD,Company,,GBLHR,ETALOGLHR,,Commercial,,All Territories,,,,,,,,,,,,,,,,,,,,ETALOGLHR,,,,colin.hoskins@eta-logistics.com,,,,,,,,,,,,,,,0,,,,,,,,,,,,,,,,,,,,,,,,,,,,,,
ISANORAAR,ISA NORDIC A/S,Company,,DKAAR,ISANORAAR,,Commercial,,All Territories,,,,,,,,,,,,,,,,,,,,ISANORAAR,,,,,,,,,,,,,,,,,,,0,,,,,,,,,,,,,,,,,,,,,,,,,,,,,,
GONFRELYS,GONDRAND FRERES,Company,,FRLYS,GONFRELYS,,Commercial,,All Territories,,,,,,,,,,,,,,,,,,,,GONFRELYS,,,,,,,,,,,,,,,,,,,0,,,,,,,,,,,,,,,,,,,,,,,,,,,,,,
SUMWARITM,"THE SUMITOMO WAREHOUSE CO., LTD",Company,,JPOSA,SUMWARITM,,Commercial,,All Territories,,,,,,,,,,,,,,,,,,,,SUMWARITM,,,,,,,,,,,,,,,,,,,0,,,,,,,,,,,,,,,,,,,,,,,,,,,,,,
TRAAIRSHA,TRANSIT AIR CARGO SHANGHAI,Company,,CNSHA,TRAAIRSHA,,Commercial,,All Territories,,,,,,,,,,,,,,,,,,,,TRAAIRSHA,,,,fairs@transitair.com.cn,,,,,,,,,,,,,,,0,,,,,,,,,,,,,,,,,,,,,,,,,,,,,,
MIDAMEHNL,"MID-AMERICA OVERSEAS, INC.",Company,,USHNL,MIDAMEHNL,,Commercial,,All Territories,,,,,,,,,,,,,,,,,,,,MIDAMEHNL,,,,,,,,,,,,,,,,,,,0,,,,,,,,,,,,,,,,,,,,,,,,,,,,,,
WLKCONHKG,WLK CONTAINERS SERVICE CO LIMITED,Company,,HKHKG,WLKCONHKG,,Commercial,,All Territories,,,,,,,,,,,,,,,,,,,,WLKCONHKG,,,,,,,,,,,,,,,,,,,0,,,,,,,,,,,,,,,,,,,,,,,,,,,,,,
LORENGDVO,LOREN ENGINEERING AND CONSTRUCTION,Company,,PHDVO,LORENGDVO,,Commercial,,All Territories,,,,,,,,,,,,,,,,,,,,LORENGDVO,,,,,,,,,,,,,,,,,,,0,,,,,,,,,,,,,,,,,,,,,,,,,,,,,,
CARSERMAD,"CARGO SERVICES, S.A.",Company,,ESMAD,CARSERMAD,,Commercial,,All Territories,,,,,,,,,,,,,,,,,,,,CARSERMAD,,,,i.ochoa@cargoservicegroup.com,,,,,,,,,,,,,,,0,,,,,,,,,,,,,,,,,,,,,,,,,,,,,,
SHIITAGOA,SHIPPING SERVICES ITALIA SRL,Company,,ITGOA,SHIITAGOA,,Commercial,,All Territories,,,,,,,,,,,,,,,,,,,,SHIITAGOA,,,,,,,,,,,,,,,,,,,0,,,,,,,,,,,,,,,,,,,,,,,,,,,,,,
SACLOGDXB2,SACS LOGISTICS (SHABEH AL REEH CARGO,Company,,AEDXB,SACLOGDXB2,,Commercial,,All Territories,,,,,,,,,,,,,,,,,,,,SACLOGDXB2,,,.,ruby@saclogistics.com,,,,,,,,,,,,,,,0,,,,,,,,,,,,,,,,,,,,,,,,,,,,,,
STRTRAKNUE,STRECK TRANSPORTGES MBH,Company,,DENUE,STRTRAKNUE,,Commercial,,All Territories,,,,,,,,,,,,,,,,,,,,STRTRAKNUE,,,,,,,,,,,,,,,,,,,0,,,,,,,,,,,,,,,,,,,,,,,,,,,,,,
SENINTFXT,SENATOR INT'L FREIGHT FORWARDING LIMITED,Company,,GBFXT,SENINTFXT,,Commercial,,All Territories,,,,,,,,,,,,,,,,,,,,SENINTFXT,,,,,,,,,,,,,,,,,,,0,,,,,,,,,,,,,,,,,,,,,,,,,,,,,,
CHROBIHOU,C.H. ROBINSON INTERNATIONAL INC,Company,,USHOU,CHROBIHOU,,Commercial,,All Territories,,,,,,,,,,,,,,,,,,,,CHROBIHOU,,,,,,,,,,,,,,,,,,,0,,,,,,,,,,,,,,,,,,,,,,,,,,,,,,
GROESIQZV,GROUP - ESI,Company,,FRROI,GROESIQZV,,Commercial,,All Territories,,,,,,,,,,,,,,,,,www.group-esi.com,,,GROESIQZV,,,,finance@group-esi.com,,,,,,,,,,,,,,,0,,,,,,,,,,,,,,,,,,,,,,,,,,,,,,
NINHUASHA,NINGBO HUANJI INT'L LOGISTICS,Company,,CNSHA,NINHUASHA,,Commercial,,All Territories,,,,,,,,,,,,,,,,,,,,NINHUASHA,,,,,,,,,,,,,,,,,,,0,,,,,,,,,,,,,,,,,,,,,,,,,,,,,,
LEOGLOBKK,"LEO GLOBAL LOGISTICS CO., LTD.",Company,,THBKK,LEOGLOBKK,,Commercial,,All Territories,,,,,,,,,,,,,,,,,,,,LEOGLOBKK,,,,center@leogloballogistics.com,,,,,,,,,,,,,,,0,,,,,,,,,,,,,,,,,,,,,,,,,,,,,,
GALAXPAR,GALAX,Company,,FRPAR,GALAXPAR,,Commercial,,All Territories,,,,,,,,,,,,,,,,,,,,GALAXPAR,,,,,,,,,,,,,,,,,,,0,,,,,,,,,,,,,,,,,,,,,,,,,,,,,,
EXPFREJNB,EXPOLANKA FREIGHT PTY LTD (SOUTH AFRICA),Company,,ZAJNB,EXPFREJNB,,Commercial,,All Territories,,,,,,,,,,,,,,,,,,,,EXPFREJNB,,,,ops@expolankasouthafrica.com,,,,,,,,,,,,,,,0,,,,,,,,,,,,,,,,,,,,,,,,,,,,,,
VPBHHKSGN,VPBV HHK PHILIPPINE AIRLINES,Company,,VNSGN,VPBHHKSGN,,Commercial,,All Territories,,,,,,,,,,,,,,,,,,,,VPBHHKSGN,,,,,,,,,,,,,,,,,,,0,,,,,,,,,,,,,,,,,,,,,,,,,,,,,,
DSVJPNAFE,DSV SOLUTIONS CO. LTD,Company,,JPTYO,DSVJPNAFE,,Commercial,,All Territories,,,,,,,,,,,,,,,,,,,,DSVJPNAFE,,,,eriko.abe@dsv.com,,,,,,,,,,,,,,,0,,,,,,,,,,,,,,,,,,,,,,,,,,,,,,
FRESYSNYC,FREIGHT SYSTEMS INC.,Company,,USNYC,FRESYSNYC,,Commercial,,All Territories,,,,,,,,,,,,,,,,,,,,FRESYSNYC,,,,,,,,,,,,,,,,,,,0,,,,,,,,,,,,,,,,,,,,,,,,,,,,,,
CURKULAFE,CURIO PACK SDN BHD,Company,,MYKUL,CURKULAFE,,Commercial,,All Territories,,,,,,,,,,,,,,,,,,,,CURKULAFE,,,,ctngiam@curiopack.com.my,,,,,,,,,,,,,,,0,,,,,,,,,,,,,,,,,,,,,,,,,,,,,,
ATEAIRHAM,ATEGE / AIR,Company,,DEHAM,ATEAIRHAM,,Commercial,,All Territories,,,,,,,,,,,,,,,,,,,,ATEAIRHAM,,,,mathias.brosowsky@atege.e-mail.com,,,,,,,,,,,,,,,0,,,,,,,,,,,,,,,,,,,,,,,,,,,,,,
CLALEHLEH,CLASQUIN SA LEH,Company,,FRLEH,CLALEHLEH,,Commercial,,All Territories,,,,,,,,,,,,,,,,,,,,CLALEHLEH,,,,,,,,,,,,,,,,,,,0,,,,,,,,,,,,,,,,,,,,,,,,,,,,,,
ZIENV1ZAQ,ZIEGLER N.V. (112),Company,,USZAQ,ZIENV1ZAQ,,Commercial,,All Territories,,,,,,,,,,,,,,,,,,,,ZIENV1ZAQ,,,,,,,,,,,,,,,,,,,0,,,,,,,,,,,,,,,,,,,,,,,,,,,,,,
MARSERHKG,MARKSMAN SERVICES LIMITED,Company,,HKHKG,MARSERHKG,,Commercial,,All Territories,,,,,,,,,,,,,,,,,,,,MARSERHKG,,,,mkmhk@netvigator.com,,,,,,,,,,,,,,,0,,,,,,,,,,,,,,,,,,,,,,,,,,,,,,
QINKAOTAO,QINGDAO KAOYOUNG INT'L LOGISTICS CO. LTD,Company,,CNTAO,QINKAOTAO,,Commercial,,All Territories,,,,,,,,,,,,,,,,,www.kaoyoung.cn,,,QINKAOTAO,,,,sdqcathy@163.com,,,,,,,,,,,,,,,0,,,,,,,,,,,,,,,,,,,,,,,,,,,,,,
KAMINTTXT,KAMINO INTERNATIONAL TRANSPORT INC.,Company,,USTXT,KAMINTTXT,,Commercial,,All Territories,,,,,,,,,,,,,,,,,,,,KAMINTTXT,,,,,,,,,,,,,,,,,,,0,,,,,,,,,,,,,,,,,,,,,,,,,,,,,,
VIOCAIGOA,VIO & C AIR BROKER SERVICE,Company,,ITGOA,VIOCAIGOA,,Commercial,,All Territories,,,,,,,,,,,,,,,,,,,,VIOCAIGOA,,,,,,,,,,,,,,,,,,,0,,,,,,,,,,,,,,,,,,,,,,,,,,,,,,
ARASHISWK,ARABITAL SHIPPING LLC,Company,,KWSWK,ARASHISWK,,Commercial,,All Territories,,,,,,,,,,,,,,,,,www.arabitaliakuwait.com,,,ARASHISWK,,,,aida@arabital.ae,,,,,,,,,,,,,,,0,,,,,,,,,,,,,,,,,,,,,,,,,,,,,,
VINLINHKG,VINPAC LINES ( HONGKONG) LIMITED,Company,,HKHKG,VINLINHKG,,Commercial,,All Territories,,,,,,,,,,,,,,,,,,,,VINLINHKG,,,,,,,,,,,,,,,,,,,0,,,,,,,,,,,,,,,,,,,,,,,,,,,,,,
EFSLOGKOP,EFS LOGISTIKA D.O.O.,Company,,SIKOP,EFSLOGKOP,,Commercial,,All Territories,,,,,,,,,,,,,,,,,,,,EFSLOGKOP,,,+38631640752,,,,,,,,,,,,,,,,0,,,,,,,,,,,,,,,,,,,,,,,,,,,,,,
SHADRAHKG,SHANGHAI DRAGON (LOGISTICS) LTD.,Company,,HKHKG,SHADRAHKG,,Commercial,,All Territories,,,,,,,,,,,,,,,,,,,,SHADRAHKG,,,,,,,,,,,,,,,,,,,0,,,,,,,,,,,,,,,,,,,,,,,,,,,,,,
STOINDAFE,STOP INDIA,Company,,INICD,STOINDAFE,,Commercial,,All Territories,,,,,,,,,,,,,,,,,,,,STOINDAFE,,,,,,,,,,,,,,,,,,,0,,,,,,,,,,,,,,,,,,,,,,,,,,,,,,
ROSCONLAX,ROSE CONTAINER LINE,Company,,USLAX,ROSCONLAX,,Commercial,,All Territories,,,,,,,,,,,,,,,,,,,,ROSCONLAX,,,,,,,,,,,,,,,,,,,0,,,,,,,,,,,,,,,,,,,,,,,,,,,,,,
CJSMARSHA,CJ SMART CARGO INT’L SERVICES LTD.,Company,,CNSHA,CJSMARSHA,,Commercial,,All Territories,,,,,,,,,,,,,,,,,,,,CJSMARSHA,,,,,,,,,,,,,,,,,,,0,,,,,,,,,,,,,,,,,,,,,,,,,,,,,,
GLOSKYSZX,GLOBE SKY INTERNATIONAL TRANSPORTATION (SHANGHAI) LTD,Company,,CNSZX,GLOSKYSZX,,Commercial,,All Territories,,,,,,,,,,,,,,,,,,,,GLOSKYSZX,,,,mary@globesky.com.cn,,,,,,,,,,,,,,,0,,,,,,,,,,,,,,,,,,,,,,,,,,,,,,
VCKLOGRTM,VCK LOGISTICS ROTTERDAM,Company,,NLRTM,VCKLOGRTM,,Commercial,,All Territories,,,,,,,,,,,,,,,,,,,,VCKLOGRTM,,,,info@vckrdam.nl,,,,,,,,,,,,,,,0,,,,,,,,,,,,,,,,,,,,,,,,,,,,,,
DOMETIBFV,DOMETIC (PTY) LTD,Company,,ZABFV,DOMETIBFV,,Commercial,,All Territories,,,,,,,,,,,,,,,,,,,,DOMETIBFV,,,,,,,,,,,,,,,,,,,0,,,,,,,,,,,,,,,,,,,,,,,,,,,,,,
UNILOGVEC,UNIMASTERS LOGISTICS KFT.,Company,,HUVEC,UNILOGVEC,,Commercial,,All Territories,,,,,,,,,,,,,,,,,www.unimasters.com,,,UNILOGVEC,,,,,,,,,,,,,,,,,,,0,,,,,,,,,,,,,,,,,,,,,,,,,,,,,,
XIAXMNAFE,"XIAMEN TRANSEXPO INTERNATIONAL LOGISTICS CO., LTD.",Company,,CNXMN,XIAXMNAFE,,Commercial,,All Territories,,,,,,,,,,,,,,,,,,,,XIAXMNAFE,,,,,,,,,,,,,,,,,,,0,,,,,,,,,,,,,,,,,,,,,,,,,,,,,,
FRESYSLHE,FREIGHT SYSTEMS PAKISTAN PVT LTD.,Company,,PKLHE,FRESYSLHE,,Commercial,,All Territories,,,,,,,,,,,,,,,,,,,,FRESYSLHE,,,+923059477282,yawar.pklhe@freightsystems.com,,,,,,,,,,,,,,,0,,,,,,,,,,,,,,,,,,,,,,,,,,,,,,
XLLOGIBTS,XL-LOGISTICS K.S,Company,,SKBTS,XLLOGIBTS,,Commercial,,All Territories,,,,,,,,,,,,,,,,,,,,XLLOGIBTS,,,,,,,,,,,,,,,,,,,0,,,,,,,,,,,,,,,,,,,,,,,,,,,,,,
GUASUNICAN,GUANGZHOU SUNSHINE INT'L LOGISTICS CO. LTD.,Company,,CNCAN,GUASUNICAN,,Commercial,,All Territories,,,,,,,,,,,,,,,,,www.csspco.com,,,GUASUNICAN,,,,,,,,,,,,,,,,,,,0,,,,,,,,,,,,,,,,,,,,,,,,,,,,,,
PAXGLOUSN,"PAX GLOBAL CARGO, INC.",Company,,KRUSN,PAXGLOUSN,,Commercial,,All Territories,,,,,,,,,,,,,,,,,,,,PAXGLOUSN,,,,sslee@paxglobalcargo.com,,,,,,,,,,,,,,,0,,,,,,,,,,,,,,,,,,,,,,,,,,,,,,
GALAXCDG,GALAX,Company,,FRCDG,GALAXCDG,,Commercial,,All Territories,,,,,,,,,,,,,,,,,,,,GALAXCDG,,,,,,,,,,,,,,,,,,,0,,,,,,,,,,,,,,,,,,,,,,,,,,,,,,
BIGFREEZE,BIG FREIGHTS SRL,Company,,ARBUE,BIGFREEZE,,Commercial,,All Territories,,,,,,,,,,,,,,,,,,,,BIGFREEZE,,,,,,,,,,,,,,,,,,,0,,,,,,,,,,,,,,,,,,,,,,,,,,,,,,
ASECONRIX,ASECO CONTAINER SERVICES SIA,Company,,LVRIX,ASECONRIX,,Commercial,,All Territories,,,,,,,,,,,,,,,,,,,,ASECONRIX,,,,,,,,,,,,,,,,,,,0,,,,,,,,,,,,,,,,,,,,,,,,,,,,,,
1UPCARYTO,1UP CARGO INC.,Company,,CATOR,1UPCARYTO,,Commercial,,All Territories,,,,,,,,,,,,,,,,,,,,1UPCARYTO,,,,,,,,,,,,,,,,,,,0,,,,,,,,,,,,,,,,,,,,,,,,,,,,,,
IFEGLOIPS,IFE GLOBAL LOGISTICS (UK) LTD,Company,,GBIPS,IFEGLOIPS,,Commercial,,All Territories,,,,,,,,,,,,,,,,,,,,IFEGLOIPS,,,,,,,,,,,,,,,,,,,0,,,,,,,,,,,,,,,,,,,,,,,,,,,,,,
GRESCALPI,GREENCARRIER SCANDINAVIA AB,Company,,SELPI,GRESCALPI,,Commercial,,All Territories,,,,,,,,,,,,,,,,,,,,GRESCALPI,,,email: see contacts,,,,,,,,,,,,,,,,0,,,,,,,,,,,,,,,,,,,,,,,,,,,,,,
LSLOGIYAJ,LS LOGISTICS CO LTD O/B OF SYSTEMVENT CO LTD,Company,,KRYAJ,LSLOGIYAJ,,Commercial,,All Territories,,,,,,,,,,,,,,,,,,,,LSLOGIYAJ,,,,,,,,,,,,,,,,,,,0,,,,,,,,,,,,,,,,,,,,,,,,,,,,,,
COLFREMTR,"COLE FREIGHT, INC.",Company,,CAMTR,COLFREMTR,,Commercial,,All Territories,,,,,,,,,,,,,,,,,,,,COLFREMTR,,,,,,,,,,,,,,,,,,,0,,,,,,,,,,,,,,,,,,,,,,,,,,,,,,
ELEPROMIL,ELECTROLUX PROFESSINAL SPA,Company,,ITMIL,ELEPROMIL,,Commercial,,All Territories,,,,,,,,,,,,,,,,,,,,ELEPROMIL,,,,,,,,,,,,,,,,,,,0,,,,,,,,,,,,,,,,,,,,,,,,,,,,,,
WORAIRTBM,WORLD AIR CARGO CO.LTD,Company,,VNTBM,WORAIRTBM,,Commercial,,All Territories,,,,,,,,,,,,,,,,,,,,WORAIRTBM,,,,,,,,,,,,,,,,,,,0,,,,,,,,,,,,,,,,,,,,,,,,,,,,,,
SENCARPRG,SENT CARGO S.R.O,Company,,CZPRG,SENCARPRG,,Commercial,,All Territories,,,,,,,,,,,,,,,,,,,,SENCARPRG,,,,,,,,,,,,,,,,,,,0,,,,,,,,,,,,,,,,,,,,,,,,,,,,,,
SHAINTNGB,SHANGHAI INTERGROUP SHIP & AIR SERVICES LTD (NINGB,Company,,CNNGB,SHAINTNGB,,Commercial,,All Territories,,,,,,,,,,,,,,,,,,,,SHAINTNGB,,,,,,,,,,,,,,,,,,,0,,,,,,,,,,,,,,,,,,,,,,,,,,,,,,
FIBLOGHKG,FIBS LOGISTICS LIMITED,Company,,HKHKG,FIBLOGHKG,,Commercial,,All Territories,,,,,,,,,,,,,,,,,,,,FIBLOGHKG,,,,,,,,,,,,,,,,,,,0,,,,,,,,,,,,,,,,,,,,,,,,,,,,,,
QUAFREZG6,QUALITY FREIGHT LTD PORT CENTRE,Company,,USZG6,QUAFREZG6,,Commercial,,All Territories,,,,,,,,,,,,,,,,,,,,QUAFREZG6,,,,,,,,,,,,,,,,,,,0,,,,,,,,,,,,,,,,,,,,,,,,,,,,,,
AAASERHAN,AAA SERVICES COMPANY (HEAD OFFICE),Company,,VNHAN,AAASERHAN,,Commercial,,All Territories,,,,,,,,,,,,,,,,,,,,AAASERHAN,,,,3aservices.han@hn.vnn.vn,,,,,,,,,,,,,,,0,,,,,,,,,,,,,,,,,,,,,,,,,,,,,,
INDCHISSH,INDO-CHINA MARITIME LTD.,Company,,CNSSH,INDCHISSH,,Commercial,,All Territories,,,,,,,,,,,,,,,,,,,,INDCHISSH,,,,,,,,,,,,,,,,,,,0,,,,,,,,,,,,,,,,,,,,,,,,,,,,,,
SHELINSZX,SHEZHEN LINK-RUN LOGISTICS CO. LTD.,Company,,CNSZX,SHELINSZX,,Commercial,,All Territories,,,,,,,,,,,,,,,,,,,,SHELINSZX,,,,,,,,,,,,,,,,,,,0,,,,,,,,,,,,,,,,,,,,,,,,,,,,,,
SANEXPKWN,"SANWA EXPRESS (H.K.) CO., LTD.",Company,,HKKWN,SANEXPKWN,,Commercial,,All Territories,,,,,,,,,,,,,,,,,,,,SANEXPKWN,,,,,,,,,,,,,,,,,,,0,,,,,,,,,,,,,,,,,,,,,,,,,,,,,,
WESTRUSHA,WEST TRUE DRAGON TRANSPORTATION LTD.,Company,,CNSHA,WESTRUSHA,,Commercial,,All Territories,,,,,,,,,,,,,,,,,,,,WESTRUSHA,,,,wtdsh@westtruedragon.com,,,,,,,,,,,,,,,0,,,,,,,,,,,,,,,,,,,,,,,,,,,,,,
DAIEXPLAX,"DAIJIN EXPRESS,LLC",Company,,USLAX,DAIEXPLAX,,Commercial,,All Territories,,,,,,,,,,,,,,,,,,,,DAIEXPLAX,,,,,,,,,,,,,,,,,,,0,,,,,,,,,,,,,,,,,,,,,,,,,,,,,,
VOLSHIHKG,VOLTA SHIPPING LIMITED,Company,,HKHKG,VOLSHIHKG,,Commercial,,All Territories,,,,,,,,,,,,,,,,,,,,VOLSHIHKG,,,,volta@navigator.com,,,,,,,,,,,,,,,0,,,,,,,,,,,,,,,,,,,,,,,,,,,,,,
CLEARFTXA,CLEARFREIGHT INC.,Company,,USTXA,CLEARFTXA,,Commercial,,All Territories,,,,,,,,,,,,,,,,,,,,CLEARFTXA,,,,nancyw@clearfreight.com,,,,,,,,,,,,,,,0,,,,,,,,,,,,,,,,,,,,,,,,,,,,,,
PACLOGFOA,PACIFIC LOGISTICS CORP.,Company,,USFOA,PACLOGFOA,,Commercial,,All Territories,,,,,,,,,,,,,,,,,,,,PACLOGFOA,,,,,,,,,,,,,,,,,,,0,,,,,,,,,,,,,,,,,,,,,,,,,,,,,,
SPEGLOAAR,SPEDMAN GLOBAL LOGISTICS,Company,,DKAAR,SPEGLOAAR,,Commercial,,All Territories,,,,,,,,,,,,,,,,,,,,SPEGLOAAR,,,,,,,,,,,,,,,,,,,0,,,,,,,,,,,,,,,,,,,,,,,,,,,,,,
LEMUSAATL,LEMAN USA INC.,Company,,USATL,LEMUSAATL,,Commercial,,All Territories,,,,,,,,,,,,,,,,,,,,LEMUSAATL,,,,atlanta@lemanusa.com,,,,,,,,,,,,,,,0,,,,,,,,,,,,,,,,,,,,,,,,,,,,,,
MODFREKTK,MODERN FREIGHT OY,Company,,FIKTK,MODFREKTK,,Commercial,,All Territories,,,,,,,,,,,,,,,,,,,,MODFREKTK,,,,info@modernfreight.fi,,,,,,,,,,,,,,,0,,,,,,,,,,,,,,,,,,,,,,,,,,,,,,
ASSTRALEH,ASSOCIATED TRANSPORTS  (SEA),Company,,FRLEH,ASSTRALEH,,Commercial,,All Territories,,,,,,,,,,,,,,,,,,,,ASSTRALEH,,,,,,,,,,,,,,,,,,,0,,,,,,,,,,,,,,,,,,,,,,,,,,,,,,
JOYGLOKCO,JOYSPEED GLOBAL CARGO (CHINA) CO LTD,Company,,HKKCO,JOYGLOKCO,,Commercial,,All Territories,,,,,,,,,,,,,,,,,,,,JOYGLOKCO,,,,,,,,,,,,,,,,,,,0,,,,,,,,,,,,,,,,,,,,,,,,,,,,,,
TRAPACGYE,TRANSASIA PACIFIC S.A,Company,,ECGYE,TRAPACGYE,,Commercial,,All Territories,,,,,,,,,,,,,,,,,,,,TRAPACGYE,,,,,,,,,,,,,,,,,,,0,,,,,,,,,,,,,,,,,,,,,,,,,,,,,,
FIBLOGDEL,FIBS LOGISTICS INDIA PVT. LTD.,Company,,INDEL,FIBLOGDEL,,Commercial,,All Territories,,,,,,,,,,,,,,,,,,,,FIBLOGDEL,,,,,,,,,,,,,,,,,,,0,,,,,,,,,,,,,,,,,,,,,,,,,,,,,,
CAREXPMIL,CARGO SERVICE EXPRESS- C.S.E.S.R.L.A SOCIO UNICO,Company,,ITMIL,CAREXPMIL,,Commercial,,All Territories,,,,,,,,,,,,,,,,,,,,CAREXPMIL,,,,e.tintorri@csecargo.itcsecargo.it,,,,,,,,,,,,,,,0,,,,,,,,,,,,,,,,,,,,,,,,,,,,,,
APCREAHAN,APC-REALCO LTD.,Company,,VNHAN,APCREAHAN,,Commercial,,All Territories,,,,,,,,,,,,,,,,,,,,APCREAHAN,,,,,,,,,,,,,,,,,,,0,,,,,,,,,,,,,,,,,,,,,,,,,,,,,,
MAIUSASAN,MAINFREIGHT USA (FORMERLY TARGET LOGISTICS SVCS),Company,,USSAN,MAIUSASAN,,Commercial,,All Territories,,,,,,,,,,,,,,,,,,,,MAIUSASAN,,,,san.international@mainfreightusa.com,,,,,,,,,,,,,,,0,,,,,,,,,,,,,,,,,,,,,,,,,,,,,,
SUNHONHKG,SUNRISE HONGKONG LOGISTICS LIMITED,Company,,HKHKG,SUNHONHKG,,Commercial,,All Territories,,,,,,,,,,,,,,,,,,,,SUNHONHKG,,,,,,,,,,,,,,,,,,,0,,,,,,,,,,,,,,,,,,,,,,,,,,,,,,
PACNEPPKG,PACIFIC NEPTUNE SDN BHD,Company,,MYPKG,PACNEPPKG,,Commercial,,All Territories,,,,,,,,,,,,,,,,,,,,PACNEPPKG,,,,,,,,,,,,,,,,,,,0,,,,,,,,,,,,,,,,,,,,,,,,,,,,,,
FLYWORBKK,FLY WORLD LOGISTICS CO LTD,Company,,THBKK,FLYWORBKK,,Commercial,,All Territories,,,,,,,,,,,,,,,,,,,,FLYWORBKK,,,,,,,,,,,,,,,,,,,0,,,,,,,,,,,,,,,,,,,,,,,,,,,,,,
SATAIRHAJ,SATURN AIRCARGO GMBH,Company,,DEHAJ,SATAIRHAJ,,Commercial,,All Territories,,,,,,,,,,,,,,,,,,,,SATAIRHAJ,,,,,,,,,,,,,,,,,,,0,,,,,,,,,,,,,,,,,,,,,,,,,,,,,,
SHISHIAFE,SHINWA SHIPPING,Company,,JPYOK,SHISHIAFE,,Commercial,,All Territories,,,,,,,,,,,,,,,,,,,,SHISHIAFE,,,,ai0925@shinwa-sp.co.jp,,,,,,,,,,,,,,,0,,,,,,,,,,,,,,,,,,,,,,,,,,,,,,
ALBROBYMQ,"ALBATRANS-ROBERT GROUP LOGISTICS, INC.",Company,,CAMTR,ALBROBYMQ,,Commercial,,All Territories,,,,,,,,,,,,,,,,,,,,ALBROBYMQ,,,,mirobert@robert.ca,,,,,,,,,,,,,,,0,,,,,,,,,,,,,,,,,,,,,,,,,,,,,,
SOLVIESGN,SOLTEC VIETNAM COMPANY,Company,,VNSGN,SOLVIESGN,,Commercial,,All Territories,,,,,,,,,,,,,,,,,,,,SOLVIESGN,,,,,,,,,,,,,,,,,,,0,,,,,,,,,,,,,,,,,,,,,,,,,,,,,,
ZIEONBHAM,ZIEGLER GMBH ON BEHALF OF JAGO,Company,,DEHAM,ZIEONBHAM,,Commercial,,All Territories,,,,,,,,,,,,,,,,,,,,ZIEONBHAM,,,,,,,,,,,,,,,,,,,0,,,,,,,,,,,,,,,,,,,,,,,,,,,,,,
ARREXPAMM,ARROW EXPRESS MARITIME AND SHIPPING AGENCIES CO.,Company,,JOAMM,ARREXPAMM,,Commercial,,All Territories,,,,,,,,,,,,,,,,,www.arrow.com.jo,,,ARREXPAMM,,,+962777905616,arrow@nol.com.jo,,,,,,,,,,,,,,,0,,,,,,,,,,,,,,,,,,,,,,,,,,,,,,
NOALOGSIN,NOATUM LOGISTICS SINGAPORE PTE LTD,Company,,SGSIN,NOALOGSIN,,Commercial,,All Territories,,,,,,,,,,,,,,,,,,,,NOALOGSIN,,,,,,,,,,,,,,,,,,,0,,,,,,,,,,,,,,,,,,,,,,,,,,,,,,
SODICKSIN,SODICK SINGAPORE PTE LTD,Company,,SGSIN,SODICKSIN,,Commercial,,All Territories,,,,,,,,,,,,,,,,,,,,SODICKSIN,,,,,,,,,,,,,,,,,,,0,,,,,,,,,,,,,,,,,,,,,,,,,,,,,,
AXIFORMEL,AXIMA PTY LTD (FORMERLY ASA LOGISTICS),Company,,AUMEL,AXIFORMEL,,Commercial,,All Territories,,,,,,,,,,,,,,,,,,,,AXIFORMEL,,,,,,,,,,,,,,,,,,,0,,,,,,,,,,,,,,,,,,,,,,,,,,,,,,
ALNABODXB,AL NABOODAH LOGISTICS LLC,Company,,AEDXB,ALNABODXB,,Commercial,,All Territories,,,,,,,,,,,,,,,,,,,,ALNABODXB,,,+97145134853,,,,,,,,,,,,,,,,0,,,,,,,,,,,,,,,,,,,,,,,,,,,,,,
TRAMPIMIL,TRANSMEC MP INTERNATIONAL S.P.A,Company,,ITMIL,TRAMPIMIL,,Commercial,,All Territories,,,,,,,,,,,,,,,,,,,,TRAMPIMIL,,,,,,,,,,,,,,,,,,,0,,,,,,,,,,,,,,,,,,,,,,,,,,,,,,
EXPFREDEL,EXPO FREIGHT PRIVATE LTD.,Company,,INDEL,EXPFREDEL,,Commercial,,All Territories,,,,,,,,,,,,,,,,,,,,EXPFREDEL,,,,asha@del.expofreight.com,,,,,,,,,,,,,,,0,,,,,,,,,,,,,,,,,,,,,,,,,,,,,,
GONDRAQZV,GONDRAND,Company,,FRROI,GONDRAQZV,,Commercial,,All Territories,,,,,,,,,,,,,,,,,,,,GONDRAQZV,,,,,,,,,,,,,,,,,,,0,,,,,,,,,,,,,,,,,,,,,,,,,,,,,,
AIRINTTPE,"AIR INTERNATIONAL FREIGHT CO., LTD",Company,,TWTPE,AIRINTTPE,,Commercial,,All Territories,,,,,,,,,,,,,,,,,,,,AIRINTTPE,,,,asst3.txg@aif.com.tw,,,,,,,,,,,,,,,0,,,,,,,,,,,,,,,,,,,,,,,,,,,,,,
MMPBKK,MMP CORPORATION LTD.,Company,,THBKK,MMPBKK,,Commercial,,All Territories,,,,,,,,,,,,,,,,,,,,MMPBKK,,,,,,,,,,,,,,,,,,,0,,,,,,,,,,,,,,,,,,,,,,,,,,,,,,
ALBINTIST,ALBATRANS INT'L TRANSPORT & FOREIGN TRADE CO. LTD.,Company,,TRIST,ALBINTIST,,Commercial,,All Territories,,,,,,,,,,,,,,,,,www.albatrans.com.tr,,,ALBINTIST,,,,nirva@albatrans.com.tr,,,,,,,,,,,,,,,0,,,,,,,,,,,,,,,,,,,,,,,,,,,,,,
NCLLOGHKG,NCL LOGISTICS GROUP CO. LIMITED,Company,,HKHKG,NCLLOGHKG,,Commercial,,All Territories,,,,,,,,,,,,,,,,,,,,NCLLOGHKG,,,,,,,,,,,,,,,,,,,0,,,,,,,,,,,,,,,,,,,,,,,,,,,,,,
DTWLOGTSN,DTW TIANJIN LOGISTICS CO. LTD.,Company,,CNTSN,DTWLOGTSN,,Commercial,,All Territories,,,,,,,,,,,,,,,,,,,,DTWLOGTSN,,,,,,,,,,,,,,,,,,,0,,,,,,,,,,,,,,,,,,,,,,,,,,,,,,
MULLOGMUC,MULTI LOGISTCS GMB,Company,,DEMUC,MULLOGMUC,,Commercial,,All Territories,,,,,,,,,,,,,,,,,,,,MULLOGMUC,,,,,,,,,,,,,,,,,,,0,,,,,,,,,,,,,,,,,,,,,,,,,,,,,,
LOGFORSEL,LOGISTIC FORUM FREIGHT SERVICE (LFFS),Company,,KRSEL,LOGFORSEL,,Commercial,,All Territories,,,,,,,,,,,,,,,,,,,,LOGFORSEL,,,,see contacts,,,,,,,,,,,,,,,0,,,,,,,,,,,,,,,,,,,,,,,,,,,,,,
CARPARHAM,CARGO-PARTNER GMBH,Company,,DEHAM,CARPARHAM,,Commercial,,All Territories,,,,,,,,,,,,,,,,,,,,CARPARHAM,,,,ham@cargo-partner.com,,,,,,,,,,,,,,,0,,,,,,,,,,,,,,,,,,,,,,,,,,,,,,
MASOFASIN,MASTER OF ATLANTIC GRACE,Company,,SGSIN,MASOFASIN,,Commercial,,All Territories,,,,,,,,,,,,,,,,,,,,MASOFASIN,,,,forwarder@national.sg,,,,,,,,,,,,,,,0,,,,,,,,,,,,,,,,,,,,,,,,,,,,,,
LOGPLUBKK,LOGISTICS PLUS THAILAND,Company,,THBKK,LOGPLUBKK,,Commercial,,All Territories,,,,,,,,,,,,,,,,,,,,LOGPLUBKK,,,+66892062065,michael.parham@logisticsplus.com,,,,,,,,,,,,,,,0,,,,,,,,,,,,,,,,,,,,,,,,,,,,,,
INTAGEBAH,INTERNATIONAL AGENCIES CO. LTD.,Company,,BHBAH,INTAGEBAH,,Commercial,,All Territories,,,,,,,,,,,,,,,,,,,,INTAGEBAH,,,,,,,,,,,,,,,,,,,0,,,,,,,,,,,,,,,,,,,,,,,,,,,,,,
FIVCONDUS,FIVE CONTINENT LINE GMBH,Company,,DEDUS,FIVCONDUS,,Commercial,,All Territories,,,,,,,,,,,,,,,,,,,,FIVCONDUS,,,,,,,,,,,,,,,,,,,0,,,,,,,,,,,,,,,,,,,,,,,,,,,,,,
ASSCARYQB,ASSOCIATED CARGO SPECIALISTS MTL,Company,,CAYQB,ASSCARYQB,,Commercial,,All Territories,,,,,,,,,,,,,,,,,www.acscargo.ca,,,ASSCARYQB,,,,info@acscargo.ca,,,,,,,,,,,,,,,0,,,,,,,,,,,,,,,,,,,,,,,,,,,,,,
COMMAROPO,COMPANIA MARITIMA DE CONTENTORES LTDA,Company,,PTOPO,COMMAROPO,,Commercial,,All Territories,,,,,,,,,,,,,,,,,,,,COMMAROPO,,,,contemar.oporto@contemar.pt,,,,,,,,,,,,,,,0,,,,,,,,,,,,,,,,,,,,,,,,,,,,,,
ATCGLOAMD,ATC GLOBAL LOGISTICS PVT LTD,Company,,INAMD,ATCGLOAMD,,Commercial,,All Territories,,,,,,,,,,,,,,,,,,,,ATCGLOAMD,,,,,,,,,,,,,,,,,,,0,,,,,,,,,,,,,,,,,,,,,,,,,,,,,,
MIDAMELBNYC,"MID-AMERICA OVERSEAS, INC.",Company,,USNYC,MIDAMELBNYC,,Commercial,,All Territories,,,,,,,,,,,,,,,,,,,,MIDAMELBNYC,,,,mao_jfk@maoinc.com,,,,,,,,,,,,,,,0,,,,,,,,,,,,,,,,,,,,,,,,,,,,,,
GREFREAAR,GREENCARRIER FREIGHT SERVICES DENMARK A/S,Company,,DKAAR,GREFREAAR,,Commercial,,All Territories,,,,,,,,,,,,,,,,,www.greencarrier.dk,,,GREFREAAR,,,,Bo.gaardsted@greencarrier.dk,,,,,,,,,,,,,,,0,,,,,,,,,,,,,,,,,,,,,,,,,,,,,,
WORMSMFOS,WORMS SM,Company,,FRFOS,WORMSMFOS,,Commercial,,All Territories,,,,,,,,,,,,,,,,,,,,WORMSMFOS,,,,,,,,,,,,,,,,,,,0,,,,,,,,,,,,,,,,,,,,,,,,,,,,,,
AWOGLOKUS,AWOT GLOBAL CORPORATION KUNSHAN BRANCH,Company,,CNKUS,AWOGLOKUS,,Commercial,,All Territories,,,,,,,,,,,,,,,,,,,,AWOGLOKUS,,,,,,,,,,,,,,,,,,,0,,,,,,,,,,,,,,,,,,,,,,,,,,,,,,
FAIMESBFE,FAIREXPRESS GMBH MESSESPEDITION,Company,,DEBFE,FAIMESBFE,,Commercial,,All Territories,,,,,,,,,,,,,,,,,,,,FAIMESBFE,,,+495219114421,Joerg.Reinert@Fairexpress.de,,,,,,,,,,,,,,,0,,,,,,,,,,,,,,,,,,,,,,,,,,,,,,
LIAAIRHKG,LIAONING AIR SEA WORLDWIDE LTD.,Company,,HKHKG,LIAAIRHKG,,Commercial,,All Territories,,,,,,,,,,,,,,,,,,,,LIAAIRHKG,,,,,,,,,,,,,,,,,,,0,,,,,,,,,,,,,,,,,,,,,,,,,,,,,,
INDCHIHKG,INDO-CHINA EXPRESS LTD O/B,Company,,HKHKG,INDCHIHKG,,Commercial,,All Territories,,,,,,,,,,,,,,,,,,,,INDCHIHKG,,,,info@indochina.com.hk,,,,,,,,,,,,,,,0,,,,,,,,,,,,,,,,,,,,,,,,,,,,,,
DDWORLBNE,D&D WORLDWIDE LOGISTICS,Company,,AUBNE,DDWORLBNE,,Commercial,,All Territories,,,,,,,,,,,,,,,,,,,,DDWORLBNE,,,,,,,,,,,,,,,,,,,0,,,,,,,,,,,,,,,,,,,,,,,,,,,,,,
UNILOGCCU,UNITEX LOGISTICS INDIA PVT LTD.,Company,,INCCU,UNILOGCCU,,Commercial,,All Territories,,,,,,,,,,,,,,,,,,,,UNILOGCCU,,,,,,,,,,,,,,,,,,,0,,,,,,,,,,,,,,,,,,,,,,,,,,,,,,
DITXIAXMN,D.I.T. CORPORATION LTD XIAMEN OFFICE,Company,,CNXMN,DITXIAXMN,,Commercial,,All Territories,,,,,,,,,,,,,,,,,,,,DITXIAXMN,,,,sales@dolphinxm.com,,,,,,,,,,,,,,,0,,,,,,,,,,,,,,,,,,,,,,,,,,,,,,
MTLHAN,"M.T.L CO., LTD",Company,,VNHAN,MTLHAN,,Commercial,,All Territories,,,,,,,,,,,,,,,,,,,,MTLHAN,,,,,,,,,,,,,,,,,,,0,,,,,,,,,,,,,,,,,,,,,,,,,,,,,,
REALOGSZX,REALCO LOGISTICS LTD.,Company,,CNSZX,REALOGSZX,,Commercial,,All Territories,,,,,,,,,,,,,,,,,,,,REALOGSZX,,,,,,,,,,,,,,,,,,,0,,,,,,,,,,,,,,,,,,,,,,,,,,,,,,
UNIINTFHKG,UNITEX INTERNATIONAL FORWARDING (HK) LTD,Company,,HKHKG,UNIINTFHKG,,Commercial,,All Territories,,,,,,,,,,,,,,,,,,,,UNIINTFHKG,,,,,,,,,,,,,,,,,,,0,,,,,,,,,,,,,,,,,,,,,,,,,,,,,,
MERSHIPNH,MERIDIAN SHIPPING AGENCIES (CAMBODIA)PTE. LTD.,Company,,KHPNH,MERSHIPNH,,Commercial,,All Territories,,,,,,,,,,,,,,,,,,,,MERSHIPNH,,,,,,,,,,,,,,,,,,,0,,,,,,,,,,,,,,,,,,,,,,,,,,,,,,
UNIINTZGA,UNITEX INTERNATIONAL FORWARDING (GUANGZHOU) LIMITED,Company,,CNZGA,UNIINTZGA,,Commercial,,All Territories,,,,,,,,,,,,,,,,,,,,UNIINTZGA,,,,,,,,,,,,,,,,,,,0,,,,,,,,,,,,,,,,,,,,,,,,,,,,,,
SAGAIRBRU,SAGA AIR BELGIUM,Company,,BEBRU,SAGAIRBRU,,Commercial,,All Territories,,,,,,,,,,,,,,,,,,,,SAGAIRBRU,,,,,,,,,,,,,,,,,,,0,,,,,,,,,,,,,,,,,,,,,,,,,,,,,,
APRISABUE,APRILE S.A.,Company,,ARBUE,APRISABUE,,Commercial,,All Territories,,,,,,,,,,,,,,,,,,,,APRISABUE,,,,stefan.floty@viamat.com,,,,,,,,,,,,,,,0,,,,,,,,,,,,,,,,,,,,,,,,,,,,,,
KEELOGBOM,KEEL LOGISTICS PVT LTD,Company,,INBOM,KEELOGBOM,,Commercial,,All Territories,,,,,,,,,,,,,,,,,www.keellogistics.com,,,KEELOGBOM,,,,,,,,,,,,,,,,,,,0,,,,,,,,,,,,,,,,,,,,,,,,,,,,,,
EASSKYSHA,EASTERN SKY (SHANGHAI) LOGISTICS INC.,Company,,CNSHA,EASSKYSHA,,Commercial,,All Territories,,,,,,,,,,,,,,,,,,,,EASSKYSHA,,,,,,,,,,,,,,,,,,,0,,,,,,,,,,,,,,,,,,,,,,,,,,,,,,
DACHSETLS,DACHSER TOULOUSE,Company,,FRTLS,DACHSETLS,,Commercial,,All Territories,,,,,,,,,,,,,,,,,,,,DACHSETLS,,,,,,,,,,,,,,,,,,,0,,,,,,,,,,,,,,,,,,,,,,,,,,,,,,
ITOKORSEL,ITOCHU KOREA LTD C/O METRO LOGISTICS CO.,Company,,KRSEL,ITOKORSEL,,Commercial,,All Territories,,,,,,,,,,,,,,,,,,,,ITOKORSEL,,,email: see contacts,,,,,,,,,,,,,,,,0,,,,,,,,,,,,,,,,,,,,,,,,,,,,,,
JCTRADDLC,JC TRANS (DALIAN HEADQUARTER),Company,,CNDLC,JCTRADDLC,,Commercial,,All Territories,,,,,,,,,,,,,,,,,,,,JCTRADDLC,,,,overseasm@jctrans.com,,,,,,,,,,,,,,,0,,,,,,,,,,,,,,,,,,,,,,,,,,,,,,
VITINTSGN,VITRACO LTD. INT'L LOGISTIC,Company,,VNSGN,VITINTSGN,,Commercial,,All Territories,,,,,,,,,,,,,,,,,,,,VITINTSGN,,,,,,,,,,,,,,,,,,,0,,,,,,,,,,,,,,,,,,,,,,,,,,,,,,
MIDAMEXMN,MID-AMERICA OVERSEAS,Company,,CNXMN,MIDAMEXMN,,Commercial,,All Territories,,,,,,,,,,,,,,,,,,,,MIDAMEXMN,,,,mao_xmn@maoinc.com,,,,,,,,,,,,,,,0,,,,,,,,,,,,,,,,,,,,,,,,,,,,,,
KAMINTNYC,"KAMINO INTERNATIONAL TRANSPORT, INC.",Company,,USNYC,KAMINTNYC,,Commercial,,All Territories,,,,,,,,,,,,,,,,,,,,KAMINTNYC,,,,,,,,,,,,,,,,,,,0,,,,,,,,,,,,,,,,,,,,,,,,,,,,,,
CMLLON,CML  PLC,Company,,GBLON,CMLLON,,Commercial,,All Territories,,,,,,,,,,,,,,,,,,,,CMLLON,,,,,,,,,,,,,,,,,,,0,,,,,,,,,,,,,,,,,,,,,,,,,,,,,,
UNISZXAFE,UNITEX LOGISTICS LIMITED,Company,,CNSZX,UNISZXAFE,,Commercial,,All Territories,,,,,,,,,,,,,,,,,,,,UNISZXAFE,,,,op_expo@uif.com.hk,,,,,,,,,,,,,,,0,,,,,,,,,,,,,,,,,,,,,,,,,,,,,,
AIRSEASLC,AIR AND SEA INTERNATIONAL,Company,,USSLC,AIRSEASLC,,Commercial,,All Territories,,,,,,,,,,,,,,,,,,,,AIRSEASLC,,,,,,,,,,,,,,,,,,,0,,,,,,,,,,,,,,,,,,,,,,,,,,,,,,
CLARIDLUX,CLARIDON LUXEMBOURG SARL,Company,,LULUX,CLARIDLUX,,Commercial,,All Territories,,,,,,,,,,,,,,,,,,,,CLARIDLUX,,,,,,,,,,,,,,,,,,,0,,,,,,,,,,,,,,,,,,,,,,,,,,,,,,
CTILOGHKG,CTI LOGISTICS (HK) CO. LTD,Company,,HKHKG,CTILOGHKG,,Commercial,,All Territories,,,,,,,,,,,,,,,,,,,,CTILOGHKG,,,,,,,,,,,,,,,,,,,0,,,,,,,,,,,,,,,,,,,,,,,,,,,,,,
CARPARMUC,CARGO PARTNER GMBH,Company,,DEMUC,CARPARMUC,,Commercial,,All Territories,,,,,,,,,,,,,,,,,,,,CARPARMUC,,,,,,,,,,,,,,,,,,,0,,,,,,,,,,,,,,,,,,,,,,,,,,,,,,
MAPGLOBOS,MAPCARGO GLOBAL LOGISTICS (BOSTON),Company,,USBOS,MAPGLOBOS,,Commercial,,All Territories,,,,,,,,,,,,,,,,,,,,MAPGLOBOS,,,+8 (578) 91-8730,luigi@mapcargo.com,,,,,,,,,,,,,,,0,,,,,,,,,,,,,,,,,,,,,,,,,,,,,,
GEFCOSXB,GEFCO,Company,,FRSXB,GEFCOSXB,,Commercial,,All Territories,,,,,,,,,,,,,,,,,,,,GEFCOSXB,,,,,,,,,,,,,,,,,,,0,,,,,,,,,,,,,,,,,,,,,,,,,,,,,,
TARINTLAX,TARGET INTERNATIONAL SHIPPING,Company,,USLAX,TARINTLAX,,Commercial,,All Territories,,,,,,,,,,,,,,,,,,,,TARINTLAX,,,,,,,,,,,,,,,,,,,0,,,,,,,,,,,,,,,,,,,,,,,,,,,,,,
UNIINTXSA,UNITEX INT'L FORWARDING (GUANGZHOU) LTD.,Company,,CNXSA,UNIINTXSA,,Commercial,,All Territories,,,,,,,,,,,,,,,,,,,,UNIINTXSA,,,,guangzhou@uif.com.hk,,,,,,,,,,,,,,,0,,,,,,,,,,,,,,,,,,,,,,,,,,,,,,
OPTEXPKKCL,OPTEC EXPRESS (HK) LIMITED,Company,,HKCL4,OPTEXPKKCL,,Commercial,,All Territories,,,,,,,,,,,,,,,,,,,,OPTEXPKKCL,,,,,,,,,,,,,,,,,,,0,,,,,,,,,,,,,,,,,,,,,,,,,,,,,,
DEKOERLIJ,DE KOERIER,Company,,NLLIJ,DEKOERLIJ,,Commercial,,All Territories,,,,,,,,,,,,,,,,,,,,DEKOERLIJ,,,,,,,,,,,,,,,,,,,0,,,,,,,,,,,,,,,,,,,,,,,,,,,,,,
SENINTLIM,SENATOR  INTERNATIONAL (PERU),Company,,PELIM,SENINTLIM,,Commercial,,All Territories,,,,,,,,,,,,,,,,,,,,SENINTLIM,,,,,,,,,,,,,,,,,,,0,,,,,,,,,,,,,,,,,,,,,,,,,,,,,,
INTDOBSAO,INTERGLOBO DO BRASIL LOG. INT. LTDA,Company,,BRSAO,INTDOBSAO,,Commercial,,All Territories,,,,,,,,,,,,,,,,,,,,INTDOBSAO,,,,,,,,,,,,,,,,,,,0,,,,,,,,,,,,,,,,,,,,,,,,,,,,,,
KORSTASEL,KOR-STAR SHIPPING CO LTD,Company,,KRSEL,KORSTASEL,,Commercial,,All Territories,,,,,,,,,,,,,,,,,,,,KORSTASEL,,,,,,,,,,,,,,,,,,,0,,,,,,,,,,,,,,,,,,,,,,,,,,,,,,
DSVSOLSIN,DSV SOLUTIONS PTE. LTD.,Company,,SGSIN,DSVSOLSIN,,Commercial,,All Territories,,,,,,,,,,,,,,,,,www.dsv.com,,,DSVSOLSIN,,,,Ricky Bayla - DSV <ricky.bayla@dsv.com>,,,,,,,,,,,,,,,0,,,,,,,,,,,,,,,,,,,,,,,,,,,,,,
INTUSALGB,"INTERGLOBO USA, INC.",Company,,USLGB,INTUSALGB,,Commercial,,All Territories,,,,,,,,,,,,,,,,,,,,INTUSALGB,,,,,,,,,,,,,,,,,,,0,,,,,,,,,,,,,,,,,,,,,,,,,,,,,,
RHESINAFE,RHEMA EVENTS & ARTS SERVICES PTE LTD,Company,,SGSIN,RHESINAFE,,Commercial,,All Territories,,,,,,,,,,,,,,,,,,,,RHESINAFE,,,+6585189622,vincentr@rhemaevents.com,,,,,,,,,,,,,,,0,,,,,,,,,,,,,,,,,,,,,,,,,,,,,,
ATEAIRSTR,ATEGE / AIR,Company,,DESTR,ATEAIRSTR,,Commercial,,All Territories,,,,,,,,,,,,,,,,,,,,ATEAIRSTR,,,,martin.elmer@atege.e-mail.com,,,,,,,,,,,,,,,0,,,,,,,,,,,,,,,,,,,,,,,,,,,,,,
HAMTRUCEB,HAMAMOTO TRUCK SALES CORPORATION,Company,,PHCEB,HAMTRUCEB,,Commercial,,All Territories,,,,,,,,,,,,,,,,,,,,HAMTRUCEB,,,,,,,,,,,,,,,,,,,0,,,,,,,,,,,,,,,,,,,,,,,,,,,,,,
STUSHILAD,STURROCK SHIPPING ANGOLA LTD,Company,,AOLAD,STUSHILAD,,Commercial,,All Territories,,,,,,,,,,,,,,,,,,,,STUSHILAD,,,,agency.luanda@sturrockshipping.com,,,,,,,,,,,,,,,0,,,,,,,,,,,,,,,,,,,,,,,,,,,,,,
OTITPEAFE,"OTIM CO., LTD. (TAIWAN)",Company,,TWTPE,OTITPEAFE,,Commercial,,All Territories,,,,,,,,,,,,,,,,,,,,OTITPEAFE,,,+886934214645,jennifer@otim.com.tw,,,,,,,,,,,,,,,0,,,,,,,,,,,,,,,,,,,,,,,,,,,,,,
EPLSELAFE,EPLUS EXPO INC,Company,,KRSEL,EPLSELAFE,,Commercial,,All Territories,,,,,,,,,,,,,,,,,,,,EPLSELAFE,,,,justin_choi@eplusexpo.com,,,,,,,,,,,,,,,0,,,,,,,,,,,,,,,,,,,,,,,,,,,,,,
WARYUDJKT,PT. WARSUDHI YUDHA PUTRA,Company,,IDJKT,WARYUDJKT,,Commercial,,All Territories,,,,,,,,,,,,,,,,,,,,WARYUDJKT,,,,warsudhi@warsudhi.com,,,,,,,,,,,,,,,0,,,,,,,,,,,,,,,,,,,,,,,,,,,,,,
DYNWORLAX,DYNASTY WORLDWIDE LOGISTICS GROUP,Company,,USLAX,DYNWORLAX,,Commercial,,All Territories,,,,,,,,,,,,,,,,,,,,DYNWORLAX,,,,,,,,,,,,,,,,,,,0,,,,,,,,,,,,,,,,,,,,,,,,,,,,,,
SBSWORLHR,SBS WORLDWIDE LTD.,Company,,GBLHR,SBSWORLHR,,Commercial,,All Territories,,,,,,,,,,,,,,,,,,,,SBSWORLHR,,,,air@sbsworldwide.com,,,,,,,,,,,,,,,0,,,,,,,,,,,,,,,,,,,,,,,,,,,,,,
OMESHIIST,OMEGA SHIPPING TAS. VE TIC LTD STI,Company,,TRIST,OMESHIIST,,Commercial,,All Territories,,,,,,,,,,,,,,,,,,,,OMESHIIST,,,,leyla.taylan@omega-shipping.com,,,,,,,,,,,,,,,0,,,,,,,,,,,,,,,,,,,,,,,,,,,,,,
EASHARAFE,EASTMAN AUTO & POWER LTD.,Company,,INHAR,EASHARAFE,,Commercial,,All Territories,,,,,,,,,,,,,,,,,,,,EASHARAFE,,,+918587860764,ashish.saxena@eastmanglobal.com,,,,,,,,,,,,,,,0,,,,,,,,,,,,,,,,,,,,,,,,,,,,,,
QUASEABRV,QUALITAIR & SEA GERMANY GMBH,Company,,DEBRV,QUASEABRV,,Commercial,,All Territories,,,,,,,,,,,,,,,,,www.qualitairsea.com,,,QUASEABRV,,,+4915118269640,sascha.erdt@qualitairsea.com,,,,,,,,,,,,,,,0,,,,,,,,,,,,,,,,,,,,,,,,,,,,,,
HONCENCAN,HONGKONG CENTURY EXPRESS FT LOGISTICS CO,Company,,CNCAN,HONCENCAN,,Commercial,,All Territories,,,,,,,,,,,,,,,,,,,,HONCENCAN,,,,guangzhou@ceftlogistics.com,,,,,,,,,,,,,,,0,,,,,,,,,,,,,,,,,,,,,,,,,,,,,,
SBSWORNYC,SBS WORLDWIDE INC.,Company,,USNYC,SBSWORNYC,,Commercial,,All Territories,,,,,,,,,,,,,,,,,,,,SBSWORNYC,,,,,,,,,,,,,,,,,,,0,,,,,,,,,,,,,,,,,,,,,,,,,,,,,,
TRASHIORD,"TRANSCON SHIPPING CO., INC.",Company,,USORD,TRASHIORD,,Commercial,,All Territories,,,,,,,,,,,,,,,,,,,,TRASHIORD,,,,ORD@TransconShipping.com,,,,,,,,,,,,,,,0,,,,,,,,,,,,,,,,,,,,,,,,,,,,,,
CANBRIDEL,CANADA BRIGHTWAY SHIPPING LTD.,Company,,CADEL,CANBRIDEL,,Commercial,,All Territories,,,,,,,,,,,,,,,,,,,,CANBRIDEL,,,,,,,,,,,,,,,,,,,0,,,,,,,,,,,,,,,,,,,,,,,,,,,,,,
NOALOGVLC,NOATUM LOGISTICS SPAIN,Company,,ESVLC,NOALOGVLC,,Commercial,,All Territories,,,,,,,,,,,,,,,,,,,,NOALOGVLC,,,,,,,,,,,,,,,,,,,0,,,,,,,,,,,,,,,,,,,,,,,,,,,,,,
EXPFREMUB,EXPO FREIGHT PVT LTD.,Company,,INMUB,EXPFREMUB,,Commercial,,All Territories,,,,,,,,,,,,,,,,,,,,EXPFREMUB,,,,,,,,,,,,,,,,,,,0,,,,,,,,,,,,,,,,,,,,,,,,,,,,,,
ALBATRFOA,ALBATRANS INC.,Company,,USFOA,ALBATRFOA,,Commercial,,All Territories,,,,,,,,,,,,,,,,,,,,ALBATRFOA,,,,,,,,,,,,,,,,,,,0,,,,,,,,,,,,,,,,,,,,,,,,,,,,,,
TCGGLOSHA,TCG GLOBAL LOGISTICS (CHINA) CO. LTD,Company,,CNSHA,TCGGLOSHA,,Commercial,,All Territories,,,,,,,,,,,,,,,,,,,,TCGGLOSHA,,,,,,,,,,,,,,,,,,,0,,,,,,,,,,,,,,,,,,,,,,,,,,,,,,
XIAWORXMN,"XIAMEN WORLD-LINKS FREIGHT SERVICES CO., LTD",Company,,CNXMN,XIAWORXMN,,Commercial,,All Territories,,,,,,,,,,,,,,,,,,,,XIAWORXMN,,,,levine.zheng@gmail.com,,,,,,,,,,,,,,,0,,,,,,,,,,,,,,,,,,,,,,,,,,,,,,
GINLOGTSN2,GINTER LOGISTICS SERVICE INC.,Company,,CNTSN,GINLOGTSN2,,Commercial,,All Territories,,,,,,,,,,,,,,,,,,,,GINLOGTSN2,,,,,,,,,,,,,,,,,,,0,,,,,,,,,,,,,,,,,,,,,,,,,,,,,,
KEMSELAFE,"KEMI-LEE CO., LTD.",Company,,KRSEL,KEMSELAFE,,Commercial,,All Territories,,,,,,,,,,,,,,,,,,,,KEMSELAFE,,,+821065520219,lauren@kemi-lee.co.kr,,,,,,,,,,,,,,,0,,,,,,,,,,,,,,,,,,,,,,,,,,,,,,
ZHEDTWHGH,"ZHEJIANG DTW INTERNATIONAL TRANSPORTATION CO.,LTD",Company,,CNHGH,ZHEDTWHGH,,Commercial,,All Territories,,,,,,,,,,,,,,,,,,,,ZHEDTWHGH,,,,,,,,,,,,,,,,,,,0,,,,,,,,,,,,,,,,,,,,,,,,,,,,,,
SCAGLOEBJ,SCAN GLOBAL LOGISTICS,Company,,DKEBJ,SCAGLOEBJ,,Commercial,,All Territories,,,,,,,,,,,,,,,,,,,,SCAGLOEBJ,,,,,,,,,,,,,,,,,,,0,,,,,,,,,,,,,,,,,,,,,,,,,,,,,,
MEDTSAPIR,MEDTAINER SA,Company,,GRPIR,MEDTSAPIR,,Commercial,,All Territories,,,,,,,,,,,,,,,,,,,,MEDTSAPIR,,,,,,,,,,,,,,,,,,,0,,,,,,,,,,,,,,,,,,,,,,,,,,,,,,
SHESHISZX,SHENZHEN SHINING OCEAN INTERNATIONAL,Company,,CNSZX,SHESHISZX,,Commercial,,All Territories,,,,,,,,,,,,,,,,,,,,SHESHISZX,,,,,,,,,,,,,,,,,,,0,,,,,,,,,,,,,,,,,,,,,,,,,,,,,,
NOALOGMDW,"NOATUM LOGISTICS USA, LLC",Company,,USCHI,NOALOGMDW,,Commercial,,All Territories,,,,,,,,,,,,,,,,,,,,NOALOGMDW,,,,,,,,,,,,,,,,,,,0,,,,,,,,,,,,,,,,,,,,,,,,,,,,,,
WORNETBKK,"WORLD NET LOGISTICS ( THAILAND) CO., LTD",Company,,THBKK,WORNETBKK,,Commercial,,All Territories,,,,,,,,,,,,,,,,,,,,WORNETBKK,,,,,,,,,,,,,,,,,,,0,,,,,,,,,,,,,,,,,,,,,,,,,,,,,,
GLOCOUHAM,GLOBEX COURIERS 24 GMBH,Company,,DEHAM,GLOCOUHAM,,Commercial,,All Territories,,,,,,,,,,,,,,,,,,,,GLOCOUHAM,,,,,,,,,,,,,,,,,,,0,,,,,,,,,,,,,,,,,,,,,,,,,,,,,,
KSSPEDBEG,KS SPEDITION & LOGISTIC DOO,Company,,RSBEG,KSSPEDBEG,,Commercial,,All Territories,,,,,,,,,,,,,,,,,,,,KSSPEDBEG,,,,,,,,,,,,,,,,,,,0,,,,,,,,,,,,,,,,,,,,,,,,,,,,,,
EXSANLRTM,EXSAN NL,Company,,NLRTM,EXSANLRTM,,Commercial,,All Territories,,,,,,,,,,,,,,,,,www.exsan.nl,,,EXSANLRTM,,,+31650233508,,,,,,,,,,,,,,,,0,,,,,,,,,,,,,,,,,,,,,,,,,,,,,,
REALOGHKG,REALCO LOGISTICS LTD.,Company,,HKHKG,REALOGHKG,,Commercial,,All Territories,,,,,,,,,,,,,,,,,,,,REALOGHKG,,,,,,,,,,,,,,,,,,,0,,,,,,,,,,,,,,,,,,,,,,,,,,,,,,
WORLOGFOC,WORKERS LOGISTICS,Company,,CNFOC,WORLOGFOC,,Commercial,,All Territories,,,,,,,,,,,,,,,,,,,,WORLOGFOC,,,,,,,,,,,,,,,,,,,0,,,,,,,,,,,,,,,,,,,,,,,,,,,,,,
TIGUSAZFT,"TIGERS (USA) GLOBAL LOGISTICS, INC",Company,,USZFT,TIGUSAZFT,,Commercial,,All Territories,,,,,,,,,,,,,,,,,,,,TIGUSAZFT,,,,,,,,,,,,,,,,,,,0,,,,,,,,,,,,,,,,,,,,,,,,,,,,,,
QUAINTGAU,QUAD INTERNATIONAL LOGISTICS,Company,,ZAGAU,QUAINTGAU,,Commercial,,All Territories,,,,,,,,,,,,,,,,,,,,QUAINTGAU,,,,info@qilogistics.com,,,,,,,,,,,,,,,0,,,,,,,,,,,,,,,,,,,,,,,,,,,,,,
MILLOGSHA,MILLENNIUM LOGISTICS (SHENZHEN) LTD.,Company,,CNSHA,MILLOGSHA,,Commercial,,All Territories,,,,,,,,,,,,,,,,,,,,MILLOGSHA,,,,,,,,,,,,,,,,,,,0,,,,,,,,,,,,,,,,,,,,,,,,,,,,,,
SKYEXPSEL,SKYWAY EXPRESS INC.,Company,,KRSEL,SKYEXPSEL,,Commercial,,All Territories,,,,,,,,,,,,,,,,,,,,SKYEXPSEL,,,,skywy@chollian.net,,,,,,,,,,,,,,,0,,,,,,,,,,,,,,,,,,,,,,,,,,,,,,
ROHLIESIN,ROHDE & LIESENFELD PTE LTD,Company,,SGSIN,ROHLIESIN,,Commercial,,All Territories,,,,,,,,,,,,,,,,,,,,ROHLIESIN,,,,info@rlsin.com.sg,,,,,,,,,,,,,,,0,,,,,,,,,,,,,,,,,,,,,,,,,,,,,,
SENINTBKK,SENATOR INTERNATIONAL LOGISTICS LTD (BANGKOK),Company,,THBKK,SENINTBKK,,Commercial,,All Territories,,,,,,,,,,,,,,,,,,,,SENINTBKK,,,,bangkok@senator-internationa.com,,,,,,,,,,,,,,,0,,,,,,,,,,,,,,,,,,,,,,,,,,,,,,
BETFULZZU,"BETTEREAM FULL SHIPPING CO., LTD",Company,,CNZZU,BETFULZZU,,Commercial,,All Territories,,,,,,,,,,,,,,,,,,,,BETFULZZU,,,,,,,,,,,,,,,,,,,0,,,,,,,,,,,,,,,,,,,,,,,,,,,,,,
WENPARPKG,WEN PARKER LOGISTICS (M) SDN BHD,Company,,MYPKG,WENPARPKG,,Commercial,,All Territories,,,,,,,,,,,,,,,,,,,,WENPARPKG,,,,,,,,,,,,,,,,,,,0,,,,,,,,,,,,,,,,,,,,,,,,,,,,,,
UNIFREKHI,UNIVERSAL FREIGHT SYSTEMS (PVT) LIMITED,Company,,PKKHI,UNIFREKHI,,Commercial,,All Territories,,,,,,,,,,,,,,,,,,,,UNIFREKHI,,,,,,,,,,,,,,,,,,,0,,,,,,,,,,,,,,,,,,,,,,,,,,,,,,
INTUSANYC,INTERGLOBO USA,Company,,USNYC,INTUSANYC,,Commercial,,All Territories,,,,,,,,,,,,,,,,,,,,INTUSANYC,,,+15164034089,,,,,,,,,,,,,,,,0,,,,,,,,,,,,,,,,,,,,,,,,,,,,,,
CMACGMANR,CMA CGM LOG,Company,,BEANR,CMACGMANR,,Commercial,,All Territories,,,,,,,,,,,,,,,,,www.cmacgm-log.com,,,CMACGMANR,,,,ant.wdenijs@cmacgm-log.com,,,,,,,,,,,,,,,0,,,,,,,,,,,,,,,,,,,,,,,,,,,,,,
KERSPEKHH,"KERRY SPEEDY LOGISTICS CO., LTD",Company,,TWKHH,KERSPEKHH,,Commercial,,All Territories,,,,,,,,,,,,,,,,,,,,KERSPEKHH,,,,,,,,,,,,,,,,,,,0,,,,,,,,,,,,,,,,,,,,,,,,,,,,,,
APTHKGAFE,APT SHOWFREIGHT LTD. HONGKONG,Company,,HKHKG,APTHKGAFE,,Commercial,,All Territories,,,,,,,,,,,,,,,,,,,,APTHKGAFE,,,,jenny.yau@aptshowfreight.com,,,,,,,,,,,,,,,0,,,,,,,,,,,,,,,,,,,,,,,,,,,,,,
WAPLOGSHA,WAP LOGISTICS (SHANGHAI)CO.LTD.,Company,,CNSHA,WAPLOGSHA,,Commercial,,All Territories,,,,,,,,,,,,,,,,,,,,WAPLOGSHA,,,,operations.cn@wap-logistics.com,,,,,,,,,,,,,,,0,,,,,,,,,,,,,,,,,,,,,,,,,,,,,,
MAISPAMXP1,MAIMEX SPA,Company,,ITMXP,MAISPAMXP1,,Commercial,,All Territories,,,,,,,,,,,,,,,,,,,,MAISPAMXP1,,,,,,,,,,,,,,,,,,,0,,,,,,,,,,,,,,,,,,,,,,,,,,,,,,
KIMLOGSZX,KIMWARD LOGISTICS SHENZHEN LTD.,Company,,CNSZX,KIMLOGSZX,,Commercial,,All Territories,,,,,,,,,,,,,,,,,,,,KIMLOGSZX,,,,,,,,,,,,,,,,,,,0,,,,,,,,,,,,,,,,,,,,,,,,,,,,,,
BRAAIRRML,BRANDT AIR SERVICES PVT LTD,Company,,LKRML,BRAAIRRML,,Commercial,,All Territories,,,,,,,,,,,,,,,,,,,,BRAAIRRML,,,+94112599631,,,,,,,,,,,,,,,,0,,,,,,,,,,,,,,,,,,,,,,,,,,,,,,
EMBFRESIN,EMBASSY FREIGHT SERVICES PTE LTD,Company,,SGSIN,EMBFRESIN,,Commercial,,All Territories,,,,,,,,,,,,,,,,,,,,EMBFRESIN,,,,,,,,,,,,,,,,,,,0,,,,,,,,,,,,,,,,,,,,,,,,,,,,,,
MAXSZXAFE,"MAXSPEED LOGISTICS CO., LTD.",Company,,CNSZX,MAXSZXAFE,,Commercial,,All Territories,,,,,,,,,,,,,,,,,,,,MAXSZXAFE,,,,expo_pic2@szmaxspeed.com,,,,,,,,,,,,,,,0,,,,,,,,,,,,,,,,,,,,,,,,,,,,,,
TCGLOGSHA,"TCG LOGISTICS (CHINA) CO., LTD.",Company,,CNSHA,TCGLOGSHA,,Commercial,,All Territories,,,,,,,,,,,,,,,,,,,,TCGLOGSHA,,,,,,,,,,,,,,,,,,,0,,,,,,,,,,,,,,,,,,,,,,,,,,,,,,
APCREAXMN,APC-REALCO (HK) LTD/INTL COMM VIA SHA,Company,,CNXMN,APCREAXMN,,Commercial,,All Territories,,,,,,,,,,,,,,,,,,,,APCREAXMN,,,,sofiachen@realco-cn.com,,,,,,,,,,,,,,,0,,,,,,,,,,,,,,,,,,,,,,,,,,,,,,
JUMSHIJKT,JUMBO SHIPPING INDONESIA,Company,,IDJKT,JUMSHIJKT,,Commercial,,All Territories,,,,,,,,,,,,,,,,,,,,JUMSHIJKT,,,,jumbojkt@jumboindo.com,,,,,,,,,,,,,,,0,,,,,,,,,,,,,,,,,,,,,,,,,,,,,,
DECCARVLC,DECOEXSA CARGO,Company,,ESVLC,DECCARVLC,,Commercial,,All Territories,,,,,,,,,,,,,,,,,,,,DECCARVLC,,,,info.vlc@decoexsa-mediterraneo.es,,,,,,,,,,,,,,,0,,,,,,,,,,,,,,,,,,,,,,,,,,,,,,
SKYSHIKPO,SKY SHIPPING CO. LTD.,Company,,KRKPO,SKYSHIKPO,,Commercial,,All Territories,,,,,,,,,,,,,,,,,,,,SKYSHIKPO,,,,,,,,,,,,,,,,,,,0,,,,,,,,,,,,,,,,,,,,,,,,,,,,,,
SHAORICAN,SHANGHAI ORIENT INTERGROUP INT'L TRANSPORTATION,Company,,CNCAN,SHAORICAN,,Commercial,,All Territories,,,,,,,,,,,,,,,,,,,,SHAORICAN,,,,,,,,,,,,,,,,,,,0,,,,,,,,,,,,,,,,,,,,,,,,,,,,,,
SHADAZSHA,SHANGHAI DAZHONG INT’L FORW.& TRANS.CO.LTD,Company,,CNSHA,SHADAZSHA,,Commercial,,All Territories,,,,,,,,,,,,,,,,,,,,SHADAZSHA,,,,,,,,,,,,,,,,,,,0,,,,,,,,,,,,,,,,,,,,,,,,,,,,,,
KTLAUSVTP,KTL AUSTRALIA,Company,,AUVTP,KTLAUSVTP,,Commercial,,All Territories,,,,,,,,,,,,,,,,,,,,KTLAUSVTP,,,,,,,,,,,,,,,,,,,0,,,,,,,,,,,,,,,,,,,,,,,,,,,,,,
LOGPLUERI,LOGISTICS PLUS INC.,Company,,USERI,LOGPLUERI,,Commercial,,All Territories,,,,,,,,,,,,,,,,,,,,LOGPLUERI,,,,,,,,,,,,,,,,,,,0,,,,,,,,,,,,,,,,,,,,,,,,,,,,,,
TOSENGIAK,TOSEI ENGINEERING CORP,Company,,JPIAK,TOSENGIAK,,Commercial,,All Territories,,,,,,,,,,,,,,,,,,,,TOSENGIAK,,,,,,,,,,,,,,,,,,,0,,,,,,,,,,,,,,,,,,,,,,,,,,,,,,
ARCLOGDLC,ARCH LOGISTICS CO LTD,Company,,CNDLC,ARCLOGDLC,,Commercial,,All Territories,,,,,,,,,,,,,,,,,,,,ARCLOGDLC,,,,,,,,,,,,,,,,,,,0,,,,,,,,,,,,,,,,,,,,,,,,,,,,,,
BERLOJIST,BERTAN LOJISTIK SAN VE DIS TIC LTD.,Company,,TRIST,BERLOJIST,,Commercial,,All Territories,,,,,,,,,,,,,,,,,,,,BERLOJIST,,,,,,,,,,,,,,,,,,,0,,,,,,,,,,,,,,,,,,,,,,,,,,,,,,
GPLOGICHI,GP LOGISTICS INC.,Company,,USCHI,GPLOGICHI,,Commercial,,All Territories,,,,,,,,,,,,,,,,,,,,GPLOGICHI,,,,cmullner@gplogistics.com,,,,,,,,,,,,,,,0,,,,,,,,,,,,,,,,,,,,,,,,,,,,,,
LOGFREILP,LOGFRET INC.,Company,,USILP,LOGFREILP,,Commercial,,All Territories,,,,,,,,,,,,,,,,,,,,LOGFREILP,,,,,,,,,,,,,,,,,,,0,,,,,,,,,,,,,,,,,,,,,,,,,,,,,,
SAIMARHAN,SAIGON MARITIME J.S. CO. LTD.,Company,,VNHAN,SAIMARHAN,,Commercial,,All Territories,,,,,,,,,,,,,,,,,,,,SAIMARHAN,,,,,,,,,,,,,,,,,,,0,,,,,,,,,,,,,,,,,,,,,,,,,,,,,,
PLEDONMNL,PLEASE DONT USE - MAIMEX SPA,Company,,PHMNL,PLEDONMNL,,Commercial,,All Territories,,,,,,,,,,,,,,,,,,,,PLEDONMNL,,,,gsciurba@maimex.it,,,,,,,,,,,,,,,0,,,,,,,,,,,,,,,,,,,,,,,,,,,,,,
APCLOGOSL,APC LOGICSTICS AS,Company,,NOOSL,APCLOGOSL,,Commercial,,All Territories,,,,,,,,,,,,,,,,,,,,APCLOGOSL,,,,paal.enge@apclogistics.no,,,,,,,,,,,,,,,0,,,,,,,,,,,,,,,,,,,,,,,,,,,,,,
CIGISPGOA,CIGISPED SRL,Company,,ITGOA,CIGISPGOA,,Commercial,,All Territories,,,,,,,,,,,,,,,,,,,,CIGISPGOA,,,,RAMONA@CIGISPEDAIR.IT,,,,,,,,,,,,,,,0,,,,,,,,,,,,,,,,,,,,,,,,,,,,,,
JIADTWNKG,JIANGSU DTW INTERNATIONAL TRANSPORTATION CO. LTD.,Company,,CNNKG,JIADTWNKG,,Commercial,,All Territories,,,,,,,,,,,,,,,,,,,,JIADTWNKG,,,,,,,,,,,,,,,,,,,0,,,,,,,,,,,,,,,,,,,,,,,,,,,,,,
UNIINTTSN1,UNITEX INTERNATIONAL FORWARDING TIANJIN LIMITED,Company,,CNTNJ,UNIINTTSN1,,Commercial,,All Territories,,,,,,,,,,,,,,,,,,,,UNIINTTSN1,,,,,,,,,,,,,,,,,,,0,,,,,,,,,,,,,,,,,,,,,,,,,,,,,,
TNTAIRAMS,TNT AIR & OCEAN BV,Company,,NLAMS,TNTAIRAMS,,Commercial,,All Territories,,,,,,,,,,,,,,,,,,,,TNTAIRAMS,,,,schiphol@tntairocean.nl,,,,,,,,,,,,,,,0,,,,,,,,,,,,,,,,,,,,,,,,,,,,,,
VIAMATZRH,(VIA) MAT MANAGEMENT LTD (HEAD OFFICE),Company,,CHZRH,VIAMATZRH,,Commercial,,All Territories,,,,,,,,,,,,,,,,,,,,VIAMATZRH,,,,peter.guettinger@viamat.com,,,,,,,,,,,,,,,0,,,,,,,,,,,,,,,,,,,,,,,,,,,,,,
CENGLOFRA,CENTRAL GLOBAL CARGO GMBH,Company,,DEFRA,CENGLOFRA,,Commercial,,All Territories,,,,,,,,,,,,,,,,,,,,CENGLOFRA,,,,,,,,,,,,,,,,,,,0,,,,,,,,,,,,,,,,,,,,,,,,,,,,,,
SENINTSHA,SENATOR INTERNATIONAL FRT FWDG.(SHANGHAI) CO. LTD.,Company,,CNSHA,SENINTSHA,,Commercial,,All Territories,,,,,,,,,,,,,,,,,www.senator-international.com,,,SENINTSHA,,,,shanghai@senator-international.com,,,,,,,,,,,,,,,0,,,,,,,,,,,,,,,,,,,,,,,,,,,,,,
MARFREKWN,MARSHAL FREIGHT INT'L LIMITED,Company,,HKKWN,MARFREKWN,,Commercial,,All Territories,,,,,,,,,,,,,,,,,,,,MARFREKWN,,,,,,,,,,,,,,,,,,,0,,,,,,,,,,,,,,,,,,,,,,,,,,,,,,
DTLOGISGN,"DT LOGISTICS (VN) CO., LTD.",Company,,VNSGN,DTLOGISGN,,Commercial,,All Territories,,,,,,,,,,,,,,,,,www.dt-asia.net,,,DTLOGISGN,,,+84909890053,seaexport.sgn@dt-asia.net,,,,,,,,,,,,,,,0,,,,,,,,,,,,,,,,,,,,,,,,,,,,,,
JMCGLOHOU2,JMC GLOBAL,Company,,USHOU,JMCGLOHOU2,,Commercial,,All Territories,,,,,,,,,,,,,,,,,,,,JMCGLOHOU2,,,,,,,,,,,,,,,,,,,0,,,,,,,,,,,,,,,,,,,,,,,,,,,,,,
RWSOLUHKG,RWSOLUTIONS LTD,Company,,HKHKG,RWSOLUHKG,,Commercial,,All Territories,,,,,,,,,,,,,,,,,,,,RWSOLUHKG,,,,,,,,,,,,,,,,,,,0,,,,,,,,,,,,,,,,,,,,,,,,,,,,,,
MOVONEDXB,MOVE ONE FZE,Company,,AEDXB,MOVONEDXB,,Commercial,,All Territories,,,,,,,,,,,,,,,,,,,,MOVONEDXB,,,,accountsreceivable@moveoneinc.com,,,,,,,,,,,,,,,0,,,,,,,,,,,,,,,,,,,,,,,,,,,,,,
MALAUSCRG,MALTACOURT AUSTRALIA PTY LTD,Company,,AUCRG,MALAUSCRG,,Commercial,,All Territories,,,,,,,,,,,,,,,,,,,,MALAUSCRG,,,,,,,,,,,,,,,,,,,0,,,,,,,,,,,,,,,,,,,,,,,,,,,,,,
SFTGONANNR,S.F.T. GONDRAND N.V,Company,,BEANR,SFTGONANNR,,Commercial,,All Territories,,,,,,,,,,,,,,,,,,,,SFTGONANNR,,,,,,,,,,,,,,,,,,,0,,,,,,,,,,,,,,,,,,,,,,,,,,,,,,
RAFINTPNH,RAF INT’L FORWARDING (CAMBODIA) INC.,Company,,KHPNH,RAFINTPNH,,Commercial,,All Territories,,,,,,,,,,,,,,,,,,,,RAFINTPNH,,,,,,,,,,,,,,,,,,,0,,,,,,,,,,,,,,,,,,,,,,,,,,,,,,
GPLOGIZFT,GP LOGISTICS,Company,,USZFT,GPLOGIZFT,,Commercial,,All Territories,,,,,,,,,,,,,,,,,,,,GPLOGIZFT,,,,,,,,,,,,,,,,,,,0,,,,,,,,,,,,,,,,,,,,,,,,,,,,,,
CMSHIPBUE,C&M SHIP BROKER ARGENTINA S.R.L.,Company,,ARBUE,CMSHIPBUE,,Commercial,,All Territories,,,,,,,,,,,,,,,,,,,,CMSHIPBUE,,,,,,,,,,,,,,,,,,,0,,,,,,,,,,,,,,,,,,,,,,,,,,,,,,
RHOLIECHI,RHODE & LIESENFELD INC.,Company,,USCHI,RHOLIECHI,,Commercial,,All Territories,,,,,,,,,,,,,,,,,,,,RHOLIECHI,,,,nc@roli.com,,,,,,,,,,,,,,,0,,,,,,,,,,,,,,,,,,,,,,,,,,,,,,
DMUINTDLC,DMU INTERNATIONAL HOLDINGS GROUP LIMITED,Company,,CNDLC,DMUINTDLC,,Commercial,,All Territories,,,,,,,,,,,,,,,,,www.dmu.com.cn,,,DMUINTDLC,,,,,,,,,,,,,,,,,,,0,,,,,,,,,,,,,,,,,,,,,,,,,,,,,,
SHACARDXB,SHARAF CARGO  LLC,Company,,AEDXB,SHACARDXB,,Commercial,,All Territories,,,,,,,,,,,,,,,,,,,,SHACARDXB,,,,,,,,,,,,,,,,,,,0,,,,,,,,,,,,,,,,,,,,,,,,,,,,,,
HECLINOSL,HECKSHER LINJEAGENTURER AS,Company,,NOOSL,HECLINOSL,,Commercial,,All Territories,,,,,,,,,,,,,,,,,http://www.heckhser.com,,,HECLINOSL,,,+4793845981,ocean.norway@hecksher.com,,,,,,,,,,,,,,,0,,,,,,,,,,,,,,,,,,,,,,,,,,,,,,
HONLANFOC,"HONOUR LANE SHIPPING LTD.-FUZHOU, CHINA",Company,,CNFOC,HONLANFOC,,Commercial,,All Territories,,,,,,,,,,,,,,,,,,,,HONLANFOC,,,,,,,,,,,,,,,,,,,0,,,,,,,,,,,,,,,,,,,,,,,,,,,,,,
VCKAIRAMS,VCK AIR B.V,Company,,NLAMS,VCKAIRAMS,,Commercial,,All Territories,,,,,,,,,,,,,,,,,,,,VCKAIRAMS,,,,p.bouterse@vcklogistics.nl,,,,,,,,,,,,,,,0,,,,,,,,,,,,,,,,,,,,,,,,,,,,,,
APCASINAY,APC ASIA PACIFIC CARGO (CHINA) LTD. BEIJING BRANCH,Company,,CNBJS,APCASINAY,,Commercial,,All Territories,,,,,,,,,,,,,,,,,,,,APCASINAY,,,,,,,,,,,,,,,,,,,0,,,,,,,,,,,,,,,,,,,,,,,,,,,,,,
SHEBEEAFE,"SHENZHEN BEEXPO INTERNATIONAL LOGISTICS CO., LTD.",Company,,CNSZX,SHEBEEAFE,,Commercial,,All Territories,,,,,,,,,,,,,,,,,,,,SHEBEEAFE,,,,mavis@beexpo.cn,,,,,,,,,,,,,,,0,,,,,,,,,,,,,,,,,,,,,,,,,,,,,,
SAGFRALEH,SAGA FRANCE,Company,,FRLEH,SAGFRALEH,,Commercial,,All Territories,,,,,,,,,,,,,,,,,www.sag.fr,,,SAGFRALEH,,,,,,,,,,,,,,,,,,,0,,,,,,,,,,,,,,,,,,,,,,,,,,,,,,
DEPDECZAZ,"DEPOSITOS DE COMERCIO EXTERIOR, S.A",Company,,ESZAZ,DEPDECZAZ,,Commercial,,All Territories,,,,,,,,,,,,,,,,,,,,DEPDECZAZ,,,,,,,,,,,,,,,,,,,0,,,,,,,,,,,,,,,,,,,,,,,,,,,,,,
MARBOHPRG,MARITIME BOHEMIA S.R.O,Company,,CZPRG,MARBOHPRG,,Commercial,,All Territories,,,,,,,,,,,,,,,,,,,,MARBOHPRG,,,,,,,,,,,,,,,,,,,0,,,,,,,,,,,,,,,,,,,,,,,,,,,,,,
SHEXUNSZX2,SHENZHEN XUNDATONG INT'L SHIPPING AGENCY,Company,,CNSZX,SHEXUNSZX2,,Commercial,,All Territories,,,,,,,,,,,,,,,,,,,,SHEXUNSZX2,,,,,,,,,,,,,,,,,,,0,,,,,,,,,,,,,,,,,,,,,,,,,,,,,,
SEULOGSEL,"SEUM LOGISTICS CO., LTD.",Company,,KRSEL,SEULOGSEL,,Commercial,,All Territories,,,,,,,,,,,,,,,,,,,,SEULOGSEL,,,+821090301325,victoria@seumexpo.co.kr,,,,,,,,,,,,,,,0,,,,,,,,,,,,,,,,,,,,,,,,,,,,,,
VBLLOGKWN,VBL LOGISTICS LIMITED,Company,,HKKWN,VBLLOGKWN,,Commercial,,All Territories,,,,,,,,,,,,,,,,,,,,VBLLOGKWN,,,,,,,,,,,,,,,,,,,0,,,,,,,,,,,,,,,,,,,,,,,,,,,,,,
DOSMOYHEL,DOSMAR OY,Company,,FIHEL,DOSMOYHEL,,Commercial,,All Territories,,,,,,,,,,,,,,,,,,,,DOSMOYHEL,,,,,,,,,,,,,,,,,,,0,,,,,,,,,,,,,,,,,,,,,,,,,,,,,,
CANINTSHA,"CANSIN INTERNATIONAL LOGISTICS (SHANGHAI) CO., LTD",Company,,CNSHA,CANINTSHA,,Commercial,,All Territories,,,,,,,,,,,,,,,,,,,,CANINTSHA,,,,,,,,,,,,,,,,,,,0,,,,,,,,,,,,,,,,,,,,,,,,,,,,,,
FRESYSDOH,FREIGHT SYSTEMS CO. LTD. WLL,Company,,QADOH,FRESYSDOH,,Commercial,,All Territories,,,,,,,,,,,,,,,,,,,,FRESYSDOH,,,,,,,,,,,,,,,,,,,0,,,,,,,,,,,,,,,,,,,,,,,,,,,,,,
TTGEVESIN,TTG EVENTS,Company,,SGSIN,TTGEVESIN,,Commercial,,All Territories,,,,,,,,,,,,,,,,,,,,TTGEVESIN,,,,samantha.kee@ttgasia.com,,,,,,,,,,,,,,,0,,,,,,,,,,,,,,,,,,,,,,,,,,,,,,
GRAINTTLS,GRAVELEAU INTERNATIONAL,Company,,FRTLS,GRAINTTLS,,Commercial,,All Territories,,,,,,,,,,,,,,,,,,,,GRAINTTLS,,,,,,,,,,,,,,,,,,,0,,,,,,,,,,,,,,,,,,,,,,,,,,,,,,
VIDPETBOM,VIDYA PETROLEUM (INDIA) PVT. LTD.,Company,,INBOM,VIDPETBOM,,Commercial,,All Territories,,,,,,,,,,,,,,,,,,,,VIDPETBOM,,,+912227564509,sales@vidyapetroleum.com,,,,,,,,,,,,,,,0,,,,,,,,,,,,,,,,,,,,,,,,,,,,,,
SAVDELSYD,SAVINO DEL BENE,Company,,AUSYD,SAVDELSYD,,Commercial,,All Territories,,,,,,,,,,,,,,,,,,,,SAVDELSYD,,,,vic.ali@savinodelbene.com,,,,,,,,,,,,,,,0,,,,,,,,,,,,,,,,,,,,,,,,,,,,,,
ATLSHIDEL,ATLAS SHIPPING SERVICES PVT. LTD,Company,,INDEL,ATLSHIDEL,,Commercial,,All Territories,,,,,,,,,,,,,,,,,,,,ATLSHIDEL,,,+918826913636,,,,,,,,,,,,,,,,0,,,,,,,,,,,,,,,,,,,,,,,,,,,,,,
GUARHICAN,GUANGZHO R&H INTERNATINAL LOGISTICS,Company,,CNCAN,GUARHICAN,,Commercial,,All Territories,,,,,,,,,,,,,,,,,,,,GUARHICAN,,,+63861345045,karmen_overseas@gzrh.net.cn,,,,,,,,,,,,,,,0,,,,,,,,,,,,,,,,,,,,,,,,,,,,,,
ARASAKKWI,ARATRANS SAK,Company,,KWKWI,ARASAKKWI,,Commercial,,All Territories,,,,,,,,,,,,,,,,,,,,ARASAKKWI,,,,,,,,,,,,,,,,,,,0,,,,,,,,,,,,,,,,,,,,,,,,,,,,,,
TONSHISEL,TONGJIN SHIPPING CO. LTD.,Company,,KRSEL,TONSHISEL,,Commercial,,All Territories,,,,,,,,,,,,,,,,,,,,TONSHISEL,,,,,,,,,,,,,,,,,,,0,,,,,,,,,,,,,,,,,,,,,,,,,,,,,,
ILSCARMEX,ILS CARGO (INT'L LOGISTICS SPEDITION),Company,,MXMEX,ILSCARMEX,,Commercial,,All Territories,,,,,,,,,,,,,,,,,,,,ILSCARMEX,,,,ilscargomex@prodigy.net.mx,,,,,,,,,,,,,,,0,,,,,,,,,,,,,,,,,,,,,,,,,,,,,,
ACEEXPSEL,A.C.E EXPRESS KOREA (FORMERLY PAX GLOBAL),Company,,KRSEL,ACEEXPSEL,,Commercial,,All Territories,,,,,,,,,,,,,,,,,,,,ACEEXPSEL,,,,pax@paxglobalcargo.com,,,,,,,,,,,,,,,0,,,,,,,,,,,,,,,,,,,,,,,,,,,,,,
TOPTRABKK,"TOPS TRANSPORT & LOGISTICS CO., LTD.",Company,,THBKK,TOPTRABKK,,Commercial,,All Territories,,,,,,,,,,,,,,,,,,,,TOPTRABKK,,,,see contacts,,,,,,,,,,,,,,,0,,,,,,,,,,,,,,,,,,,,,,,,,,,,,,
MDMFORNAP,MDM FORWARDING SRL,Company,,ITNAP,MDMFORNAP,,Commercial,,All Territories,,,,,,,,,,,,,,,,,,,,MDMFORNAP,,,,,,,,,,,,,,,,,,,0,,,,,,,,,,,,,,,,,,,,,,,,,,,,,,
APOLOGTPE,APOLLO LOGISTICS LTD.,Company,,TWTPE,APOLOGTPE,,Commercial,,All Territories,,,,,,,,,,,,,,,,,,,,APOLOGTPE,,,,apoline@apollo-logistics.com,,,,,,,,,,,,,,,0,,,,,,,,,,,,,,,,,,,,,,,,,,,,,,
AVAEXPYQB,AVANTAGE EXPRESS,Company,,CAQUE,AVAEXPYQB,,Commercial,,All Territories,,,,,,,,,,,,,,,,,,,,AVAEXPYQB,,,,peter@avantageexpress.com,,,,,,,,,,,,,,,0,,,,,,,,,,,,,,,,,,,,,,,,,,,,,,
ROYSUVBKK,ROYAL SUVARNABHUMI LOGISTICS CO. LTD.,Company,,THBKK,ROYSUVBKK,,Commercial,,All Territories,,,,,,,,,,,,,,,,,,,,ROYSUVBKK,,,,,,,,,,,,,,,,,,,0,,,,,,,,,,,,,,,,,,,,,,,,,,,,,,
ITSOSA,ITS CORPORATION,Company,,JPOSA,ITSOSA,,Commercial,,All Territories,,,,,,,,,,,,,,,,,,,,ITSOSA,,,,itsjapan-exp@cup.ocn.ne.jp,,,,,,,,,,,,,,,0,,,,,,,,,,,,,,,,,,,,,,,,,,,,,,
INTQUENYC,INTERGLOBO QUEIROLO USA,Company,,USNYC,INTQUENYC,,Commercial,,All Territories,,,,,,,,,,,,,,,,,,,,INTQUENYC,,,,,,,,,,,,,,,,,,,0,,,,,,,,,,,,,,,,,,,,,,,,,,,,,,
ANSLOGSIN,ANSHIN LOGISTICS PTE LTD,Company,,SGSIN,ANSLOGSIN,,Commercial,,All Territories,,,,,,,,,,,,,,,,,,,,ANSLOGSIN,,,,,,,,,,,,,,,,,,,0,,,,,,,,,,,,,,,,,,,,,,,,,,,,,,
POLTRATPE,POLAR TRANS INTERNATIONAL CORP.,Company,,TWTPE,POLTRATPE,,Commercial,,All Territories,,,,,,,,,,,,,,,,,,,,POLTRATPE,,,,polartrans@m2.dj.net.tw,,,,,,,,,,,,,,,0,,,,,,,,,,,,,,,,,,,,,,,,,,,,,,
MARAIRIST,MARS AIR SEA FREIGHT FORWARDING&TOURISM,Company,,TRIST,MARAIRIST,,Commercial,,All Territories,,,,,,,,,,,,,,,,,,,,MARAIRIST,,,,airsea@marslogistics.com,,,,,,,,,,,,,,,0,,,,,,,,,,,,,,,,,,,,,,,,,,,,,,
JIAAIRNKG,JIANGSU AIR & SEA FREIGHT FORWARDING,Company,,CNNKG,JIAAIRNKG,,Commercial,,All Territories,,,,,,,,,,,,,,,,,,,,JIAAIRNKG,,,,accounting@nasfreight.com,,,,,,,,,,,,,,,0,,,,,,,,,,,,,,,,,,,,,,,,,,,,,,
IVOVIVZRH,IVOCLAR VIVADENT AG,Company,,CHZRH,IVOVIVZRH,,Commercial,,All Territories,,,,,,,,,,,,,,,,,,,,IVOVIVZRH,,,,,,,,,,,,,,,,,,,0,,,,,,,,,,,,,,,,,,,,,,,,,,,,,,
ARTNESSIN,ARTNESSY PTE LTD,Company,,SGSIN,ARTNESSIN,,Commercial,,All Territories,,,,,,,,,,,,,,,,,,,,ARTNESSIN,,,,,,,,,,,,,,,,,,,0,,,,,,,,,,,,,,,,,,,,,,,,,,,,,,
TIACITTSN,TIANJIN CITY TIANYI YONGSHENG TRADE CO.,Company,,CNTSN,TIACITTSN,,Commercial,,All Territories,,,,,,,,,,,,,,,,,,,,TIACITTSN,,,,,,,,,,,,,,,,,,,0,,,,,,,,,,,,,,,,,,,,,,,,,,,,,,
KAMINTATL,KAMINO INTERNATIONAL TRANSPORT INC.,Company,,USATL,KAMINTATL,,Commercial,,All Territories,,,,,,,,,,,,,,,,,,,,KAMINTATL,,,,,,,,,,,,,,,,,,,0,,,,,,,,,,,,,,,,,,,,,,,,,,,,,,
PETRASMAN,PETRASCO SERVICES LTD,Company,,GBMNC,PETRASMAN,,Commercial,,All Territories,,,,,,,,,,,,,,,,,,,,PETRASMAN,,,,,,,,,,,,,,,,,,,0,,,,,,,,,,,,,,,,,,,,,,,,,,,,,,
ATEISESIN,ATEIS SE PTE LTD.,Company,,SGSIN,ATEISESIN,,Commercial,,All Territories,,,,,,,,,,,,,,,,,www.ateis.com,,,ATEISESIN,,,,,,,,,,,,,,,,,,,0,,,,,,,,,,,,,,,,,,,,,,,,,,,,,,
PATINTNGB,PATENT INTERNATIONAL LOGITICS,Company,,CNNGB,PATINTNGB,,Commercial,,All Territories,,,,,,,,,,,,,,,,,,,,PATINTNGB,,,,,,,,,,,,,,,,,,,0,,,,,,,,,,,,,,,,,,,,,,,,,,,,,,
LEMINTGRV,LEMAN INTERNATIONAL SYSTEM TRANSPORT A/S,Company,,DKGRV,LEMINTGRV,,Commercial,,All Territories,,,,,,,,,,,,,,,,,,,,LEMINTGRV,,,,,,,,,,,,,,,,,,,0,,,,,,,,,,,,,,,,,,,,,,,,,,,,,,
MIQLOGEGH,MIQ LOGISTICS LIMITED,Company,,GBEGH,MIQLOGEGH,,Commercial,,All Territories,,,,,,,,,,,,,,,,,www.miq.co.uk,,,MIQLOGEGH,,,+447976923803,,,,,,,,,,,,,,,,0,,,,,,,,,,,,,,,,,,,,,,,,,,,,,,
FREEXPMEA,FREIGHT EXPERT,Company,,FRMEA,FREEXPMEA,,Commercial,,All Territories,,,,,,,,,,,,,,,,,,,,FREEXPMEA,,,,,,,,,,,,,,,,,,,0,,,,,,,,,,,,,,,,,,,,,,,,,,,,,,
QCSLOGKLA,QCS LOGISTICS SDN BHD,Company,,MYKLA,QCSLOGKLA,,Commercial,,All Territories,,,,,,,,,,,,,,,,,,,,QCSLOGKLA,,,,,,,,,,,,,,,,,,,0,,,,,,,,,,,,,,,,,,,,,,,,,,,,,,
SHATOPNGB,"SHANGHAI TOP SPEED SHIPPING CO., LTD",Company,,CNNGB,SHATOPNGB,,Commercial,,All Territories,,,,,,,,,,,,,,,,,,,,SHATOPNGB,,,,,,,,,,,,,,,,,,,0,,,,,,,,,,,,,,,,,,,,,,,,,,,,,,
SEAEVEAFE,SEA-EVER LOGISTICS LIMITED,Company,,CNGGZ,SEAEVEAFE,,Commercial,,All Territories,,,,,,,,,,,,,,,,,,,,SEAEVEAFE,,,+8617876618737,ellie@seaever.com,,,,,,,,,,,,,,,0,,,,,,,,,,,,,,,,,,,,,,,,,,,,,,
NTGGLOVAT,NTG GLOBAL FINLAND OY,Company,,FIVAT,NTGGLOVAT,,Commercial,,All Territories,,,,,,,,,,,,,,,,,,,,NTGGLOVAT,,,,,,,,,,,,,,,,,,,0,,,,,,,,,,,,,,,,,,,,,,,,,,,,,,
MIDAMEDUB,"MID-AMERICA OVERSEAS, INC.",Company,,IEDUB,MIDAMEDUB,,Commercial,,All Territories,,,,,,,,,,,,,,,,,,,,MIDAMEDUB,,,,,,,,,,,,,,,,,,,0,,,,,,,,,,,,,,,,,,,,,,,,,,,,,,
SOMMARNYC,SOMERSET MARINE,Company,,USNYC,SOMMARNYC,,Commercial,,All Territories,,,,,,,,,,,,,,,,,,,,SOMMARNYC,,,,,,,,,,,,,,,,,,,0,,,,,,,,,,,,,,,,,,,,,,,,,,,,,,
TARLOGTPE,TARGET LOGISTICS C/O SPEEDY EXPRESS,Company,,TWTPE,TARLOGTPE,,Commercial,,All Territories,,,,,,,,,,,,,,,,,,,,TARLOGTPE,,,,tpe.international@targetlogistics.com,,,,,,,,,,,,,,,0,,,,,,,,,,,,,,,,,,,,,,,,,,,,,,
NOALOJIZM,NOATUM LOJISTIK ANONIM SIRKETI,Company,,TRIZM,NOALOJIZM,,Commercial,,All Territories,,,,,,,,,,,,,,,,,,,,NOALOJIZM,,,,erayyukseker@noatumlogistics.com,,,,,,,,,,,,,,,0,,,,,,,,,,,,,,,,,,,,,,,,,,,,,,
INTSCAOSL,INTER-SCAN SEA & AIR AS,Company,,NOOSL,INTSCAOSL,,Commercial,,All Territories,,,,,,,,,,,,,,,,,,,,INTSCAOSL,,,,,,,,,,,,,,,,,,,0,,,,,,,,,,,,,,,,,,,,,,,,,,,,,,
CTOCHIHKG,CTO (CHINA) GLOBAL LOGISTICS LTD.,Company,,HKHKG,CTOCHIHKG,,Commercial,,All Territories,,,,,,,,,,,,,,,,,,,,CTOCHIHKG,,,,,,,,,,,,,,,,,,,0,,,,,,,,,,,,,,,,,,,,,,,,,,,,,,
BINGLOJKT,PT. BINA GLOBAL TRANSPORT,Company,,IDJKT,BINGLOJKT,,Commercial,,All Territories,,,,,,,,,,,,,,,,,,,,BINGLOJKT,,,,,,,,,,,,,,,,,,,0,,,,,,,,,,,,,,,,,,,,,,,,,,,,,,
SVHVAT,SVH FINLAND,Company,,FIVAT,SVHVAT,,Commercial,,All Territories,,,,,,,,,,,,,,,,,,,,SVHVAT,,,+358504665652,jl@svhfinland.fi,,,,,,,,,,,,,,,0,,,,,,,,,,,,,,,,,,,,,,,,,,,,,,
ANDSCHGHN,ANDREAS SCHMID INT.SPEDTION GMBH & CO.KG,Company,,DEGHN,ANDSCHGHN,,Commercial,,All Territories,,,,,,,,,,,,,,,,,,,,ANDSCHGHN,,,,,,,,,,,,,,,,,,,0,,,,,,,,,,,,,,,,,,,,,,,,,,,,,,
JASLOGSRG,PT. JASCO LOGISTICS,Company,,IDSRG,JASLOGSRG,,Commercial,,All Territories,,,,,,,,,,,,,,,,,,,,JASLOGSRG,,,,,,,,,,,,,,,,,,,0,,,,,,,,,,,,,,,,,,,,,,,,,,,,,,
LEMUSANYC,LEMAN USA INC.,Company,,USNYC,LEMUSANYC,,Commercial,,All Territories,,,,,,,,,,,,,,,,,,,,LEMUSANYC,,,,mikael.olesen@lemanusa.com,,,,,,,,,,,,,,,0,,,,,,,,,,,,,,,,,,,,,,,,,,,,,,
RAIHASDXB,RAIS HASSAN SAADI L.L.C,Company,,AEDXB,RAIHASDXB,,Commercial,,All Territories,,,,,,,,,,,,,,,,,,,,RAIHASDXB,,,,jenifa.d@raishassansaadi.com,,,,,,,,,,,,,,,0,,,,,,,,,,,,,,,,,,,,,,,,,,,,,,
TIEFFEPSA,TIEFFE GROUP SRL,Company,,ITPSA,TIEFFEPSA,,Commercial,,All Territories,,,,,,,,,,,,,,,,,,,,TIEFFEPSA,,,,,,,,,,,,,,,,,,,0,,,,,,,,,,,,,,,,,,,,,,,,,,,,,,
UNISTASZX,UNI-STAR INTERNATIONAL LOGISTICS SERVICE,Company,,CNSZX,UNISTASZX,,Commercial,,All Territories,,,,,,,,,,,,,,,,,,,,UNISTASZX,,,,,,,,,,,,,,,,,,,0,,,,,,,,,,,,,,,,,,,,,,,,,,,,,,
REALOGDLC,REALCO LOGISTICS LTD,Company,,CNDLC,REALOGDLC,,Commercial,,All Territories,,,,,,,,,,,,,,,,,,,,REALOGDLC,,,,,,,,,,,,,,,,,,,0,,,,,,,,,,,,,,,,,,,,,,,,,,,,,,
ESICDG,ESI,Company,,FRCDG,ESICDG,,Commercial,,All Territories,,,,,,,,,,,,,,,,,,,,ESICDG,,,+33675043557,emilie.nabais@group-esi.com,,,,,,,,,,,,,,,0,,,,,,,,,,,,,,,,,,,,,,,,,,,,,,
EVEFLORGN,EVER FLOW FORWARDING & GEN. SERVICES CO.,Company,,MMRGN,EVEFLORGN,,Commercial,,All Territories,,,,,,,,,,,,,,,,,,,,EVEFLORGN,,,,,,,,,,,,,,,,,,,0,,,,,,,,,,,,,,,,,,,,,,,,,,,,,,
IFXFREDXB,IFX FREIGHT AND LOGISTICS LLC,Company,,AEDXB,IFXFREDXB,,Commercial,,All Territories,,,,,,,,,,,,,,,,,,,,IFXFREDXB,,,,,,,,,,,,,,,,,,,0,,,,,,,,,,,,,,,,,,,,,,,,,,,,,,
FRESYSHKG,FREIGHT SYSTEMS (HK) PVT. LTD,Company,,HKHKG,FRESYSHKG,,Commercial,,All Territories,,,,,,,,,,,,,,,,,,,,FRESYSHKG,,,,,,,,,,,,,,,,,,,0,,,,,,,,,,,,,,,,,,,,,,,,,,,,,,
TRAGRAPAR,TRANSPORT GRAVELEA/HEAD OFFICE,Company,,FRPAR,TRAGRAPAR,,Commercial,,All Territories,,,,,,,,,,,,,,,,,,,,TRAGRAPAR,,,,,,,,,,,,,,,,,,,0,,,,,,,,,,,,,,,,,,,,,,,,,,,,,,
SCALOGTRG,SCALES LOGISTICS LIMTED,Company,,NZTRG,SCALOGTRG,,Commercial,,All Territories,,,,,,,,,,,,,,,,,,,,SCALOGTRG,,,,,,,,,,,,,,,,,,,0,,,,,,,,,,,,,,,,,,,,,,,,,,,,,,
VINSGNAFE,VINATRANS,Company,,VNSGN,VINSGNAFE,,Commercial,,All Territories,,,,,,,,,,,,,,,,,,,,VINSGNAFE,,,,chi-th@vinatrans.com.vn,,,,,,,,,,,,,,,0,,,,,,,,,,,,,,,,,,,,,,,,,,,,,,
HENESGYS,"HENES CO., LTD.",Company,,KRGYS,HENESGYS,,Commercial,,All Territories,,,,,,,,,,,,,,,,,,,,HENESGYS,,,,shjin@henes.co.kr,,,,,,,,,,,,,,,0,,,,,,,,,,,,,,,,,,,,,,,,,,,,,,
SLOCHAVLC,"SLOT CHARTER, SL",Company,,ESVLC,SLOCHAVLC,,Commercial,,All Territories,,,,,,,,,,,,,,,,,,,,SLOCHAVLC,,,,,,,,,,,,,,,,,,,0,,,,,,,,,,,,,,,,,,,,,,,,,,,,,,
CAREXPKKI,CARGO EXPRESS LTD.,Company,,RUKKI,CAREXPKKI,,Commercial,,All Territories,,,,,,,,,,,,,,,,,,,,CAREXPKKI,,,,,,,,,,,,,,,,,,,0,,,,,,,,,,,,,,,,,,,,,,,,,,,,,,
BLUCORJNB,BLUE CORE LOGISTICS,Company,,ZAJNB,BLUCORJNB,,Commercial,,All Territories,,,,,,,,,,,,,,,,,,,,BLUCORJNB,,,,wouter@bluecore-logistics.co.za,,,,,,,,,,,,,,,0,,,,,,,,,,,,,,,,,,,,,,,,,,,,,,
ROSCONNYC,ROSE CONTAINERLINE INC,Company,,USNYC,ROSCONNYC,,Commercial,,All Territories,,,,,,,,,,,,,,,,,,,,ROSCONNYC,,,,,,,,,,,,,,,,,,,0,,,,,,,,,,,,,,,,,,,,,,,,,,,,,,
NOVTRASOK,"NOVODELTA TRANSITARIO, S.A.",Company,,EGSOK,NOVTRASOK,,Commercial,,All Territories,,,,,,,,,,,,,,,,,,,,NOVTRASOK,,,+20 (9) 1671-5406,HMUNOZ@NOVODELTA.COM,,,,,,,,,,,,,,,0,,,,,,,,,,,,,,,,,,,,,,,,,,,,,,
LEAMUTSFO,LEADER MUTUAL FREIGHT SYSTEM INC.,Company,,USSFO,LEAMUTSFO,,Commercial,,All Territories,,,,,,,,,,,,,,,,,,,,LEAMUTSFO,,,,,,,,,,,,,,,,,,,0,,,,,,,,,,,,,,,,,,,,,,,,,,,,,,
SFTGONMAC,S.F.T. GONDRAND NV,Company,,BEMAC,SFTGONMAC,,Commercial,,All Territories,,,,,,,,,,,,,,,,,,,,SFTGONMAC,,,,Herman@gondrand.be,,,,,,,,,,,,,,,0,,,,,,,,,,,,,,,,,,,,,,,,,,,,,,
DONJOOPUS,DONG JOO INT'L SHIPPING CO LTD,Company,,KRPUS,DONJOOPUS,,Commercial,,All Territories,,,,,,,,,,,,,,,,,,,,DONJOOPUS,,,,logisticsl@djis.co.kr,,,,,,,,,,,,,,,0,,,,,,,,,,,,,,,,,,,,,,,,,,,,,,
COSLOGBJS,COSCO LOGISTICS COMPANY LTD,Company,,CNBJS,COSLOGBJS,,Commercial,,All Territories,,,,,,,,,,,,,,,,,,,,COSLOGBJS,,,,,,,,,,,,,,,,,,,0,,,,,,,,,,,,,,,,,,,,,,,,,,,,,,
SANTRACEB,SANDRAMILES  TRADING,Company,,PHCEB,SANTRACEB,,Commercial,,All Territories,,,,,,,,,,,,,,,,,,,,SANTRACEB,,,,,,,,,,,,,,,,,,,0,,,,,,,,,,,,,,,,,,,,,,,,,,,,,,
APIMXPAFE,APICE MILANO S.R.L.,Company,,ITMXP,APIMXPAFE,,Commercial,,All Territories,,,,,,,,,,,,,,,,,,,,APIMXPAFE,,,,claudia.colombini@apice.it,,,,,,,,,,,,,,,0,,,,,,,,,,,,,,,,,,,,,,,,,,,,,,
KNETSEL,KNET CO. LTD,Company,,KRSEL,KNETSEL,,Commercial,,All Territories,,,,,,,,,,,,,,,,,,,,KNETSEL,,,,,,,,,,,,,,,,,,,0,,,,,,,,,,,,,,,,,,,,,,,,,,,,,,
FASFORANR,FAST FORWARD FREIGHT BVBA - ANTWERP,Company,,BEANR,FASFORANR,,Commercial,,All Territories,,,,,,,,,,,,,,,,,,,,FASFORANR,,,,,,,,,,,,,,,,,,,0,,,,,,,,,,,,,,,,,,,,,,,,,,,,,,
PEKCARGDN,PEKAO CARGO S.P.Z.O.O,Company,,PLGDN,PEKCARGDN,,Commercial,,All Territories,,,,,,,,,,,,,,,,,,,,PEKCARGDN,,,,pekao@portnet.pl,,,,,,,,,,,,,,,0,,,,,,,,,,,,,,,,,,,,,,,,,,,,,,
LOGETTPPT,LOGISTIQUE ET TRANSIT POLYNESIE,Company,,PFPPT,LOGETTPPT,,Commercial,,All Territories,,,,,,,,,,,,,,,,,,,,LOGETTPPT,,,,,,,,,,,,,,,,,,,0,,,,,,,,,,,,,,,,,,,,,,,,,,,,,,
MODEXPTPE,MODERN EXPRESS INTERNATIONAL INC.,Company,,TWTPE,MODEXPTPE,,Commercial,,All Territories,,,,,,,,,,,,,,,,,,,,MODEXPTPE,,,,meotpe@ms7.hinet.net,,,,,,,,,,,,,,,0,,,,,,,,,,,,,,,,,,,,,,,,,,,,,,
PHOINTTPE,PHOENIX INTERNATIONAL FREIGHT SERVICES INC.,Company,,TWTPE,PHOINTTPE,,Commercial,,All Territories,,,,,,,,,,,,,,,,,,,,PHOINTTPE,,,,,,,,,,,,,,,,,,,0,,,,,,,,,,,,,,,,,,,,,,,,,,,,,,
ZHESUNHGH,"ZHEJIANG SUNMARR INT'L TRANSPORTATION CO., LTD.",Company,,CNHGH,ZHESUNHGH,,Commercial,,All Territories,,,,,,,,,,,,,,,,,www.sunmarr.com,,,ZHESUNHGH,,,,chenfei@sunmarr.com,,,,,,,,,,,,,,,0,,,,,,,,,,,,,,,,,,,,,,,,,,,,,,
DMGQNZAFE,"DMG MORI CO., LTD.",Company,,JPQNZ,DMGQNZAFE,,Commercial,,All Territories,,,,,,,,,,,,,,,,,,,,DMGQNZAFE,,,,mo-yoshikawa@dmgmori.co.jp,,,,,,,,,,,,,,,0,,,,,,,,,,,,,,,,,,,,,,,,,,,,,,
REALOGTAO,REALCO LOGISTICS LTD,Company,,CNTAO,REALOGTAO,,Commercial,,All Territories,,,,,,,,,,,,,,,,,,,,REALOGTAO,,,,,,,,,,,,,,,,,,,0,,,,,,,,,,,,,,,,,,,,,,,,,,,,,,
BAOBABCEB,BAOBAO BABIES,Company,,PHCEB,BAOBABCEB,,Commercial,,All Territories,,,,,,,,,,,,,,,,,,,,BAOBABCEB,,,,,,,,,,,,,,,,,,,0,,,,,,,,,,,,,,,,,,,,,,,,,,,,,,
MTSSKGAFE,MTS EXPO LOGISTICS LTD.,Company,,GRSKG,MTSSKGAFE,,Commercial,,All Territories,,,,,,,,,,,,,,,,,https://mtsexpolog.com,,,MTSSKGAFE,,,+306936510129,chiou@mtsexpolog.com,,,,,,,,,,,,,,,0,,,,,,,,,,,,,,,,,,,,,,,,,,,,,,
RIMLOGHAM,RIM LOGISTICS GMBH,Company,,DEHAM,RIMLOGHAM,,Commercial,,All Territories,,,,,,,,,,,,,,,,,,,,RIMLOGHAM,,,,,,,,,,,,,,,,,,,0,,,,,,,,,,,,,,,,,,,,,,,,,,,,,,
SENINTBUN,SENATOR INTERNATIONAL COLOMBIA SAS,Company,,COBUN,SENINTBUN,,Commercial,,All Territories,,,,,,,,,,,,,,,,,,,,SENINTBUN,,,,,,,,,,,,,,,,,,,0,,,,,,,,,,,,,,,,,,,,,,,,,,,,,,
SHAZHOSHA,SHANGHAI ZHONGTAI INT'L FREIGHT,Company,,CNSHA,SHAZHOSHA,,Commercial,,All Territories,,,,,,,,,,,,,,,,,,,,SHAZHOSHA,,,,,,,,,,,,,,,,,,,0,,,,,,,,,,,,,,,,,,,,,,,,,,,,,,
HEMFRELHR,HEMISPHERE FREIGHT SERVICES LIMITED,Company,,GBLHR,HEMFRELHR,,Commercial,,All Territories,,,,,,,,,,,,,,,,,,,,HEMFRELHR,,,,,,,,,,,,,,,,,,,0,,,,,,,,,,,,,,,,,,,,,,,,,,,,,,
TRAFREKUL2,TRANSOCEAN FREIGHT SERVICES/LIASON OFC,Company,,MYKUL,TRAFREKUL2,,Commercial,,All Territories,,,,,,,,,,,,,,,,,,,,TRAFREKUL2,,,,tkl@transocean.com.my,,,,,,,,,,,,,,,0,,,,,,,,,,,,,,,,,,,,,,,,,,,,,,
WELINDCEB,WELD INDUSTRIAL SALES/GNA EXIMPORT TRADING,Company,,PHCEB,WELINDCEB,,Commercial,,All Territories,,,,,,,,,,,,,,,,,,,,WELINDCEB,,,+63324206227,,,,,,,,,,,,,,,,0,,,,,,,,,,,,,,,,,,,,,,,,,,,,,,
WOREXPICN,"WORLDROAD EXPRESS CO., LTD",Company,,KRICN,WOREXPICN,,Commercial,,All Territories,,,,,,,,,,,,,,,,,,,,WOREXPICN,,,,,,,,,,,,,,,,,,,0,,,,,,,,,,,,,,,,,,,,,,,,,,,,,,
AMEEXPLAX,AMERICAN EXPORT LINES,Company,,USLAX,AMEEXPLAX,,Commercial,,All Territories,,,,,,,,,,,,,,,,,www.shipit.com,,,AMEEXPLAX,,,,james@shipit.com,,,,,,,,,,,,,,,0,,,,,,,,,,,,,,,,,,,,,,,,,,,,,,
ITRLOGTLV,ITRANS LOGISTICS LTD.,Company,,ILTLV,ITRLOGTLV,,Commercial,,All Territories,,,,,,,,,,,,,,,,,,,,ITRLOGTLV,,,,,,,,,,,,,,,,,,,0,,,,,,,,,,,,,,,,,,,,,,,,,,,,,,
5CONINBND,5 CONTINENTS INT'L TRANSPORT & AIR LINE,Company,,IRBND,5CONINBND,,Commercial,,All Territories,,,,,,,,,,,,,,,,,,,,5CONINBND,,,,,,,,,,,,,,,,,,,0,,,,,,,,,,,,,,,,,,,,,,,,,,,,,,
SPEGLOSTO,SPEDMAN GLOBAL LOGISTICS AB,Company,,SESTO,SPEGLOSTO,,Commercial,,All Territories,,,,,,,,,,,,,,,,,,,,SPEGLOSTO,,,,import@spedman.se,,,,,,,,,,,,,,,0,,,,,,,,,,,,,,,,,,,,,,,,,,,,,,
BOUFREBEY,BOUER FREIGHT SERVICES,Company,,LBBEY,BOUFREBEY,,Commercial,,All Territories,,,,,,,,,,,,,,,,,,,,BOUFREBEY,,,,,,,,,,,,,,,,,,,0,,,,,,,,,,,,,,,,,,,,,,,,,,,,,,
SUNGLOSEK,SUN GLOBAL MARKETING (M) SDN BHD,Company,,MYSEK,SUNGLOSEK,,Commercial,,All Territories,,,,,,,,,,,,,,,,,,,,SUNGLOSEK,,,,,,,,,,,,,,,,,,,0,,,,,,,,,,,,,,,,,,,,,,,,,,,,,,
DIMOVEMEA,DIMOTRANS OVERSEAS ROISSY,Company,,FRMEA,DIMOVEMEA,,Commercial,,All Territories,,,,,,,,,,,,,,,,,,,,DIMOVEMEA,,,,,,,,,,,,,,,,,,,0,,,,,,,,,,,,,,,,,,,,,,,,,,,,,,
TNTLOGSGN,"TNT LOGISTICS CO., LTD",Company,,VNSGN,TNTLOGSGN,,Commercial,,All Territories,,,,,,,,,,,,,,,,,,,,TNTLOGSGN,,,,,,,,,,,,,,,,,,,0,,,,,,,,,,,,,,,,,,,,,,,,,,,,,,
ONEWORSHA,"ONE WORLD LOGISTICS DALIAN CO., LTD.",Company,,CNSHA,ONEWORSHA,,Commercial,,All Territories,,,,,,,,,,,,,,,,,,,,ONEWORSHA,,,,,,,,,,,,,,,,,,,0,,,,,,,,,,,,,,,,,,,,,,,,,,,,,,
SNPLOGBKK,S.N.P. LOGISTICS CO. LTD.,Company,,THBKK,SNPLOGBKK,,Commercial,,All Territories,,,,,,,,,,,,,,,,,,,,SNPLOGBKK,,,,,,,,,,,,,,,,,,,0,,,,,,,,,,,,,,,,,,,,,,,,,,,,,,
MASSHJAFE,MAS PAINTS & CHEMICALS INDUSTRY,Company,,AESHJ,MASSHJAFE,,Commercial,,All Territories,,,,,,,,,,,,,,,,,,,,MASSHJAFE,,,,,,,,,,,,,,,,,,,0,,,,,,,,,,,,,,,,,,,,,,,,,,,,,,
OCELOGMLE,OCEAN LOGISTICS PVT LIMITED,Company,,MVMLE,OCELOGMLE,,Commercial,,All Territories,,,,,,,,,,,,,,,,,www.ologline.com,,,OCELOGMLE,,,,,,,,,,,,,,,,,,,0,,,,,,,,,,,,,,,,,,,,,,,,,,,,,,
PORAIRMEL,PORT AIR LOGISTICS           (SEE NOTES/,Company,,AUMEL,PORAIRMEL,,Commercial,,All Territories,,,,,,,,,,,,,,,,,,,,PORAIRMEL,,,,,,,,,,,,,,,,,,,0,,,,,,,,,,,,,,,,,,,,,,,,,,,,,,
MAIUSAOKC,MAINFREUGHT USA (FORMERLY TARGET LOGISTICS SVCS),Company,,USOKC,MAIUSAOKC,,Commercial,,All Territories,,,,,,,,,,,,,,,,,,,,MAIUSAOKC,,,,okc.international@targetlogitics.com,,,,,,,,,,,,,,,0,,,,,,,,,,,,,,,,,,,,,,,,,,,,,,
BUDSPRAFE,"BUDGET LOGISTICS SERVICES CO., LTD.",Company,,THSPR,BUDSPRAFE,,Commercial,,All Territories,,,,,,,,,,,,,,,,,,,,BUDSPRAFE,,,+66832996677,mongkol@budgetlogistics-th.com,,,,,,,,,,,,,,,0,,,,,,,,,,,,,,,,,,,,,,,,,,,,,,
MIZSINAFE,MIZUMA GALLERY,Company,,SGSIN,MIZSINAFE,,Commercial,,All Territories,,,,,,,,,,,,,,,,,,,,MIZSINAFE,,,,,,,,,,,,,,,,,,,0,,,,,,,,,,,,,,,,,,,,,,,,,,,,,,
MILLOGSZX,MILLENNIUM LOGISTICS (SHENZHEN) LTD.,Company,,CNSNZ,MILLOGSZX,,Commercial,,All Territories,,,,,,,,,,,,,,,,,,,,MILLOGSZX,,,,,,,,,,,,,,,,,,,0,,,,,,,,,,,,,,,,,,,,,,,,,,,,,,
HECFINHEL,HECKSHER FINLAND OY,Company,,FIHEL,HECFINHEL,,Commercial,,All Territories,,,,,,,,,,,,,,,,,,,,HECFINHEL,,,,,,,,,,,,,,,,,,,0,,,,,,,,,,,,,,,,,,,,,,,,,,,,,,
GROESIAFE,GROUP ESI,Company,,FRLEH,GROESIAFE,,Commercial,,All Territories,,,,,,,,,,,,,,,,,,,,GROESIAFE,,,+33139928788,,,,,,,,,,,,,,,,0,,,,,,,,,,,,,,,,,,,,,,,,,,,,,,
CARSTRSRG,CARLOS STREEGAN,Company,,IDSRG,CARSTRSRG,,Commercial,,All Territories,,,,,,,,,,,,,,,,,,,,CARSTRSRG,,,,,,,,,,,,,,,,,,,0,,,,,,,,,,,,,,,,,,,,,,,,,,,,,,
RIDINTMDW,RIDGEWAY INTERNATIONAL USA,Company,,USCHI,RIDINTMDW,,Commercial,,All Territories,,,,,,,,,,,,,,,,,,,,RIDINTMDW,,,,,,,,,,,,,,,,,,,0,,,,,,,,,,,,,,,,,,,,,,,,,,,,,,
FIBLOGBLR,FIBS LOGISTICS INDIA PVT LTD. BANGALORE,Company,,INBLR,FIBLOGBLR,,Commercial,,All Territories,,,,,,,,,,,,,,,,,,,,FIBLOGBLR,,,+919036443290,gabrial.domnic@fibs-logistics.com,,,,,,,,,,,,,,,0,,,,,,,,,,,,,,,,,,,,,,,,,,,,,,
GLODWAAFE,GLOCK GES M.B.H.,Company,,ATDWA,GLODWAAFE,,Commercial,,All Territories,,,,,,,,,,,,,,,,,,,,GLODWAAFE,,,,Elisabeth.triebel@glock.at,,,,,,,,,,,,,,,0,,,,,,,,,,,,,,,,,,,,,,,,,,,,,,
SENINTSIN,SENATOR INTERNATIONAL SINGAPORE PTE LTD,Company,,SGSIN,SENINTSIN,,Commercial,,All Territories,,,,,,,,,,,,,,,,,,,,SENINTSIN,,,,sin@senator-international.com,,,,,,,,,,,,,,,0,,,,,,,,,,,,,,,,,,,,,,,,,,,,,,
DACSPAMAD,DACHSER SPAIN AIR & SEA LOGISTICS S.A.U.,Company,,ESMAD,DACSPAMAD,,Commercial,,All Territories,,,,,,,,,,,,,,,,,,,,DACSPAMAD,,,,dachser.madrid-asl@dachser.es,,,,,,,,,,,,,,,0,,,,,,,,,,,,,,,,,,,,,,,,,,,,,,
SHEEAISZX,SHENZHEN E&A INTERNATIONAL LOGISTICS CO.,Company,,CNSZX,SHEEAISZX,,Commercial,,All Territories,,,,,,,,,,,,,,,,,,,,SHEEAISZX,,,,,,,,,,,,,,,,,,,0,,,,,,,,,,,,,,,,,,,,,,,,,,,,,,
UDELCOZDA,U. DEL CORONA & SCARDIGLI,Company,,ITZDA,UDELCOZDA,,Commercial,,All Territories,,,,,,,,,,,,,,,,,,,,UDELCOZDA,,,,,,,,,,,,,,,,,,,0,,,,,,,,,,,,,,,,,,,,,,,,,,,,,,
REASCMSHA,"REALOGISTICS SCM (SHANGHAI) CO., LTD.",Company,,CNSGH,REASCMSHA,,Commercial,,All Territories,,,,,,,,,,,,,,,,,,,,REASCMSHA,,,,,,,,,,,,,,,,,,,0,,,,,,,,,,,,,,,,,,,,,,,,,,,,,,
MAIUSAHFD,MAINFREIGHT USA (FORMERLY TARGET LOGISTICS SVCS),Company,,USHFD,MAIUSAHFD,,Commercial,,All Territories,,,,,,,,,,,,,,,,,,,,MAIUSAHFD,,,,bdl.international@targetlogistics.com,,,,,,,,,,,,,,,0,,,,,,,,,,,,,,,,,,,,,,,,,,,,,,
YUSLOGEGH,YUSEN LOGISTICS (UK) LTD,Company,,GBEGH,YUSLOGEGH,,Commercial,,All Territories,,,,,,,,,,,,,,,,,,,,YUSLOGEGH,,,+447917796898,Mohammed.Khan@uk.yusen-logistics.com,,,,,,,,,,,,,,,0,,,,,,,,,,,,,,,,,,,,,,,,,,,,,,
WANTRAHKG,WANGFOONG TRANSPORTATION LTD.,Company,,HKHKG,WANTRAHKG,,Commercial,,All Territories,,,,,,,,,,,,,,,,,,,,WANTRAHKG,,,,,,,,,,,,,,,,,,,0,,,,,,,,,,,,,,,,,,,,,,,,,,,,,,
PREBDDAFE,PREMIER SHOWFREIGHT LTD,Company,,GBBDD,PREBDDAFE,,Commercial,,All Territories,,,,,,,,,,,,,,,,,,,,PREBDDAFE,,,,zoe@premiershowfreight.com,,,,,,,,,,,,,,,0,,,,,,,,,,,,,,,,,,,,,,,,,,,,,,
COMDOOLJU,COMARK D.O.O,Company,,SILJU,COMDOOLJU,,Commercial,,All Territories,,,,,,,,,,,,,,,,,,,,COMDOOLJU,,,,,,,,,,,,,,,,,,,0,,,,,,,,,,,,,,,,,,,,,,,,,,,,,,
VERLOGHKG,VERA LOGISTICS LTD.,Company,,HKHKG,VERLOGHKG,,Commercial,,All Territories,,,,,,,,,,,,,,,,,,,,VERLOGHKG,,,,,,,,,,,,,,,,,,,0,,,,,,,,,,,,,,,,,,,,,,,,,,,,,,
INTSEASIN,INTERUNION (S.E.A.) PTE LTD.,Company,,SGSIN,INTSEASIN,,Commercial,,All Territories,,,,,,,,,,,,,,,,,,,,INTSEASIN,,,,,,,,,,,,,,,,,,,0,,,,,,,,,,,,,,,,,,,,,,,,,,,,,,
ALFKOSHAM,ALFONS KOSTER & CO. GMBH,Company,,DEHAM,ALFKOSHAM,,Commercial,,All Territories,,,,,,,,,,,,,,,,,,,,ALFKOSHAM,,,,,,,,,,,,,,,,,,,0,,,,,,,,,,,,,,,,,,,,,,,,,,,,,,
SENINTJNB,SENATOR INTERNATIONAL,Company,,ZAJNB,SENINTJNB,,Commercial,,All Territories,,,,,,,,,,,,,,,,,,,,SENINTJNB,,,,,,,,,,,,,,,,,,,0,,,,,,,,,,,,,,,,,,,,,,,,,,,,,,
TRASHIYXT,TRANSCON SHIPPING CO. INC.,Company,,CAYXT,TRASHIYXT,,Commercial,,All Territories,,,,,,,,,,,,,,,,,,,,TRASHIYXT,,,,,,,,,,,,,,,,,,,0,,,,,,,,,,,,,,,,,,,,,,,,,,,,,,
WUXWUXAFE,"WUXI SYNTRANS INTERNATIONAL LOGISTICS CO., LTD.",Company,,CNWUX,WUXWUXAFE,,Commercial,,All Territories,,,,,,,,,,,,,,,,,,,,WUXWUXAFE,,,,yuanwei.wux@syntrans.com,,,,,,,,,,,,,,,0,,,,,,,,,,,,,,,,,,,,,,,,,,,,,,
COAGLOSOU,COASTAL GLOBAL LOGISTICS (CGL) LTD,Company,,GBSOU,COAGLOSOU,,Commercial,,All Territories,,,,,,,,,,,,,,,,,,,,COAGLOSOU,,,,,,,,,,,,,,,,,,,0,,,,,,,,,,,,,,,,,,,,,,,,,,,,,,
ACTAGESAO,ACTION AGENCIAMENTO DE CARGAS,Company,,BRSAO,ACTAGESAO,,Commercial,,All Territories,,,,,,,,,,,,,,,,,,,,ACTAGESAO,,,,,,,,,,,,,,,,,,,0,,,,,,,,,,,,,,,,,,,,,,,,,,,,,,
GEFCOLYS,GEFCO,Company,,FRLYS,GEFCOLYS,,Commercial,,All Territories,,,,,,,,,,,,,,,,,,,,GEFCOLYS,,,,see contacts,,,,,,,,,,,,,,,0,,,,,,,,,,,,,,,,,,,,,,,,,,,,,,
SINJENSIN,SINGAPORE JENKAR FREIGHT SERVICES (S) PTE LTD,Company,,SGSIN,SINJENSIN,,Commercial,,All Territories,,,,,,,,,,,,,,,,,,,,SINJENSIN,,,,,,,,,,,,,,,,,,,0,,,,,,,,,,,,,,,,,,,,,,,,,,,,,,
NOALOGNYC,"NOATUM LOGISTICS USA, LLC",Company,,USNYC,NOALOGNYC,,Commercial,,All Territories,,,,,,,,,,,,,,,,,,,,NOALOGNYC,,,,,,,,,,,,,,,,,,,0,,,,,,,,,,,,,,,,,,,,,,,,,,,,,,
VININTSGN,VINAFREIGHT INTERNATIONAL,Company,,VNSGN,VININTSGN,,Commercial,,All Territories,,,,,,,,,,,,,,,,,,,,VININTSGN,,,+84902985213,,,,,,,,,,,,,,,,0,,,,,,,,,,,,,,,,,,,,,,,,,,,,,,
SUNINTCHI,SUNTRANS INT'L INC.,Company,,USCHI,SUNINTCHI,,Commercial,,All Territories,,,,,,,,,,,,,,,,,,,,SUNINTCHI,,,,,,,,,,,,,,,,,,,0,,,,,,,,,,,,,,,,,,,,,,,,,,,,,,
TRASHIHNL,TRANSCON SHIPPING CO. INC.,Company,,USHNL,TRASHIHNL,,Commercial,,All Territories,,,,,,,,,,,,,,,,,,,,TRASHIHNL,,,,LAX@TransconCargo.com,,,,,,,,,,,,,,,0,,,,,,,,,,,,,,,,,,,,,,,,,,,,,,
EMBFRERNE,EMBASSY FREIGHT SERVICES SPA - VIA G.GASPARINI,Company,,ITRNE,EMBFRERNE,,Commercial,,All Territories,,,,,,,,,,,,,,,,,www.embassyfreight.com,,,EMBFRERNE,,,,,,,,,,,,,,,,,,,0,,,,,,,,,,,,,,,,,,,,,,,,,,,,,,
ARALOGRUH,ARABCO LOGISITCS,Company,,SARUH,ARALOGRUH,,Commercial,,All Territories,,,,,,,,,,,,,,,,,,,,ARALOGRUH,,,,,,,,,,,,,,,,,,,0,,,,,,,,,,,,,,,,,,,,,,,,,,,,,,
AIRLOGPER,AIRLAND LOGISTICS,Company,,AUPER,AIRLOGPER,,Commercial,,All Territories,,,,,,,,,,,,,,,,,,,,AIRLOGPER,,,+61894526908,mtaylor@airlandlogistics.com,,,,,,,,,,,,,,,0,,,,,,,,,,,,,,,,,,,,,,,,,,,,,,
OCECARCGP,OCEANIC CARGO INT'L,Company,,BDCGP,OCECARCGP,,Commercial,,All Territories,,,,,,,,,,,,,,,,,,,,OCECARCGP,,,,ganga@colbd.com,,,,,,,,,,,,,,,0,,,,,,,,,,,,,,,,,,,,,,,,,,,,,,
SHESUNSZX,"SHENZHEN SUNSRAYS HEATING SCIENCE AND TECHNOLOGY CO., LTD.",Company,,CNSNZ,SHESUNSZX,,Commercial,,All Territories,,,,,,,,,,,,,,,,,,,,SHESUNSZX,,,,,,,,,,,,,,,,,,,0,,,,,,,,,,,,,,,,,,,,,,,,,,,,,,
DEFAGEFRA,DEF AGENT,Company,,DEFRA,DEFAGEFRA,,Commercial,,All Territories,,,,,,,,,,,,,,,,,,,,DEFAGEFRA,,,,,,,,,,,,,,,,,,,0,,,,,,,,,,,,,,,,,,,,,,,,,,,,,,
INTSPEATT,INTERFRACHT SPEDITIONS AG,Company,,CHATT,INTSPEATT,,Commercial,,All Territories,,,,,,,,,,,,,,,,,,,,INTSPEATT,,,,,,,,,,,,,,,,,,,0,,,,,,,,,,,,,,,,,,,,,,,,,,,,,,
SENINTMHG,SENATOR INTERNATIONAL SPEDITION GMBH,Company,,DEMHG,SENINTMHG,,Commercial,,All Territories,,,,,,,,,,,,,,,,,,,,SENINTMHG,,,,,,,,,,,,,,,,,,,0,,,,,,,,,,,,,,,,,,,,,,,,,,,,,,
NORLINOSL2,NOR LINES AS KNEPPESKJAERUTSTIKKEREN,Company,,NOOSL,NORLINOSL2,,Commercial,,All Territories,,,,,,,,,,,,,,,,,,,,NORLINOSL2,,,,,,,,,,,,,,,,,,,0,,,,,,,,,,,,,,,,,,,,,,,,,,,,,,
GALFREBOM,GALAXY FREIGHT PVT LTD,Company,,INBOM,GALFREBOM,,Commercial,,All Territories,,,,,,,,,,,,,,,,,,,,GALFREBOM,,,,,,,,,,,,,,,,,,,0,,,,,,,,,,,,,,,,,,,,,,,,,,,,,,
GRAINTPAR,GRAVELEAU INTERNATIONAL,Company,,FRPAR,GRAINTPAR,,Commercial,,All Territories,,,,,,,,,,,,,,,,,,,,GRAINTPAR,,,,,,,,,,,,,,,,,,,0,,,,,,,,,,,,,,,,,,,,,,,,,,,,,,
MAINFRCLT,"MAINFREIGHT, INC.",Company,,USCLT,MAINFRCLT,,Commercial,,All Territories,,,,,,,,,,,,,,,,,www.mainfreightusa.com,,,MAINFRCLT,,,,nathan.proctor@mainfreightusa.com,,,,,,,,,,,,,,,0,,,,,,,,,,,,,,,,,,,,,,,,,,,,,,
ASSTRAFRA,ASSOCIATED TRANSPORTS,Company,,FRCDG,ASSTRAFRA,,Commercial,,All Territories,,,,,,,,,,,,,,,,,,,,ASSTRAFRA,,,,,,,,,,,,,,,,,,,0,,,,,,,,,,,,,,,,,,,,,,,,,,,,,,
SOLGLOSIN,SOLAR GLOBAL LOGISTICS,Company,,SGSIN,SOLGLOSIN,,Commercial,,All Territories,,,,,,,,,,,,,,,,,,,,SOLGLOSIN,,,,,,,,,,,,,,,,,,,0,,,,,,,,,,,,,,,,,,,,,,,,,,,,,,
ADDLOGSGN1,ADDICON LOGISTICS MANAGEMENT (VN) COMPANY,Company,,VNSGN,ADDLOGSGN1,,Commercial,,All Territories,,,,,,,,,,,,,,,,,,,,ADDLOGSGN1,,,,,,,,,,,,,,,,,,,0,,,,,,,,,,,,,,,,,,,,,,,,,,,,,,
EURTPEAFE,"EUROTRAN EXPO SERVICE CO., LTD",Company,,TWTPE,EURTPEAFE,,Commercial,,All Territories,,,,,,,,,,,,,,,,,,,,EURTPEAFE,,,,miggie.lin@eurotranexpo.com,,,,,,,,,,,,,,,0,,,,,,,,,,,,,,,,,,,,,,,,,,,,,,
COECHISCL,COEXCO CHILE S.A.,Company,,CLSCL,COECHISCL,,Commercial,,All Territories,,,,,,,,,,,,,,,,,,,,COECHISCL,,,,rpolidori@coexco.cl,,,,,,,,,,,,,,,0,,,,,,,,,,,,,,,,,,,,,,,,,,,,,,
UNICARSKT,UNION CARGO (PVT) LTD,Company,,PKSKT,UNICARSKT,,Commercial,,All Territories,,,,,,,,,,,,,,,,,,,,UNICARSKT,,,,,,,,,,,,,,,,,,,0,,,,,,,,,,,,,,,,,,,,,,,,,,,,,,
PARTNEMIA,PARTNERLOG GROUP INC.,Company,,USMIA,PARTNEMIA,,Commercial,,All Territories,,,,,,,,,,,,,,,,,,,,PARTNEMIA,,,,,,,,,,,,,,,,,,,0,,,,,,,,,,,,,,,,,,,,,,,,,,,,,,
GONFREAFTLS,GONDRAND FRERES (AIRFREIGHT),Company,,FRTLS,GONFREAFTLS,,Commercial,,All Territories,,,,,,,,,,,,,,,,,,,,GONFREAFTLS,,,,gondrandtls@compuserve.com,,,,,,,,,,,,,,,0,,,,,,,,,,,,,,,,,,,,,,,,,,,,,,
MATTRAGVA,MAT TRANSPORT,Company,,CHGVA,MATTRAGVA,,Commercial,,All Territories,,,,,,,,,,,,,,,,,,,,MATTRAGVA,,,,Marc.Romano@viamat.com,,,,,,,,,,,,,,,0,,,,,,,,,,,,,,,,,,,,,,,,,,,,,,
MTMFRELON,M&TM FREIGHT (UK) LIMTED.,Company,,GBLON,MTMFRELON,,Commercial,,All Territories,,,,,,,,,,,,,,,,,,,,MTMFRELON,,,,,,,,,,,,,,,,,,,0,,,,,,,,,,,,,,,,,,,,,,,,,,,,,,
APCLOGANR,APC LOGISTICS BELGIUM,Company,,BEANR,APCLOGANR,,Commercial,,All Territories,,,,,,,,,,,,,,,,,,,,APCLOGANR,,,,,,,,,,,,,,,,,,,0,,,,,,,,,,,,,,,,,,,,,,,,,,,,,,
EFRPACSFO,EFREN PACOL MACARAYO,Company,,USSFO,EFRPACSFO,,Commercial,,All Territories,,,,,,,,,,,,,,,,,,,,EFRPACSFO,,,,,,,,,,,,,,,,,,,0,,,,,,,,,,,,,,,,,,,,,,,,,,,,,,
DACHSECAS,DACHSER MOROCCO,Company,,MACAS,DACHSECAS,,Commercial,,All Territories,,,,,,,,,,,,,,,,,,,,DACHSECAS,,,,,,,,,,,,,,,,,,,0,,,,,,,,,,,,,,,,,,,,,,,,,,,,,,
CARGSASKG,CARGOBOOK SA,Company,,GRSKG,CARGSASKG,,Commercial,,All Territories,,,,,,,,,,,,,,,,,,,,CARGSASKG,,,,,,,,,,,,,,,,,,,0,,,,,,,,,,,,,,,,,,,,,,,,,,,,,,
XIAHONXMN,XIAMEN HONGXIN LOGISTICS CO. LTD.,Company,,CNXMN,XIAHONXMN,,Commercial,,All Territories,,,,,,,,,,,,,,,,,,,,XIAHONXMN,,,,,,,,,,,,,,,,,,,0,,,,,,,,,,,,,,,,,,,,,,,,,,,,,,
GUAGLECAN,GUANGZHOU GLEAM INTERNATIONAL FORWARDING,Company,,CNCAN,GUAGLECAN,,Commercial,,All Territories,,,,,,,,,,,,,,,,,,,,GUAGLECAN,,,,monica@gleam.com.cn,,,,,,,,,,,,,,,0,,,,,,,,,,,,,,,,,,,,,,,,,,,,,,
SHAMWLSHA,SHANGHAI MW LOGISTICS CO. LTD.,Company,,CNSHA,SHAMWLSHA,,Commercial,,All Territories,,,,,,,,,,,,,,,,,,,,SHAMWLSHA,,,,,,,,,,,,,,,,,,,0,,,,,,,,,,,,,,,,,,,,,,,,,,,,,,
SYNINTHZG,SYNTRANS INTERNATIONAL LOGISTICS (HONG KONG) CO. LIMITED,Company,,CNHZG,SYNINTHZG,,Commercial,,All Territories,,,,,,,,,,,,,,,,,,,,SYNINTHZG,,,,,,,,,,,,,,,,,,,0,,,,,,,,,,,,,,,,,,,,,,,,,,,,,,
SEAWOLDAC,SEA WOLF VOYAGERS.,Company,,BDDAC,SEAWOLDAC,,Commercial,,All Territories,,,,,,,,,,,,,,,,,,,,SEAWOLDAC,,,,,,,,,,,,,,,,,,,0,,,,,,,,,,,,,,,,,,,,,,,,,,,,,,
LIOAIRTPE,LION AIRFREIGHT INC.,Company,,TWTPE,LIOAIRTPE,,Commercial,,All Territories,,,,,,,,,,,,,,,,,,,,LIOAIRTPE,,,,,,,,,,,,,,,,,,,0,,,,,,,,,,,,,,,,,,,,,,,,,,,,,,
KMSSINAFE,KMS LOGISTICS (SINGAPORE) PTE LTD,Company,,SGSIN,KMSSINAFE,,Commercial,,All Territories,,,,,,,,,,,,,,,,,,,,KMSSINAFE,,,+6587988959,nestor@kmslog.com.sg,,,,,,,,,,,,,,,0,,,,,,,,,,,,,,,,,,,,,,,,,,,,,,
JIARICTAO,"JIANGSU RICHSUNRISE INT'L LOGISTICS CO.,LTD.",Company,,CNQIN,JIARICTAO,,Commercial,,All Territories,,,,,,,,,,,,,,,,,,,,JIARICTAO,,,+862585580397,sunnysong@rich-sunrise.com,,,,,,,,,,,,,,,0,,,,,,,,,,,,,,,,,,,,,,,,,,,,,,
POSASIDLC,"POSCO ASIA CO., LTD",Company,,CNDLC,POSASIDLC,,Commercial,,All Territories,,,,,,,,,,,,,,,,,,,,POSASIDLC,,,,,,,,,,,,,,,,,,,0,,,,,,,,,,,,,,,,,,,,,,,,,,,,,,
PTGANCJKT,PT GANTARAYASA CARGOTAMA,Company,,IDJKT,PTGANCJKT,,Commercial,,All Territories,,,,,,,,,,,,,,,,,,,,PTGANCJKT,,,,,,,,,,,,,,,,,,,0,,,,,,,,,,,,,,,,,,,,,,,,,,,,,,
INTTHABKK,INTERCOSPED (THAILAND ) CO. LTD,Company,,THBKK,INTTHABKK,,Commercial,,All Territories,,,,,,,,,,,,,,,,,,,,INTTHABKK,,,,,,,,,,,,,,,,,,,0,,,,,,,,,,,,,,,,,,,,,,,,,,,,,,
DHLGGNAFE,DHL LOGISTICS PVT. LTD.,Company,,INGGN,DHLGGNAFE,,Commercial,,All Territories,,,,,,,,,,,,,,,,,,,,DHLGGNAFE,,,,,,,,,,,,,,,,,,,0,,,,,,,,,,,,,,,,,,,,,,,,,,,,,,
PRICARSKT,PRIME CARGO INTERNATIONAL,Company,,PKSKT,PRICARSKT,,Commercial,,All Territories,,,,,,,,,,,,,,,,,,,,PRICARSKT,,,,,,,,,,,,,,,,,,,0,,,,,,,,,,,,,,,,,,,,,,,,,,,,,,
PHICANGES,PHILBEST CANNING CORPORATION,Company,,PHGES,PHICANGES,,Commercial,,All Territories,,,,,,,,,,,,,,,,,,,,PHICANGES,,,,esam.documentation@philbest.com.ph,,,,,,,,,,,,,,,0,,,,,,,,,,,,,,,,,,,,,,,,,,,,,,
HESKNIPAD,HESSE & KNIPPS GMBH,Company,,DEPAD,HESKNIPAD,,Commercial,,All Territories,,,,,,,,,,,,,,,,,,,,HESKNIPAD,,,,,,,,,,,,,,,,,,,0,,,,,,,,,,,,,,,,,,,,,,,,,,,,,,
GREFREGHG,GREENCARRIER FREIGHT SERVICES SWEDEN AB,Company,,USGHG,GREFREGHG,,Commercial,,All Territories,,,,,,,,,,,,,,,,,,,,GREFREGHG,,,+46708850030,Christian.Bergdahl@greencarrier.se,,,,,,,,,,,,,,,0,,,,,,,,,,,,,,,,,,,,,,,,,,,,,,
ZHESEAZHE,ZHEJIANG SEA-WIN INTERNATIONAL FREIGHT FORWARDING,Company,,CNZHE,ZHESEAZHE,,Commercial,,All Territories,,,,,,,,,,,,,,,,,,,,ZHESEAZHE,,,,,,,,,,,,,,,,,,,0,,,,,,,,,,,,,,,,,,,,,,,,,,,,,,
VIABRAVMA,VIAMAR BRASIL,Company,,BRVMA,VIABRAVMA,,Commercial,,All Territories,,,,,,,,,,,,,,,,,,,,VIABRAVMA,,,,,,,,,,,,,,,,,,,0,,,,,,,,,,,,,,,,,,,,,,,,,,,,,,
GNSKORSEL,GNS KOREA CO LTD,Company,,KRSEL,GNSKORSEL,,Commercial,,All Territories,,,,,,,,,,,,,,,,,,,,GNSKORSEL,,,,,,,,,,,,,,,,,,,0,,,,,,,,,,,,,,,,,,,,,,,,,,,,,,
GOLFASCEB,GOLDENDRAGON FASTCRAFT BUILDER INC,Company,,PHCEB,GOLFASCEB,,Commercial,,All Territories,,,,,,,,,,,,,,,,,,,,GOLFASCEB,,,+639177790147,,,,,,,,,,,,,,,,0,,,,,,,,,,,,,,,,,,,,,,,,,,,,,,
GLOFRENUE,GLOBAL FREIGHT ALLIANCE GMBH,Company,,DENUE,GLOFRENUE,,Commercial,,All Territories,,,,,,,,,,,,,,,,,,,,GLOFRENUE,,,,,,,,,,,,,,,,,,,0,,,,,,,,,,,,,,,,,,,,,,,,,,,,,,
QUICARLHR,QUICK CARGO SERVICE UK,Company,,GBLHR,QUICARLHR,,Commercial,,All Territories,,,,,,,,,,,,,,,,,,,,QUICARLHR,,,,,,,,,,,,,,,,,,,0,,,,,,,,,,,,,,,,,,,,,,,,,,,,,,
SPISHIPIR,SPIRITWORLD SHIPPING & FORWARDING LTD,Company,,GRPIR,SPISHIPIR,,Commercial,,All Territories,,,,,,,,,,,,,,,,,www.spiritworld.gr,,,SPISHIPIR,,,,,,,,,,,,,,,,,,,0,,,,,,,,,,,,,,,,,,,,,,,,,,,,,,
MULLOGMUN,MULTI LOGISTICS GMBH,Company,,DEMUN,MULLOGMUN,,Commercial,,All Territories,,,,,,,,,,,,,,,,,,,,MULLOGMUN,,,,,,,,,,,,,,,,,,,0,,,,,,,,,,,,,,,,,,,,,,,,,,,,,,
NOVALIALC,NOVOCARGO ALICANTE S.A (ALICANTE),Company,,ESALC,NOVALIALC,,Commercial,,All Territories,,,,,,,,,,,,,,,,,,,,NOVALIALC,,,,,,,,,,,,,,,,,,,0,,,,,,,,,,,,,,,,,,,,,,,,,,,,,,
FLYEXPKWN,FLYING EXPRESS INTERNATIONAL FREIGHT,Company,,HKKWN,FLYEXPKWN,,Commercial,,All Territories,,,,,,,,,,,,,,,,,,,,FLYEXPKWN,,,,,,,,,,,,,,,,,,,0,,,,,,,,,,,,,,,,,,,,,,,,,,,,,,
TARLOGBWI,TARGET LOGISTICS SERVICES,Company,,USBWI,TARLOGBWI,,Commercial,,All Territories,,,,,,,,,,,,,,,,,,,,TARLOGBWI,,,,bwi.international@targetlogistics.com,,,,,,,,,,,,,,,0,,,,,,,,,,,,,,,,,,,,,,,,,,,,,,
TRAGMBHAM,TRANSKOMPASS GMBH,Company,,DEHAM,TRAGMBHAM,,Commercial,,All Territories,,,,,,,,,,,,,,,,,www.transkompass.de,,,TRAGMBHAM,,,,,,,,,,,,,,,,,,,0,,,,,,,,,,,,,,,,,,,,,,,,,,,,,,
AMBWORNYC,AMBER WORLDWIDE LOGISTICS,Company,,USNYC,AMBWORNYC,,Commercial,,All Territories,,,,,,,,,,,,,,,,,,,,AMBWORNYC,,,,,,,,,,,,,,,,,,,0,,,,,,,,,,,,,,,,,,,,,,,,,,,,,,
RHILOGSSZ,RHISING LOG DO BRASIL,Company,,BRSSZ,RHILOGSSZ,,Commercial,,All Territories,,,,,,,,,,,,,,,,,,,,RHILOGSSZ,,,email: see contacts,,,,,,,,,,,,,,,,0,,,,,,,,,,,,,,,,,,,,,,,,,,,,,,
CATGROSIN,CAT GROUP SINGAPORE,Company,,SGSIN,CATGROSIN,,Commercial,,All Territories,,,,,,,,,,,,,,,,,,,,CATGROSIN,,,,cat_singapore@pacific.net.sg,,,,,,,,,,,,,,,0,,,,,,,,,,,,,,,,,,,,,,,,,,,,,,
JOSDELSFO,JOSEFINA DE LEON CASTRO,Company,,USSFO,JOSDELSFO,,Commercial,,All Territories,,,,,,,,,,,,,,,,,,,,JOSDELSFO,,,,,,,,,,,,,,,,,,,0,,,,,,,,,,,,,,,,,,,,,,,,,,,,,,
APCLOGBKK,APC LOGISTICS (THAI) CO. LTD.,Company,,THBKK,APCLOGBKK,,Commercial,,All Territories,,,,,,,,,,,,,,,,,,,,APCLOGBKK,,,,apcbkk@apc.co.th,,,,,,,,,,,,,,,0,,,,,,,,,,,,,,,,,,,,,,,,,,,,,,
VIOCORVCE,VIO & C / ORMESANI,Company,,ITVCE,VIOCORVCE,,Commercial,,All Territories,,,,,,,,,,,,,,,,,,,,VIOCORVCE,,,,,,,,,,,,,,,,,,,0,,,,,,,,,,,,,,,,,,,,,,,,,,,,,,
SENINTSZX1,SENATOR INTERNATIONAL FREIGHT FORWARDING (SHENZHEN) CO. LTD.,Company,,CNSNZ,SENINTSZX1,,Commercial,,All Territories,,,,,,,,,,,,,,,,,,,,SENINTSZX1,,,,,,,,,,,,,,,,,,,0,,,,,,,,,,,,,,,,,,,,,,,,,,,,,,
NOVNEWNYC,NOVOCARGO (NEW YORK),Company,,USNYC,NOVNEWNYC,,Commercial,,All Territories,,,,,,,,,,,,,,,,,,,,NOVNEWNYC,,,,,,,,,,,,,,,,,,,0,,,,,,,,,,,,,,,,,,,,,,,,,,,,,,
RIMLOGCHI,RIM LOGISTICS,Company,,USCHI,RIMLOGCHI,,Commercial,,All Territories,,,,,,,,,,,,,,,,,,,,RIMLOGCHI,,,,,,,,,,,,,,,,,,,0,,,,,,,,,,,,,,,,,,,,,,,,,,,,,,
GRAINTSGN,GRAVELEAU INTERNATIONAL,Company,,VNSGN,GRAINTSGN,,Commercial,,All Territories,,,,,,,,,,,,,,,,,,,,GRAINTSGN,,,,,,,,,,,,,,,,,,,0,,,,,,,,,,,,,,,,,,,,,,,,,,,,,,
ALCLOGCOL,ALCO LOGISTICS (PVT) LTD.,Company,,BRCOL,ALCLOGCOL,,Commercial,,All Territories,,,,,,,,,,,,,,,,,,,,ALCLOGCOL,,,,,,,,,,,,,,,,,,,0,,,,,,,,,,,,,,,,,,,,,,,,,,,,,,
MAXFORTYO,MAXLINES FORWARDER CO. LTD.,Company,,JPTYO,MAXFORTYO,,Commercial,,All Territories,,,,,,,,,,,,,,,,,,,,MAXFORTYO,,,,,,,,,,,,,,,,,,,0,,,,,,,,,,,,,,,,,,,,,,,,,,,,,,
APCASITSN,APC ASIA PACIFIC CARGO (CHINA) LTD.,Company,,CNTSN,APCASITSN,,Commercial,,All Territories,,,,,,,,,,,,,,,,,,,,APCASITSN,,,,,,,,,,,,,,,,,,,0,,,,,,,,,,,,,,,,,,,,,,,,,,,,,,
GUCSELAFE,"GUCHANG KOREA LOGISTICS CO.,LTD.",Company,,KRSEL,GUCSELAFE,,Commercial,,All Territories,,,,,,,,,,,,,,,,,,,,GUCSELAFE,,,,,,,,,,,,,,,,,,,0,,,,,,,,,,,,,,,,,,,,,,,,,,,,,,
FORLOGBER,FORTO LOGISTICS SE & CO. KG,Company,,DEBER,FORLOGBER,,Commercial,,All Territories,,,,,,,,,,,,,,,,,,,,FORLOGBER,,,,,,,,,,,,,,,,,,,0,,,,,,,,,,,,,,,,,,,,,,,,,,,,,,
SUNWINHUA,SUNNY-WIN INTERNATIONAL LOGISTICS LIMITED,Company,,CNHUA,SUNWINHUA,,Commercial,,All Territories,,,,,,,,,,,,,,,,,www.sunny-win.com,,,SUNWINHUA,,,,sunnywin03@sunny-win.com,,,,,,,,,,,,,,,0,,,,,,,,,,,,,,,,,,,,,,,,,,,,,,
EXPFREMAA,EXPO FREIGHT PRIVATE LTD./ HQ OFFICE,Company,,INMAA,EXPFREMAA,,Commercial,,All Territories,,,,,,,,,,,,,,,,,,,,EXPFREMAA,,,,ucl.maa@ucl-india.com,,,,,,,,,,,,,,,0,,,,,,,,,,,,,,,,,,,,,,,,,,,,,,
GUAWINNNG,GUANGXI WIN-OCEAN INT’L SHIPPING CO. LTD,Company,,CNNNG,GUAWINNNG,,Commercial,,All Territories,,,,,,,,,,,,,,,,,,,,GUAWINNNG,,,,,,,,,,,,,,,,,,,0,,,,,,,,,,,,,,,,,,,,,,,,,,,,,,
ARKMARLMS,ARK MARE LOGISTICS NAVIGATION LTD.,Company,,CYLMS,ARKMARLMS,,Commercial,,All Territories,,,,,,,,,,,,,,,,,www.ark-mare.com,,,ARKMARLMS,,,,,,,,,,,,,,,,,,,0,,,,,,,,,,,,,,,,,,,,,,,,,,,,,,
ROYINTMWA,ROYAL INTERNATIONAL COURIERS GMBH,Company,,DEMWA,ROYINTMWA,,Commercial,,All Territories,,,,,,,,,,,,,,,,,,,,ROYINTMWA,,,,,,,,,,,,,,,,,,,0,,,,,,,,,,,,,,,,,,,,,,,,,,,,,,
DYNSHIKWN,DYNASTY SHIPPING LTD.,Company,,HKKWN,DYNSHIKWN,,Commercial,,All Territories,,,,,,,,,,,,,,,,,,,,DYNSHIKWN,,,,vincci@dynastyshipping.com,,,,,,,,,,,,,,,0,,,,,,,,,,,,,,,,,,,,,,,,,,,,,,
EASDRAHPH,EASTERN DRAGON CO. LTD.,Company,,VNHPH,EASDRAHPH,,Commercial,,All Territories,,,,,,,,,,,,,,,,,www.edc.vn,,,EASDRAHPH,,,,edc@edc.vn,,,,,,,,,,,,,,,0,,,,,,,,,,,,,,,,,,,,,,,,,,,,,,
VCKLOGRTM1,VCK LOGISTICS OCEANFREIGHT B.V.,Company,,NLRTM,VCKLOGRTM1,,Commercial,,All Territories,,,,,,,,,,,,,,,,,,,,VCKLOGRTM1,,,,,,,,,,,,,,,,,,,0,,,,,,,,,,,,,,,,,,,,,,,,,,,,,,
LEVEXPBEY,LEVANT EXPRESS TRANSPORT SAL,Company,,LBBEY,LEVEXPBEY,,Commercial,,All Territories,,,,,,,,,,,,,,,,,,,,LEVEXPBEY,,,,info@levantexpress.net,,,,,,,,,,,,,,,0,,,,,,,,,,,,,,,,,,,,,,,,,,,,,,
QUALOGSAO,QUANTUM LOGISTICS KTD,Company,,BRSAO,QUALOGSAO,,Commercial,,All Territories,,,,,,,,,,,,,,,,,,,,QUALOGSAO,,,,,,,,,,,,,,,,,,,0,,,,,,,,,,,,,,,,,,,,,,,,,,,,,,
GOWLOGSIN,GOWELL LOGISTICS SVS PTE LTD,Company,,SGSIN,GOWLOGSIN,,Commercial,,All Territories,,,,,,,,,,,,,,,,,www.gowelllogistics.com.sg,,,GOWLOGSIN,,,+6581011602,,,,,,,,,,,,,,,,0,,,,,,,,,,,,,,,,,,,,,,,,,,,,,,
TRANSCSGN,TRANSCON CORPORATION,Company,,VNSGN,TRANSCSGN,,Commercial,,All Territories,,,,,,,,,,,,,,,,,,,,TRANSCSGN,,,,,,,,,,,,,,,,,,,0,,,,,,,,,,,,,,,,,,,,,,,,,,,,,,
ARAESPVLC2,ARABITAL ESPANA S.L,Company,,ESVLC,ARAESPVLC2,,Commercial,,All Territories,,,,,,,,,,,,,,,,,,,,ARAESPVLC2,,,,,,,,,,,,,,,,,,,0,,,,,,,,,,,,,,,,,,,,,,,,,,,,,,
COCEANSZX,C-OCEAN INT’L SHIPPING CO LTD,Company,,CNSZX,COCEANSZX,,Commercial,,All Territories,,,,,,,,,,,,,,,,,,,,COCEANSZX,,,,,,,,,,,,,,,,,,,0,,,,,,,,,,,,,,,,,,,,,,,,,,,,,,
UNIINTTAO,UNITEX INTL FORWARDING (GZ) LTD.,Company,,CNTAO,UNIINTTAO,,Commercial,,All Territories,,,,,,,,,,,,,,,,,,,,UNIINTTAO,,,,qlngdao@un.com.hk,,,,,,,,,,,,,,,0,,,,,,,,,,,,,,,,,,,,,,,,,,,,,,
ALLPORPDX,"ALL PORTS FORWARDING, INC.",Company,,USPDX,ALLPORPDX,,Commercial,,All Territories,,,,,,,,,,,,,,,,,,,,ALLPORPDX,,,,,,,,,,,,,,,,,,,0,,,,,,,,,,,,,,,,,,,,,,,,,,,,,,
DACROICDG,DACHSER ROISSY ASL,Company,,FRCDG,DACROICDG,,Commercial,,All Territories,,,,,,,,,,,,,,,,,,,,DACROICDG,,,,,,,,,,,,,,,,,,,0,,,,,,,,,,,,,,,,,,,,,,,,,,,,,,
TARLOGTSN,TARGET LOGISTICS SERVICES (TIANJIN),Company,,CNTSN,TARLOGTSN,,Commercial,,All Territories,,,,,,,,,,,,,,,,,,,,TARLOGTSN,,,,,,,,,,,,,,,,,,,0,,,,,,,,,,,,,,,,,,,,,,,,,,,,,,
ASIPACHKG,ASIA PACIFIC ALLIANCE LTD.,Company,,HKHKG,ASIPACHKG,,Commercial,,All Territories,,,,,,,,,,,,,,,,,,,,ASIPACHKG,,,,,,,,,,,,,,,,,,,0,,,,,,,,,,,,,,,,,,,,,,,,,,,,,,
MODMARDMN,MODERN MARITIME LOGISTICS (MML),Company,,SADMN,MODMARDMN,,Commercial,,All Territories,,,,,,,,,,,,,,,,,,,,MODMARDMN,,,email: see contacts,,,,,,,,,,,,,,,,0,,,,,,,,,,,,,,,,,,,,,,,,,,,,,,
DAVTUROAK,DAVIES TURNER & CO.,Company,,USOAK,DAVTUROAK,,Commercial,,All Territories,,,,,,,,,,,,,,,,,,,,DAVTUROAK,,,,,,,,,,,,,,,,,,,0,,,,,,,,,,,,,,,,,,,,,,,,,,,,,,
REASCMWUH,"REALOGISTICS SCM (WUHAN).,LTD.",Company,,CNNHN,REASCMWUH,,Commercial,,All Territories,,,,,,,,,,,,,,,,,,,,REASCMWUH,,,,,,,,,,,,,,,,,,,0,,,,,,,,,,,,,,,,,,,,,,,,,,,,,,
INTTRASEL,INTERNATIONAL TRANSPORTATION CO. LTD.,Company,,KRSEL,INTTRASEL,,Commercial,,All Territories,,,,,,,,,,,,,,,,,,,,INTTRASEL,,,,,,,,,,,,,,,,,,,0,,,,,,,,,,,,,,,,,,,,,,,,,,,,,,
FERSPAAOI,FERCAM SPA,Company,,ITAOI,FERSPAAOI,,Commercial,,All Territories,,,,,,,,,,,,,,,,,,,,FERSPAAOI,,,,,,,,,,,,,,,,,,,0,,,,,,,,,,,,,,,,,,,,,,,,,,,,,,
SYMCRE_PH,SYMPHONY CREATIONS INC.,Company,,PHCEB,SYMCRE_PH,,Commercial,,All Territories,,,,,,,,,,,,,,,,,,,,SYMCRE_PH,,,,,,,,,,,,,,,,,,,0,,,,,,,,,,,,,,,,,,,,,,,,,,,,,,
HAWFREDXB,HAWK FREIGHT SERVICES FZE,Company,,AEDXB,HAWFREDXB,,Commercial,,All Territories,,,,,,,,,,,,,,,,,,,,HAWFREDXB,,,,,,,,,,,,,,,,,,,0,,,,,,,,,,,,,,,,,,,,,,,,,,,,,,
NEOCONSEL,NEO CONTINENTAL LOGISTICS,Company,,KRSEL,NEOCONSEL,,Commercial,,All Territories,,,,,,,,,,,,,,,,,,,,NEOCONSEL,,,,,,,,,,,,,,,,,,,0,,,,,,,,,,,,,,,,,,,,,,,,,,,,,,
JOYGLOXMN,"JOYSPEED GLOBAL CARGO CO., LTD.",Company,,CNXMN,JOYGLOXMN,,Commercial,,All Territories,,,,,,,,,,,,,,,,,,,,JOYGLOXMN,,,,,,,,,,,,,,,,,,,0,,,,,,,,,,,,,,,,,,,,,,,,,,,,,,
CHROBISYD,C.H. ROBINSON WORLDWIDE (AU) PTY LTD,Company,,AUSYD,CHROBISYD,,Commercial,,All Territories,,,,,,,,,,,,,,,,,www.chrobinson.com,,,CHROBISYD,,,,,,,,,,,,,,,,,,,0,,,,,,,,,,,,,,,,,,,,,,,,,,,,,,
ORISHIKPO,ORIENTAL SHIPPING CO. LTD.,Company,,KRKPO,ORISHIKPO,,Commercial,,All Territories,,,,,,,,,,,,,,,,,,,,ORISHIKPO,,,,,,,,,,,,,,,,,,,0,,,,,,,,,,,,,,,,,,,,,,,,,,,,,,
ALQABADXB,AL QABANDI AND PARTNERS COMPANY,Company,,AEDXB,ALQABADXB,,Commercial,,All Territories,,,,,,,,,,,,,,,,,,,,ALQABADXB,,,,qabandi@emirate.net.ae,,,,,,,,,,,,,,,0,,,,,,,,,,,,,,,,,,,,,,,,,,,,,,
TNETWOTPE,T. NETWORK INTERNATIONAL FREIGHT CO. LTD.,Company,,TWTPE,TNETWOTPE,,Commercial,,All Territories,,,,,,,,,,,,,,,,,www.tnetworkinc.com,,,TNETWOTPE,,,,joseph.wang@tnetworkinc.com,,,,,,,,,,,,,,,0,,,,,,,,,,,,,,,,,,,,,,,,,,,,,,
AGIFAIAFE,AGILITY FAIRS & EVENTS,Company,,AEDXB,AGIFAIAFE,,Commercial,,All Territories,,,,,,,,,,,,,,,,,www.agilitylogistics.com,,,AGIFAIAFE,,,,,,,,,,,,,,,,,,,0,,,,,,,,,,,,,,,,,,,,,,,,,,,,,,
SACAIRMUC,SACO GROUP AIR GMBH,Company,,DEMUC,SACAIRMUC,,Commercial,,All Territories,,,,,,,,,,,,,,,,,,,,SACAIRMUC,,,,info@fra.sacogroupair.com,,,,,,,,,,,,,,,0,,,,,,,,,,,,,,,,,,,,,,,,,,,,,,
CARWORSDQ,CARIBEX WORLDWIDE,Company,,DOSDQ,CARWORSDQ,,Commercial,,All Territories,,,,,,,,,,,,,,,,,,,,CARWORSDQ,,,,,,,,,,,,,,,,,,,0,,,,,,,,,,,,,,,,,,,,,,,,,,,,,,
FELTRAOSL,FELLES TRANSPORT,Company,,NOOSL,FELTRAOSL,,Commercial,,All Territories,,,,,,,,,,,,,,,,,,,,FELTRAOSL,,,,firmapost@fellestransport.no,,,,,,,,,,,,,,,0,,,,,,,,,,,,,,,,,,,,,,,,,,,,,,
INTSPARNE,INTERCOSPED S.P.A (CUSTOMS BROKERS OFFICE),Company,,ITRNE,INTSPARNE,,Commercial,,All Territories,,,,,,,,,,,,,,,,,,,,INTSPARNE,,,,,,,,,,,,,,,,,,,0,,,,,,,,,,,,,,,,,,,,,,,,,,,,,,
MADNOVMAD,"MADRID NOVODELTA TRANSITARIOS, S.A (MADRID)",Company,,ESMAD,MADNOVMAD,,Commercial,,All Territories,,,,,,,,,,,,,,,,,,,,MADNOVMAD,,,,,,,,,,,,,,,,,,,0,,,,,,,,,,,,,,,,,,,,,,,,,,,,,,
FRIAIRHFA,FRIDENSON AIR & OCEAN,Company,,ILHFA,FRIAIRHFA,,Commercial,,All Territories,,,,,,,,,,,,,,,,,,,,FRIAIRHFA,,,,LouizaP@fridenson.co.il,,,,,,,,,,,,,,,0,,,,,,,,,,,,,,,,,,,,,,,,,,,,,,
RAMLOGSEL,"RAMSES LOGISTICS CO., LTD",Company,,KRSEL,RAMLOGSEL,,Commercial,,All Territories,,,,,,,,,,,,,,,,,,,,RAMLOGSEL,,,,,,,,,,,,,,,,,,,0,,,,,,,,,,,,,,,,,,,,,,,,,,,,,,
HEAINTBJS,"HEADSPRING INTERNATIONAL LOGISTICS CO.,LTD",Company,,CNBJS,HEAINTBJS,,Commercial,,All Territories,,,,,,,,,,,,,,,,,,,,HEAINTBJS,,,,,,,,,,,,,,,,,,,0,,,,,,,,,,,,,,,,,,,,,,,,,,,,,,
SEAEXPBJS,SEAJET EXPRESS SERVICES INC.,Company,,CNBJS,SEAEXPBJS,,Commercial,,All Territories,,,,,,,,,,,,,,,,,,,,SEAEXPBJS,,,,,,,,,,,,,,,,,,,0,,,,,,,,,,,,,,,,,,,,,,,,,,,,,,
TIRWAHSUB,PT. TIRTA WAHANA TRANSPORTAMA,Company,,IDSUB,TIRWAHSUB,,Commercial,,All Territories,,,,,,,,,,,,,,,,,,,,TIRWAHSUB,,,,,,,,,,,,,,,,,,,0,,,,,,,,,,,,,,,,,,,,,,,,,,,,,,
PANGLOSHA,"PANDA GLOBAL (BEIJING) CO.,LTD.SHANGHAI BRANCH",Company,,CNSHA,PANGLOSHA,,Commercial,,All Territories,,,,,,,,,,,,,,,,,,,,PANGLOSHA,,,,,,,,,,,,,,,,,,,0,,,,,,,,,,,,,,,,,,,,,,,,,,,,,,
ALFSPLLJU,ALFA SP LOGISTIKA D.O.O,Company,,SILJU,ALFSPLLJU,,Commercial,,All Territories,,,,,,,,,,,,,,,,,,,,ALFSPLLJU,,,,,,,,,,,,,,,,,,,0,,,,,,,,,,,,,,,,,,,,,,,,,,,,,,
ALLTRACGP,ALL-TRANS CARGO SERVICES LTD.,Company,,BDCGP,ALLTRACGP,,Commercial,,All Territories,,,,,,,,,,,,,,,,,,,,ALLTRACGP,,,,,,,,,,,,,,,,,,,0,,,,,,,,,,,,,,,,,,,,,,,,,,,,,,
TERESHTYO,TERESHIA LTD.,Company,,JPTYO,TERESHTYO,,Commercial,,All Territories,,,,,,,,,,,,,,,,,www.tereshia.com,,,TERESHTYO,,,,,,,,,,,,,,,,,,,0,,,,,,,,,,,,,,,,,,,,,,,,,,,,,,
PTMOONJKT,PT. MOONDIA LOGISTICS INDONESIA,Company,,IDJKT,PTMOONJKT,,Commercial,,All Territories,,,,,,,,,,,,,,,,,www.moondia.com,,,PTMOONJKT,,,,,,,,,,,,,,,,,,,0,,,,,,,,,,,,,,,,,,,,,,,,,,,,,,
ARASHIBAH,ARABITAL SHIPPING BAHRAIN,Company,,BHBAH,ARASHIBAH,,Commercial,,All Territories,,,,,,,,,,,,,,,,,www.arabital.com,,,ARASHIBAH,,,,arabital.bahrain@arabital.com,,,,,,,,,,,,,,,0,,,,,,,,,,,,,,,,,,,,,,,,,,,,,,
MAGLOGTPE1,"MAGICAL LOGISTICS CO., LTD.",Company,,TWTPE,MAGLOGTPE1,,Commercial,,All Territories,,,,,,,,,,,,,,,,,,,,MAGLOGTPE1,,,,,,,,,,,,,,,,,,,0,,,,,,,,,,,,,,,,,,,,,,,,,,,,,,
GREFREAGH,GREENCARRIER FREIGHT SERVICES SWEDEN AB,Company,,SEAGH,GREFREAGH,,Commercial,,All Territories,,,,,,,,,,,,,,,,,www.greencarrier.se,,,GREFREAGH,,,,bjorn.meijer@greencarrier.se,,,,,,,,,,,,,,,0,,,,,,,,,,,,,,,,,,,,,,,,,,,,,,
FLEINTSFO,FLEXPORT INTERNATIONAL LLC,Company,,USSFO,FLEINTSFO,,Commercial,,All Territories,,,,,,,,,,,,,,,,,,,,FLEINTSFO,,,,arrivalnotice@flexport.com,,,,,,,,,,,,,,,0,,,,,,,,,,,,,,,,,,,,,,,,,,,,,,
INDSGNAFE,INDO TRANS LOGISTICS CORPORATION,Company,,VNSGN,INDSGNAFE,,Commercial,,All Territories,,,,,,,,,,,,,,,,,,,,INDSGNAFE,,,,janet.thao@itlvn.com,,,,,,,,,,,,,,,0,,,,,,,,,,,,,,,,,,,,,,,,,,,,,,
ALBATRHKG,ALBATRANS LIMITED,Company,,HKHKG,ALBATRHKG,,Commercial,,All Territories,,,,,,,,,,,,,,,,,,,,ALBATRHKG,,,,info@hkg.albatrans.com,,,,,,,,,,,,,,,0,,,,,,,,,,,,,,,,,,,,,,,,,,,,,,
SOLLOJISL,SOLIBRA LOJISTIK HIZMETLERI A.S,Company,,TRIST,SOLLOJISL,,Commercial,,All Territories,,,,,,,,,,,,,,,,,,,,SOLLOJISL,,,,,,,,,,,,,,,,,,,0,,,,,,,,,,,,,,,,,,,,,,,,,,,,,,
MARBENAAR,MARTIN BENCHER (SCANDINAVIA) A/S,Company,,DKAAR,MARBENAAR,,Commercial,,All Territories,,,,,,,,,,,,,,,,,,,,MARBENAAR,,,,,,,,,,,,,,,,,,,0,,,,,,,,,,,,,,,,,,,,,,,,,,,,,,
HECLINGOT,HECKSHER LINIEAGENTURER AB,Company,,SEGOT,HECLINGOT,,Commercial,,All Territories,,,,,,,,,,,,,,,,,,,,HECLINGOT,,,5564717238,,,,,,,,,,,,,,,,0,,,,,,,,,,,,,,,,,,,,,,,,,,,,,,
CKFORSPKG,CK FORWARDING & SHIPPING SDN BHD -,Company,,MYPKG,CKFORSPKG,,Commercial,,All Territories,,,,,,,,,,,,,,,,,,,,CKFORSPKG,,,,ckwdg@ckwdg.com.my,,,,,,,,,,,,,,,0,,,,,,,,,,,,,,,,,,,,,,,,,,,,,,
BEIHARBJS,BEIJING HARMONY SHIPPING & FORWARDING,Company,,CNBJS,BEIHARBJS,,Commercial,,All Territories,,,,,,,,,,,,,,,,,,,,BEIHARBJS,,,,,,,,,,,,,,,,,,,0,,,,,,,,,,,,,,,,,,,,,,,,,,,,,,
ESGINTHUA,E.S.G INTERNATIONAL LOGISTICS,Company,,CNHUA,ESGINTHUA,,Commercial,,All Territories,,,,,,,,,,,,,,,,,www.esgcargo.com.cn,,,ESGINTHUA,,,,sales088@esgcargo.gd.cn,,,,,,,,,,,,,,,0,,,,,,,,,,,,,,,,,,,,,,,,,,,,,,
BEINAYAFE,BEIJING SPACEFLIGHT EAST SCIENCE TECHNOLOGY,Company,,CNBJS,BEINAYAFE,,Commercial,,All Territories,,,,,,,,,,,,,,,,,,,,BEINAYAFE,,,,bhdkvincentbai@163.com,,,,,,,,,,,,,,,0,,,,,,,,,,,,,,,,,,,,,,,,,,,,,,
HANLOGSEL,"HANKYONG LOGITEC CO., LTD.",Company,,KRSEL,HANLOGSEL,,Commercial,,All Territories,,,,,,,,,,,,,,,,,,,,HANLOGSEL,,,,logitec@hankyong.com,,,,,,,,,,,,,,,0,,,,,,,,,,,,,,,,,,,,,,,,,,,,,,
HHEXPRTPE,H & H EXPRESS CO. LTD.,Company,,TWTPE,HHEXPRTPE,,Commercial,,All Territories,,,,,,,,,,,,,,,,,www.hnhexpress.com,,,HHEXPRTPE,,,,linda@hnhexpress.com,,,,,,,,,,,,,,,0,,,,,,,,,,,,,,,,,,,,,,,,,,,,,,
SINSZXAFE,"SINOTRANS AIR TRANSPORTATION DEVELOPMENT CO., LTD.",Company,,CNSZX,SINSZXAFE,,Commercial,,All Territories,,,,,,,,,,,,,,,,,,,,SINSZXAFE,,,+86 (086) 135-1030-9,ChenLS@sinoair.com,,,,,,,,,,,,,,,0,,,,,,,,,,,,,,,,,,,,,,,,,,,,,,
MULBLQAFE,MULTILOGISTICS BOLOGNA S.P.A.,Company,,ITBLQ,MULBLQAFE,,Commercial,,All Territories,,,,,,,,,,,,,,,,,,,,MULBLQAFE,,,+393498348459,amasetti@multilogistics.net,,,,,,,,,,,,,,,0,,,,,,,,,,,,,,,,,,,,,,,,,,,,,,
GRASALCEB,GRANDY SALES CORPORATION,Company,,PHCEB,GRASALCEB,,Commercial,,All Territories,,,,,,,,,,,,,,,,,,,,GRASALCEB,,,,,,,,,,,,,,,,,,,0,,,,,,,,,,,,,,,,,,,,,,,,,,,,,,
EURSTYKHH,"EURO STYLE, INC.",Company,,TWKHH,EURSTYKHH,,Commercial,,All Territories,,,,,,,,,,,,,,,,,,,,EURSTYKHH,,,,,,,,,,,,,,,,,,,0,,,,,,,,,,,,,,,,,,,,,,,,,,,,,,
ONTIMEJKT,PT. ON TIME EXPRESS,Company,,IDJKT,ONTIMEJKT,,Commercial,,All Territories,,,,,,,,,,,,,,,,,,,,ONTIMEJKT,,,,,,,,,,,,,,,,,,,0,,,,,,,,,,,,,,,,,,,,,,,,,,,,,,
MULINTBUD,MULTICONT INTERNATIONAL FORWARDING LOGISTICS CO. L,Company,,HUBUD,MULINTBUD,,Commercial,,All Territories,,,,,,,,,,,,,,,,,,,,MULINTBUD,,,,,,,,,,,,,,,,,,,0,,,,,,,,,,,,,,,,,,,,,,,,,,,,,,
VIEINTSGN,VIETCO INTERNATIONAL FORWARDING LTD.,Company,,VNSGN,VIEINTSGN,,Commercial,,All Territories,,,,,,,,,,,,,,,,,,,,VIEINTSGN,,,,vietco@hcm.vnn.vn,,,,,,,,,,,,,,,0,,,,,,,,,,,,,,,,,,,,,,,,,,,,,,
EXCFRESAO,EXCCEL FREIGHT TRANSPORTES INT'L LTDA.,Company,,BRSAO,EXCFRESAO,,Commercial,,All Territories,,,,,,,,,,,,,,,,,,,,EXCFRESAO,,,,exccel@psi.com.br,,,,,,,,,,,,,,,0,,,,,,,,,,,,,,,,,,,,,,,,,,,,,,
INTFRESIN,INTERGATEWAY FREIGHT PTE LTD,Company,,SGSIN,INTFRESIN,,Commercial,,All Territories,,,,,,,,,,,,,,,,,,,,INTFRESIN,,,,,,,,,,,,,,,,,,,0,,,,,,,,,,,,,,,,,,,,,,,,,,,,,,
AYTPOUISL,AYTAV POULTRY EQUIPMENT,Company,,TRIST,AYTPOUISL,,Commercial,,All Territories,,,,,,,,,,,,,,,,,,,,AYTPOUISL,,,,Export.man@aytav.com.tr,,,,,,,,,,,,,,,0,,,,,,,,,,,,,,,,,,,,,,,,,,,,,,
TKLSPEXWL,TKL SPEDITION & MAKLERI AB,Company,,SEGOT,TKLSPEXWL,,Commercial,,All Territories,,,,,,,,,,,,,,,,,www.tkl.nu,,,TKLSPEXWL,,,,kurt@tkl.nu,,,,,,,,,,,,,,,0,,,,,,,,,,,,,,,,,,,,,,,,,,,,,,
UNIAIRTYO,"UNITED AIRCARGO CONSOLDATORS, INC.",Company,,JPTYO,UNIAIRTYO,,Commercial,,All Territories,,,,,,,,,,,,,,,,,,,,UNIAIRTYO,,,,,,,,,,,,,,,,,,,0,,,,,,,,,,,,,,,,,,,,,,,,,,,,,,
SHAWANCTU,SHANGHAI WANTIAN INTERNATIONAL LOGISTICS CO LTD,Company,,CNCTU,SHAWANCTU,,Commercial,,All Territories,,,,,,,,,,,,,,,,,,,,SHAWANCTU,,,,,,,,,,,,,,,,,,,0,,,,,,,,,,,,,,,,,,,,,,,,,,,,,,
AIREXPHKG,AIRBUS EXPRESS LIMITED,Company,,HKHKG,AIREXPHKG,,Commercial,,All Territories,,,,,,,,,,,,,,,,,,,,AIREXPHKG,,,,,,,,,,,,,,,,,,,0,,,,,,,,,,,,,,,,,,,,,,,,,,,,,,
SENLOGMEX,"SENATOR LOGISTICS,SA DE CV (MEXICO)",Company,,MXMEX,SENLOGMEX,,Commercial,,All Territories,,,,,,,,,,,,,,,,,,,,SENLOGMEX,,,,,,,,,,,,,,,,,,,0,,,,,,,,,,,,,,,,,,,,,,,,,,,,,,
ISRCARLOD,ISRAEL CARGO LOGISTICS (ICL) LTD.,Company,,ILLOD,ISRCARLOD,,Commercial,,All Territories,,,,,,,,,,,,,,,,,,,,ISRCARLOD,,,,,,,,,,,,,,,,,,,0,,,,,,,,,,,,,,,,,,,,,,,,,,,,,,
ABCEURLJU2,ABC EUROPEAN AIR & SEA CARGO DIST. TRANS,Company,,SILJU,ABCEURLJU2,,Commercial,,All Territories,,,,,,,,,,,,,,,,,,,,ABCEURLJU2,,,,,,,,,,,,,,,,,,,0,,,,,,,,,,,,,,,,,,,,,,,,,,,,,,
STPWCALEH,STPI (WCA MEMBER),Company,,FRLEH,STPWCALEH,,Commercial,,All Territories,,,,,,,,,,,,,,,,,www.stpi.fr,,,STPWCALEH,,,,,,,,,,,,,,,,,,,0,,,,,,,,,,,,,,,,,,,,,,,,,,,,,,
FORTOSIN,FORTO PTE LTD,Company,,SGSIN,FORTOSIN,,Commercial,,All Territories,,,,,,,,,,,,,,,,,,,,FORTOSIN,,,,,,,,,,,,,,,,,,,0,,,,,,,,,,,,,,,,,,,,,,,,,,,,,,
EZCARGLGG,EZ CARGO,Company,,BELGG,EZCARGLGG,,Commercial,,All Territories,,,,,,,,,,,,,,,,,,,,EZCARGLGG,,,,Andrei.zdorovenkov@ez-cargo.eu,,,,,,,,,,,,,,,0,,,,,,,,,,,,,,,,,,,,,,,,,,,,,,
QINWINTAO,QINGDAO WIN-FAST INT'L LOGISTICS,Company,,CNTAO,QINWINTAO,,Commercial,,All Territories,,,,,,,,,,,,,,,,,,,,QINWINTAO,,,,win-fast003@hotmail.com,,,,,,,,,,,,,,,0,,,,,,,,,,,,,,,,,,,,,,,,,,,,,,
GDTLOGGOA,GDT LOGISTIC S.P.A.,Company,,ITGOA,GDTLOGGOA,,Commercial,,All Territories,,,,,,,,,,,,,,,,,,,,GDTLOGGOA,,,,,,,,,,,,,,,,,,,0,,,,,,,,,,,,,,,,,,,,,,,,,,,,,,
SENINTSZX,SENATOR INTERNATIONAL LOGISTICS LIMITED (SHENZHEN),Company,,CNSZX,SENINTSZX,,Commercial,,All Territories,,,,,,,,,,,,,,,,,,,,SENINTSZX,,,,,,,,,,,,,,,,,,,0,,,,,,,,,,,,,,,,,,,,,,,,,,,,,,
SOLLOGSGN,SOLTRANS LOGISTICS,Company,,VNSGN,SOLLOGSGN,,Commercial,,All Territories,,,,,,,,,,,,,,,,,,,,SOLLOGSGN,,,,,,,,,,,,,,,,,,,0,,,,,,,,,,,,,,,,,,,,,,,,,,,,,,
FINKGDAFE,FINE MEAT LLC,Company,,RUKGD,FINKGDAFE,,Commercial,,All Territories,,,,,,,,,,,,,,,,,,,,FINKGDAFE,,,,avax.tech@gmail.com,,,,,,,,,,,,,,,0,,,,,,,,,,,,,,,,,,,,,,,,,,,,,,
AKMSHIDXB,AKM SHIPPING AND STORAGE LLC,Company,,AEDXB,AKMSHIDXB,,Commercial,,All Territories,,,,,,,,,,,,,,,,,,,,AKMSHIDXB,,,,,,,,,,,,,,,,,,,0,,,,,,,,,,,,,,,,,,,,,,,,,,,,,,
WEIFRETPE,"WEIDA FREIGHT SYSTEM (HONGKONG) CO.,LIMITED TAIWAN",Company,,TWTPE,WEIFRETPE,,Commercial,,All Territories,,,,,,,,,,,,,,,,,,,,WEIFRETPE,,,,,,,,,,,,,,,,,,,0,,,,,,,,,,,,,,,,,,,,,,,,,,,,,,
WAFLOGHKG,WAF LOGISTICS LTD,Company,,HKHKG,WAFLOGHKG,,Commercial,,All Territories,,,,,,,,,,,,,,,,,,,,WAFLOGHKG,,,,,,,,,,,,,,,,,,,0,,,,,,,,,,,,,,,,,,,,,,,,,,,,,,
JPMCHALAX,"JPMORGAN CHASE BANK, N.A.",Company,,USLAX,JPMCHALAX,,Commercial,,All Territories,,,,,,,,,,,,,,,,,,,,JPMCHALAX,,,,,,,,,,,,,,,,,,,0,,,,,,,,,,,,,,,,,,,,,,,,,,,,,,
SENINTSSZ,SENATOR INTERNATIONAL LOGISTICA DO BRASIL LTDA.,Company,,BRSSZ,SENINTSSZ,,Commercial,,All Territories,,,,,,,,,,,,,,,,,,,,SENINTSSZ,,,,senator-sao@senator-international.com,,,,,,,,,,,,,,,0,,,,,,,,,,,,,,,,,,,,,,,,,,,,,,
INTCONMIL,INTERMODAL CONTAINERS SERVICE SRL,Company,,ITMIL,INTCONMIL,,Commercial,,All Territories,,,,,,,,,,,,,,,,,,,,INTCONMIL,,,,ics@icstransport.com,,,,,,,,,,,,,,,0,,,,,,,,,,,,,,,,,,,,,,,,,,,,,,
APCASISIN,APC ASIA PACIFIC CARGO(S) PTE LTD,Company,,SGSIN,APCASISIN,,Commercial,,All Territories,,,,,,,,,,,,,,,,,www.apc.com.sg,,,APCASISIN,,,,,,,,,,,,,,,,,,,0,,,,,,,,,,,,,,,,,,,,,,,,,,,,,,
TRAGLOSIN,TRANS GLOBAL (S) PTE LTD,Company,,SGSIN,TRAGLOSIN,,Commercial,,All Territories,,,,,,,,,,,,,,,,,,,,TRAGLOSIN,,,+6562237044,,,,,,,,,,,,,,,,0,,,,,,,,,,,,,,,,,,,,,,,,,,,,,,
ALBATRLAX,ALBATRANS INC.,Company,,USLAX,ALBATRLAX,,Commercial,,All Territories,,,,,,,,,,,,,,,,,,,,ALBATRLAX,,,,,,,,,,,,,,,,,,,0,,,,,,,,,,,,,,,,,,,,,,,,,,,,,,
KUIAIRPVT,KUIPERS AIR & SEA B.V,Company,,NLPVT,KUIAIRPVT,,Commercial,,All Territories,,,,,,,,,,,,,,,,,,,,KUIAIRPVT,,,,,,,,,,,,,,,,,,,0,,,,,,,,,,,,,,,,,,,,,,,,,,,,,,
TRAFORBCN,TRAVIMA FORWARDING S.L.,Company,,ESBCN,TRAFORBCN,,Commercial,,All Territories,,,,,,,,,,,,,,,,,,,,TRAFORBCN,,,,bcncome@travima.com,,,,,,,,,,,,,,,0,,,,,,,,,,,,,,,,,,,,,,,,,,,,,,
ATLLOGCGP,ATLAS LOGISTICS BANGLADESH (PVT) LIMITED,Company,,BDCGP,ATLLOGCGP,,Commercial,,All Territories,,,,,,,,,,,,,,,,,www.atlaslogistics.co.in,,,ATLLOGCGP,,,+8801727636138,bakul@bd.atlaslogistics.co.in,,,,,,,,,,,,,,,0,,,,,,,,,,,,,,,,,,,,,,,,,,,,,,
HERINTCYX,"HERITAGE INTERNATIONAL FREIGHT, INC.",Company,,USCYX,HERINTCYX,,Commercial,,All Territories,,,,,,,,,,,,,,,,,,,,HERINTCYX,,,,esper@heritage.com,,,,,,,,,,,,,,,0,,,,,,,,,,,,,,,,,,,,,,,,,,,,,,
COSSHIAFE,COSCO SHIPPING AIR FREIGHT (SHANGHAI) CO. LTD,Company,,CNSHA,COSSHIAFE,,Commercial,,All Territories,,,,,,,,,,,,,,,,,,,,COSSHIAFE,,,,,,,,,,,,,,,,,,,0,,,,,,,,,,,,,,,,,,,,,,,,,,,,,,
DESCANYVR,DESPRADELLE CANADA INC.,Company,,CAYVR,DESCANYVR,,Commercial,,All Territories,,,,,,,,,,,,,,,,,,,,DESCANYVR,,,,melanievigeant@despradelle.com,,,,,,,,,,,,,,,0,,,,,,,,,,,,,,,,,,,,,,,,,,,,,,
DENWOJMNL,DENIS WOJTASINSKI,Company,,PHMNL,DENWOJMNL,,Commercial,,All Territories,,,,,,,,,,,,,,,,,,,,DENWOJMNL,,,,,,,,,,,,,,,,,,,0,,,,,,,,,,,,,,,,,,,,,,,,,,,,,,
NOALOGHKG,NOATUM LOGISTICS,Company,,HKHKG,NOALOGHKG,,Commercial,,All Territories,,,,,,,,,,,,,,,,,www.noatumlogistics.com,,,NOALOGHKG,,,,Cathy.Kwong@noatumlogistics.com,,,,,,,,,,,,,,,0,,,,,,,,,,,,,,,,,,,,,,,,,,,,,,
BUCCHIGOA,BUCCHIONI SRL,Company,,ITGOA,BUCCHIGOA,,Commercial,,All Territories,,,,,,,,,,,,,,,,,,,,BUCCHIGOA,,,,,,,,,,,,,,,,,,,0,,,,,,,,,,,,,,,,,,,,,,,,,,,,,,
GLOCARTAO,GLOBE CARGO LOGISTICS (QINGDAO),Company,,CNTAO,GLOCARTAO,,Commercial,,All Territories,,,,,,,,,,,,,,,,,,,,GLOCARTAO,,,,,,,,,,,,,,,,,,,0,,,,,,,,,,,,,,,,,,,,,,,,,,,,,,
CLCPROKWN,CLC PROJECTS LIMITED,Company,,HKKWN,CLCPROKWN,,Commercial,,All Territories,,,,,,,,,,,,,,,,,,,,CLCPROKWN,,,,,,,,,,,,,,,,,,,0,,,,,,,,,,,,,,,,,,,,,,,,,,,,,,
INTTRABCN,"INTEGRAL TRANSPORT SERVICE, S.A.",Company,,ESBCN,INTTRABCN,,Commercial,,All Territories,,,,,,,,,,,,,,,,,,,,INTTRABCN,,,,itsbca@its.es,,,,,,,,,,,,,,,0,,,,,,,,,,,,,,,,,,,,,,,,,,,,,,
VIOCUSNYC,VIO & C USA INC. D B/A CARGO LINE,Company,,USNYC,VIOCUSNYC,,Commercial,,All Territories,,,,,,,,,,,,,,,,,,,,VIOCUSNYC,,,,,,,,,,,,,,,,,,,0,,,,,,,,,,,,,,,,,,,,,,,,,,,,,,
ALBATRPOL,ALBATRANS INC.,Company,,USPOL,ALBATRPOL,,Commercial,,All Territories,,,,,,,,,,,,,,,,,,,,ALBATRPOL,,,,,,,,,,,,,,,,,,,0,,,,,,,,,,,,,,,,,,,,,,,,,,,,,,
PRIGLOOXF,PRINCIPAL GLOBAL EVENTS,Company,,GBOXF,PRIGLOOXF,,Commercial,,All Territories,,,,,,,,,,,,,,,,,,,,PRIGLOOXF,,,,emma@welcometoleo.com,,,,,,,,,,,,,,,0,,,,,,,,,,,,,,,,,,,,,,,,,,,,,,
INTEASNBO,INTERFREIGHT EAST AFRICA LIMITED,Company,,KENBO,INTEASNBO,,Commercial,,All Territories,,,,,,,,,,,,,,,,,,,,INTEASNBO,,,,,,,,,,,,,,,,,,,0,,,,,,,,,,,,,,,,,,,,,,,,,,,,,,
KAMINTSHA,KAMINO INTERNATIONAL TRANSPORT LTD.,Company,,CNSHA,KAMINTSHA,,Commercial,,All Territories,,,,,,,,,,,,,,,,,www.kamino.com,,,KAMINTSHA,,,,info@kamino.com,,,,,,,,,,,,,,,0,,,,,,,,,,,,,,,,,,,,,,,,,,,,,,
APCREASGN,APC-REALCO LTD.,Company,,VNSGN,APCREASGN,,Commercial,,All Territories,,,,,,,,,,,,,,,,,,,,APCREASGN,,,,van@realco-vn.com,,,,,,,,,,,,,,,0,,,,,,,,,,,,,,,,,,,,,,,,,,,,,,
GRECHITXG,GREAT CHINA TRANSPORTATION CO.LTD.,Company,,TWTXG,GRECHITXG,,Commercial,,All Territories,,,,,,,,,,,,,,,,,,,,GRECHITXG,,,,,,,,,,,,,,,,,,,0,,,,,,,,,,,,,,,,,,,,,,,,,,,,,,
CSCINTBOG,CSC INTERNATIONAL  CARGO LTDA,Company,,COBOG,CSCINTBOG,,Commercial,,All Territories,,,,,,,,,,,,,,,,,,,,CSCINTBOG,,,,,,,,,,,,,,,,,,,0,,,,,,,,,,,,,,,,,,,,,,,,,,,,,,
MIDAMEDAL,"MID-AMERICA OVERSEAS, INC.",Company,,USDAL,MIDAMEDAL,,Commercial,,All Territories,,,,,,,,,,,,,,,,,,,,MIDAMEDAL,,,,mao_dfw@maoinc.com,,,,,,,,,,,,,,,0,,,,,,,,,,,,,,,,,,,,,,,,,,,,,,
FARLOJIST,FARGO LOJISTIK HIZMETLERI TIC. LTD. STI.,Company,,TRIST,FARLOJIST,,Commercial,,All Territories,,,,,,,,,,,,,,,,,,,,FARLOJIST,,,,,,,,,,,,,,,,,,,0,,,,,,,,,,,,,,,,,,,,,,,,,,,,,,
MBTROPCEB,MB TROPICAL MARINE LIFE/CHANIC FISH EXPORT,Company,,PHCEB,MBTROPCEB,,Commercial,,All Territories,,,,,,,,,,,,,,,,,,,,MBTROPCEB,,,+639209327315,,,,,,,,,,,,,,,,0,,,,,,,,,,,,,,,,,,,,,,,,,,,,,,
LIASZXAFE,LIAONING AIR SEA WORLDWIDE LOGISTICS LTD.,Company,,CNSZX,LIASZXAFE,,Commercial,,All Territories,,,,,,,,,,,,,,,,,,,,LIASZXAFE,,,,freya.chen@asw-shenzhen.com.cn,,,,,,,,,,,,,,,0,,,,,,,,,,,,,,,,,,,,,,,,,,,,,,
APCREADLC,APC-REALCO LTD,Company,,CNDLC,APCREADLC,,Commercial,,All Territories,,,,,,,,,,,,,,,,,,,,APCREADLC,,,,,,,,,,,,,,,,,,,0,,,,,,,,,,,,,,,,,,,,,,,,,,,,,,
FSUTRASSZ,FSUARES TRANSPORTE E LOGISTICS LTDA,Company,,BRSSZ,FSUTRASSZ,,Commercial,,All Territories,,,,,,,,,,,,,,,,,,,,FSUTRASSZ,,,,,,,,,,,,,,,,,,,0,,,,,,,,,,,,,,,,,,,,,,,,,,,,,,
SATAKEHIJ,SATAKE CORPORATION,Company,,JPHIJ,SATAKEHIJ,,Commercial,,All Territories,,,,,,,,,,,,,,,,,,,,SATAKEHIJ,,,,k-miyazawa@satake-japan.co.jp,,,,,,,,,,,,,,,0,,,,,,,,,,,,,,,,,,,,,,,,,,,,,,
AIRFORSIN,AIRCAT FORWARDING,Company,,SGSIN,AIRFORSIN,,Commercial,,All Territories,,,,,,,,,,,,,,,,,www.aircat.com.bn,,,AIRFORSIN,,,,ocean@aircat.com.bn,,,,,,,,,,,,,,,0,,,,,,,,,,,,,,,,,,,,,,,,,,,,,,
THOMERDXB,THOMSUN MERCHANTILE & MARINE LLC,Company,,AEDXB,THOMERDXB,,Commercial,,All Territories,,,,,,,,,,,,,,,,,,,,THOMERDXB,,,,sales-tmm@thomsun.ae,,,,,,,,,,,,,,,0,,,,,,,,,,,,,,,,,,,,,,,,,,,,,,
DAREXPCMB,DART EXPRESS LANKA (PVT) LTD.,Company,,LKCMB,DAREXPCMB,,Commercial,,All Territories,,,,,,,,,,,,,,,,,,,,DAREXPCMB,,,,,,,,,,,,,,,,,,,0,,,,,,,,,,,,,,,,,,,,,,,,,,,,,,
VISTRGAFE,PT. VISSASA PARAMA NATI,Company,,IDTRG,VISTRGAFE,,Commercial,,All Territories,,,,,,,,,,,,,,,,,www.vissasa.com,,,VISTRGAFE,,,,exhibition@vissasa.id,,,,,,,,,,,,,,,0,,,,,,,,,,,,,,,,,,,,,,,,,,,,,,
COMGHATEM,COMEXAS GHANA LIMITED,Company,,GHTEM,COMGHATEM,,Commercial,,All Territories,,,,,,,,,,,,,,,,,,,,COMGHATEM,,,,,,,,,,,,,,,,,,,0,,,,,,,,,,,,,,,,,,,,,,,,,,,,,,
ALBASLBCN,ALBATRANS S.L.,Company,,ESBCN,ALBASLBCN,,Commercial,,All Territories,,,,,,,,,,,,,,,,,,,,ALBASLBCN,,,,albatrans@albatrans.c.telefonica.net,,,,,,,,,,,,,,,0,,,,,,,,,,,,,,,,,,,,,,,,,,,,,,
ALBATRLEH,ALBATRANS,Company,,FRLEH,ALBATRLEH,,Commercial,,All Territories,,,,,,,,,,,,,,,,,,,,ALBATRLEH,,,,Christine Fluzat <c.fluzat.bod@albatrans.com>,,,,,,,,,,,,,,,0,,,,,,,,,,,,,,,,,,,,,,,,,,,,,,
SHSAMESIN,S.H. SAMEYEH PTE LTD.,Company,,SGSIN,SHSAMESIN,,Commercial,,All Territories,,,,,,,,,,,,,,,,,,,,SHSAMESIN,,,,,,,,,,,,,,,,,,,0,,,,,,,,,,,,,,,,,,,,,,,,,,,,,,
LEMANHER,LEMAN A/S,Company,,DKHER,LEMANHER,,Commercial,,All Territories,,,,,,,,,,,,,,,,,,,,LEMANHER,,,,,,,,,,,,,,,,,,,0,,,,,,,,,,,,,,,,,,,,,,,,,,,,,,
GRABALSYD,GRAZIOSI-BALTSHIP PTY. LTD.,Company,,AUSYD,GRABALSYD,,Commercial,,All Territories,,,,,,,,,,,,,,,,,,,,GRABALSYD,,,,mark@graziosi-baltship.com.au,,,,,,,,,,,,,,,0,,,,,,,,,,,,,,,,,,,,,,,,,,,,,,
HENHARSYD,HENNING HARDERS (AUSTRALIA) PTY LTD,Company,,AUSYD,HENHARSYD,,Commercial,,All Territories,,,,,,,,,,,,,,,,,,,,HENHARSYD,,,,,,,,,,,,,,,,,,,0,,,,,,,,,,,,,,,,,,,,,,,,,,,,,,
GEFESPBCN,GEFCO ESPANA S.A.-SEAFREIGHT DEPARTMENT,Company,,ESBCN,GEFESPBCN,,Commercial,,All Territories,,,,,,,,,,,,,,,,,,,,GEFESPBCN,,,,,,,,,,,,,,,,,,,0,,,,,,,,,,,,,,,,,,,,,,,,,,,,,,
APECARSEL,"APEX CARGO SERVICE,INC. /AIRFREIGHT OFF",Company,,KRSEL,APECARSEL,,Commercial,,All Territories,,,,,,,,,,,,,,,,,,,,APECARSEL,,,,apexcgo@apexcargo.co.kr,,,,,,,,,,,,,,,0,,,,,,,,,,,,,,,,,,,,,,,,,,,,,,
AIRDIVSRZ,AIR DIVISION MASTERLINE SRL,Company,,BOSRZ,AIRDIVSRZ,,Commercial,,All Territories,,,,,,,,,,,,,,,,,,,,AIRDIVSRZ,,,,,,,,,,,,,,,,,,,0,,,,,,,,,,,,,,,,,,,,,,,,,,,,,,
DINEXPSUB,PT. DINAMIKA EXPRESSINDO,Company,,IDSUB,DINEXPSUB,,Commercial,,All Territories,,,,,,,,,,,,,,,,,,,,DINEXPSUB,,,,,,,,,,,,,,,,,,,0,,,,,,,,,,,,,,,,,,,,,,,,,,,,,,
HXPSINAFE,H-XPO GERMAXCO INTERNATIONAL PTE LTD.,Company,,SGSIN,HXPSINAFE,,Commercial,,All Territories,,,,,,,,,,,,,,,,,,,,HXPSINAFE,,,,,,,,,,,,,,,,,,,0,,,,,,,,,,,,,,,,,,,,,,,,,,,,,,
SHELOGCMB,SHERMANS LOGISTICS (PVT) LTD.,Company,,LKCMB,SHELOGCMB,,Commercial,,All Territories,,,,,,,,,,,,,,,,,,,,SHELOGCMB,,,,shermanslog@eureka.lk,,,,,,,,,,,,,,,0,,,,,,,,,,,,,,,,,,,,,,,,,,,,,,
TOPLOGNYC,TOPSPIN LOGISTICS,Company,,USNYC,TOPLOGNYC,,Commercial,,All Territories,,,,,,,,,,,,,,,,,,,,TOPLOGNYC,,,+16462364867,,,,,,,,,,,,,,,,0,,,,,,,,,,,,,,,,,,,,,,,,,,,,,,
NATFORSIN,THE NATIONAL FORWARDER (S) PTE LTD,Company,,SGSIN,NATFORSIN,,Commercial,,All Territories,,,,,,,,,,,,,,,,,,,,NATFORSIN,,,,neffwd@singnet.com.sg,,,,,,,,,,,,,,,0,,,,,,,,,,,,,,,,,,,,,,,,,,,,,,
CHIFRESHA,CHINA FREIGHT SERVICES CO. LTD,Company,,CNSHA,CHIFRESHA,,Commercial,,All Territories,,,,,,,,,,,,,,,,,,,,CHIFRESHA,,,,,,,,,,,,,,,,,,,0,,,,,,,,,,,,,,,,,,,,,,,,,,,,,,
SISLOGDAC,SIS LOGISTICAL SYSTEM LIMITED,Company,,BDDAC,SISLOGDAC,,Commercial,,All Territories,,,,,,,,,,,,,,,,,,,,SISLOGDAC,,,+88029892468,,,,,,,,,,,,,,,,0,,,,,,,,,,,,,,,,,,,,,,,,,,,,,,
FRELINBKK,FREIGHT LINER (THAILAND) CO LTD,Company,,THBKK,FRELINBKK,,Commercial,,All Territories,,,,,,,,,,,,,,,,,,,,FRELINBKK,,,,,,,,,,,,,,,,,,,0,,,,,,,,,,,,,,,,,,,,,,,,,,,,,,
DCSDAHSZX,"DCS DAH STAR LOGISTICS (HK) CO., LTD",Company,,CNSNZ,DCSDAHSZX,,Commercial,,All Territories,,,,,,,,,,,,,,,,,,,,DCSDAHSZX,,,,,,,,,,,,,,,,,,,0,,,,,,,,,,,,,,,,,,,,,,,,,,,,,,
NINHUATAO,NINGBO  HUANJI INT'L LOGISTICS CO. LTD,Company,,CNTAO,NINHUATAO,,Commercial,,All Territories,,,,,,,,,,,,,,,,,,,,NINHUATAO,,,,gd@nb-hj.com,,,,,,,,,,,,,,,0,,,,,,,,,,,,,,,,,,,,,,,,,,,,,,
FRESYSBOM,FREIGHT SYSTEMS (INDIA) PVT. LTD.,Company,,INBOM,FRESYSBOM,,Commercial,,All Territories,,,,,,,,,,,,,,,,,,,,FRESYSBOM,,,,,,,,,,,,,,,,,,,0,,,,,,,,,,,,,,,,,,,,,,,,,,,,,,
FRELINLCH,"FREIGHT LINER (THAILAND) CO., LTD.",Company,,THLCH,FRELINLCH,,Commercial,,All Territories,,,,,,,,,,,,,,,,,,,,FRELINLCH,,,,,,,,,,,,,,,,,,,0,,,,,,,,,,,,,,,,,,,,,,,,,,,,,,
TWISUNMUB,TWINCITY SUNLIFE PVT. LTD.,Company,,INMUB,TWISUNMUB,,Commercial,,All Territories,,,,,,,,,,,,,,,,,,,,TWISUNMUB,,,,,,,,,,,,,,,,,,,0,,,,,,,,,,,,,,,,,,,,,,,,,,,,,,
PACLOGLAX,PACIFIC LOGISTICS CORP.,Company,,USLAX,PACLOGLAX,,Commercial,,All Territories,,,,,,,,,,,,,,,,,,,,PACLOGLAX,,,,winusa@pacific-logistics.com,,,,,,,,,,,,,,,0,,,,,,,,,,,,,,,,,,,,,,,,,,,,,,
FULLS1DUR,FULLSAIL 1 PTY LTD,Company,,ZADUR,FULLS1DUR,,Commercial,,All Territories,,,,,,,,,,,,,,,,,,,,FULLS1DUR,,,,,,,,,,,,,,,,,,,0,,,,,,,,,,,,,,,,,,,,,,,,,,,,,,
METASIPKG,METROPORT ASIA SDN. BHD.,Company,,MYPKG,METASIPKG,,Commercial,,All Territories,,,,,,,,,,,,,,,,,,,,METASIPKG,,,,freight@mymetroport.com,,,,,,,,,,,,,,,0,,,,,,,,,,,,,,,,,,,,,,,,,,,,,,
SEAEXPBWI,SEAGULL EXPRESS LINES,Company,,USBAL,SEAEXPBWI,,Commercial,,All Territories,,,,,,,,,,,,,,,,,,,,SEAEXPBWI,,,,,,,,,,,,,,,,,,,0,,,,,,,,,,,,,,,,,,,,,,,,,,,,,,
REAWINHKG,REACH WIN INTERNATIONAL LOGISTICS LTD.,Company,,HKHKG,REAWINHKG,,Commercial,,All Territories,,,,,,,,,,,,,,,,,,,,REAWINHKG,,,,,,,,,,,,,,,,,,,0,,,,,,,,,,,,,,,,,,,,,,,,,,,,,,
TRABILBIO,"TRAIMER BILBAO, S.A.",Company,,ESBIO,TRABILBIO,,Commercial,,All Territories,,,,,,,,,,,,,,,,,,,,TRABILBIO,,,,,,,,,,,,,,,,,,,0,,,,,,,,,,,,,,,,,,,,,,,,,,,,,,
GLOCARPTY,GLOBAL CARGO EXPRESS,Company,,PAPTY,GLOCARPTY,,Commercial,,All Territories,,,,,,,,,,,,,,,,,www.globalcargopty.com,,,GLOCARPTY,,,,,,,,,,,,,,,,,,,0,,,,,,,,,,,,,,,,,,,,,,,,,,,,,,
GLOPROBKK,GLOBAL PROJECT LOGISTICS NETWORK(GPLN),Company,,THBKK,GLOPROBKK,,Commercial,,All Territories,,,,,,,,,,,,,,,,,,,,GLOPROBKK,,,,info@gpln.net,,,,,,,,,,,,,,,0,,,,,,,,,,,,,,,,,,,,,,,,,,,,,,
EASLOGBKK,"EASTWIND LOGISTICS CO., LTD",Company,,THBKK,EASLOGBKK,,Commercial,,All Territories,,,,,,,,,,,,,,,,,,,,EASLOGBKK,,,,,,,,,,,,,,,,,,,0,,,,,,,,,,,,,,,,,,,,,,,,,,,,,,
RICSOUKHH,RICH SOU TECHNOLOGY CO. LTD,Company,,TWKHH,RICSOUKHH,,Commercial,,All Territories,,,,,,,,,,,,,,,,,,,,RICSOUKHH,,,,rich.sou@msa.hinet.net,,,,,,,,,,,,,,,0,,,,,,,,,,,,,,,,,,,,,,,,,,,,,,
TIMCARSGN,TIMES CARGO LOGISTIC CO LTD (MTG),Company,,VNSGN,TIMCARSGN,,Commercial,,All Territories,,,,,,,,,,,,,,,,,,,,TIMCARSGN,,,,,,,,,,,,,,,,,,,0,,,,,,,,,,,,,,,,,,,,,,,,,,,,,,
WAPLOGBTM,PT. WAP LOGISTIKINDO,Company,,IDBTM,WAPLOGBTM,,Commercial,,All Territories,,,,,,,,,,,,,,,,,,,,WAPLOGBTM,,,,endy@waplogistikindo.com,,,,,,,,,,,,,,,0,,,,,,,,,,,,,,,,,,,,,,,,,,,,,,
PINGLOWDD,PINPOINT GLOBAL LOGISTICS LLC,Company,,USWDD,PINGLOWDD,,Commercial,,All Territories,,,,,,,,,,,,,,,,,,,,PINGLOWDD,,,,,,,,,,,,,,,,,,,0,,,,,,,,,,,,,,,,,,,,,,,,,,,,,,
HANAIROSA,HANSHIN AIR CARGO CO. LTD.,Company,,JPOSA,HANAIROSA,,Commercial,,All Territories,,,,,,,,,,,,,,,,,,,,HANAIROSA,,,,,,,,,,,,,,,,,,,0,,,,,,,,,,,,,,,,,,,,,,,,,,,,,,
PROLINDXB,PRO LINK LOGISTIC LLC,Company,,AEDXB,PROLINDXB,,Commercial,,All Territories,,,,,,,,,,,,,,,,,,,,PROLINDXB,,,,info@prolinkdxb.com,,,,,,,,,,,,,,,0,,,,,,,,,,,,,,,,,,,,,,,,,,,,,,
HTAIRFHKG,H&T AIRFREIGHT & GLOBAL EXPRESS LTD,Company,,HKHKG,HTAIRFHKG,,Commercial,,All Territories,,,,,,,,,,,,,,,,,,,,HTAIRFHKG,,,,,,,,,,,,,,,,,,,0,,,,,,,,,,,,,,,,,,,,,,,,,,,,,,
CLASQUQZV,CLASQUIN SA,Company,,FRROI,CLASQUQZV,,Commercial,,All Territories,,,,,,,,,,,,,,,,,,,,CLASQUQZV,,,,,,,,,,,,,,,,,,,0,,,,,,,,,,,,,,,,,,,,,,,,,,,,,,
LEMUSACHI,LEMAN USA INC,Company,,USCHI,LEMUSACHI,,Commercial,,All Territories,,,,,,,,,,,,,,,,,,,,LEMUSACHI,,,,chicago@lemanusa.com,,,,,,,,,,,,,,,0,,,,,,,,,,,,,,,,,,,,,,,,,,,,,,
DSVSAMNYC,DSV SAMSON TRANSPORT USA INC.,Company,,USNYC,DSVSAMNYC,,Commercial,,All Territories,,,,,,,,,,,,,,,,,,,,DSVSAMNYC,,,,,,,,,,,,,,,,,,,0,,,,,,,,,,,,,,,,,,,,,,,,,,,,,,
ANDLOGPNH,ANDHIKA LOGISTICS CAMBODIA,Company,,KHPNH,ANDLOGPNH,,Commercial,,All Territories,,,,,,,,,,,,,,,,,,,,ANDLOGPNH,,,,,,,,,,,,,,,,,,,0,,,,,,,,,,,,,,,,,,,,,,,,,,,,,,
MGIDACKPO,MGI & DACHSER INC. O/B OF,Company,,KRKPO,MGIDACKPO,,Commercial,,All Territories,,,,,,,,,,,,,,,,,,,,MGIDACKPO,,,,,,,,,,,,,,,,,,,0,,,,,,,,,,,,,,,,,,,,,,,,,,,,,,
SENINTMAN,SENATOR INTERNATIONAL FREIGHT FORWARDING LIIMITED,Company,,GBMNC,SENINTMAN,,Commercial,,All Territories,,,,,,,,,,,,,,,,,,,,SENINTMAN,,,,,,,,,,,,,,,,,,,0,,,,,,,,,,,,,,,,,,,,,,,,,,,,,,
COMOCESWK,COMPASS OCEAN LOGISTICS COMPANY WLL,Company,,KWSWK,COMOCESWK,,Commercial,,All Territories,,,,,,,,,,,,,,,,,,,,COMOCESWK,,,,,,,,,,,,,,,,,,,0,,,,,,,,,,,,,,,,,,,,,,,,,,,,,,
MIDAMEIBSEA,"MID AMERICA OVERSEAS, INC.",Company,,USSEA,MIDAMEIBSEA,,Commercial,,All Territories,,,,,,,,,,,,,,,,,,,,MIDAMEIBSEA,,,,mao_sea@maoinc.com,,,,,,,,,,,,,,,0,,,,,,,,,,,,,,,,,,,,,,,,,,,,,,
TOPSTARMQ,"TOP STAR EXPRESS CO., LTD. TAIWAN",Company,,TWTXG,TOPSTARMQ,,Commercial,,All Territories,,,,,,,,,,,,,,,,,,,,TOPSTARMQ,,,,,,,,,,,,,,,,,,,0,,,,,,,,,,,,,,,,,,,,,,,,,,,,,,
QCSQUIHAJ,QCS - QUICK CARGO SERVICE GMBH,Company,,DEHAJ,QCSQUIHAJ,,Commercial,,All Territories,,,,,,,,,,,,,,,,,,,,QCSQUIHAJ,,,,,,,,,,,,,,,,,,,0,,,,,,,,,,,,,,,,,,,,,,,,,,,,,,
EVOLOGMAN,EVOLUTION LOGISTICS LTD.,Company,,GBMNC,EVOLOGMAN,,Commercial,,All Territories,,,,,,,,,,,,,,,,,,,,EVOLOGMAN,,,,,,,,,,,,,,,,,,,0,,,,,,,,,,,,,,,,,,,,,,,,,,,,,,
AROLOGJNB2,AROC LOGISTICS PTY. LTD.,Company,,ZAJNB,AROLOGJNB2,,Commercial,,All Territories,,,,,,,,,,,,,,,,,,,,AROLOGJNB2,,,,,,,,,,,,,,,,,,,0,,,,,,,,,,,,,,,,,,,,,,,,,,,,,,
HAMBARBND,"HAMAHANG BAR GROUP, SHIPPING & FORWARDING",Company,,IRBND,HAMBARBND,,Commercial,,All Territories,,,,,,,,,,,,,,,,,,,,HAMBARBND,,,,,,,,,,,,,,,,,,,0,,,,,,,,,,,,,,,,,,,,,,,,,,,,,,
CALSHIMCT,CALRION SHIPPING SERVICES LLC,Company,,OMMCT,CALSHIMCT,,Commercial,,All Territories,,,,,,,,,,,,,,,,,,,,CALSHIMCT,,,,clarion@omantel.net.om,,,,,,,,,,,,,,,0,,,,,,,,,,,,,,,,,,,,,,,,,,,,,,
SHASYNSHA,"SHANGHAI SYNTRANS INT'L LOGISTICS CO.,LTD",Company,,CNSHA,SHASYNSHA,,Commercial,,All Territories,,,,,,,,,,,,,,,,,,,,SHASYNSHA,,,,yuanwei.wux@syntrans.com,,,,,,,,,,,,,,,0,,,,,,,,,,,,,,,,,,,,,,,,,,,,,,
MAXXPRLGB,"MAXGLOBAL XPRESS, INC.",Company,,USLGB,MAXXPRLGB,,Commercial,,All Territories,,,,,,,,,,,,,,,,,,,,MAXXPRLGB,,,,steven@maxglobalinc.com,,,,,,,,,,,,,,,0,,,,,,,,,,,,,,,,,,,,,,,,,,,,,,
KATSTACEB,KAT STATION,Company,,PHCEB,KATSTACEB,,Commercial,,All Territories,,,,,,,,,,,,,,,,,,,,KATSTACEB,,,,,,,,,,,,,,,,,,,0,,,,,,,,,,,,,,,,,,,,,,,,,,,,,,
ASIPACCHKG,ASIA PACIFIC CARGO (H.K.) LTD.,Company,,HKHKG,ASIPACCHKG,,Commercial,,All Territories,,,,,,,,,,,,,,,,,,,,ASIPACCHKG,,,,,,,,,,,,,,,,,,,0,,,,,,,,,,,,,,,,,,,,,,,,,,,,,,
TRADEWSCL,TRADEWINGS LTD,Company,,CLSCL,TRADEWSCL,,Commercial,,All Territories,,,,,,,,,,,,,,,,,www.tradewings.cl,,,TRADEWSCL,,,,info@tradewings.cl,,,,,,,,,,,,,,,0,,,,,,,,,,,,,,,,,,,,,,,,,,,,,,
HELINTPIR,HELLENIC & INT. TRANSPORT SYSTEMS LTD.,Company,,GRPIR,HELINTPIR,,Commercial,,All Territories,,,,,,,,,,,,,,,,,,,,HELINTPIR,,,www.transhellenic.gr,info@transhellenic.gr    / website: www.transhellenic.gr,,,,,,,,,,,,,,,0,,,,,,,,,,,,,,,,,,,,,,,,,,,,,,
ALSBVAFE,A & L SERVICES,Company,,PGSBV,ALSBVAFE,,Commercial,,All Territories,,,,,,,,,,,,,,,,,,,,ALSBVAFE,,,,mkfa0711@yahoo.com,,,,,,,,,,,,,,,0,,,,,,,,,,,,,,,,,,,,,,,,,,,,,,
MALJENPKG,MALAYSIA JENKAR FREIGHT SERVICES (M) SDN BHD,Company,,MYPKG,MALJENPKG,,Commercial,,All Territories,,,,,,,,,,,,,,,,,,,,MALJENPKG,,,,,,,,,,,,,,,,,,,0,,,,,,,,,,,,,,,,,,,,,,,,,,,,,,
SHACAPSHA,"SHANGHAI CAPITAL LOGISTICS TRANSPORT CO., LTD.",Company,,CNSHA,SHACAPSHA,,Commercial,,All Territories,,,,,,,,,,,,,,,,,,,,SHACAPSHA,,,+8615850018922,paolo.jiang@capital-logistic.com.cn,,,,,,,,,,,,,,,0,,,,,,,,,,,,,,,,,,,,,,,,,,,,,,
MALTOTAKL,MALCOLM TOTAL LOGISTICS,Company,,NZAKL,MALTOTAKL,,Commercial,,All Territories,,,,,,,,,,,,,,,,,,,,MALTOTAKL,,,,,,,,,,,,,,,,,,,0,,,,,,,,,,,,,,,,,,,,,,,,,,,,,,
MIDAMECLT,"MID-AMERICA OVERSEAS, INC",Company,,USCLT,MIDAMECLT,,Commercial,,All Territories,,,,,,,,,,,,,,,,,,,,MIDAMECLT,,,,,,,,,,,,,,,,,,,0,,,,,,,,,,,,,,,,,,,,,,,,,,,,,,
ARTSELAFE,"ARTRANS CO., LTD.",Company,,KRSEL,ARTSELAFE,,Commercial,,All Territories,,,,,,,,,,,,,,,,,,,,ARTSELAFE,,,+821021141908,artrans4@gmail.com,,,,,,,,,,,,,,,0,,,,,,,,,,,,,,,,,,,,,,,,,,,,,,
CENASINBO,CENTRAL-ASIA INT'L AIR FREIGHT,Company,,CNNBO,CENASINBO,,Commercial,,All Territories,,,,,,,,,,,,,,,,,,,,CENASINBO,,,,,,,,,,,,,,,,,,,0,,,,,,,,,,,,,,,,,,,,,,,,,,,,,,
TRIEXPAFE,TRIUMPH EXPRESS SERVICE,Company,,TWTPE,TRIEXPAFE,,Commercial,,All Territories,,,,,,,,,,,,,,,,,,,,TRIEXPAFE,,,,,,,,,,,,,,,,,,,0,,,,,,,,,,,,,,,,,,,,,,,,,,,,,,
WESTRUPEK,WEST TRUE DRAGON TRANSPORTATION,Company,,CNPEK,WESTRUPEK,,Commercial,,All Territories,,,,,,,,,,,,,,,,,,,,WESTRUPEK,,,,,,,,,,,,,,,,,,,0,,,,,,,,,,,,,,,,,,,,,,,,,,,,,,
CMGQBYAFE,CMGRP LIMITED – JACK MORTON WORLDWIDE,Company,,HKQBY,CMGQBYAFE,,Commercial,,All Territories,,,,,,,,,,,,,,,,,,,,CMGQBYAFE,,,+85262558605,Tusman_Hui@jackmorton.com,,,,,,,,,,,,,,,0,,,,,,,,,,,,,,,,,,,,,,,,,,,,,,
TIGLOGBTH,"TIGER LOGISTICS CO.,LTD",Company,,VNBTH,TIGLOGBTH,,Commercial,,All Territories,,,,,,,,,,,,,,,,,,,,TIGLOGBTH,,,,,,,,,,,,,,,,,,,0,,,,,,,,,,,,,,,,,,,,,,,,,,,,,,
UNILOGCOK,UNITEX LOGISTICS INDIA PVT LTD.,Company,,INCOK,UNILOGCOK,,Commercial,,All Territories,,,,,,,,,,,,,,,,,,,,UNILOGCOK,,,,,,,,,,,,,,,,,,,0,,,,,,,,,,,,,,,,,,,,,,,,,,,,,,
ETHGENCEB,ETHEN GENERAL MERCHANDISE,Company,,PHCEB,ETHGENCEB,,Commercial,,All Territories,,,,,,,,,,,,,,,,,,,,ETHGENCEB,,,,,,,,,,,,,,,,,,,0,,,,,,,,,,,,,,,,,,,,,,,,,,,,,,
KUEDUSAFE,KUEHNE + NAGEL (AG & CO.) KG,Company,,DEDUS,KUEDUSAFE,,Commercial,,All Territories,,,,,,,,,,,,,,,,,,,,KUEDUSAFE,,,,thomas.redeleit@kuehne-nagel.com,,,,,,,,,,,,,,,0,,,,,,,,,,,,,,,,,,,,,,,,,,,,,,
SFSYSTTAO,S.F SYSTEMS (QINGDAO) LTD.,Company,,CNTAO,SFSYSTTAO,,Commercial,,All Territories,,,,,,,,,,,,,,,,,,,,SFSYSTTAO,,,,,,,,,,,,,,,,,,,0,,,,,,,,,,,,,,,,,,,,,,,,,,,,,,
MININTNGB,MINGYANG INTERNATIONAL LOGISTICS (ZHEJIANG) CO.LTD,Company,,CNNGB,MININTNGB,,Commercial,,All Territories,,,,,,,,,,,,,,,,,www.mingyang56,,,MININTNGB,,,,op_myl@mingyang56.com,,,,,,,,,,,,,,,0,,,,,,,,,,,,,,,,,,,,,,,,,,,,,,
MIDAMESIN,MID-AMERICA OVERSEAS (S) PTE.LTD.,Company,,SGSIN,MIDAMESIN,,Commercial,,All Territories,,,,,,,,,,,,,,,,,,,,MIDAMESIN,,,,general@mao.com.sg,,,,,,,,,,,,,,,0,,,,,,,,,,,,,,,,,,,,,,,,,,,,,,
AERAFRDUR,AERO AFRICA SUB SAHARAN AFRICA (PTY) LTD,Company,,ZADUR,AERAFRDUR,,Commercial,,All Territories,,,,,,,,,,,,,,,,,,,,AERAFRDUR,,,,,,,,,,,,,,,,,,,0,,,,,,,,,,,,,,,,,,,,,,,,,,,,,,
MISLOGNKG,MIS LOGISTICS (TIANJIN) CO. LTD.,Company,,CNNKG,MISLOGNKG,,Commercial,,All Territories,,,,,,,,,,,,,,,,,,,,MISLOGNKG,,,,,,,,,,,,,,,,,,,0,,,,,,,,,,,,,,,,,,,,,,,,,,,,,,
NIPEXPTYO,"NIPPON EXPRESS CO., LTD.",Company,,JPTYO,NIPEXPTYO,,Commercial,,All Territories,,,,,,,,,,,,,,,,,,,,NIPEXPTYO,,,,,,,,,,,,,,,,,,,0,,,,,,,,,,,,,,,,,,,,,,,,,,,,,,
CTSLOGGUM,CTSI LOGISTICS (GUAM),Company,,GUGUM,CTSLOGGUM,,Commercial,,All Territories,,,,,,,,,,,,,,,,,www.ctsiguam.com,,,CTSLOGGUM,,,,bonner_duenas@ctsiguam.com,,,,,,,,,,,,,,,0,,,,,,,,,,,,,,,,,,,,,,,,,,,,,,
SHEBARSZX,SHENZHEN BARGE INT'L FREIGHT LTD.,Company,,CNSZX,SHEBARSZX,,Commercial,,All Territories,,,,,,,,,,,,,,,,,,,,SHEBARSZX,,,,,,,,,,,,,,,,,,,0,,,,,,,,,,,,,,,,,,,,,,,,,,,,,,
GONFREMLH,GONDRAND FRERES,Company,,FRMLH,GONFREMLH,,Commercial,,All Territories,,,,,,,,,,,,,,,,,,,,GONFREMLH,,,,gondrand_mlh@compuserve.com,,,,,,,,,,,,,,,0,,,,,,,,,,,,,,,,,,,,,,,,,,,,,,
DACFRACDG,DACHSER FRANCE AIR & SEA LOGISTICS,Company,,FRCDG,DACFRACDG,,Commercial,,All Territories,,,,,,,,,,,,,,,,,http://www.dachser.com/fr/fr/,,,DACFRACDG,,,,Olfa.Ben_Youssef@dachser.com,,,,,,,,,,,,,,,0,,,,,,,,,,,,,,,,,,,,,,,,,,,,,,
UNILOGTUP,UNITEX LOGISTICS INDIA PVT LTD.,Company,,INTUP,UNILOGTUP,,Commercial,,All Territories,,,,,,,,,,,,,,,,,,,,UNILOGTUP,,,,,,,,,,,,,,,,,,,0,,,,,,,,,,,,,,,,,,,,,,,,,,,,,,
CENEXPTSN,CENTURY EXPRESS GLOBAL LOGISTICS CO LTD,Company,,CNTSN,CENEXPTSN,,Commercial,,All Territories,,,,,,,,,,,,,,,,,,,,CENEXPTSN,,,,tianjin@ceftlogistics.com,,,,,,,,,,,,,,,0,,,,,,,,,,,,,,,,,,,,,,,,,,,,,,
NOVOCAVLC,NOVOCARGO VALENCIA,Company,,ESVLC,NOVOCAVLC,,Commercial,,All Territories,,,,,,,,,,,,,,,,,www.novocargo.com,,,NOVOCAVLC,,,,scampos@novocargo.com,,,,,,,,,,,,,,,0,,,,,,,,,,,,,,,,,,,,,,,,,,,,,,
NORESTCEB,NOREEN ESTRADA RAMAOS,Company,,PHCEB,NORESTCEB,,Commercial,,All Territories,,,,,,,,,,,,,,,,,,,,NORESTCEB,,,,,,,,,,,,,,,,,,,0,,,,,,,,,,,,,,,,,,,,,,,,,,,,,,
DYNLOGKHI,DYNAMIC  LOGISTICS INTERNATIONAL PVT. LTD.,Company,,PKKHI,DYNLOGKHI,,Commercial,,All Territories,,,,,,,,,,,,,,,,,,,,DYNLOGKHI,,,,impocs@dynamic.com.pk,,,,,,,,,,,,,,,0,,,,,,,,,,,,,,,,,,,,,,,,,,,,,,
MMAFREPKG,MMA FREIGHT SERVICES SDN BHD,Company,,MYPKG,MMAFREPKG,,Commercial,,All Territories,,,,,,,,,,,,,,,,,,,,MMAFREPKG,,,,,,,,,,,,,,,,,,,0,,,,,,,,,,,,,,,,,,,,,,,,,,,,,,
EXPFREAUH,EXPOLANKA FREIGHT LLC,Company,,AEAUH,EXPFREAUH,,Commercial,,All Territories,,,,,,,,,,,,,,,,,www.expolankafreight.com,,,EXPFREAUH,,,,expoauh@expolankaabudhabi.com,,,,,,,,,,,,,,,0,,,,,,,,,,,,,,,,,,,,,,,,,,,,,,
EXPWORHKG,EXP-WORLDWIDE LOGISTICS (HONG KONG),Company,,HKHKG,EXPWORHKG,,Commercial,,All Territories,,,,,,,,,,,,,,,,,www.exp-worldwide.com,,,EXPWORHKG,,,+8615267876634,sales@exp-worldwide.com,,,,,,,,,,,,,,,0,,,,,,,,,,,,,,,,,,,,,,,,,,,,,,
FASFORBRU,FAST FORWARD FREIGHT BVBA BRUSSELS,Company,,BEBRU,FASFORBRU,,Commercial,,All Territories,,,,,,,,,,,,,,,,,www.fastforwardfreight.com,,,FASFORBRU,,,,,,,,,,,,,,,,,,,0,,,,,,,,,,,,,,,,,,,,,,,,,,,,,,
DELCONCEB,DELCON TRADING,Company,,PHCEB,DELCONCEB,,Commercial,,All Territories,,,,,,,,,,,,,,,,,,,,DELCONCEB,,,,,,,,,,,,,,,,,,,0,,,,,,,,,,,,,,,,,,,,,,,,,,,,,,
LUONTOHKG,LUONTOLIFE LIMITED,Company,,HKHKG,LUONTOHKG,,Commercial,,All Territories,,,,,,,,,,,,,,,,,,,,LUONTOHKG,,,,,,,,,,,,,,,,,,,0,,,,,,,,,,,,,,,,,,,,,,,,,,,,,,
OTISZXAFE,OTIM,Company,,CNSZX,OTISZXAFE,,Commercial,,All Territories,,,,,,,,,,,,,,,,,,,,OTISZXAFE,,,,,,,,,,,,,,,,,,,0,,,,,,,,,,,,,,,,,,,,,,,,,,,,,,
ASGAIRHEL,ASG AIR & SEA OY,Company,,FIHEL,ASGAIRHEL,,Commercial,,All Territories,,,,,,,,,,,,,,,,,,,,ASGAIRHEL,,,,,,,,,,,,,,,,,,,0,,,,,,,,,,,,,,,,,,,,,,,,,,,,,,
ALBLOJIST,ALBATRANS LOJISTIK A.S.,Company,,TRIST,ALBLOJIST,,Commercial,,All Territories,,,,,,,,,,,,,,,,,,,,ALBLOJIST,,,,airimport@albatrans.com.tr,,,,,,,,,,,,,,,0,,,,,,,,,,,,,,,,,,,,,,,,,,,,,,
STRTRAHAM,STRECK TRANSPORT GMBH,Company,,DEHAM,STRTRAHAM,,Commercial,,All Territories,,,,,,,,,,,,,,,,,,,,STRTRAHAM,,,,,,,,,,,,,,,,,,,0,,,,,,,,,,,,,,,,,,,,,,,,,,,,,,
NOVTRALZRH,NOVA TRAFFIC LTD,Company,,CHZRH,NOVTRALZRH,,Commercial,,All Territories,,,,,,,,,,,,,,,,,www.novatraffic.ch,,,NOVTRALZRH,,,+41448007122,,,,,,,,,,,,,,,,0,,,,,,,,,,,,,,,,,,,,,,,,,,,,,,
SHEMAXFSZX,"SHENZHEN MAXSPEED GLOBAL FORWARDING CO., LTD",Company,,CNSZX,SHEMAXFSZX,,Commercial,,All Territories,,,,,,,,,,,,,,,,,,,,SHEMAXFSZX,,,,,,,,,,,,,,,,,,,0,,,,,,,,,,,,,,,,,,,,,,,,,,,,,,
TRASHIMSP,"TRANSCON SHIPPING CO., INC.",Company,,USMSP,TRASHIMSP,,Commercial,,All Territories,,,,,,,,,,,,,,,,,,,,TRASHIMSP,,,+17084170268,JimF@TransconShipping.com,,,,,,,,,,,,,,,0,,,,,,,,,,,,,,,,,,,,,,,,,,,,,,
AMISHIKWI,AMIRAL SHIPPING CO.,Company,,KWKWI,AMISHIKWI,,Commercial,,All Territories,,,,,,,,,,,,,,,,,www.amiral.com.kw,,,AMISHIKWI,,,,sales@amiral.com.kw,,,,,,,,,,,,,,,0,,,,,,,,,,,,,,,,,,,,,,,,,,,,,,
RISSUNTSN,RISING SUN LOGISTICS (DALIAN) CO.LTD,Company,,CNTSN,RISSUNTSN,,Commercial,,All Territories,,,,,,,,,,,,,,,,,,,,RISSUNTSN,,,,,,,,,,,,,,,,,,,0,,,,,,,,,,,,,,,,,,,,,,,,,,,,,,
SHESHAAFE,SHENZHEN TALENT & SEA-EVER LOGISTICS CO. LTD.,Company,,CNSHA,SHESHAAFE,,Commercial,,All Territories,,,,,,,,,,,,,,,,,,,,SHESHAAFE,,,,esther@seaever.com,,,,,,,,,,,,,,,0,,,,,,,,,,,,,,,,,,,,,,,,,,,,,,
TIAKEYTSN,TIANJIN KEYUN INTERNATIONAL LOGISTICS GROUP CO.LTD,Company,,CNTSN,TIAKEYTSN,,Commercial,,All Territories,,,,,,,,,,,,,,,,,www.keyun.com,,,TIAKEYTSN,,,,,,,,,,,,,,,,,,,0,,,,,,,,,,,,,,,,,,,,,,,,,,,,,,
KTLOGIBDSEL,K.T. LOGISTICS CO. LTD,Company,,KRSEL,KTLOGIBDSEL,,Commercial,,All Territories,,,,,,,,,,,,,,,,,,,,KTLOGIBDSEL,,,,doc@kt-logistics.com,,,,,,,,,,,,,,,0,,,,,,,,,,,,,,,,,,,,,,,,,,,,,,
GSCLOGMIL,GSC LOGISTICS GLOBAL FREIGHT FORWARDING,Company,,ITMIL,GSCLOGMIL,,Commercial,,All Territories,,,,,,,,,,,,,,,,,,,,GSCLOGMIL,,,+393755196079,,,,,,,,,,,,,,,,0,,,,,,,,,,,,,,,,,,,,,,,,,,,,,,
PROSKYKWN,PROUD SKY COMPANY LTD.,Company,,HKKWN,PROSKYKWN,,Commercial,,All Territories,,,,,,,,,,,,,,,,,,,,PROSKYKWN,,,+85227994620,suki@proudsky.com.hk,,,,,,,,,,,,,,,0,,,,,,,,,,,,,,,,,,,,,,,,,,,,,,
CIFTRAJKT,PT. CIF TRANSPORTASI INDONESIA,Company,,IDJKT,CIFTRAJKT,,Commercial,,All Territories,,,,,,,,,,,,,,,,,,,,CIFTRAJKT,,,,,,,,,,,,,,,,,,,0,,,,,,,,,,,,,,,,,,,,,,,,,,,,,,
PCSLOGSIN,PCSL LOGISTICS PTE LTD.,Company,,SGSIN,PCSLOGSIN,,Commercial,,All Territories,,,,,,,,,,,,,,,,,,,,PCSLOGSIN,,,,,,,,,,,,,,,,,,,0,,,,,,,,,,,,,,,,,,,,,,,,,,,,,,
STUSHILON,STURROCK SHIPPING (PTY) LTD.,Company,,GBLON,STUSHILON,,Commercial,,All Territories,,,,,,,,,,,,,,,,,,,,STUSHILON,,,,ewood@uti.co.za,,,,,,,,,,,,,,,0,,,,,,,,,,,,,,,,,,,,,,,,,,,,,,
WELINTSZX,WELLSHARE INTERNATIONAL LOGISTICS CO LTD,Company,,CNSZX,WELINTSZX,,Commercial,,All Territories,,,,,,,,,,,,,,,,,www.wiflogistics.com,,,WELINTSZX,,,,ken@wiflogistics.com,,,,,,,,,,,,,,,0,,,,,,,,,,,,,,,,,,,,,,,,,,,,,,
ASTARLKHH,A-STAR LOGISTICS CORPORATION,Company,,TWKHH,ASTARLKHH,,Commercial,,All Territories,,,,,,,,,,,,,,,,,,,,ASTARLKHH,,,,,,,,,,,,,,,,,,,0,,,,,,,,,,,,,,,,,,,,,,,,,,,,,,
KUTFORDHA,KUTBI FOR INTERNATIONAL BUSINESS(KIB),Company,,SADHA,KUTFORDHA,,Commercial,,All Territories,,,,,,,,,,,,,,,,,,,,KUTFORDHA,,,,marketingjh@kib-saima.com,,,,,,,,,,,,,,,0,,,,,,,,,,,,,,,,,,,,,,,,,,,,,,
FREINTCOK,FREIGHTLINKS INTERNATIONAL (INDIA) PVT LTD,Company,,INCOK,FREINTCOK,,Commercial,,All Territories,,,,,,,,,,,,,,,,,www.freightlinksindia.com,,,FREINTCOK,,,,,,,,,,,,,,,,,,,0,,,,,,,,,,,,,,,,,,,,,,,,,,,,,,
TRAFREPEN,TRANSOCEAN FREIGHT SERVICES SDN BHD,Company,,MYPEN,TRAFREPEN,,Commercial,,All Territories,,,,,,,,,,,,,,,,,,,,TRAFREPEN,,,,enquiry@transocean.com.my,,,,,,,,,,,,,,,0,,,,,,,,,,,,,,,,,,,,,,,,,,,,,,
FOSEVEFOS,"FOSHAN EVERLASTING ENTERPRISE CO., LTD",Company,,CNFOS,FOSEVEFOS,,Commercial,,All Territories,,,,,,,,,,,,,,,,,,,,FOSEVEFOS,,,,,,,,,,,,,,,,,,,0,,,,,,,,,,,,,,,,,,,,,,,,,,,,,,
NDOSCL,NDO CHILE,Company,,CLSCL,NDOSCL,,Commercial,,All Territories,,,,,,,,,,,,,,,,,,,,NDOSCL,,,,,,,,,,,,,,,,,,,0,,,,,,,,,,,,,,,,,,,,,,,,,,,,,,
TEMRNGAFE,TEMA DESIGN BY ILLUMINATION APS,Company,,DKRNG,TEMRNGAFE,,Commercial,,All Territories,,,,,,,,,,,,,,,,,,,,TEMRNGAFE,,,,ddl@temadesign.one,,,,,,,,,,,,,,,0,,,,,,,,,,,,,,,,,,,,,,,,,,,,,,
ITELOGGOT,ITELLA LOGISTICS AB (SWEDEN OFFICE),Company,,SEGOT,ITELOGGOT,,Commercial,,All Territories,,,,,,,,,,,,,,,,,,,,ITELOGGOT,,,,,,,,,,,,,,,,,,,0,,,,,,,,,,,,,,,,,,,,,,,,,,,,,,
MANLOGVLC,MANUPORT LOGISTICS ESPANA S.L,Company,,ESVLC,MANLOGVLC,,Commercial,,All Territories,,,,,,,,,,,,,,,,,,,,MANLOGVLC,,,,r.diaz@manuport-logistics.es,,,,,,,,,,,,,,,0,,,,,,,,,,,,,,,,,,,,,,,,,,,,,,
ZHEKINHAZ,ZHEJIANG KINGONE INTERNATIONAL TRANSPORTATION CO. LTD.,Company,,CNHAZ,ZHEKINHAZ,,Commercial,,All Territories,,,,,,,,,,,,,,,,,,,,ZHEKINHAZ,,,,,,,,,,,,,,,,,,,0,,,,,,,,,,,,,,,,,,,,,,,,,,,,,,
MGFGLOKHN,MGF GLOBAL FORWARDING (NANCHANG) CO.LTD,Company,,CNNCH,MGFGLOKHN,,Commercial,,All Territories,,,,,,,,,,,,,,,,,,,,MGFGLOKHN,,,,booking@mgflog.com,,,,,,,,,,,,,,,0,,,,,,,,,,,,,,,,,,,,,,,,,,,,,,
POWJHBAFE,POWER PLUG BUSDUCT SDN BHD,Company,,MYJHB,POWJHBAFE,,Commercial,,All Territories,,,,,,,,,,,,,,,,,,,,POWJHBAFE,,,,ys@ppbc.com.my,,,,,,,,,,,,,,,0,,,,,,,,,,,,,,,,,,,,,,,,,,,,,,
ISHGUMAFE,"ISHIKAWA-GUMI, LTD.",Company,,JPTYO,ISHGUMAFE,,Commercial,,All Territories,,,,,,,,,,,,,,,,,,,,ISHGUMAFE,,,,r_tanaka@ishikawa-gumi.co.jp,,,,,,,,,,,,,,,0,,,,,,,,,,,,,,,,,,,,,,,,,,,,,,
EFTTRAVIE,E.F.T. TRANSPORTAGENTUR GMBH,Company,,ATVIE,EFTTRAVIE,,Commercial,,All Territories,,,,,,,,,,,,,,,,,,,,EFTTRAVIE,,,,,,,,,,,,,,,,,,,0,,,,,,,,,,,,,,,,,,,,,,,,,,,,,,
SFSPHAAFE,SFS PHARMA LOGISTICS PTE LTD,Company,,SGSIN,SFSPHAAFE,,Commercial,,All Territories,,,,,,,,,,,,,,,,,,,,SFSPHAAFE,,,,wendy.tan@sfsgl.com,,,,,,,,,,,,,,,0,,,,,,,,,,,,,,,,,,,,,,,,,,,,,,
RSKLOGFRA,RSK LOGISTICS & TRADING GMBH,Company,,DEFRA,RSKLOGFRA,,Commercial,,All Territories,,,,,,,,,,,,,,,,,,,,RSKLOGFRA,,,+491714177165,info@rsk-logistics.de,,,,,,,,,,,,,,,0,,,,,,,,,,,,,,,,,,,,,,,,,,,,,,
STASHISGN,STARLINE SHIPPING AGENCIES CO. LTD.,Company,,VNSGN,STASHISGN,,Commercial,,All Territories,,,,,,,,,,,,,,,,,,,,STASHISGN,,,,,,,,,,,,,,,,,,,0,,,,,,,,,,,,,,,,,,,,,,,,,,,,,,
SUNLOGHKG,SUNRISE LOGISTICS LIMITED DONGGUAN,Company,,HKHKG,SUNLOGHKG,,Commercial,,All Territories,,,,,,,,,,,,,,,,,,,,SUNLOGHKG,,,,,,,,,,,,,,,,,,,0,,,,,,,,,,,,,,,,,,,,,,,,,,,,,,
GRELINDAC,GREEN LINE SHIPPING,Company,,BDDAC,GRELINDAC,,Commercial,,All Territories,,,,,,,,,,,,,,,,,,,,GRELINDAC,,,,,,,,,,,,,,,,,,,0,,,,,,,,,,,,,,,,,,,,,,,,,,,,,,
KSAINTHNJ,KSA INTERNATIONAL INC.,Company,,JPHNJ,KSAINTHNJ,,Commercial,,All Territories,,,,,,,,,,,,,,,,,,,,KSAINTHNJ,,,,,,,,,,,,,,,,,,,0,,,,,,,,,,,,,,,,,,,,,,,,,,,,,,
INDCHIFOS,"INDO-CHINA MARITIME LTD,",Company,,CNFOS,INDCHIFOS,,Commercial,,All Territories,,,,,,,,,,,,,,,,,,,,INDCHIFOS,,,,,,,,,,,,,,,,,,,0,,,,,,,,,,,,,,,,,,,,,,,,,,,,,,
SFTGONMPL,S.F.T. GONRAND FRERES,Company,,FRMPL,SFTGONMPL,,Commercial,,All Territories,,,,,,,,,,,,,,,,,,,,SFTGONMPL,,,,,,,,,,,,,,,,,,,0,,,,,,,,,,,,,,,,,,,,,,,,,,,,,,
GLELOGSIN,GLE LOGISTICS (S) PTE LTD,Company,,SGSIN,GLELOGSIN,,Commercial,,All Territories,,,,,,,,,,,,,,,,,,,,GLELOGSIN,,,,winson.tan@glelog.com,,,,,,,,,,,,,,,0,,,,,,,,,,,,,,,,,,,,,,,,,,,,,,
CEYSHIBOM,CEYLINE SHIPPING SERVICES PVT. LTD,Company,,INBOM,CEYSHIBOM,,Commercial,,All Territories,,,,,,,,,,,,,,,,,,,,CEYSHIBOM,,,,,,,,,,,,,,,,,,,0,,,,,,,,,,,,,,,,,,,,,,,,,,,,,,
KSPWORSHG,KSP WORLDWIDE,Company,,CNSHG,KSPWORSHG,,Commercial,,All Territories,,,,,,,,,,,,,,,,,,,,KSPWORSHG,,,,,,,,,,,,,,,,,,,0,,,,,,,,,,,,,,,,,,,,,,,,,,,,,,
MEREXPSEL,MERCANTILE EXPRESS CORP.,Company,,KRSEL,MEREXPSEL,,Commercial,,All Territories,,,,,,,,,,,,,,,,,,,,MEREXPSEL,,,,,,,,,,,,,,,,,,,0,,,,,,,,,,,,,,,,,,,,,,,,,,,,,,
SHAPUFSHA,SHANGHAI PUFA FREIGHT FORWARDING CO.LTD.,Company,,CNSHA,SHAPUFSHA,,Commercial,,All Territories,,,,,,,,,,,,,,,,,,,,SHAPUFSHA,,,,,,,,,,,,,,,,,,,0,,,,,,,,,,,,,,,,,,,,,,,,,,,,,,
UNIRESSPA,UNITED RESOURCE RECOVERY CORP.,Company,,USSPA,UNIRESSPA,,Commercial,,All Territories,,,,,,,,,,,,,,,,,,,,UNIRESSPA,,,,gpage@urrc.net,,,,,,,,,,,,,,,0,,,,,,,,,,,,,,,,,,,,,,,,,,,,,,
CONSHIMAN,CONSOLIDATED SHIPPING SERVICES W.L.L.,Company,,BHMAN,CONSHIMAN,,Commercial,,All Territories,,,,,,,,,,,,,,,,,,,,CONSHIMAN,,,,narayan@cslbahrain.com,,,,,,,,,,,,,,,0,,,,,,,,,,,,,,,,,,,,,,,,,,,,,,
DBSHELAFE,"DB SCHENKER  FAIRS & EXHIBITIONS, EVENT LOGISTICS",Company,,FIHEL,DBSHELAFE,,Commercial,,All Territories,,,,,,,,,,,,,,,,,,,,DBSHELAFE,,,,events.fi@dbschenker.com,,,,,,,,,,,,,,,0,,,,,,,,,,,,,,,,,,,,,,,,,,,,,,
CARCARSGN,CARGO CARE LOGISTICS,Company,,VNSGN,CARCARSGN,,Commercial,,All Territories,,,,,,,,,,,,,,,,,,,,CARCARSGN,,,,,,,,,,,,,,,,,,,0,,,,,,,,,,,,,,,,,,,,,,,,,,,,,,
MILSPEGJS,MILSPED,Company,,SIGJS,MILSPEGJS,,Commercial,,All Territories,,,,,,,,,,,,,,,,,,,,MILSPEGJS,,,+38630641119,,,,,,,,,,,,,,,,0,,,,,,,,,,,,,,,,,,,,,,,,,,,,,,
GREFRESBG,GREENCARRIER FREIGHT SERVICES DENMARK A/S,Company,,DKSBG,GREFRESBG,,Commercial,,All Territories,,,,,,,,,,,,,,,,,,,,GREFRESBG,,,,,,,,,,,,,,,,,,,0,,,,,,,,,,,,,,,,,,,,,,,,,,,,,,
GRECARSTO,GREEN CARRIER SCANDINAVIA AB,Company,,SESTO,GRECARSTO,,Commercial,,All Territories,,,,,,,,,,,,,,,,,,,,GRECARSTO,,,,,,,,,,,,,,,,,,,0,,,,,,,,,,,,,,,,,,,,,,,,,,,,,,
ALBINTNYC,ALBATRANS INT'L FRT FORWARDERS AND CUSTOMS BROKERS,Company,,USNYC,ALBINTNYC,,Commercial,,All Territories,,,,,,,,,,,,,,,,,www.albatrans.com,,,ALBINTNYC,,,,info@albatransusa.com,,,,,,,,,,,,,,,0,,,,,,,,,,,,,,,,,,,,,,,,,,,,,,
ITELOGOSL,ITELLA LOGISTICS AS (NORWAY),Company,,NOOSL,ITELOGOSL,,Commercial,,All Territories,,,,,,,,,,,,,,,,,,,,ITELOGOSL,,,,,,,,,,,,,,,,,,,0,,,,,,,,,,,,,,,,,,,,,,,,,,,,,,
FLAINTMNL,FLAVORCREST INTERNATIONAL CORPORATION,Company,,PHMNL,FLAINTMNL,,Commercial,,All Territories,,,,,,,,,,,,,,,,,,,,FLAINTMNL,,,,johnadhel.palisoc@gmail.com,,,,,,,,,,,,,,,0,,,,,,,,,,,,,,,,,,,,,,,,,,,,,,
SENINTHAM,SENATOR INTERNATIONAL SPEDITION GMBH,Company,,DEHAM,SENINTHAM,,Commercial,,All Territories,,,,,,,,,,,,,,,,,www.senator-international.com,,,SENINTHAM,,,,info@senator-international.com,,,,,,,,,,,,,,,0,,,,,,,,,,,,,,,,,,,,,,,,,,,,,,
DTGLOBSHA,DT GLOBAL FREIGHT SDN BHD,Company,,MYSHA,DTGLOBSHA,,Commercial,,All Territories,,,,,,,,,,,,,,,,,,,,DTGLOBSHA,,,,,,,,,,,,,,,,,,,0,,,,,,,,,,,,,,,,,,,,,,,,,,,,,,
AEROCEDAC,AERO-OCEAN FREIGHT SERVICES,Company,,BDDAC,AEROCEDAC,,Commercial,,All Territories,,,,,,,,,,,,,,,,,,,,AEROCEDAC,,,,,,,,,,,,,,,,,,,0,,,,,,,,,,,,,,,,,,,,,,,,,,,,,,
FIRTIGPUS,FIRST TIGER LOGISTICS INC.,Company,,KRPUS,FIRTIGPUS,,Commercial,,All Territories,,,,,,,,,,,,,,,,,,,,FIRTIGPUS,,,+821023212030,ocean@1sttiger.com,,,,,,,,,,,,,,,0,,,,,,,,,,,,,,,,,,,,,,,,,,,,,,
RIMLOGFRA,RIM LOGISTICS GMBH,Company,,DEFRA,RIMLOGFRA,,Commercial,,All Territories,,,,,,,,,,,,,,,,,,,,RIMLOGFRA,,,,,,,,,,,,,,,,,,,0,,,,,,,,,,,,,,,,,,,,,,,,,,,,,,
ROUSINAFE,ROUTERS GLOBAL PTE LTD,Company,,SGSIN,ROUSINAFE,,Commercial,,All Territories,,,,,,,,,,,,,,,,,,,,ROUSINAFE,,,,issac@routersglobal.com,,,,,,,,,,,,,,,0,,,,,,,,,,,,,,,,,,,,,,,,,,,,,,
HKLSLIGUT,HK LS LIMTED,Company,,CNGUT,HKLSLIGUT,,Commercial,,All Territories,,,,,,,,,,,,,,,,,,,,HKLSLIGUT,,,,,,,,,,,,,,,,,,,0,,,,,,,,,,,,,,,,,,,,,,,,,,,,,,
COMLOGBAH,COMPASS LOGISTICS - BAHRAIN,Company,,BHBAH,COMLOGBAH,,Commercial,,All Territories,,,,,,,,,,,,,,,,,,,,COMLOGBAH,,,,,,,,,,,,,,,,,,,0,,,,,,,,,,,,,,,,,,,,,,,,,,,,,,
PLUTRAMEX,PLUSCARGO TRANSPORTE MEXICANA SA DE CV,Company,,PHMEX,PLUTRAMEX,,Commercial,,All Territories,,,,,,,,,,,,,,,,,,,,PLUTRAMEX,,,,Air1@pluscargomexico.com.mx,,,,,,,,,,,,,,,0,,,,,,,,,,,,,,,,,,,,,,,,,,,,,,
PTDEWFSUB,PT. DEWATA FREIGHT INTERNATIONAL,Company,,IDSUB,PTDEWFSUB,,Commercial,,All Territories,,,,,,,,,,,,,,,,,,,,PTDEWFSUB,,,,,,,,,,,,,,,,,,,0,,,,,,,,,,,,,,,,,,,,,,,,,,,,,,
MEKCARHPH,MEKONG CARGO FREIGHT - HAIPHONG REF. OFFICE,Company,,VNHPH,MEKCARHPH,,Commercial,,All Territories,,,,,,,,,,,,,,,,,,,,MEKCARHPH,,,,,,,,,,,,,,,,,,,0,,,,,,,,,,,,,,,,,,,,,,,,,,,,,,
XIAODICAN,"XIAMEN ODIN LOGISTICS CO., LTD.",Company,,CNCAN,XIAODICAN,,Commercial,,All Territories,,,,,,,,,,,,,,,,,,,,XIAODICAN,,,,,,,,,,,,,,,,,,,0,,,,,,,,,,,,,,,,,,,,,,,,,,,,,,
JOHGOOFXT,JOHN GOOD SHIPPING,Company,,GBFXT,JOHGOOFXT,,Commercial,,All Territories,,,,,,,,,,,,,,,,,,,,JOHGOOFXT,,,,,,,,,,,,,,,,,,,0,,,,,,,,,,,,,,,,,,,,,,,,,,,,,,
URSSINAFE,URSCHEL ASIA PACIFIC PTE LTD,Company,,SGSIN,URSSINAFE,,Commercial,,All Territories,,,,,,,,,,,,,,,,,,,,URSSINAFE,,,,,,,,,,,,,,,,,,,0,,,,,,,,,,,,,,,,,,,,,,,,,,,,,,
DOLLOGLON,DOLPHIN LOGISTICS,Company,,GBLON,DOLLOGLON,,Commercial,,All Territories,,,,,,,,,,,,,,,,,,,,DOLLOGLON,,,,barry.brett@dolphinlogistics.com,,,,,,,,,,,,,,,0,,,,,,,,,,,,,,,,,,,,,,,,,,,,,,
ALITRANYC,ALISON TRANSPORT,Company,,USNYC,ALITRANYC,,Commercial,,All Territories,,,,,,,,,,,,,,,,,,,,ALITRANYC,,,,,,,,,,,,,,,,,,,0,,,,,,,,,,,,,,,,,,,,,,,,,,,,,,
GAACUSCEB,GAAC CUSTOMS BROKERAGE SERVICE PHILS.,Company,,PHCEB,GAACUSCEB,,Commercial,,All Territories,,,,,,,,,,,,,,,,,,,,GAACUSCEB,,,,,,,,,,,,,,,,,,,0,,,,,,,,,,,,,,,,,,,,,,,,,,,,,,
CYCEXPPKG,CYCLONE EXPRESS SDN BHD,Company,,MYPKG,CYCEXPPKG,,Commercial,,All Territories,,,,,,,,,,,,,,,,,,,,CYCEXPPKG,,,,,,,,,,,,,,,,,,,0,,,,,,,,,,,,,,,,,,,,,,,,,,,,,,
SENINTAMS,SENATOR INTERNATIONAL BV  (AMSTERDAM),Company,,NLAMS,SENINTAMS,,Commercial,,All Territories,,,,,,,,,,,,,,,,,,,,SENINTAMS,,,,info-ned@senator-international.com,,,,,,,,,,,,,,,0,,,,,,,,,,,,,,,,,,,,,,,,,,,,,,
MAPGLONYC,MAPCARGO GLOBAL LOGISTICS (NEWYORK),Company,,USNYC,MAPGLONYC,,Commercial,,All Territories,,,,,,,,,,,,,,,,,,,,MAPGLONYC,,,,larry@mapcargo.com,,,,,,,,,,,,,,,0,,,,,,,,,,,,,,,,,,,,,,,,,,,,,,
GLOCONDXB,GLOBE CONNECTIONS SHIPPING LLC,Company,,AEDXB,GLOCONDXB,,Commercial,,All Territories,,,,,,,,,,,,,,,,,,,,GLOCONDXB,,,,,,,,,,,,,,,,,,,0,,,,,,,,,,,,,,,,,,,,,,,,,,,,,,
SFTGONMRS,S.F.T. GONDRAND MARSEILLE AIRPORT,Company,,FRMRS,SFTGONMRS,,Commercial,,All Territories,,,,,,,,,,,,,,,,,,,,SFTGONMRS,,,,,,,,,,,,,,,,,,,0,,,,,,,,,,,,,,,,,,,,,,,,,,,,,,
LHLOGISEL,L&H LOGISTICS CO LTD,Company,,KRSEL,LHLOGISEL,,Commercial,,All Territories,,,,,,,,,,,,,,,,,,,,LHLOGISEL,,,,,,,,,,,,,,,,,,,0,,,,,,,,,,,,,,,,,,,,,,,,,,,,,,
FIBLOGSIN,FIBS LOGISTICS SINGAPORE PTE LTD,Company,,SGSIN,FIBLOGSIN,,Commercial,,All Territories,,,,,,,,,,,,,,,,,,,,FIBLOGSIN,,,,TLorenz@fibs-logistics.com,,,,,,,,,,,,,,,0,,,,,,,,,,,,,,,,,,,,,,,,,,,,,,
SPEEXPKWN,SPEEDY EXPRESS FORWARDER CO. LTD (HONGKONG),Company,,HKKWN,SPEEXPKWN,,Commercial,,All Territories,,,,,,,,,,,,,,,,,,,,SPEEXPKWN,,,,inf@splspeedy.com.hk,,,,,,,,,,,,,,,0,,,,,,,,,,,,,,,,,,,,,,,,,,,,,,
MOVTRABCN,MOVILPAQ TRANSPORTS INTERNACIONAL,Company,,ESBCN,MOVTRABCN,,Commercial,,All Territories,,,,,,,,,,,,,,,,,,,,MOVTRABCN,,,,,,,,,,,,,,,,,,,0,,,,,,,,,,,,,,,,,,,,,,,,,,,,,,
HONLANDLC,HONOUR LANE SHIPPING LTD. DALIAN BRANCH,Company,,CNDLC,HONLANDLC,,Commercial,,All Territories,,,,,,,,,,,,,,,,,www.hlsholding.com,,,HONLANDLC,,,,dalian@hlsholding.com.cn,,,,,,,,,,,,,,,0,,,,,,,,,,,,,,,,,,,,,,,,,,,,,,
SENINTNYC,SENATOR INTERNATION FRT FWDG. LLC (NEW YORK),Company,,USNYC,SENINTNYC,,Commercial,,All Territories,,,,,,,,,,,,,,,,,,,,SENINTNYC,,,,,,,,,,,,,,,,,,,0,,,,,,,,,,,,,,,,,,,,,,,,,,,,,,
DACBANDAC,DACHSER BANGLADESH LIMITED,Company,,BDDAC,DACBANDAC,,Commercial,,All Territories,,,,,,,,,,,,,,,,,,,,DACBANDAC,,,,ane.dey@dachser.com.bd,,,,,,,,,,,,,,,0,,,,,,,,,,,,,,,,,,,,,,,,,,,,,,
LOOFARBKK,LOOK FAR MULTI CARGO INT'L GROUP CO. LTD,Company,,THBKK,LOOFARBKK,,Commercial,,All Territories,,,,,,,,,,,,,,,,,,,,LOOFARBKK,,,,,,,,,,,,,,,,,,,0,,,,,,,,,,,,,,,,,,,,,,,,,,,,,,
BOUSHIMUA,BOUSTEAD SHIPPING AGENCIES SDN. BHD,Company,,BNMUA,BOUSHIMUA,,Commercial,,All Territories,,,,,,,,,,,,,,,,,,,,BOUSHIMUA,,,,,,,,,,,,,,,,,,,0,,,,,,,,,,,,,,,,,,,,,,,,,,,,,,
MIDAMEBOS,"MID-AMERICA OVERSEAS, INC.",Company,,USBOS,MIDAMEBOS,,Commercial,,All Territories,,,,,,,,,,,,,,,,,,,,MIDAMEBOS,,,,mao_bos@maoinc.com,,,,,,,,,,,,,,,0,,,,,,,,,,,,,,,,,,,,,,,,,,,,,,
COLLOGOSL,COLLICARE LOGISTICS OSLO,Company,,NOOSL,COLLOGOSL,,Commercial,,All Territories,,,,,,,,,,,,,,,,,,,,COLLOGOSL,,,,,,,,,,,,,,,,,,,0,,,,,,,,,,,,,,,,,,,,,,,,,,,,,,
SUPCARCLI,"SUPER CARGO SERVICE CO., LTD.",Company,,VNCLI,SUPCARCLI,,Commercial,,All Territories,,,,,,,,,,,,,,,,,,,,SUPCARCLI,,,+842838440337,,,,,,,,,,,,,,,,0,,,,,,,,,,,,,,,,,,,,,,,,,,,,,,
EXPMILAFE,EXPOTRANS SPA,Company,,ITMIL,EXPMILAFE,,Commercial,,All Territories,,,,,,,,,,,,,,,,,,,,EXPMILAFE,,,,,,,,,,,,,,,,,,,0,,,,,,,,,,,,,,,,,,,,,,,,,,,,,,
TANANDSGN,"TAN AN DONG ST CO ., LTD",Company,,VNSGN,TANANDSGN,,Commercial,,All Territories,,,,,,,,,,,,,,,,,www.tanandong.com,,,TANANDSGN,,,,,,,,,,,,,,,,,,,0,,,,,,,,,,,,,,,,,,,,,,,,,,,,,,
ALBASGSIN,ALBATRANS (SG) PTE LTD,Company,,SGSIN,ALBASGSIN,,Commercial,,All Territories,,,,,,,,,,,,,,,,,,,,ALBASGSIN,,,,,,,,,,,,,,,,,,,0,,,,,,,,,,,,,,,,,,,,,,,,,,,,,,
MAZACEHIJ,MAZDA ACE CO.LTD.,Company,,JPHIJ,MAZACEHIJ,,Commercial,,All Territories,,,,,,,,,,,,,,,,,,,,MAZACEHIJ,,,,,,,,,,,,,,,,,,,0,,,,,,,,,,,,,,,,,,,,,,,,,,,,,,
EXPINTLTY,EXPO SERVICES INTERNATIONAL,Company,,FRLTY,EXPINTLTY,,Commercial,,All Territories,,,,,,,,,,,,,,,,,,,,EXPINTLTY,,,,,,,,,,,,,,,,,,,0,,,,,,,,,,,,,,,,,,,,,,,,,,,,,,
FCLSHISEK,FCL SHIPPING SDN BHD,Company,,MYSEK,FCLSHISEK,,Commercial,,All Territories,,,,,,,,,,,,,,,,,,,,FCLSHISEK,,,,,,,,,,,,,,,,,,,0,,,,,,,,,,,,,,,,,,,,,,,,,,,,,,
ACCFORLIM,ACCIONA FORWARDING PERU S.A,Company,,PELIM,ACCFORLIM,,Commercial,,All Territories,,,,,,,,,,,,,,,,,,,,ACCFORLIM,,,,,,,,,,,,,,,,,,,0,,,,,,,,,,,,,,,,,,,,,,,,,,,,,,
NIPEXPNNRT,NIPPON EXPRESS CO. LTD (GOTANDA AIR SERVICE BRANCH),Company,,JPTYO,NIPEXPNNRT,,Commercial,,All Territories,,,,,,,,,,,,,,,,,,,,NIPEXPNNRT,,,,,,,,,,,,,,,,,,,0,,,,,,,,,,,,,,,,,,,,,,,,,,,,,,
FLEGLOBKK,FLEET GLOBAL LOGISTICS CO. LTD.,Company,,THBKK,FLEGLOBKK,,Commercial,,All Territories,,,,,,,,,,,,,,,,,,,,FLEGLOBKK,,,,todtu-services@flego.biz,,,,,,,,,,,,,,,0,,,,,,,,,,,,,,,,,,,,,,,,,,,,,,
WSLBRUAFE,W & S LOGISTICS,Company,,FRBRU,WSLBRUAFE,,Commercial,,All Territories,,,,,,,,,,,,,,,,,,,,WSLBRUAFE,,,,contact@wslogistics.fr,,,,,,,,,,,,,,,0,,,,,,,,,,,,,,,,,,,,,,,,,,,,,,
NAVITRNYO,NAVITRANS,Company,,CHNYO,NAVITRNYO,,Commercial,,All Territories,,,,,,,,,,,,,,,,,,,,NAVITRNYO,,,,accounting.ch@navitrans.com,,,,,,,,,,,,,,,0,,,,,,,,,,,,,,,,,,,,,,,,,,,,,,
SHEPESSZX,"SHENZHEN PESTWEST TRADING CO., LTD.",Company,,CNSZX,SHEPESSZX,,Commercial,,All Territories,,,,,,,,,,,,,,,,,,,,SHEPESSZX,,,,,,,,,,,,,,,,,,,0,,,,,,,,,,,,,,,,,,,,,,,,,,,,,,
SENINTTAO,SENATOR INTERNATIONAL FREIGHT FORWARDING (SHANGHAI) CO. LTD.,Company,,CNTAO,SENINTTAO,,Commercial,,All Territories,,,,,,,,,,,,,,,,,,,,SENINTTAO,,,,Elle.zhang@tao.senator-international.com,,,,,,,,,,,,,,,0,,,,,,,,,,,,,,,,,,,,,,,,,,,,,,
APCASICAN,APC ASIA PACIFIC CARGO (CHINA) LTD.,Company,,CNCAN,APCASICAN,,Commercial,,All Territories,,,,,,,,,,,,,,,,,,,,APCASICAN,,,,,,,,,,,,,,,,,,,0,,,,,,,,,,,,,,,,,,,,,,,,,,,,,,
ALJDOHAFE,AL-JAZEERA MEDIA NETWORK,Company,,QADOH,ALJDOHAFE,,Commercial,,All Territories,,,,,,,,,,,,,,,,,,,,ALJDOHAFE,,,,,,,,,,,,,,,,,,,0,,,,,,,,,,,,,,,,,,,,,,,,,,,,,,
WILSHIJKT,WILHELMEN SHIP SERVICES/PT. TIRTA WAHANA,Company,,IDJKT,WILSHIJKT,,Commercial,,All Territories,,,,,,,,,,,,,,,,,,,,WILSHIJKT,,,,,,,,,,,,,,,,,,,0,,,,,,,,,,,,,,,,,,,,,,,,,,,,,,
PATMARHKG,PATENT MARINE (HK) LTD,Company,,HKHKG,PATMARHKG,,Commercial,,All Territories,,,,,,,,,,,,,,,,,,,,PATMARHKG,,,,,,,,,,,,,,,,,,,0,,,,,,,,,,,,,,,,,,,,,,,,,,,,,,
SENINTYTO,SENATOR INTERNATIONAL INC.,Company,,CATOR,SENINTYTO,,Commercial,,All Territories,,,,,,,,,,,,,,,,,,,,SENINTYTO,,,,,,,,,,,,,,,,,,,0,,,,,,,,,,,,,,,,,,,,,,,,,,,,,,
MIDAMECVG,"MID-AMERICA OVERSEAS, INC.",Company,,USCVG,MIDAMECVG,,Commercial,,All Territories,,,,,,,,,,,,,,,,,,,,MIDAMECVG,,,,,,,,,,,,,,,,,,,0,,,,,,,,,,,,,,,,,,,,,,,,,,,,,,
SHACANSHA,SHANGHAI CANDO LOGISTICS LTD,Company,,CNSHA,SHACANSHA,,Commercial,,All Territories,,,,,,,,,,,,,,,,,,,,SHACANSHA,,,,,,,,,,,,,,,,,,,0,,,,,,,,,,,,,,,,,,,,,,,,,,,,,,
NOVSABBIO,NOVOCARGO S.A (BILBAO),Company,,ESBIO,NOVSABBIO,,Commercial,,All Territories,,,,,,,,,,,,,,,,,,,,NOVSABBIO,,,,,,,,,,,,,,,,,,,0,,,,,,,,,,,,,,,,,,,,,,,,,,,,,,
MAJFREMAA,MAJOR FREIGHT SERVICES PVI LTD.,Company,,INMAA,MAJFREMAA,,Commercial,,All Territories,,,,,,,,,,,,,,,,,,,,MAJFREMAA,,,,syed@majorfreight.net,,,,,,,,,,,,,,,0,,,,,,,,,,,,,,,,,,,,,,,,,,,,,,
KUULOGCPH,KUUBE LOGISTICS APS,Company,,DKCPH,KUULOGCPH,,Commercial,,All Territories,,,,,,,,,,,,,,,,,,,,KUULOGCPH,,,,,,,,,,,,,,,,,,,0,,,,,,,,,,,,,,,,,,,,,,,,,,,,,,
QUASEAROI,QUALITAIR & SEA DIMOTRANS,Company,,FRROI,QUASEAROI,,Commercial,,All Territories,,,,,,,,,,,,,,,,,,,,QUASEAROI,,,,,,,,,,,,,,,,,,,0,,,,,,,,,,,,,,,,,,,,,,,,,,,,,,
TRAAIRLAX,TRANSIT AIR CARGO INC.,Company,,USLAX,TRAAIRLAX,,Commercial,,All Territories,,,,,,,,,,,,,,,,,www.transitair.com,,,TRAAIRLAX,,,,,,,,,,,,,,,,,,,0,,,,,,,,,,,,,,,,,,,,,,,,,,,,,,
RESEXPAFE,RESA EXPO LOGISTICS,Company,,ESBCN,RESEXPAFE,,Commercial,,All Territories,,,,,,,,,,,,,,,,,www.resaexpo.com,,,RESEXPAFE,,,,mkupis@resaexpo.com,,,,,,,,,,,,,,,0,,,,,,,,,,,,,,,,,,,,,,,,,,,,,,
CONTEMLIS,CONTEMAR COMPANHIA MARITIMA DE CONTENTORES LDA,Company,,PTLIS,CONTEMLIS,,Commercial,,All Territories,,,,,,,,,,,,,,,,,,,,CONTEMLIS,,,,,,,,,,,,,,,,,,,0,,,,,,,,,,,,,,,,,,,,,,,,,,,,,,
CLALOGSIN,CLARION LOGISTICS HOLDING SINGAPORE LTD,Company,,SGSIN,CLALOGSIN,,Commercial,,All Territories,,,,,,,,,,,,,,,,,www.clarionshipping.com,,,CLALOGSIN,,,+6596522876,,,,,,,,,,,,,,,,0,,,,,,,,,,,,,,,,,,,,,,,,,,,,,,
KALAIRYIP,KALITTA AIR LLC,Company,,USYPS,KALAIRYIP,,Commercial,,All Territories,,,,,,,,,,,,,,,,,,,,KALAIRYIP,,,,,,,,,,,,,,,,,,,0,,,,,,,,,,,,,,,,,,,,,,,,,,,,,,
LONSAISZX1,LONG SAIL SHIPPING LINE S.A. LIMITED,Company,,CNSZX,LONSAISZX1,,Commercial,,All Territories,,,,,,,,,,,,,,,,,,,,LONSAISZX1,,,,,,,,,,,,,,,,,,,0,,,,,,,,,,,,,,,,,,,,,,,,,,,,,,
MEDFREPIR,MEDFREIGHT LTD.,Company,,GRPIR,MEDFREPIR,,Commercial,,All Territories,,,,,,,,,,,,,,,,,,,,MEDFREPIR,,,,,,,,,,,,,,,,,,,0,,,,,,,,,,,,,,,,,,,,,,,,,,,,,,
INTERGMEL,INTERGROUP AUSTRALIA PTY LTD.,Company,,AUMEL,INTERGMEL,,Commercial,,All Territories,,,,,,,,,,,,,,,,,www.intergroupaustralia.com.au,,,INTERGMEL,,,+61411176384,larry@intergroupaustralia.com.au,,,,,,,,,,,,,,,0,,,,,,,,,,,,,,,,,,,,,,,,,,,,,,
KAMASIHKG,KAMINO ASIA LOGISTICS LTD HONGKONG,Company,,HKHKG,KAMASIHKG,,Commercial,,All Territories,,,,,,,,,,,,,,,,,,,,KAMASIHKG,,,,,,,,,,,,,,,,,,,0,,,,,,,,,,,,,,,,,,,,,,,,,,,,,,
VMULTIBKK,V. MULTIMODAL LOGISTICS CO LTD,Company,,THBKK,VMULTIBKK,,Commercial,,All Territories,,,,,,,,,,,,,,,,,,,,VMULTIBKK,,,,,,,,,,,,,,,,,,,0,,,,,,,,,,,,,,,,,,,,,,,,,,,,,,
AERFREBRF,AEROSHIP FREIGHT FORWARDING LIMITED,Company,,GBBRF,AERFREBRF,,Commercial,,All Territories,,,,,,,,,,,,,,,,,,,,AERFREBRF,,,,,,,,,,,,,,,,,,,0,,,,,,,,,,,,,,,,,,,,,,,,,,,,,,
SENINTCRU,SENATOR INTERNATIONAL FREIGHT FORWARDING LLC,Company,,USCRU,SENINTCRU,,Commercial,,All Territories,,,,,,,,,,,,,,,,,,,,SENINTCRU,,,,,,,,,,,,,,,,,,,0,,,,,,,,,,,,,,,,,,,,,,,,,,,,,,
CSESRLMIL,C/SEBI SRL  NOTIFY: TICIMPEX SRL,Company,,ITMIL,CSESRLMIL,,Commercial,,All Territories,,,,,,,,,,,,,,,,,,,,CSESRLMIL,,,,,,,,,,,,,,,,,,,0,,,,,,,,,,,,,,,,,,,,,,,,,,,,,,
HONJENHKG,HONGKONG JENKAR NOVOCARGO (HONGKONG),Company,,HKHKG,HONJENHKG,,Commercial,,All Territories,,,,,,,,,,,,,,,,,,,,HONJENHKG,,,,,,,,,,,,,,,,,,,0,,,,,,,,,,,,,,,,,,,,,,,,,,,,,,
DAIEXPPUS,"DAIJIN EXPRESS CO., LTD.",Company,,KRPUS,DAIEXPPUS,,Commercial,,All Territories,,,,,,,,,,,,,,,,,,,,DAIEXPPUS,,,,,,,,,,,,,,,,,,,0,,,,,,,,,,,,,,,,,,,,,,,,,,,,,,
DSVALVAFE,DSV A/S,Company,,ILALV,DSVALVAFE,,Commercial,,All Territories,,,,,,,,,,,,,,,,,,,,DSVALVAFE,,,,revital.halfon@hermes-exhibitions.com,,,,,,,,,,,,,,,0,,,,,,,,,,,,,,,,,,,,,,,,,,,,,,
EXPLOGDEL,EXPERT LOGISTICS (INDIA) PVT. LTD.,Company,,INDEL,EXPLOGDEL,,Commercial,,All Territories,,,,,,,,,,,,,,,,,,,,EXPLOGDEL,,,,,,,,,,,,,,,,,,,0,,,,,,,,,,,,,,,,,,,,,,,,,,,,,,
PHOINTSID,"PHOENIX INTERNATIONAL FREIGHT SERVICES, INC.",Company,,USSID,PHOINTSID,,Commercial,,All Territories,,,,,,,,,,,,,,,,,,,,PHOINTSID,,,+13127356332,frettig@phoenixlogistics.com,,,,,,,,,,,,,,,0,,,,,,,,,,,,,,,,,,,,,,,,,,,,,,
JFOMAITYO3,"JFO MAIMEX CO., LTD.C/O JAPAN FORWARDERS CO., LTD",Company,,JPTYO,JFOMAITYO3,,Commercial,,All Territories,,,,,,,,,,,,,,,,,,,,JFOMAITYO3,,,,,,,,,,,,,,,,,,,0,,,,,,,,,,,,,,,,,,,,,,,,,,,,,,
SCHFRENYC,SCHNEIDER FREIGHT (USA) INC.,Company,,USNYC,SCHFRENYC,,Commercial,,All Territories,,,,,,,,,,,,,,,,,www.schneider-transport.com,,,SCHFRENYC,,,,pjacob@schneider-transport.com,,,,,,,,,,,,,,,0,,,,,,,,,,,,,,,,,,,,,,,,,,,,,,
GLOANUSRG,PT. GLORY ANUGERAH TRANASIA,Company,,IDSRG,GLOANUSRG,,Commercial,,All Territories,,,,,,,,,,,,,,,,,,,,GLOANUSRG,,,,,,,,,,,,,,,,,,,0,,,,,,,,,,,,,,,,,,,,,,,,,,,,,,
MIDAMELAX,"MID-AMERICA OVERSEAS, INC.",Company,,USLAX,MIDAMELAX,,Commercial,,All Territories,,,,,,,,,,,,,,,,,,,,MIDAMELAX,,,,SharonCercado@maonic.com,,,,,,,,,,,,,,,0,,,,,,,,,,,,,,,,,,,,,,,,,,,,,,
LEMINTBRF,LEMAN INTERNATIONAL TRANSPORT LTD,Company,,GBBRF,LEMINTBRF,,Commercial,,All Territories,,,,,,,,,,,,,,,,,,,,LEMINTBRF,,,,,,,,,,,,,,,,,,,0,,,,,,,,,,,,,,,,,,,,,,,,,,,,,,
SAGAIRNTE,SAGA AIR NANTES,Company,,FRNTE,SAGAIRNTE,,Commercial,,All Territories,,,,,,,,,,,,,,,,,,,,SAGAIRNTE,,,,,,,,,,,,,,,,,,,0,,,,,,,,,,,,,,,,,,,,,,,,,,,,,,
SKYZTWAFE,SKY AIR (INTERNATIONAL) COMPANY LIMITED,Company,,HKZTW,SKYZTWAFE,,Commercial,,All Territories,,,,,,,,,,,,,,,,,,,,SKYZTWAFE,,,,miranda@skyairhkg.com,,,,,,,,,,,,,,,0,,,,,,,,,,,,,,,,,,,,,,,,,,,,,,
SHAHARTAO,SHANDONG HARMONY SHIPPING & FORWARDING AGENCY CO LTD,Company,,CNTAO,SHAHARTAO,,Commercial,,All Territories,,,,,,,,,,,,,,,,,,,,SHAHARTAO,,,,,,,,,,,,,,,,,,,0,,,,,,,,,,,,,,,,,,,,,,,,,,,,,,
INTOVESGN,INTERFRACHT OVERSEAS LTD. C/O KMR&D CO. LTD,Company,,VNSGN,INTOVESGN,,Commercial,,All Territories,,,,,,,,,,,,,,,,,,,,INTOVESGN,,,,,,,,,,,,,,,,,,,0,,,,,,,,,,,,,,,,,,,,,,,,,,,,,,
KAJOSA_US,KAJOSAUNA OY,Company,,USMSP,KAJOSA_US,,Commercial,,All Territories,,,,,,,,,,,,,,,,,,,,KAJOSA_US,,,,,,,,,,,,,,,,,,,0,,,,,,,,,,,,,,,,,,,,,,,,,,,,,,
ASECONANR,ASECO CONTAINER SERVICES NV,Company,,BEANR,ASECONANR,,Commercial,,All Territories,,,,,,,,,,,,,,,,,,,,ASECONANR,,,,,,,,,,,,,,,,,,,0,,,,,,,,,,,,,,,,,,,,,,,,,,,,,,
SHAMAGPVG,"SHANGHAI MAGICAL LOGISTICS CO.,LTD.",Company,,CNPVG,SHAMAGPVG,,Commercial,,All Territories,,,,,,,,,,,,,,,,,,,,SHAMAGPVG,,,,,,,,,,,,,,,,,,,0,,,,,,,,,,,,,,,,,,,,,,,,,,,,,,
GOESHAAFE,"GO-EXPRESS CO., LTD",Company,,CNSHA,GOESHAAFE,,Commercial,,All Territories,,,,,,,,,,,,,,,,,,,,GOESHAAFE,,,,emily.gong@go-express.com.cn,,,,,,,,,,,,,,,0,,,,,,,,,,,,,,,,,,,,,,,,,,,,,,
AIRSEAKWN,AIR SEA EXPRESS (HK) LTD.,Company,,HKKWN,AIRSEAKWN,,Commercial,,All Territories,,,,,,,,,,,,,,,,,,,,AIRSEAKWN,,,,,,,,,,,,,,,,,,,0,,,,,,,,,,,,,,,,,,,,,,,,,,,,,,
SUNCARSHA,SUN CARGO INTERNATIONAL (SHANGHAI) LTD.,Company,,CNSHA,SUNCARSHA,,Commercial,,All Territories,,,,,,,,,,,,,,,,,,,,SUNCARSHA,,,,,,,,,,,,,,,,,,,0,,,,,,,,,,,,,,,,,,,,,,,,,,,,,,
YOBSALCGY,YOBGOO SALES INC.,Company,,PHCGY,YOBSALCGY,,Commercial,,All Territories,,,,,,,,,,,,,,,,,,,,YOBSALCGY,,,,,,,,,,,,,,,,,,,0,,,,,,,,,,,,,,,,,,,,,,,,,,,,,,
ELPALIMJV,ELPOZO ALIMENTACION,Company,,ESMJV,ELPALIMJV,,Commercial,,All Territories,,,,,,,,,,,,,,,,,,,,ELPALIMJV,,,,,,,,,,,,,,,,,,,0,,,,,,,,,,,,,,,,,,,,,,,,,,,,,,
JKKINTDXB,JKK INTERNATIONAL FREIGHTS LLC,Company,,AEDXB,JKKINTDXB,,Commercial,,All Territories,,,,,,,,,,,,,,,,,,,,JKKINTDXB,,,+971505562565,dinesh@jkkintl.ae,,,,,,,,,,,,,,,0,,,,,,,,,,,,,,,,,,,,,,,,,,,,,,
ICALOGEKD,"ICAT LOGISTICS, INC",Company,,USEKD,ICALOGEKD,,Commercial,,All Territories,,,,,,,,,,,,,,,,,,,,ICALOGEKD,,,,,,,,,,,,,,,,,,,0,,,,,,,,,,,,,,,,,,,,,,,,,,,,,,
SHAKAYSHA,SHANGHAI KAYA INTERNATIONAL TRANSPORTATION CO. LTD,Company,,CNSHA,SHAKAYSHA,,Commercial,,All Territories,,,,,,,,,,,,,,,,,,,,SHAKAYSHA,,,,,,,,,,,,,,,,,,,0,,,,,,,,,,,,,,,,,,,,,,,,,,,,,,
BOOBKKAFE,"BOONMA MOVING AND STORAGE CO., LTD",Company,,THBKK,BOOBKKAFE,,Commercial,,All Territories,,,,,,,,,,,,,,,,,www.boonma.com,,,BOOBKKAFE,,,,service@boonma.com,,,,,,,,,,,,,,,0,,,,,,,,,,,,,,,,,,,,,,,,,,,,,,
GENNOLMOD,GENERAL NOLI SPED.NI SPA,Company,,ITMOD,GENNOLMOD,,Commercial,,All Territories,,,,,,,,,,,,,,,,,www.generalnoli.com,,,GENNOLMOD,,,,info@generalinoli.com,,,,,,,,,,,,,,,0,,,,,,,,,,,,,,,,,,,,,,,,,,,,,,
MIDAMESEA,"MID-AMERICA OVERSEAS, INC. (SEATTLE OFFICE)",Company,,USSEA,MIDAMESEA,,Commercial,,All Territories,,,,,,,,,,,,,,,,,,,,MIDAMESEA,,,,,,,,,,,,,,,,,,,0,,,,,,,,,,,,,,,,,,,,,,,,,,,,,,
TOHBUINRT,TOHTAM BUILDING 2F,Company,,JPTYO,TOHBUINRT,,Commercial,,All Territories,,,,,,,,,,,,,,,,,,,,TOHBUINRT,,,,,,,,,,,,,,,,,,,0,,,,,,,,,,,,,,,,,,,,,,,,,,,,,,
COREXPSHA,COREANA EXPRESS CO. LTD.,Company,,CNSHA,COREXPSHA,,Commercial,,All Territories,,,,,,,,,,,,,,,,,,,,COREXPSHA,,,,,,,,,,,,,,,,,,,0,,,,,,,,,,,,,,,,,,,,,,,,,,,,,,
SENINTFRA,SENATOR INTERNATIONAL SPEDITION GMBH,Company,,DEFRA,SENINTFRA,,Commercial,,All Territories,,,,,,,,,,,,,,,,,,,,SENINTFRA,,,,,,,,,,,,,,,,,,,0,,,,,,,,,,,,,,,,,,,,,,,,,,,,,,
MAIUSAMSP,MAINFREIGHT USA (FORMERLY TARGET LOGISTICS SVCS),Company,,USMES,MAIUSAMSP,,Commercial,,All Territories,,,,,,,,,,,,,,,,,,,,MAIUSAMSP,,,,msp.international@mainfreightusa.com,,,,,,,,,,,,,,,0,,,,,,,,,,,,,,,,,,,,,,,,,,,,,,
CARHARBRE,CARL HARTMANN GMBH & CO. KG,Company,,DEBRE,CARHARBRE,,Commercial,,All Territories,,,,,,,,,,,,,,,,,,,,CARHARBRE,,,,h.dopmann@carl-hartmann.de,,,,,,,,,,,,,,,0,,,,,,,,,,,,,,,,,,,,,,,,,,,,,,
INTTRABKK,INTERGLOBO TRANSUNION (THAILAND) CO. LTD.,Company,,THBKK,INTTRABKK,,Commercial,,All Territories,,,,,,,,,,,,,,,,,,,,INTTRABKK,,,,,,,,,,,,,,,,,,,0,,,,,,,,,,,,,,,,,,,,,,,,,,,,,,
JEENAMAA,JEENA AND COMPANY,Company,,INMAA,JEENAMAA,,Commercial,,All Territories,,,,,,,,,,,,,,,,,,,,JEENAMAA,,,,,,,,,,,,,,,,,,,0,,,,,,,,,,,,,,,,,,,,,,,,,,,,,,
OMNITRVAN,OMNITRANS INC.,Company,,CAVAN,OMNITRVAN,,Commercial,,All Territories,,,,,,,,,,,,,,,,,,,,OMNITRVAN,,,,,,,,,,,,,,,,,,,0,,,,,,,,,,,,,,,,,,,,,,,,,,,,,,
EURLONAFE,EUROPEAN INTERNATIONAL (FAIRS) LIMITED,Company,,GBLON,EURLONAFE,,Commercial,,All Territories,,,,,,,,,,,,,,,,,,,,EURLONAFE,,,,,,,,,,,,,,,,,,,0,,,,,,,,,,,,,,,,,,,,,,,,,,,,,,
DIASHIDKR,DIAMOND SHIPPING SERVICES,Company,,SNDKR,DIASHIDKR,,Commercial,,All Territories,,,,,,,,,,,,,,,,,,,,DIASHIDKR,,,,,,,,,,,,,,,,,,,0,,,,,,,,,,,,,,,,,,,,,,,,,,,,,,
CTOKORSEL,"CTO (KOREA) CO., LTD.",Company,,KRSEL,CTOKORSEL,,Commercial,,All Territories,,,,,,,,,,,,,,,,,,,,CTOKORSEL,,,,,,,,,,,,,,,,,,,0,,,,,,,,,,,,,,,,,,,,,,,,,,,,,,
GREMASZJG,GREAT MASTER LOGISTICS CO. LTD ( NANJING BRANCH),Company,,CNZJG,GREMASZJG,,Commercial,,All Territories,,,,,,,,,,,,,,,,,,,,GREMASZJG,,,,,,,,,,,,,,,,,,,0,,,,,,,,,,,,,,,,,,,,,,,,,,,,,,
NATEXPHKG,NATIONAL EXPRESS INT'L LTD.,Company,,HKHKG,NATEXPHKG,,Commercial,,All Territories,,,,,,,,,,,,,,,,,,,,NATEXPHKG,,,,,,,,,,,,,,,,,,,0,,,,,,,,,,,,,,,,,,,,,,,,,,,,,,
HANWORSZV,HANS WORLD LOGISTICS CO. LTD. (SUZHOU),Company,,CNSZH,HANWORSZV,,Commercial,,All Territories,,,,,,,,,,,,,,,,,www.hans-logis.com,,,HANWORSZV,,,,ZWYGY1120@HOTMAIL.COM,,,,,,,,,,,,,,,0,,,,,,,,,,,,,,,,,,,,,,,,,,,,,,
SDSTRAUJV,SDS TRANS INC.,Company,,USUJV,SDSTRAUJV,,Commercial,,All Territories,,,,,,,,,,,,,,,,,,,,SDSTRAUJV,,,,,,,,,,,,,,,,,,,0,,,,,,,,,,,,,,,,,,,,,,,,,,,,,,
COMTRABKK,COMBINED TRANSPORT AGENCIES,Company,,THBKK,COMTRABKK,,Commercial,,All Territories,,,,,,,,,,,,,,,,,,,,COMTRABKK,,,,service@cta.co.th,,,,,,,,,,,,,,,0,,,,,,,,,,,,,,,,,,,,,,,,,,,,,,
DTWLOGSHA,DTW LOGISTICS,Company,,CNSHA,DTWLOGSHA,,Commercial,,All Territories,,,,,,,,,,,,,,,,,,,,DTWLOGSHA,,,,,,,,,,,,,,,,,,,0,,,,,,,,,,,,,,,,,,,,,,,,,,,,,,
SHAMAPSHA,SHANGHAI MAPLE INT'L LOGISTICS CO. LTD.,Company,,CNSHA,SHAMAPSHA,,Commercial,,All Territories,,,,,,,,,,,,,,,,,,,,SHAMAPSHA,,,,,,,,,,,,,,,,,,,0,,,,,,,,,,,,,,,,,,,,,,,,,,,,,,
HANHIGHGH,HANGZHOU HIGH SPEED INTERTRANZ CO. LTD.,Company,,CNHGH,HANHIGHGH,,Commercial,,All Territories,,,,,,,,,,,,,,,,,,,,HANHIGHGH,,,,,,,,,,,,,,,,,,,0,,,,,,,,,,,,,,,,,,,,,,,,,,,,,,
TSLANR,TSL,Company,,BEANR,TSLANR,,Commercial,,All Territories,,,,,,,,,,,,,,,,,,,,TSLANR,,,,,,,,,,,,,,,,,,,0,,,,,,,,,,,,,,,,,,,,,,,,,,,,,,
AXXINTYMQ,AXXESS INTERNATIONAL INC.,Company,,CAMTR,AXXINTYMQ,,Commercial,,All Territories,,,,,,,,,,,,,,,,,,,,AXXINTYMQ,,,,,,,,,,,,,,,,,,,0,,,,,,,,,,,,,,,,,,,,,,,,,,,,,,
COLFRECHX,"COLE FREIGHT , INC.",Company,,CACXH,COLFRECHX,,Commercial,,All Territories,,,,,,,,,,,,,,,,,,,,COLFRECHX,,,,,,,,,,,,,,,,,,,0,,,,,,,,,,,,,,,,,,,,,,,,,,,,,,
USWORLHBN,US WORLDWIDE LOGISTICS INC.,Company,,USHBN,USWORLHBN,,Commercial,,All Territories,,,,,,,,,,,,,,,,,www.uswwl.com,,,USWORLHBN,,,,cfrisby@uswwl.com,,,,,,,,,,,,,,,0,,,,,,,,,,,,,,,,,,,,,,,,,,,,,,
APCREABJS,APC REALCO LTD  BEIJING,Company,,CNBJS,APCREABJS,,Commercial,,All Territories,,,,,,,,,,,,,,,,,,,,APCREABJS,,,,,,,,,,,,,,,,,,,0,,,,,,,,,,,,,,,,,,,,,,,,,,,,,,
HONLANSZX,HONOUR LANE SHIPPING LTD (SHENZEN),Company,,CNSZX,HONLANSZX,,Commercial,,All Territories,,,,,,,,,,,,,,,,,,,,HONLANSZX,,,,,,,,,,,,,,,,,,,0,,,,,,,,,,,,,,,,,,,,,,,,,,,,,,
PTINTIJKT,PT INTERUNION INDONESIA,Company,,IDJKT,PTINTIJKT,,Commercial,,All Territories,,,,,,,,,,,,,,,,,,,,PTINTIJKT,,,,,,,,,,,,,,,,,,,0,,,,,,,,,,,,,,,,,,,,,,,,,,,,,,
VANGLOTAO,VANSAIL GLOBAL EXPRESS,Company,,CNTAO,VANGLOTAO,,Commercial,,All Territories,,,,,,,,,,,,,,,,,,,,VANGLOTAO,,,,,,,,,,,,,,,,,,,0,,,,,,,,,,,,,,,,,,,,,,,,,,,,,,
FGLGLOSAO,FGL GLOBAL LOGÍSTICA LTDA,Company,,BRSAO,FGLGLOSAO,,Commercial,,All Territories,,,,,,,,,,,,,,,,,,,,FGLGLOSAO,,,,,,,,,,,,,,,,,,,0,,,,,,,,,,,,,,,,,,,,,,,,,,,,,,
JOAENTMUA,JOANDALE ENTERPRISE INT'L FREIGHT FORWARDER,Company,,BNMUA,JOAENTMUA,,Commercial,,All Territories,,,,,,,,,,,,,,,,,,,,JOAENTMUA,,,,,,,,,,,,,,,,,,,0,,,,,,,,,,,,,,,,,,,,,,,,,,,,,,
SHALEASHA,"SHANGHAI LEAGUE SHIPPING CO., LTD.",Company,,CNSHA,SHALEASHA,,Commercial,,All Territories,,,,,,,,,,,,,,,,,,,,SHALEASHA,,,,,,,,,,,,,,,,,,,0,,,,,,,,,,,,,,,,,,,,,,,,,,,,,,
BRIVIETPE,"BRIGHT VIEW INT’L EXPRESS CO., LTD.",Company,,TWTPE,BRIVIETPE,,Commercial,,All Territories,,,,,,,,,,,,,,,,,,,,BRIVIETPE,,,,,,,,,,,,,,,,,,,0,,,,,,,,,,,,,,,,,,,,,,,,,,,,,,
CHAKENFXT,CHARLES KENDALL FREIGHT LIMITED,Company,,GBFXT,CHAKENFXT,,Commercial,,All Territories,,,,,,,,,,,,,,,,,,,,CHAKENFXT,,,,,,,,,,,,,,,,,,,0,,,,,,,,,,,,,,,,,,,,,,,,,,,,,,
TRACARHKG,TRANSCON CARGO LIMITED,Company,,HKHKG,TRACARHKG,,Commercial,,All Territories,,,,,,,,,,,,,,,,,,,,TRACARHKG,,,,,,,,,,,,,,,,,,,0,,,,,,,,,,,,,,,,,,,,,,,,,,,,,,
MALEXPKUL,MALAYSIAN EXPRESS LOGISTICS SDN BHD,Company,,MYKUL,MALEXPKUL,,Commercial,,All Territories,,,,,,,,,,,,,,,,,,,,MALEXPKUL,,,,mxpress@po.jaring.my,,,,,,,,,,,,,,,0,,,,,,,,,,,,,,,,,,,,,,,,,,,,,,
CTCHINSGH,CT CHINA (SHANGHAI) LTD,Company,,CNSGH,CTCHINSGH,,Commercial,,All Territories,,,,,,,,,,,,,,,,,,,,CTCHINSGH,,,,,,,,,,,,,,,,,,,0,,,,,,,,,,,,,,,,,,,,,,,,,,,,,,
PALINDROR,PALAU INDEPENDENT FREIGHT FORWARDING,Company,,PWROR,PALINDROR,,Commercial,,All Territories,,,,,,,,,,,,,,,,,,,,PALINDROR,,,,palauindependentfreight@palaunet.com,,,,,,,,,,,,,,,0,,,,,,,,,,,,,,,,,,,,,,,,,,,,,,
JWORLDPUS,J WORLD LOGISTICS KOREA,Company,,KRPUS,JWORLDPUS,,Commercial,,All Territories,,,,,,,,,,,,,,,,,,,,JWORLDPUS,,,,,,,,,,,,,,,,,,,0,,,,,,,,,,,,,,,,,,,,,,,,,,,,,,
UNISEAPUS,"UNIVERSAL SEA & AIR CO., LTD",Company,,KRPUS,UNISEAPUS,,Commercial,,All Territories,,,,,,,,,,,,,,,,,,,,UNISEAPUS,,,,woojoo@univsa.com,,,,,,,,,,,,,,,0,,,,,,,,,,,,,,,,,,,,,,,,,,,,,,
FASCARKWN,FASTPORT CARGO SERVICES LTD.,Company,,HKKWN,FASCARKWN,,Commercial,,All Territories,,,,,,,,,,,,,,,,,,,,FASCARKWN,,,,,,,,,,,,,,,,,,,0,,,,,,,,,,,,,,,,,,,,,,,,,,,,,,
LOGLOGPAR,LOGFRET LOGISTIQUE FRET S.A./HQ OFFICE,Company,,FRPAR,LOGLOGPAR,,Commercial,,All Territories,,,,,,,,,,,,,,,,,,,,LOGLOGPAR,,,,,,,,,,,,,,,,,,,0,,,,,,,,,,,,,,,,,,,,,,,,,,,,,,
SENINTJAX,SENATOR INTERNATIONAL FREIGHT FORWARDING LLC.,Company,,USJAX,SENINTJAX,,Commercial,,All Territories,,,,,,,,,,,,,,,,,,,,SENINTJAX,,,,,,,,,,,,,,,,,,,0,,,,,,,,,,,,,,,,,,,,,,,,,,,,,,
FAIBAYDAC,FAIR BAY SHIPPING LINES LTD,Company,,BDDAC,FAIBAYDAC,,Commercial,,All Territories,,,,,,,,,,,,,,,,,,,,FAIBAYDAC,,,,,,,,,,,,,,,,,,,0,,,,,,,,,,,,,,,,,,,,,,,,,,,,,,
LEMUSAMKE,LEMAN USA INC,Company,,USMKE,LEMUSAMKE,,Commercial,,All Territories,,,,,,,,,,,,,,,,,,,,LEMUSAMKE,,,,,,,,,,,,,,,,,,,0,,,,,,,,,,,,,,,,,,,,,,,,,,,,,,
SENINTCLT,SENATOR INTERNATIONAL (CHARLOTTE),Company,,USCLT,SENINTCLT,,Commercial,,All Territories,,,,,,,,,,,,,,,,,,,,SENINTCLT,,,,,,,,,,,,,,,,,,,0,,,,,,,,,,,,,,,,,,,,,,,,,,,,,,
DONCONPUS,DONGSUE CONSOL CO LTD,Company,,KRPUS,DONCONPUS,,Commercial,,All Territories,,,,,,,,,,,,,,,,,,,,DONCONPUS,,,,,,,,,,,,,,,,,,,0,,,,,,,,,,,,,,,,,,,,,,,,,,,,,,
KUILOGKLW,KUIJKEN LOGISTICS GROUP EUROPE,Company,,NLKLW,KUILOGKLW,,Commercial,,All Territories,,,,,,,,,,,,,,,,,,,,KUILOGKLW,,,,,,,,,,,,,,,,,,,0,,,,,,,,,,,,,,,,,,,,,,,,,,,,,,
MAUWARBUD,MAURICE WARD NETWORKS UK LTD,Company,,HUBUD,MAUWARBUD,,Commercial,,All Territories,,,,,,,,,,,,,,,,,,,,MAUWARBUD,,,,,,,,,,,,,,,,,,,0,,,,,,,,,,,,,,,,,,,,,,,,,,,,,,
TRAINTIZM,TRANSUNION INT'L TRANSPORT AND LOGISTICS,Company,,TRIZM,TRAINTIZM,,Commercial,,All Territories,,,,,,,,,,,,,,,,,,,,TRAINTIZM,,,,,,,,,,,,,,,,,,,0,,,,,,,,,,,,,,,,,,,,,,,,,,,,,,
CMTLOXODS,C.M.T.-LTD / LOXTON TRANSPORTATION LIMITED,Company,,UAODS,CMTLOXODS,,Commercial,,All Territories,,,,,,,,,,,,,,,,,,,,CMTLOXODS,,,,,,,,,,,,,,,,,,,0,,,,,,,,,,,,,,,,,,,,,,,,,,,,,,
AWOGLOSHA,AWOT GLOBAL CORPORATION,Company,,CNSHA,AWOGLOSHA,,Commercial,,All Territories,,,,,,,,,,,,,,,,,,,,AWOGLOSHA,,,,,,,,,,,,,,,,,,,0,,,,,,,,,,,,,,,,,,,,,,,,,,,,,,
CURTPEAFE,"CURIO PACK EXPO CO., LTD.",Company,,TWTPE,CURTPEAFE,,Commercial,,All Territories,,,,,,,,,,,,,,,,,,,,CURTPEAFE,,,,tessa@cpexpotw.com,,,,,,,,,,,,,,,0,,,,,,,,,,,,,,,,,,,,,,,,,,,,,,
EXPPAKLHE,EXPOLANKA PAKISTAN (PVT) LTD,Company,,PKLHE,EXPPAKLHE,,Commercial,,All Territories,,,,,,,,,,,,,,,,,,,,EXPPAKLHE,,,,,,,,,,,,,,,,,,,0,,,,,,,,,,,,,,,,,,,,,,,,,,,,,,
GRAPORMAI,GRAVELEAU PORTUGAL S.A,Company,,PTMAI,GRAPORMAI,,Commercial,,All Territories,,,,,,,,,,,,,,,,,,,,GRAPORMAI,,,,,,,,,,,,,,,,,,,0,,,,,,,,,,,,,,,,,,,,,,,,,,,,,,
FRESYSSHA,FREIGHT SYSTEMS INT'L FORWARDING (SHANGHAI) CO LTD,Company,,CNSHA,FRESYSSHA,,Commercial,,All Territories,,,,,,,,,,,,,,,,,,,,FRESYSSHA,,,,,,,,,,,,,,,,,,,0,,,,,,,,,,,,,,,,,,,,,,,,,,,,,,
CLASQUOVE,CLASQUIN OVERSEAS FORWARDING & LOGISTICS EXPERTS,Company,,FRLIL,CLASQUOVE,,Commercial,,All Territories,,,,,,,,,,,,,,,,,,,,CLASQUOVE,,,,,,,,,,,,,,,,,,,0,,,,,,,,,,,,,,,,,,,,,,,,,,,,,,
WORLDITYO,"WORLDING CO., LTD.",Company,,JPTYO,WORLDITYO,,Commercial,,All Territories,,,,,,,,,,,,,,,,,,,,WORLDITYO,,,,,,,,,,,,,,,,,,,0,,,,,,,,,,,,,,,,,,,,,,,,,,,,,,
DCONGLJKT,PT. D-CON GLOBALINDO,Company,,IDJKT,DCONGLJKT,,Commercial,,All Territories,,,,,,,,,,,,,,,,,,,,DCONGLJKT,,,,,,,,,,,,,,,,,,,0,,,,,,,,,,,,,,,,,,,,,,,,,,,,,,
MAIUSAXWR,MAINFREIGHT USA (FORMERLY TARGET LOG.),Company,,USXWR,MAIUSAXWR,,Commercial,,All Territories,,,,,,,,,,,,,,,,,,,,MAIUSAXWR,,,,,,,,,,,,,,,,,,,0,,,,,,,,,,,,,,,,,,,,,,,,,,,,,,
DAVDIACEB,DAVAO DIAMOMD INDUSTRIAL SUPPLIES,Company,,PHCEB,DAVDIACEB,,Commercial,,All Territories,,,,,,,,,,,,,,,,,,,,DAVDIACEB,,,,,,,,,,,,,,,,,,,0,,,,,,,,,,,,,,,,,,,,,,,,,,,,,,
SENINTLON,SENATOR INTERNATIONAL FREIGHT FORWARDING LTD.,Company,,GBLON,SENINTLON,,Commercial,,All Territories,,,,,,,,,,,,,,,,,,,,SENINTLON,,,,,,,,,,,,,,,,,,,0,,,,,,,,,,,,,,,,,,,,,,,,,,,,,,
INTFREBOS,"INTERPORT FREIGHT SERVICES, INC.",Company,,USBOS,INTFREBOS,,Commercial,,All Territories,,,,,,,,,,,,,,,,,,,,INTFREBOS,,,,,,,,,,,,,,,,,,,0,,,,,,,,,,,,,,,,,,,,,,,,,,,,,,
JOYSHICAN1,JOYHIGH SHIPPING LTD.,Company,,CNCAN,JOYSHICAN1,,Commercial,,All Territories,,,,,,,,,,,,,,,,,,,,JOYSHICAN1,,,,,,,,,,,,,,,,,,,0,,,,,,,,,,,,,,,,,,,,,,,,,,,,,,
LOGPLUANR,LOGISTICS PLUS BELGIUM BV,Company,,BEANR,LOGPLUANR,,Commercial,,All Territories,,,,,,,,,,,,,,,,,,,,LOGPLUANR,,,,,,,,,,,,,,,,,,,0,,,,,,,,,,,,,,,,,,,,,,,,,,,,,,
KNIINTEWR,KNIGHT INTERNATIONAL CORP.,Company,,USEWR,KNIINTEWR,,Commercial,,All Territories,,,,,,,,,,,,,,,,,,,,KNIINTEWR,,,,,,,,,,,,,,,,,,,0,,,,,,,,,,,,,,,,,,,,,,,,,,,,,,
HENGLOMTY,"HENCO GLOBAL, S.A.DE C.V",Company,,MXMTY,HENGLOMTY,,Commercial,,All Territories,,,,,,,,,,,,,,,,,www.henco.com.mx,,,HENGLOMTY,,,,jsanchez@henco.com.mx,,,,,,,,,,,,,,,0,,,,,,,,,,,,,,,,,,,,,,,,,,,,,,
DACFRACAS,DACHSER FRANCE AIR & SEA  LOGISTICS (MOROCCO),Company,,MACAS,DACFRACAS,,Commercial,,All Territories,,,,,,,,,,,,,,,,,,,,DACFRACAS,,,,,,,,,,,,,,,,,,,0,,,,,,,,,,,,,,,,,,,,,,,,,,,,,,
SAMEXIDEL,SAMARITAN EXIM PVT. LTD. (IATA CARGO AGENTS),Company,,INDEL,SAMEXIDEL,,Commercial,,All Territories,,,,,,,,,,,,,,,,,www.samaritan.com,,,SAMEXIDEL,,,,info@samaritan.com,,,,,,,,,,,,,,,0,,,,,,,,,,,,,,,,,,,,,,,,,,,,,,
INDGLOJKT,PT. INDO GLORIA EKSPRESS,Company,,IDJKT,INDGLOJKT,,Commercial,,All Territories,,,,,,,,,,,,,,,,,,,,INDGLOJKT,,,,gie@cbn.net.id,,,,,,,,,,,,,,,0,,,,,,,,,,,,,,,,,,,,,,,,,,,,,,
ASEJKTAFE,ASEAN SECRETARIAT - INFRASTRUCTURE DIVISION,Company,,IDJKT,ASEJKTAFE,,Commercial,,All Territories,,,,,,,,,,,,,,,,,,,,ASEJKTAFE,,,,,,,,,,,,,,,,,,,0,,,,,,,,,,,,,,,,,,,,,,,,,,,,,,
OBJCARZLO,"OBJECTIVE CARGO, S.A. DE C.V",Company,,MXZLO,OBJCARZLO,,Commercial,,All Territories,,,,,,,,,,,,,,,,,,,,OBJCARZLO,,,,,,,,,,,,,,,,,,,0,,,,,,,,,,,,,,,,,,,,,,,,,,,,,,
ALPCUSAKL,ALPHA CUSTOMS AND FORWARDING,Company,,NZAKL,ALPCUSAKL,,Commercial,,All Territories,,,,,,,,,,,,,,,,,,,,ALPCUSAKL,,,,,,,,,,,,,,,,,,,0,,,,,,,,,,,,,,,,,,,,,,,,,,,,,,
MAHSHIGIN,MAHALAXMI SHIPPING SERVICES,Company,,INGIN,MAHSHIGIN,,Commercial,,All Territories,,,,,,,,,,,,,,,,,,,,MAHSHIGIN,,,,,,,,,,,,,,,,,,,0,,,,,,,,,,,,,,,,,,,,,,,,,,,,,,
LOGFSAGSV,LOGFRET S.A,Company,,FRGSV,LOGFSAGSV,,Commercial,,All Territories,,,,,,,,,,,,,,,,,www.logfret.com,,,LOGFSAGSV,,,,,,,,,,,,,,,,,,,0,,,,,,,,,,,,,,,,,,,,,,,,,,,,,,
FIBLOGCAN,FIBS LOGISTICS (CHINA GUANGZHOU) BRANCH,Company,,CNCAN,FIBLOGCAN,,Commercial,,All Territories,,,,,,,,,,,,,,,,,,,,FIBLOGCAN,,,,,,,,,,,,,,,,,,,0,,,,,,,,,,,,,,,,,,,,,,,,,,,,,,
LORNICDVO,LORENA NICHOLSON,Company,,PHDVO,LORNICDVO,,Commercial,,All Territories,,,,,,,,,,,,,,,,,,,,LORNICDVO,,,,,,,,,,,,,,,,,,,0,,,,,,,,,,,,,,,,,,,,,,,,,,,,,,
MAVLOGHKG,MAVER LOGISTICS INTERNATIONAL LTD,Company,,HKHKG,MAVLOGHKG,,Commercial,,All Territories,,,,,,,,,,,,,,,,,,,,MAVLOGHKG,,,,,,,,,,,,,,,,,,,0,,,,,,,,,,,,,,,,,,,,,,,,,,,,,,
FRETEXTUN,FRETEX LTD.,Company,,TNTUN,FRETEXTUN,,Commercial,,All Territories,,,,,,,,,,,,,,,,,www.fret-ex.net,,,FRETEXTUN,,,,commercial@fret-ex.net,,,,,,,,,,,,,,,0,,,,,,,,,,,,,,,,,,,,,,,,,,,,,,
TAFTME,TAF AUSTRALIA PTY LTD.,Company,,AUTME,TAFTME,,Commercial,,All Territories,,,,,,,,,,,,,,,,,,,,TAFTME,,,,,,,,,,,,,,,,,,,0,,,,,,,,,,,,,,,,,,,,,,,,,,,,,,
PROBROEDN,"PROFREIGHT BROKERS, INC.",Company,,USEDN,PROBROEDN,,Commercial,,All Territories,,,,,,,,,,,,,,,,,,,,PROBROEDN,,,,,,,,,,,,,,,,,,,0,,,,,,,,,,,,,,,,,,,,,,,,,,,,,,
JIECITJYG1,JIEYANG CITY HONGXING PLASTIC PRODUCT CO. LTD.,Company,,CNJYG,JIECITJYG1,,Commercial,,All Territories,,,,,,,,,,,,,,,,,,,,JIECITJYG1,,,,,,,,,,,,,,,,,,,0,,,,,,,,,,,,,,,,,,,,,,,,,,,,,,
JIASUNCAN,"JIANGSU SUNSHINE INT'L LOGISTICS CO.,LTD",Company,,CNCAN,JIASUNCAN,,Commercial,,All Territories,,,,,,,,,,,,,,,,,,,,JIASUNCAN,,,,,,,,,,,,,,,,,,,0,,,,,,,,,,,,,,,,,,,,,,,,,,,,,,
WORINTADL,WORLDLINK INTERNATIONAL,Company,,AUADL,WORINTADL,,Commercial,,All Territories,,,,,,,,,,,,,,,,,,,,WORINTADL,,,,,,,,,,,,,,,,,,,0,,,,,,,,,,,,,,,,,,,,,,,,,,,,,,
REALOGTPE,REALCO LOGISTICS LTD.,Company,,TWTPE,REALOGTPE,,Commercial,,All Territories,,,,,,,,,,,,,,,,,,,,REALOGTPE,,,,service@realco.com,,,,,,,,,,,,,,,0,,,,,,,,,,,,,,,,,,,,,,,,,,,,,,
SOBNETNYC,"SOBEL NETWORK SHIPPING CO.,INC.",Company,,USNYC,SOBNETNYC,,Commercial,,All Territories,,,,,,,,,,,,,,,,,,,,SOBNETNYC,,,,,,,,,,,,,,,,,,,0,,,,,,,,,,,,,,,,,,,,,,,,,,,,,,
GRESWEARN,GREENCARRIER SWEDEN AB,Company,,SEARN,GRESWEARN,,Commercial,,All Territories,,,,,,,,,,,,,,,,,,,,GRESWEARN,,,,,,,,,,,,,,,,,,,0,,,,,,,,,,,,,,,,,,,,,,,,,,,,,,
ALPSPLLJU,ALPHA SP LOGISTIKA D.O.O,Company,,SILJU,ALPSPLLJU,,Commercial,,All Territories,,,,,,,,,,,,,,,,,,,,ALPSPLLJU,,,,,,,,,,,,,,,,,,,0,,,,,,,,,,,,,,,,,,,,,,,,,,,,,,
PBSINTLON,PBS INTERNATIONAL FREIGHT LTD,Company,,GBLON,PBSINTLON,,Commercial,,All Territories,,,,,,,,,,,,,,,,,,,,PBSINTLON,,,,,,,,,,,,,,,,,,,0,,,,,,,,,,,,,,,,,,,,,,,,,,,,,,
KUHNAGCLM,KÜHNE + NAGEL (AG & CO.) KG,Company,,DECLM,KUHNAGCLM,,Commercial,,All Territories,,,,,,,,,,,,,,,,,,,,KUHNAGCLM,,,,Exposervice.koeln@kuehne-nagel.com,,,,,,,,,,,,,,,0,,,,,,,,,,,,,,,,,,,,,,,,,,,,,,
FIVSTABER,FIVE STAR GLOBAL LOGISTICS GMBH,Company,,DEBER,FIVSTABER,,Commercial,,All Territories,,,,,,,,,,,,,,,,,,,,FIVSTABER,,,,,,,,,,,,,,,,,,,0,,,,,,,,,,,,,,,,,,,,,,,,,,,,,,
SOOEXPLSIN,SOONEST EXPRESS (S) PTE LTD,Company,,SGSIN,SOOEXPLSIN,,Commercial,,All Territories,,,,,,,,,,,,,,,,,,,,SOOEXPLSIN,,,,,,,,,,,,,,,,,,,0,,,,,,,,,,,,,,,,,,,,,,,,,,,,,,
CURPACPKG,CURIO PACK SDN BHD,Company,,MYPKG,CURPACPKG,,Commercial,,All Territories,,,,,,,,,,,,,,,,,,,,CURPACPKG,,,,,,,,,,,,,,,,,,,0,,,,,,,,,,,,,,,,,,,,,,,,,,,,,,
UNIINTNGB,UNITEX INT'L FORWARDING (GUANGZHOU) LTD.,Company,,CNNGB,UNIINTNGB,,Commercial,,All Territories,,,,,,,,,,,,,,,,,,,,UNIINTNGB,,,,ningbo@uif.com.hk,,,,,,,,,,,,,,,0,,,,,,,,,,,,,,,,,,,,,,,,,,,,,,
MAIUSAGHDFW,MAINFREIGHT USA (FORMERLY TARGET LOG.),Company,,USDFW,MAIUSAGHDFW,,Commercial,,All Territories,,,,,,,,,,,,,,,,,,,,MAIUSAGHDFW,,,,,,,,,,,,,,,,,,,0,,,,,,,,,,,,,,,,,,,,,,,,,,,,,,
KIMAIRSEL,KIMEX AIR AND SEA CO. LTD.,Company,,KRSEL,KIMAIRSEL,,Commercial,,All Territories,,,,,,,,,,,,,,,,,,,,KIMAIRSEL,,,,,,,,,,,,,,,,,,,0,,,,,,,,,,,,,,,,,,,,,,,,,,,,,,
HELTRAHKG,"HELU-TRANS (HK) PTE, LTD.",Company,,HKHKG,HELTRAHKG,,Commercial,,All Territories,,,,,,,,,,,,,,,,,,,,HELTRAHKG,,,,,,,,,,,,,,,,,,,0,,,,,,,,,,,,,,,,,,,,,,,,,,,,,,
ABELOGTLV,ABETRANS LOGISTICS LTD FORWARDING AND CUSTOMSAGENT,Company,,ILTLV,ABELOGTLV,,Commercial,,All Territories,,,,,,,,,,,,,,,,,,,,ABELOGTLV,,,,abetrans@abetrans.net,,,,,,,,,,,,,,,0,,,,,,,,,,,,,,,,,,,,,,,,,,,,,,
ALISPEMXP,ALISPED S.P.A,Company,,ITMXP,ALISPEMXP,,Commercial,,All Territories,,,,,,,,,,,,,,,,,,,,ALISPEMXP,,,,,,,,,,,,,,,,,,,0,,,,,,,,,,,,,,,,,,,,,,,,,,,,,,
GLKAIRFRA,G.L.KAYSER AIRFREIGHT SERVICES GMBH,Company,,DEFRA,GLKAIRFRA,,Commercial,,All Territories,,,,,,,,,,,,,,,,,,,,GLKAIRFRA,,,,mailbox@glk-jfh.com,,,,,,,,,,,,,,,0,,,,,,,,,,,,,,,,,,,,,,,,,,,,,,
SHAORINGB,SHANGHAI ORIENT INTERGROUP INT'L TRANSPORTATION,Company,,CNNGB,SHAORINGB,,Commercial,,All Territories,,,,,,,,,,,,,,,,,,,,SHAORINGB,,,,,,,,,,,,,,,,,,,0,,,,,,,,,,,,,,,,,,,,,,,,,,,,,,
DDEXPRSOF,D&D EXPRESS,Company,,BGSOF,DDEXPRSOF,,Commercial,,All Territories,,,,,,,,,,,,,,,,,,,,DDEXPRSOF,,,,,,,,,,,,,,,,,,,0,,,,,,,,,,,,,,,,,,,,,,,,,,,,,,
GRUTORUIO,GRUPO TORRES & TORRES,Company,,ECUIO,GRUTORUIO,,Commercial,,All Territories,,,,,,,,,,,,,,,,,,,,GRUTORUIO,,,,,,,,,,,,,,,,,,,0,,,,,,,,,,,,,,,,,,,,,,,,,,,,,,
SHAWORSHA,SHANGHAI WORLDBEST INT'L FORWARDING CO.,Company,,CNSHA,SHAWORSHA,,Commercial,,All Territories,,,,,,,,,,,,,,,,,,,,SHAWORSHA,,,,wr@public1.wx.js.cn,,,,,,,,,,,,,,,0,,,,,,,,,,,,,,,,,,,,,,,,,,,,,,
GGLLINSIN,GGL LINE PTE  LTD,Company,,SGSIN,GGLLINSIN,,Commercial,,All Territories,,,,,,,,,,,,,,,,,,,,GGLLINSIN,,,,,,,,,,,,,,,,,,,0,,,,,,,,,,,,,,,,,,,,,,,,,,,,,,
SAUMARJED,SAUDI MARITIME CO. (JEDDAH),Company,,SAJED,SAUMARJED,,Commercial,,All Territories,,,,,,,,,,,,,,,,,,,,SAUMARJED,,,,,,,,,,,,,,,,,,,0,,,,,,,,,,,,,,,,,,,,,,,,,,,,,,
RADGLOSFO,RADIANT GLOBAL LOGISTICS - LAX,Company,,USSFO,RADGLOSFO,,Commercial,,All Territories,,,,,,,,,,,,,,,,,,,,RADGLOSFO,,,,,,,,,,,,,,,,,,,0,,,,,,,,,,,,,,,,,,,,,,,,,,,,,,
MAXSHKHKG,MAXSPEED (HK) CO LTD,Company,,HKHKG,MAXSHKHKG,,Commercial,,All Territories,,,,,,,,,,,,,,,,,,,,MAXSHKHKG,,,,,,,,,,,,,,,,,,,0,,,,,,,,,,,,,,,,,,,,,,,,,,,,,,
SMILOGMAA,SMI LOGISTICS PVT LTD,Company,,INMAA,SMILOGMAA,,Commercial,,All Territories,,,,,,,,,,,,,,,,,,,,SMILOGMAA,,,,,,,,,,,,,,,,,,,0,,,,,,,,,,,,,,,,,,,,,,,,,,,,,,
BUDFREBKK,"BUDDY FREIGHT INTERNATIONAL CO., LTD",Company,,THBKK,BUDFREBKK,,Commercial,,All Territories,,,,,,,,,,,,,,,,,,,,BUDFREBKK,,,,,,,,,,,,,,,,,,,0,,,,,,,,,,,,,,,,,,,,,,,,,,,,,,
GRACONMOD,GRAZIOSI CONTAINERS S.R.L,Company,,ITMOD,GRACONMOD,,Commercial,,All Territories,,,,,,,,,,,,,,,,,,,,GRACONMOD,,,,,,,,,,,,,,,,,,,0,,,,,,,,,,,,,,,,,,,,,,,,,,,,,,
HAWLOGMAA,HAWK LOGISTICS PVT. LTD.,Company,,INMAA,HAWLOGMAA,,Commercial,,All Territories,,,,,,,,,,,,,,,,,,,,HAWLOGMAA,,,,,,,,,,,,,,,,,,,0,,,,,,,,,,,,,,,,,,,,,,,,,,,,,,
FLYTRAKWN,FLYING TRANSPORTATION LTD.,Company,,HKKWN,FLYTRAKWN,,Commercial,,All Territories,,,,,,,,,,,,,,,,,,,,FLYTRAKWN,,,,,,,,,,,,,,,,,,,0,,,,,,,,,,,,,,,,,,,,,,,,,,,,,,
FRESYSCMB,FREIGHT SYSTEM LOGISTICS LANKA PVT LTD.,Company,,LKCMB,FRESYSCMB,,Commercial,,All Territories,,,,,,,,,,,,,,,,,www.freightsystems.com,,,FRESYSCMB,,,,,,,,,,,,,,,,,,,0,,,,,,,,,,,,,,,,,,,,,,,,,,,,,,
MAICMHOHB,MAINFREIGHT INC. (CMH),Company,,USOHB,MAICMHOHB,,Commercial,,All Territories,,,,,,,,,,,,,,,,,,,,MAICMHOHB,,,,,,,,,,,,,,,,,,,0,,,,,,,,,,,,,,,,,,,,,,,,,,,,,,
EXPFREAMD,EXPO FREIGHT PRIVATE LIMITED,Company,,INAMD,EXPFREAMD,,Commercial,,All Territories,,,,,,,,,,,,,,,,,,,,EXPFREAMD,,,,,,,,,,,,,,,,,,,0,,,,,,,,,,,,,,,,,,,,,,,,,,,,,,
GRUTRAUIO,GRUPO TRANSOCEANICA,Company,,ECUIO,GRUTRAUIO,,Commercial,,All Territories,,,,,,,,,,,,,,,,,,,,GRUTRAUIO,,,,,,,,,,,,,,,,,,,0,,,,,,,,,,,,,,,,,,,,,,,,,,,,,,
DACSHEXMN,DACHSER SHENZHEN CO LTD. XIAMEN BRANCH,Company,,CNXMN,DACSHEXMN,,Commercial,,All Territories,,,,,,,,,,,,,,,,,,,,DACSHEXMN,,,,,,,,,,,,,,,,,,,0,,,,,,,,,,,,,,,,,,,,,,,,,,,,,,
REALOGNKG,REALCO LOGISTICS LTD NANJING BRANCH,Company,,CNNKG,REALOGNKG,,Commercial,,All Territories,,,,,,,,,,,,,,,,,,,,REALOGNKG,,,,,,,,,,,,,,,,,,,0,,,,,,,,,,,,,,,,,,,,,,,,,,,,,,
EVESUMKCO,EVER SUMMIT (H.K.) LTD.,Company,,HKKCO,EVESUMKCO,,Commercial,,All Territories,,,,,,,,,,,,,,,,,,,,EVESUMKCO,,,,,,,,,,,,,,,,,,,0,,,,,,,,,,,,,,,,,,,,,,,,,,,,,,
GLOSPESIN,GLOBAL SPECIALIZED SERVICES PTE. LTD.,Company,,SGSIN,GLOSPESIN,,Commercial,,All Territories,,,,,,,,,,,,,,,,,,,,GLOSPESIN,,,,,,,,,,,,,,,,,,,0,,,,,,,,,,,,,,,,,,,,,,,,,,,,,,
SAVWORMEL,SAVI WORLD TRANSPORT PTY LTD,Company,,AUMEL,SAVWORMEL,,Commercial,,All Territories,,,,,,,,,,,,,,,,,,,,SAVWORMEL,,,,savi@saviworld.com.au,,,,,,,,,,,,,,,0,,,,,,,,,,,,,,,,,,,,,,,,,,,,,,
REALOGSHA,REALCO LOGISTICS LTD.,Company,,CNSHA,REALOGSHA,,Commercial,,All Territories,,,,,,,,,,,,,,,,,,,,REALOGSHA,,,,andyyang.sha@realcolog.com,,,,,,,,,,,,,,,0,,,,,,,,,,,,,,,,,,,,,,,,,,,,,,
EXPLINJFK,"EXPRESS LINE (USA), INC.",Company,,USJFK,EXPLINJFK,,Commercial,,All Territories,,,,,,,,,,,,,,,,,,,,EXPLINJFK,,,,elcnyjfk@aol.com,,,,,,,,,,,,,,,0,,,,,,,,,,,,,,,,,,,,,,,,,,,,,,
TCBSUPBHT,TCB SUPPLY CHAIN SOULUTIONS LIMITED,Company,,IEBHT,TCBSUPBHT,,Commercial,,All Territories,,,,,,,,,,,,,,,,,,,,TCBSUPBHT,,,,,,,,,,,,,,,,,,,0,,,,,,,,,,,,,,,,,,,,,,,,,,,,,,
BALLOGHEL,BALANCED LOGISTICS OY,Company,,FIHEL,BALLOGHEL,,Commercial,,All Territories,,,,,,,,,,,,,,,,,,,,BALLOGHEL,,,,,,,,,,,,,,,,,,,0,,,,,,,,,,,,,,,,,,,,,,,,,,,,,,
AMEROLPKG,AMERICAN ROLL ON ROLL OFF,Company,,USPKG,AMEROLPKG,,Commercial,,All Territories,,,,,,,,,,,,,,,,,,,,AMEROLPKG,,,,,,,,,,,,,,,,,,,0,,,,,,,,,,,,,,,,,,,,,,,,,,,,,,
MIGPSMAFE,MIG EXPRESS,Company,,USPSM,MIGPSMAFE,,Commercial,,All Territories,,,,,,,,,,,,,,,,,www.migexpress.com,,,MIGPSMAFE,,,,dennis@migexpress.com,,,,,,,,,,,,,,,0,,,,,,,,,,,,,,,,,,,,,,,,,,,,,,
APCAIRFRA,APC AIR & SEA GMBH,Company,,DEFRA,APCAIRFRA,,Commercial,,All Territories,,,,,,,,,,,,,,,,,,,,APCAIRFRA,,,,,,,,,,,,,,,,,,,0,,,,,,,,,,,,,,,,,,,,,,,,,,,,,,
SCHINTSIN,SCHUNK INTEC PTE. LTD.,Company,,SGSIN,SCHINTSIN,,Commercial,,All Territories,,,,,,,,,,,,,,,,,,,,SCHINTSIN,,,,info@sg.schunk.com,,,,,,,,,,,,,,,0,,,,,,,,,,,,,,,,,,,,,,,,,,,,,,
PAKLEEHKG,PAK LEE LOGISTICS INT’L LTD,Company,,HKHKG,PAKLEEHKG,,Commercial,,All Territories,,,,,,,,,,,,,,,,,,,,PAKLEEHKG,,,,,,,,,,,,,,,,,,,0,,,,,,,,,,,,,,,,,,,,,,,,,,,,,,
EXPFRECPT,EXPOLANKA FREIGHT (PTY) LIMITED,Company,,ZACPT,EXPFRECPT,,Commercial,,All Territories,,,,,,,,,,,,,,,,,,,,EXPFRECPT,,,+27 (21) 5110-8587,,,,,,,,,,,,,,,,0,,,,,,,,,,,,,,,,,,,,,,,,,,,,,,
FRELINMLE,FREIGHT LINE INTERNATIONAL (MALDIVES) PVT.LTD.,Company,,MVMLE,FRELINMLE,,Commercial,,All Territories,,,,,,,,,,,,,,,,,www.freight-links.com,,,FRELINMLE,,,,,,,,,,,,,,,,,,,0,,,,,,,,,,,,,,,,,,,,,,,,,,,,,,
INTERGGOA,INTERGLOBO SRL,Company,,ITGOA,INTERGGOA,,Commercial,,All Territories,,,,,,,,,,,,,,,,,,,,INTERGGOA,,,,,,,,,,,,,,,,,,,0,,,,,,,,,,,,,,,,,,,,,,,,,,,,,,
KORINDSEL,KOREA INDEV AEROSEA LTD.,Company,,KRSEL,KORINDSEL,,Commercial,,All Territories,,,,,,,,,,,,,,,,,www.kindas.co.kr,,,KORINDSEL,,,,,,,,,,,,,,,,,,,0,,,,,,,,,,,,,,,,,,,,,,,,,,,,,,
EURPLUMAD,EURO PLUS CARGO  SL,Company,,ESMAD,EURPLUMAD,,Commercial,,All Territories,,,,,,,,,,,,,,,,,,,,EURPLUMAD,,,,,,,,,,,,,,,,,,,0,,,,,,,,,,,,,,,,,,,,,,,,,,,,,,
EASWESTAO,EAST & WEST LOGISTICS CHINA,Company,,CNTAO,EASWESTAO,,Commercial,,All Territories,,,,,,,,,,,,,,,,,,,,EASWESTAO,,,,,,,,,,,,,,,,,,,0,,,,,,,,,,,,,,,,,,,,,,,,,,,,,,
APIGLOSIN,API GLOBAL AUTOMATION PTE LTD,Company,,SGSIN,APIGLOSIN,,Commercial,,All Territories,,,,,,,,,,,,,,,,,,,,APIGLOSIN,,,,,,,,,,,,,,,,,,,0,,,,,,,,,,,,,,,,,,,,,,,,,,,,,,
INTVIESGN,INTERGROUP (VIETNAM) INC.,Company,,VNSGN,INTVIESGN,,Commercial,,All Territories,,,,,,,,,,,,,,,,,,,,INTVIESGN,,,,enquiry@vnm.intergroup.biz,,,,,,,,,,,,,,,0,,,,,,,,,,,,,,,,,,,,,,,,,,,,,,
CARFRERGN,CARE FREIGHT SERVICES LTD.,Company,,MMRGN,CARFRERGN,,Commercial,,All Territories,,,,,,,,,,,,,,,,,,,,CARFRERGN,,,,administrator@cfs.com.mm,,,,,,,,,,,,,,,0,,,,,,,,,,,,,,,,,,,,,,,,,,,,,,
ASSCONBOM,ASSOCIATED CONTAINER LINE,Company,,INBOM,ASSCONBOM,,Commercial,,All Territories,,,,,,,,,,,,,,,,,,,,ASSCONBOM,,,,kala@acl.co.in,,,,,,,,,,,,,,,0,,,,,,,,,,,,,,,,,,,,,,,,,,,,,,
CLASQUVSR,CLASQUIN USA INC.,Company,,USVSR,CLASQUVSR,,Commercial,,All Territories,,,,,,,,,,,,,,,,,,,,CLASQUVSR,,,,,,,,,,,,,,,,,,,0,,,,,,,,,,,,,,,,,,,,,,,,,,,,,,
YCHLOGHKG,YCH LOGISTICS (HONGKONG) LTD,Company,,HKHKG,YCHLOGHKG,,Commercial,,All Territories,,,,,,,,,,,,,,,,,,,,YCHLOGHKG,,,+85224616251,,,,,,,,,,,,,,,,0,,,,,,,,,,,,,,,,,,,,,,,,,,,,,,
GCTVICVIC,G.C.T VICENZA,Company,,ITVIC,GCTVICVIC,,Commercial,,All Territories,,,,,,,,,,,,,,,,,www.gctvicenza.com,,,GCTVICVIC,,,,,,,,,,,,,,,,,,,0,,,,,,,,,,,,,,,,,,,,,,,,,,,,,,
ALTIUSMAD,ALTIUS (MADRID) S.A,Company,,ESMAD,ALTIUSMAD,,Commercial,,All Territories,,,,,,,,,,,,,,,,,,,,ALTIUSMAD,,,,,,,,,,,,,,,,,,,0,,,,,,,,,,,,,,,,,,,,,,,,,,,,,,
AGEMARMAD,"AGENCIA MARITIMA CONDEMINAS MADRID, S.A.U",Company,,ESMAD,AGEMARMAD,,Commercial,,All Territories,,,,,,,,,,,,,,,,,,,,AGEMARMAD,,,,,,,,,,,,,,,,,,,0,,,,,,,,,,,,,,,,,,,,,,,,,,,,,,
AKSTRAIST,AKSU TRANSPORT AND FOREIGN TRADE CO. LTD.(HQ),Company,,TRIST,AKSTRAIST,,Commercial,,All Territories,,,,,,,,,,,,,,,,,,,,AKSTRAIST,,,,,,,,,,,,,,,,,,,0,,,,,,,,,,,,,,,,,,,,,,,,,,,,,,
SOTINTHAN,SOTRANS INT’L FREIGHT FORWARDER,Company,,VNHAN,SOTINTHAN,,Commercial,,All Territories,,,,,,,,,,,,,,,,,,,,SOTINTHAN,,,,,,,,,,,,,,,,,,,0,,,,,,,,,,,,,,,,,,,,,,,,,,,,,,
TRAAIRTOR,TRANSIT AIR CARGO INC.,Company,,CATOR,TRAAIRTOR,,Commercial,,All Territories,,,,,,,,,,,,,,,,,,,,TRAAIRTOR,,,,,,,,,,,,,,,,,,,0,,,,,,,,,,,,,,,,,,,,,,,,,,,,,,
GALLOGHKG,GALA LOGISTICS LIMITED,Company,,HKHKG,GALLOGHKG,,Commercial,,All Territories,,,,,,,,,,,,,,,,,,,,GALLOGHKG,,,,,,,,,,,,,,,,,,,0,,,,,,,,,,,,,,,,,,,,,,,,,,,,,,
VINJOIHAN,VINAFCO JOINT STOCK CORP/VINAFCO IFTC,Company,,VNHAN,VINJOIHAN,,Commercial,,All Territories,,,,,,,,,,,,,,,,,,,,VINJOIHAN,,,,vinafco.iftc@fpt.vn,,,,,,,,,,,,,,,0,,,,,,,,,,,,,,,,,,,,,,,,,,,,,,
CARPARKBP,CARGO PARTNER LLC,Company,,UAKBP,CARPARKBP,,Commercial,,All Territories,,,,,,,,,,,,,,,,,,,,CARPARKBP,,,,,,,,,,,,,,,,,,,0,,,,,,,,,,,,,,,,,,,,,,,,,,,,,,
FRESYSAMD,FREIGHT SYSTEMS (INDIA) PVT. LTD.,Company,,INAMD,FRESYSAMD,,Commercial,,All Territories,,,,,,,,,,,,,,,,,,,,FRESYSAMD,,,,info@freightsystems.com,,,,,,,,,,,,,,,0,,,,,,,,,,,,,,,,,,,,,,,,,,,,,,
INTAGEKOP,INTERLINER AGENCIES D.O.O.,Company,,SIKOP,INTAGEKOP,,Commercial,,All Territories,,,,,,,,,,,,,,,,,,,,INTAGEKOP,,,,,,,,,,,,,,,,,,,0,,,,,,,,,,,,,,,,,,,,,,,,,,,,,,
KNIUSANXM,"KNIGHT (USA), L.L.C.",Company,,USNXM,KNIUSANXM,,Commercial,,All Territories,,,,,,,,,,,,,,,,,,,,KNIUSANXM,,,,,,,,,,,,,,,,,,,0,,,,,,,,,,,,,,,,,,,,,,,,,,,,,,
PPUSINAFE,PPURPOSE,Company,,SGSIN,PPUSINAFE,,Commercial,,All Territories,,,,,,,,,,,,,,,,,www.ppurpose.com,,,PPUSINAFE,,,,kimberly@ppurpose.com,,,,,,,,,,,,,,,0,,,,,,,,,,,,,,,,,,,,,,,,,,,,,,
GALAXLEH,GALAX,Company,,FRLEH,GALAXLEH,,Commercial,,All Territories,,,,,,,,,,,,,,,,,,,,GALAXLEH,,,,rogerville@galax.fr,,,,,,,,,,,,,,,0,,,,,,,,,,,,,,,,,,,,,,,,,,,,,,
VINSHIHKG,VINFLAIR SHIPPING LIMITED,Company,,HKHKG,VINSHIHKG,,Commercial,,All Territories,,,,,,,,,,,,,,,,,,,,VINSHIHKG,,,,,,,,,,,,,,,,,,,0,,,,,,,,,,,,,,,,,,,,,,,,,,,,,,
MXCARGPKG,MX CARGO SDN BHD,Company,,MYPKG,MXCARGPKG,,Commercial,,All Territories,,,,,,,,,,,,,,,,,,,,MXCARGPKG,,,,,,,,,,,,,,,,,,,0,,,,,,,,,,,,,,,,,,,,,,,,,,,,,,
KARGROFRA,KARL GROSS INTERNATIONALE SPEDITION GMB,Company,,DEFRA,KARGROFRA,,Commercial,,All Territories,,,,,,,,,,,,,,,,,,,,KARGROFRA,,,email: see contacts,,,,,,,,,,,,,,,,0,,,,,,,,,,,,,,,,,,,,,,,,,,,,,,
VIOCBLQ,VIO & C,Company,,ITBLQ,VIOCBLQ,,Commercial,,All Territories,,,,,,,,,,,,,,,,,,,,VIOCBLQ,,,,,,,,,,,,,,,,,,,0,,,,,,,,,,,,,,,,,,,,,,,,,,,,,,
MCJONEDVO,MC JONES  CARDENAS CUSTOMS BROKERAGE,Company,,PHDVO,MCJONEDVO,,Commercial,,All Territories,,,,,,,,,,,,,,,,,,,,MCJONEDVO,,,,,,,,,,,,,,,,,,,0,,,,,,,,,,,,,,,,,,,,,,,,,,,,,,
INTBSLAFE,INTERNATIONAL EXPO SERVICES AG,Company,,CHBSL,INTBSLAFE,,Commercial,,All Territories,,,,,,,,,,,,,,,,,,,,INTBSLAFE,,,,,,,,,,,,,,,,,,,0,,,,,,,,,,,,,,,,,,,,,,,,,,,,,,
KAMINTLON,KAMINO INT'L TRANSPORT,Company,,GBLON,KAMINTLON,,Commercial,,All Territories,,,,,,,,,,,,,,,,,www.kamino.com,,,KAMINTLON,,,,info@kamino.com,,,,,,,,,,,,,,,0,,,,,,,,,,,,,,,,,,,,,,,,,,,,,,
KTLOGINRSEL,KT LOGISTICS CO. LTD,Company,,KRSEL,KTLOGINRSEL,,Commercial,,All Territories,,,,,,,,,,,,,,,,,,,,KTLOGINRSEL,,,,,,,,,,,,,,,,,,,0,,,,,,,,,,,,,,,,,,,,,,,,,,,,,,
HUAFENSHA,"HUA FENG TRANSPORT AGENCY CO., LTD.",Company,,CNSHA,HUAFENSHA,,Commercial,,All Territories,,,,,,,,,,,,,,,,,,,,HUAFENSHA,,,,,,,,,,,,,,,,,,,0,,,,,,,,,,,,,,,,,,,,,,,,,,,,,,
LISMARDME,LISMARK HOLDING LIMITED,Company,,RUDME,LISMARDME,,Commercial,,All Territories,,,,,,,,,,,,,,,,,,,,LISMARDME,,,,,,,,,,,,,,,,,,,0,,,,,,,,,,,,,,,,,,,,,,,,,,,,,,
DTLOGISGN1,DT LOGISTICS (VN) CO. LTD,Company,,VNSGN,DTLOGISGN1,,Commercial,,All Territories,,,,,,,,,,,,,,,,,,,,DTLOGISGN1,,,,,,,,,,,,,,,,,,,0,,,,,,,,,,,,,,,,,,,,,,,,,,,,,,
INTSPAAOI,INTERCOSPED S.P.A (REGGIO EMILIA),Company,,ITAOI,INTSPAAOI,,Commercial,,All Territories,,,,,,,,,,,,,,,,,,,,INTSPAAOI,,,,,,,,,,,,,,,,,,,0,,,,,,,,,,,,,,,,,,,,,,,,,,,,,,
BOSCHMANR,BOSCHMANS & CO,Company,,BEANR,BOSCHMANR,,Commercial,,All Territories,,,,,,,,,,,,,,,,,,,,BOSCHMANR,,,,info@bosco.be,,,,,,,,,,,,,,,0,,,,,,,,,,,,,,,,,,,,,,,,,,,,,,
GUASEACAN,GUANGZHOU SEALANE TRANS LOGISTICS CO LTD,Company,,CNCAN,GUASEACAN,,Commercial,,All Territories,,,,,,,,,,,,,,,,,,,,GUASEACAN,,,,,,,,,,,,,,,,,,,0,,,,,,,,,,,,,,,,,,,,,,,,,,,,,,
SIFASICHG,SIFA ASIA PTE LTD,Company,,SGCHG,SIFASICHG,,Commercial,,All Territories,,,,,,,,,,,,,,,,,,,,SIFASICHG,,,,,,,,,,,,,,,,,,,0,,,,,,,,,,,,,,,,,,,,,,,,,,,,,,
ACTFREYYZ,ACTIVE FREIGHT SOLUTION INC.,Company,,CAYYZ,ACTFREYYZ,,Commercial,,All Territories,,,,,,,,,,,,,,,,,,,,ACTFREYYZ,,,,,,,,,,,,,,,,,,,0,,,,,,,,,,,,,,,,,,,,,,,,,,,,,,
BENTXGAFE,BENIGN ENTERPRISE CO. LTD,Company,,TWTXG,BENTXGAFE,,Commercial,,All Territories,,,,,,,,,,,,,,,,,,,,BENTXGAFE,,,,,,,,,,,,,,,,,,,0,,,,,,,,,,,,,,,,,,,,,,,,,,,,,,
SHAORISHA,SHANGHAI ORIENT INTEGROUP INT'L TRANSPORTATION CO.,Company,,CNSHA,SHAORISHA,,Commercial,,All Territories,,,,,,,,,,,,,,,,,,,,SHAORISHA,,,,,,,,,,,,,,,,,,,0,,,,,,,,,,,,,,,,,,,,,,,,,,,,,,
GRECARGOT,GREEN CARRIER SCANDINAVIAN AB,Company,,SEGOT,GRECARGOT,,Commercial,,All Territories,,,,,,,,,,,,,,,,,,,,GRECARGOT,,,,,,,,,,,,,,,,,,,0,,,,,,,,,,,,,,,,,,,,,,,,,,,,,,
CARSTATAS,CARGO STAR LLC,Company,,UZTAS,CARSTATAS,,Commercial,,All Territories,,,,,,,,,,,,,,,,,,,,CARSTATAS,,,,,,,,,,,,,,,,,,,0,,,,,,,,,,,,,,,,,,,,,,,,,,,,,,
TRAAIRSGN,TRANSIT AIR CARGO VIETNAM,Company,,VNSGN,TRAAIRSGN,,Commercial,,All Territories,,,,,,,,,,,,,,,,,,,,TRAAIRSGN,,,,,,,,,,,,,,,,,,,0,,,,,,,,,,,,,,,,,,,,,,,,,,,,,,
EXCLOGXGG,"EXCELLENT LOGISTICS CO., LTD",Company,,CNXGG,EXCLOGXGG,,Commercial,,All Territories,,,,,,,,,,,,,,,,,,,,EXCLOGXGG,,,,,,,,,,,,,,,,,,,0,,,,,,,,,,,,,,,,,,,,,,,,,,,,,,
MARGROMAD,MARMEDSA GROUP,Company,,ESMAD,MARGROMAD,,Commercial,,All Territories,,,,,,,,,,,,,,,,,www.marmedsa.com,,,MARGROMAD,,,,,,,,,,,,,,,,,,,0,,,,,,,,,,,,,,,,,,,,,,,,,,,,,,
FRESYSJEA1,FREIGHT SYSTEMS DWC LLC,Company,,AEJEA,FRESYSJEA1,,Commercial,,All Territories,,,,,,,,,,,,,,,,,,,,FRESYSJEA1,,,,Jagadeesh.aedxb@freightsystems.com,,,,,,,,,,,,,,,0,,,,,,,,,,,,,,,,,,,,,,,,,,,,,,
UVMSHICCU,UVM SHIPPING SERVICES PVT. LTD.,Company,,INCCU,UVMSHICCU,,Commercial,,All Territories,,,,,,,,,,,,,,,,,,,,UVMSHICCU,,,,,,,,,,,,,,,,,,,0,,,,,,,,,,,,,,,,,,,,,,,,,,,,,,
SOLGLOSHA,SOLAR GLOBAL LOGISTICS LTD.,Company,,CNSHA,SOLGLOSHA,,Commercial,,All Territories,,,,,,,,,,,,,,,,,,,,SOLGLOSHA,,,,,,,,,,,,,,,,,,,0,,,,,,,,,,,,,,,,,,,,,,,,,,,,,,
SKATRACPH,SKANDINAVISK TRANSPORT SYSTEMS (STS),Company,,DKCPH,SKATRACPH,,Commercial,,All Territories,,,,,,,,,,,,,,,,,,,,SKATRACPH,,,,,,,,,,,,,,,,,,,0,,,,,,,,,,,,,,,,,,,,,,,,,,,,,,
TARLOGBKK,"TARGET LOGISTICS (THAILAND) CO.,LTD.",Company,,THBKK,TARLOGBKK,,Commercial,,All Territories,,,,,,,,,,,,,,,,,,,,TARLOGBKK,,,,,,,,,,,,,,,,,,,0,,,,,,,,,,,,,,,,,,,,,,,,,,,,,,
MEKCARSGN,MEKONG CARGO FREIGHT CO. LTD,Company,,VNSGN,MEKCARSGN,,Commercial,,All Territories,,,,,,,,,,,,,,,,,www.mekongtransport.com,,,MEKCARSGN,,,,vu.tu@mekongtransport.com,,,,,,,,,,,,,,,0,,,,,,,,,,,,,,,,,,,,,,,,,,,,,,
EAGALLBJS,"EAGLE ALLIANCE INT'L FREIGHT BEIJING CO.,LTD (EAI)",Company,,CNBJS,EAGALLBJS,,Commercial,,All Territories,,,,,,,,,,,,,,,,,,,,EAGALLBJS,,,,,,,,,,,,,,,,,,,0,,,,,,,,,,,,,,,,,,,,,,,,,,,,,,
UNILOGHKG1,UNITEX LOGISTICS (ASIA) LIMITED,Company,,HKHKG,UNILOGHKG1,,Commercial,,All Territories,,,,,,,,,,,,,,,,,,,,UNILOGHKG1,,,,,,,,,,,,,,,,,,,0,,,,,,,,,,,,,,,,,,,,,,,,,,,,,,
SJINTEKWN,SJ INTERNATIONAL FREIGHT LIMITED,Company,,HKKWN,SJINTEKWN,,Commercial,,All Territories,,,,,,,,,,,,,,,,,,,,SJINTEKWN,,,,,,,,,,,,,,,,,,,0,,,,,,,,,,,,,,,,,,,,,,,,,,,,,,
PTINDGJKT,PT IND0 GLORIA EKSPRESS,Company,,IDJKT,PTINDGJKT,,Commercial,,All Territories,,,,,,,,,,,,,,,,,,,,PTINDGJKT,,,,,,,,,,,,,,,,,,,0,,,,,,,,,,,,,,,,,,,,,,,,,,,,,,
ZIOSHIDXB,ZION SHIPPING CO. L.L.C,Company,,AEDXB,ZIOSHIDXB,,Commercial,,All Territories,,,,,,,,,,,,,,,,,www.zionshipping.net,,,ZIOSHIDXB,,,+971505045868,info@zionshipping.ae,,,,,,,,,,,,,,,0,,,,,,,,,,,,,,,,,,,,,,,,,,,,,,
LOGLOGLEH,LOGFRET LOGISTIQUE FRET S.A.,Company,,FRLEH,LOGLOGLEH,,Commercial,,All Territories,,,,,,,,,,,,,,,,,,,,LOGLOGLEH,,,,,,,,,,,,,,,,,,,0,,,,,,,,,,,,,,,,,,,,,,,,,,,,,,
TOPRISHKG,TOP RISE LOGISTICS (HONG KONG) LTD.,Company,,HKHKG,TOPRISHKG,,Commercial,,All Territories,,,,,,,,,,,,,,,,,,,,TOPRISHKG,,,,,,,,,,,,,,,,,,,0,,,,,,,,,,,,,,,,,,,,,,,,,,,,,,
SMLLOGJKT,SML LOGISTICS,Company,,IDJKT,SMLLOGJKT,,Commercial,,All Territories,,,,,,,,,,,,,,,,,,,,SMLLOGJKT,,,+6285721125777,info@sml.id,,,,,,,,,,,,,,,0,,,,,,,,,,,,,,,,,,,,,,,,,,,,,,
HECLINSTO,HECKSHER LINIEAGENTURER AB,Company,,SESTO,HECLINSTO,,Commercial,,All Territories,,,,,,,,,,,,,,,,,,,,HECLINSTO,,,,,,,,,,,,,,,,,,,0,,,,,,,,,,,,,,,,,,,,,,,,,,,,,,
MIDAMEHCNYC,"MID-AMERICA OVERSEAS, INC.",Company,,USNYC,MIDAMEHCNYC,,Commercial,,All Territories,,,,,,,,,,,,,,,,,,,,MIDAMEHCNYC,,,,,,,,,,,,,,,,,,,0,,,,,,,,,,,,,,,,,,,,,,,,,,,,,,
ALQABADOH,AL QABANDI AND PARTNERS COMPANY W.L.L,Company,,QADOH,ALQABADOH,,Commercial,,All Territories,,,,,,,,,,,,,,,,,www.qabandi.com,,,ALQABADOH,,,+97433725319,,,,,,,,,,,,,,,,0,,,,,,,,,,,,,,,,,,,,,,,,,,,,,,
DAVTURBHX,DAVIES TURNER AIR CARGO LTD.,Company,,GBBHX,DAVTURBHX,,Commercial,,All Territories,,,,,,,,,,,,,,,,,,,,DAVTURBHX,,,,,,,,,,,,,,,,,,,0,,,,,,,,,,,,,,,,,,,,,,,,,,,,,,
NINKINSHA,NINGBO KING WORLD INT'L LOGISTIC LIMITED,Company,,CNSHA,NINKINSHA,,Commercial,,All Territories,,,,,,,,,,,,,,,,,,,,NINKINSHA,,,,,,,,,,,,,,,,,,,0,,,,,,,,,,,,,,,,,,,,,,,,,,,,,,
UNIFORESX,UNIQUE FORWARDING LTD,Company,,GBESX,UNIFORESX,,Commercial,,All Territories,,,,,,,,,,,,,,,,,,,,UNIFORESX,,,,,,,,,,,,,,,,,,,0,,,,,,,,,,,,,,,,,,,,,,,,,,,,,,
OMNPACRHI,OMNITRANS (PACIFIC) INC.,Company,,CARHI,OMNPACRHI,,Commercial,,All Territories,,,,,,,,,,,,,,,,,,,,OMNPACRHI,,,,,,,,,,,,,,,,,,,0,,,,,,,,,,,,,,,,,,,,,,,,,,,,,,
JINTRASHA,JINGHAI TRANSPORT CO. LTD.,Company,,CNSHA,JINTRASHA,,Commercial,,All Territories,,,,,,,,,,,,,,,,,,,,JINTRASHA,,,,,,,,,,,,,,,,,,,0,,,,,,,,,,,,,,,,,,,,,,,,,,,,,,
DACNANBOI,DACHSER NANTES ASL,Company,,FRBOI,DACNANBOI,,Commercial,,All Territories,,,,,,,,,,,,,,,,,,,,DACNANBOI,,,,,,,,,,,,,,,,,,,0,,,,,,,,,,,,,,,,,,,,,,,,,,,,,,
SHEMAXGSZX,SHENZHEN MAXSPEED GLOBAL FORWARDING CO LTD,Company,,CNSNZ,SHEMAXGSZX,,Commercial,,All Territories,,,,,,,,,,,,,,,,,,,,SHEMAXGSZX,,,,,,,,,,,,,,,,,,,0,,,,,,,,,,,,,,,,,,,,,,,,,,,,,,
ACCTERFLD,ACCO TERRAMAR,Company,,USMIA,ACCTERFLD,,Commercial,,All Territories,,,,,,,,,,,,,,,,,,,,ACCTERFLD,,,,,,,,,,,,,,,,,,,0,,,,,,,,,,,,,,,,,,,,,,,,,,,,,,
VVMTRAHAN,VVMV TRANSPORT,Company,,VNHAN,VVMTRAHAN,,Commercial,,All Territories,,,,,,,,,,,,,,,,,,,,VVMTRAHAN,,,,,,,,,,,,,,,,,,,0,,,,,,,,,,,,,,,,,,,,,,,,,,,,,,
GONSFTFOS,GONDRAND S.F.T,Company,,FRFOS,GONSFTFOS,,Commercial,,All Territories,,,,,,,,,,,,,,,,,,,,GONSFTFOS,,,,,,,,,,,,,,,,,,,0,,,,,,,,,,,,,,,,,,,,,,,,,,,,,,
ISRCARTLV,ISRAEL CARGO LOGISTICS LTD.,Company,,ILTLV,ISRCARTLV,,Commercial,,All Territories,,,,,,,,,,,,,,,,,,,,ISRCARTLV,,,,,,,,,,,,,,,,,,,0,,,,,,,,,,,,,,,,,,,,,,,,,,,,,,
HATKANOSA,"HATTENDO KANSAI CO., LTD.",Company,,JPOSA,HATKANOSA,,Commercial,,All Territories,,,,,,,,,,,,,,,,,,,,HATKANOSA,,,,baba@ti2002.co.jp,,,,,,,,,,,,,,,0,,,,,,,,,,,,,,,,,,,,,,,,,,,,,,
CARTRAVGT,CARGO TRANSPORT INC.,Company,,USVGT,CARTRAVGT,,Commercial,,All Territories,,,,,,,,,,,,,,,,,www.cargotransportinc.com,,,CARTRAVGT,,,,jbernhardt@cargotransportinc.com,,,,,,,,,,,,,,,0,,,,,,,,,,,,,,,,,,,,,,,,,,,,,,
DHLGLOAFE,DHL GLOBAL EVENT LOGISTICS GMBH,Company,,DEFRA,DHLGLOAFE,,Commercial,,All Territories,,,,,,,,,,,,,,,,,,,,DHLGLOAFE,,,,,,,,,,,,,,,,,,,0,,,,,,,,,,,,,,,,,,,,,,,,,,,,,,
ITCLOGDUS,ITC LOGISTICS GMBH,Company,,DEDUS,ITCLOGDUS,,Commercial,,All Territories,,,,,,,,,,,,,,,,,,,,ITCLOGDUS,,,,,,,,,,,,,,,,,,,0,,,,,,,,,,,,,,,,,,,,,,,,,,,,,,
FRELLCNYC,FREIGHTCAN LLC,Company,,USNYC,FRELLCNYC,,Commercial,,All Territories,,,,,,,,,,,,,,,,,,,,FRELLCNYC,,,,,,,,,,,,,,,,,,,0,,,,,,,,,,,,,,,,,,,,,,,,,,,,,,
ASEDOOKOP,ASECO D.O.O,Company,,SIKOP,ASEDOOKOP,,Commercial,,All Territories,,,,,,,,,,,,,,,,,,,,ASEDOOKOP,,,,,,,,,,,,,,,,,,,0,,,,,,,,,,,,,,,,,,,,,,,,,,,,,,
MAIUSAHDDFW,MAINFREIGHT USA (FORMERLY TARGET LOGISTIC SVCS),Company,,USDFW,MAIUSAHDDFW,,Commercial,,All Territories,,,,,,,,,,,,,,,,,www.mainfreightusa.com,,,MAIUSAHDDFW,,,,dfw.international@targetlogistics.com,,,,,,,,,,,,,,,0,,,,,,,,,,,,,,,,,,,,,,,,,,,,,,
DNFREICPT,DN FREIGHT,Company,,ZACPT,DNFREICPT,,Commercial,,All Territories,,,,,,,,,,,,,,,,,,,,DNFREICPT,,,,,,,,,,,,,,,,,,,0,,,,,,,,,,,,,,,,,,,,,,,,,,,,,,
ITELOGRIX,ITELLA LOGISTICS SIA (LATVIA OFFICE),Company,,LVRIX,ITELOGRIX,,Commercial,,All Territories,,,,,,,,,,,,,,,,,,,,ITELOGRIX,,,,inara.savicka@itella.com,,,,,,,,,,,,,,,0,,,,,,,,,,,,,,,,,,,,,,,,,,,,,,
ALBAUKGLA,ALBATRANS U.K LTD.,Company,,GBGLW,ALBAUKGLA,,Commercial,,All Territories,,,,,,,,,,,,,,,,,,,,ALBAUKGLA,,,,office@albatrans.uk.com,,,,,,,,,,,,,,,0,,,,,,,,,,,,,,,,,,,,,,,,,,,,,,
MIDAMEFKY,"MID-AMERICA OVERSEAS, INC.",Company,,USFKY,MIDAMEFKY,,Commercial,,All Territories,,,,,,,,,,,,,,,,,www.maoinc.com,,,MIDAMEFKY,,,,,,,,,,,,,,,,,,,0,,,,,,,,,,,,,,,,,,,,,,,,,,,,,,
TICSRLMIL,TICIMPEX SRL,Company,,ITMIL,TICSRLMIL,,Commercial,,All Territories,,,,,,,,,,,,,,,,,,,,TICSRLMIL,,,,,,,,,,,,,,,,,,,0,,,,,,,,,,,,,,,,,,,,,,,,,,,,,,
EMICARDXB,EMIRATES CARGO,Company,,AEDXB,EMICARDXB,,Commercial,,All Territories,,,,,,,,,,,,,,,,,,,,EMICARDXB,,,,,,,,,,,,,,,,,,,0,,,,,,,,,,,,,,,,,,,,,,,,,,,,,,
EXPFREDXB,EXPOLANKA FREIGHT FZ CO.,Company,,AEDXB,EXPFREDXB,,Commercial,,All Territories,,,,,,,,,,,,,,,,,www.expolankafreight.com,,,EXPFREDXB,,,,expodxb@expolankadubai.com,,,,,,,,,,,,,,,0,,,,,,,,,,,,,,,,,,,,,,,,,,,,,,
PACLEATXG,PACK LEADER MACHINERY INC.,Company,,TWTXG,PACLEATXG,,Commercial,,All Territories,,,,,,,,,,,,,,,,,,,,PACLEATXG,,,,,,,,,,,,,,,,,,,0,,,,,,,,,,,,,,,,,,,,,,,,,,,,,,
KUEVRNAFE,KUEHNE + NAGEL S.R.L. (KN EXPO),Company,,ITVRN,KUEVRNAFE,,Commercial,,All Territories,,,,,,,,,,,,,,,,,,,,KUEVRNAFE,,,,verona.fiere@kuehne-nagel.com,,,,,,,,,,,,,,,0,,,,,,,,,,,,,,,,,,,,,,,,,,,,,,
KAMINTBOM,KAMINO INTERNATIONAL LOGISTICS PVT. LTD.,Company,,INBOM,KAMINTBOM,,Commercial,,All Territories,,,,,,,,,,,,,,,,,www.kamino.com,,,KAMINTBOM,,,,mumbai@kamino.com,,,,,,,,,,,,,,,0,,,,,,,,,,,,,,,,,,,,,,,,,,,,,,
NOALOGSHA,NOATUM LOGISTICS (SHANGHAI) LIMITED,Company,,CNSGH,NOALOGSHA,,Commercial,,All Territories,,,,,,,,,,,,,,,,,,,,NOALOGSHA,,,,,,,,,,,,,,,,,,,0,,,,,,,,,,,,,,,,,,,,,,,,,,,,,,
PEGGLOBKK,"PEGASUS GLOBAL EXPRESS (THAILAND) CO., LTD.",Company,,THBKK,PEGGLOBKK,,Commercial,,All Territories,,,,,,,,,,,,,,,,,,,,PEGGLOBKK,,,,,,,,,,,,,,,,,,,0,,,,,,,,,,,,,,,,,,,,,,,,,,,,,,
SKYSHISEL,SKY SHIPPING CO. LTD.,Company,,KRSEL,SKYSHISEL,,Commercial,,All Territories,,,,,,,,,,,,,,,,,,,,SKYSHISEL,,,,info@skyshipping.com,,,,,,,,,,,,,,,0,,,,,,,,,,,,,,,,,,,,,,,,,,,,,,
VESMTOSEL,VESCO – MTO INTERNATIONAL (M) SDN BHD,Company,,MYSEL,VESMTOSEL,,Commercial,,All Territories,,,,,,,,,,,,,,,,,,,,VESMTOSEL,,,,vescomto@klia.plexus.net,,,,,,,,,,,,,,,0,,,,,,,,,,,,,,,,,,,,,,,,,,,,,,
HONLANTSN,HONOUR LANE SHIPPING - TIANJIN BRANCH,Company,,CNTSN,HONLANTSN,,Commercial,,All Territories,,,,,,,,,,,,,,,,,,,,HONLANTSN,,,,tianjin@hlsholding.com.cn,,,,,,,,,,,,,,,0,,,,,,,,,,,,,,,,,,,,,,,,,,,,,,
GLOEXPXMN,GLOBE EXPRESS,Company,,CNXMN,GLOEXPXMN,,Commercial,,All Territories,,,,,,,,,,,,,,,,,,,,GLOEXPXMN,,,,,,,,,,,,,,,,,,,0,,,,,,,,,,,,,,,,,,,,,,,,,,,,,,
PTASEAJKT,PT ASEAN BAHARI LINES INT'L FORWRADERS,Company,,IDJKT,PTASEAJKT,,Commercial,,All Territories,,,,,,,,,,,,,,,,,,,,PTASEAJKT,,,,ablines@centrin.net.id,,,,,,,,,,,,,,,0,,,,,,,,,,,,,,,,,,,,,,,,,,,,,,
ESEKULAFE,ES EXHIBITION SERVICES SDN BHD,Company,,MYKUL,ESEKULAFE,,Commercial,,All Territories,,,,,,,,,,,,,,,,,,,,ESEKULAFE,,,,xiaohui@es-corp.co,,,,,,,,,,,,,,,0,,,,,,,,,,,,,,,,,,,,,,,,,,,,,,
GAMFOOCGY,GAMA FOODS CORPORATION,Company,,PHCGY,GAMFOOCGY,,Commercial,,All Territories,,,,,,,,,,,,,,,,,,,,GAMFOOCGY,,,+639178828765,,,,,,,,,,,,,,,,0,,,,,,,,,,,,,,,,,,,,,,,,,,,,,,
MATTRALBSL,MAT TRANSPORT LTD. (AIRFREIGHT),Company,,CHBSL,MATTRALBSL,,Commercial,,All Territories,,,,,,,,,,,,,,,,,,,,MATTRALBSL,,,,,,,,,,,,,,,,,,,0,,,,,,,,,,,,,,,,,,,,,,,,,,,,,,
WLSSHIPKG,WLS SHIPPING AND FORWARDING (M) SDN BHD,Company,,MYPKG,WLSSHIPKG,,Commercial,,All Territories,,,,,,,,,,,,,,,,,,,,WLSSHIPKG,,,,,,,,,,,,,,,,,,,0,,,,,,,,,,,,,,,,,,,,,,,,,,,,,,
GRAINTLEH,GRAVELEAU INTERNATIONAL.(AGENCY-SEA),Company,,FRLEH,GRAINTLEH,,Commercial,,All Territories,,,,,,,,,,,,,,,,,,,,GRAINTLEH,,,,airseaverriei@graveleau.com,,,,,,,,,,,,,,,0,,,,,,,,,,,,,,,,,,,,,,,,,,,,,,
OPTEXPNRT,OPTEC EXPRESS INC.,Company,,JPNRT,OPTEXPNRT,,Commercial,,All Territories,,,,,,,,,,,,,,,,,www.optec-exp.com/,,,OPTEXPNRT,,,+8613697867867,op@optec-exp.com.cn,,,,,,,,,,,,,,,0,,,,,,,,,,,,,,,,,,,,,,,,,,,,,,
GREFREHEL,GREENCARRIER FREIGHT SERVICES FINLAND OY,Company,,FIHEL,GREFREHEL,,Commercial,,All Territories,,,,,,,,,,,,,,,,,,,,GREFREHEL,,,,,,,,,,,,,,,,,,,0,,,,,,,,,,,,,,,,,,,,,,,,,,,,,,
WESTRUCAN,WEST TRUE DRAGON TRANSPORTATION LTD.,Company,,CNCAN,WESTRUCAN,,Commercial,,All Territories,,,,,,,,,,,,,,,,,,,,WESTRUCAN,,,,wtd@westtruedragon.com,,,,,,,,,,,,,,,0,,,,,,,,,,,,,,,,,,,,,,,,,,,,,,
ORIEXPBAH,ORIENT EXPRESS LOGISTICS,Company,,BHBAH,ORIEXPBAH,,Commercial,,All Territories,,,,,,,,,,,,,,,,,,,,ORIEXPBAH,,,,,,,,,,,,,,,,,,,0,,,,,,,,,,,,,,,,,,,,,,,,,,,,,,
MITSINAFE,MITSUBISHI LOGISTICS SINGAPORE PTE LTD.,Company,,SGSIN,MITSINAFE,,Commercial,,All Territories,,,,,,,,,,,,,,,,,,,,MITSINAFE,,,,,,,,,,,,,,,,,,,0,,,,,,,,,,,,,,,,,,,,,,,,,,,,,,
LOGCHIEGE,LOGFRET CHI-FMC #007636NF,Company,,USEGE,LOGCHIEGE,,Commercial,,All Territories,,,,,,,,,,,,,,,,,,,,LOGCHIEGE,,,,,,,,,,,,,,,,,,,0,,,,,,,,,,,,,,,,,,,,,,,,,,,,,,
ASAFRENYC,"A.S.A.P. FREIGHT SYSTEMS, INC.",Company,,USNYC,ASAFRENYC,,Commercial,,All Territories,,,,,,,,,,,,,,,,,www.asapfrt.net,,,ASAFRENYC,,,,operations@asapfrt.net,,,,,,,,,,,,,,,0,,,,,,,,,,,,,,,,,,,,,,,,,,,,,,
SHAORISZX,SHANGHAI ORIENT INTERGROUP INT'L TRANSPORTATION,Company,,CNSZX,SHAORISZX,,Commercial,,All Territories,,,,,,,,,,,,,,,,,,,,SHAORISZX,,,+75 (582) 36-6321,,,,,,,,,,,,,,,,0,,,,,,,,,,,,,,,,,,,,,,,,,,,,,,
CARLOGXMN,CARGO - LOGISTICS (XIAMEN) CO. LTD.,Company,,CNXMN,CARLOGXMN,,Commercial,,All Territories,,,,,,,,,,,,,,,,,,,,CARLOGXMN,,,,,,,,,,,,,,,,,,,0,,,,,,,,,,,,,,,,,,,,,,,,,,,,,,
EASICFSEL,EASTREX - ICF (MALAYSIA) SDN BHD,Company,,MYSEL,EASICFSEL,,Commercial,,All Territories,,,,,,,,,,,,,,,,,,,,EASICFSEL,,,email: see contacts,,,,,,,,,,,,,,,,0,,,,,,,,,,,,,,,,,,,,,,,,,,,,,,
FALEXPJED,"FALCON EXPRESS LINES, INC.",Company,,SAJED,FALEXPJED,,Commercial,,All Territories,,,,,,,,,,,,,,,,,,,,FALEXPJED,,,,,,,,,,,,,,,,,,,0,,,,,,,,,,,,,,,,,,,,,,,,,,,,,,
AGILOGGVA,AGILITY LOGISTICS SA,Company,,CHGVA,AGILOGGVA,,Commercial,,All Territories,,,,,,,,,,,,,,,,,,,,AGILOGGVA,,,,,,,,,,,,,,,,,,,0,,,,,,,,,,,,,,,,,,,,,,,,,,,,,,
KORTRALAX,"KOREX TRANSPORT, INC.",Company,,USLAX,KORTRALAX,,Commercial,,All Territories,,,,,,,,,,,,,,,,,,,,KORTRALAX,,,,,,,,,,,,,,,,,,,0,,,,,,,,,,,,,,,,,,,,,,,,,,,,,,
KAMINTCHI,KAMINO INTERNATIONAL TRANSPORT INC.,Company,,USCHI,KAMINTCHI,,Commercial,,All Territories,,,,,,,,,,,,,,,,,,,,KAMINTCHI,,,,,,,,,,,,,,,,,,,0,,,,,,,,,,,,,,,,,,,,,,,,,,,,,,
MWTRANLAX,MW TRANSPORT,Company,,USLAX,MWTRANLAX,,Commercial,,All Territories,,,,,,,,,,,,,,,,,,,,MWTRANLAX,,,,,,,,,,,,,,,,,,,0,,,,,,,,,,,,,,,,,,,,,,,,,,,,,,
INTAGEBKK,INTERGROUP AGENCIES (THAILAND) LTD.,Company,,THBKK,INTAGEBKK,,Commercial,,All Territories,,,,,,,,,,,,,,,,,,,,INTAGEBKK,,,,,,,,,,,,,,,,,,,0,,,,,,,,,,,,,,,,,,,,,,,,,,,,,,
WAPLOGBKK,"WAP LOGISTICS (THAILAND) CO., LTD.",Company,,THBKK,WAPLOGBKK,,Commercial,,All Territories,,,,,,,,,,,,,,,,,,,,WAPLOGBKK,,,+66802433332,,,,,,,,,,,,,,,,0,,,,,,,,,,,,,,,,,,,,,,,,,,,,,,
FAREASZHE,FAR EAST INTERNATIONAL LINE,Company,,CNZHE,FAREASZHE,,Commercial,,All Territories,,,,,,,,,,,,,,,,,,,,FAREASZHE,,,,,,,,,,,,,,,,,,,0,,,,,,,,,,,,,,,,,,,,,,,,,,,,,,
MGIDACSEL,"MGI & DACHSER, INC.",Company,,KRSEL,MGIDACSEL,,Commercial,,All Territories,,,,,,,,,,,,,,,,,http://www.dachser.co.kr,,,MGIDACSEL,,,,ted.kim@dachser.co.kr,,,,,,,,,,,,,,,0,,,,,,,,,,,,,,,,,,,,,,,,,,,,,,
GRAINTMRS,GRAVELEAU INTERNATIONAL,Company,,FRMRS,GRAINTMRS,,Commercial,,All Territories,,,,,,,,,,,,,,,,,,,,GRAINTMRS,,,,expairseamarsi@graveleau.com,,,,,,,,,,,,,,,0,,,,,,,,,,,,,,,,,,,,,,,,,,,,,,
MIDAMEKWN,MID-AMERICA OVERSEAS CHINA LTD.,Company,,HKKWN,MIDAMEKWN,,Commercial,,All Territories,,,,,,,,,,,,,,,,,,,,MIDAMEKWN,,,,maohkbw@cyberec.com,,,,,,,,,,,,,,,0,,,,,,,,,,,,,,,,,,,,,,,,,,,,,,
AZUSHIYOK,"AZUMA SHIPPING CO., LTD",Company,,JPYOK,AZUSHIYOK,,Commercial,,All Territories,,,,,,,,,,,,,,,,,,,,AZUSHIYOK,,,,,,,,,,,,,,,,,,,0,,,,,,,,,,,,,,,,,,,,,,,,,,,,,,
DHLSINAFE,DHL GLOBAL FORWARDING (SINGAPORE) PTE LTD,Company,,SGSIN,DHLSINAFE,,Commercial,,All Territories,,,,,,,,,,,,,,,,,,,,DHLSINAFE,,,,,,,,,,,,,,,,,,,0,,,,,,,,,,,,,,,,,,,,,,,,,,,,,,
SHAYUASHG,"SHANGHAI YUANTAI-VISA INTERNATIONAL TRANSPORTATION AGENCIES CO., LTD",Company,,CNSHG,SHAYUASHG,,Commercial,,All Territories,,,,,,,,,,,,,,,,,,,,SHAYUASHG,,,,,,,,,,,,,,,,,,,0,,,,,,,,,,,,,,,,,,,,,,,,,,,,,,
MIDAMECHS,"MID-AMERICA OVERSEAS, INC",Company,,USCHS,MIDAMECHS,,Commercial,,All Territories,,,,,,,,,,,,,,,,,,,,MIDAMECHS,,,,,,,,,,,,,,,,,,,0,,,,,,,,,,,,,,,,,,,,,,,,,,,,,,
EMIMARBZA,EMITRADE MARKETING & TRANSPORTE INTERNACIONAL,Company,,USBZA,EMIMARBZA,,Commercial,,All Territories,,,,,,,,,,,,,,,,,,,,EMIMARBZA,,,,,,,,,,,,,,,,,,,0,,,,,,,,,,,,,,,,,,,,,,,,,,,,,,
COMLOGBOM,COMPASS LOGISTICS INTERNATIONAL,Company,,INBOM,COMLOGBOM,,Commercial,,All Territories,,,,,,,,,,,,,,,,,,,,COMLOGBOM,,,+919987520754,,,,,,,,,,,,,,,,0,,,,,,,,,,,,,,,,,,,,,,,,,,,,,,
STRTRAFRA,STRECK TRANSPORTGES MBH,Company,,DEFRA,STRTRAFRA,,Commercial,,All Territories,,,,,,,,,,,,,,,,,,,,STRTRAFRA,,,,,,,,,,,,,,,,,,,0,,,,,,,,,,,,,,,,,,,,,,,,,,,,,,
DAIEXPSEL,"DAIJIN EXPRESS CO., LTD.(HEAD OFFICE/SEA",Company,,KRSEL,DAIEXPSEL,,Commercial,,All Territories,,,,,,,,,,,,,,,,,,,,DAIEXPSEL,,,,daijin@daijinexpress.co.kr,,,,,,,,,,,,,,,0,,,,,,,,,,,,,,,,,,,,,,,,,,,,,,
SEAINTSHA,SEATRANS INT'L TRANSPORTATION (SHANGHAI),Company,,CNSHA,SEAINTSHA,,Commercial,,All Territories,,,,,,,,,,,,,,,,,,,,SEAINTSHA,,,,overseas2@seatrans.com.cn,,,,,,,,,,,,,,,0,,,,,,,,,,,,,,,,,,,,,,,,,,,,,,
KROINTMEX,KRONOZ INTERNACIONAL INC,Company,,MXMEX,KROINTMEX,,Commercial,,All Territories,,,,,,,,,,,,,,,,,,,,KROINTMEX,,,,,,,,,,,,,,,,,,,0,,,,,,,,,,,,,,,,,,,,,,,,,,,,,,
GONFRESFTLS,GONDRAND FRERES TOULOUSE (SEAFREIGHT),Company,,FRTLS,GONFRESFTLS,,Commercial,,All Territories,,,,,,,,,,,,,,,,,,,,GONFRESFTLS,,,,,,,,,,,,,,,,,,,0,,,,,,,,,,,,,,,,,,,,,,,,,,,,,,
CMASCAGOT,C.M.A SCANDINAVIA AB,Company,,SEGOT,CMASCAGOT,,Commercial,,All Territories,,,,,,,,,,,,,,,,,www.cmascand.se,,,CMASCAGOT,,,,info@cmascand.se,,,,,,,,,,,,,,,0,,,,,,,,,,,,,,,,,,,,,,,,,,,,,,
FSLWORKWI,FSL WORLDWIDE CO. LTD. (W.L.L),Company,,KWKWI,FSLWORKWI,,Commercial,,All Territories,,,,,,,,,,,,,,,,,,,,FSLWORKWI,,,,,,,,,,,,,,,,,,,0,,,,,,,,,,,,,,,,,,,,,,,,,,,,,,
AIRDXBAFE,AIRLINK INTERNATIONAL UAE,Company,,AEDXB,AIRDXBAFE,,Commercial,,All Territories,,,,,,,,,,,,,,,,,,,,AIRDXBAFE,,,,,,,,,,,,,,,,,,,0,,,,,,,,,,,,,,,,,,,,,,,,,,,,,,
SHYPPLRTM,SHYPPLE B.V,Company,,NLRTM,SHYPPLRTM,,Commercial,,All Territories,,,,,,,,,,,,,,,,,,,,SHYPPLRTM,,,,,,,,,,,,,,,,,,,0,,,,,,,,,,,,,,,,,,,,,,,,,,,,,,
INTINTFFSHA,INTERGLOBO INT'L FREIGHT FORWARDING,Company,,CNSHA,INTINTFFSHA,,Commercial,,All Territories,,,,,,,,,,,,,,,,,,,,INTINTFFSHA,,,,,,,,,,,,,,,,,,,0,,,,,,,,,,,,,,,,,,,,,,,,,,,,,,
CENTOTPKG,CENTURY TOTAL LOGISTICS SDN BHD.,Company,,MYPKG,CENTOTPKG,,Commercial,,All Territories,,,,,,,,,,,,,,,,,www.centurey.com.my,,,CENTOTPKG,,,+60122613775,,,,,,,,,,,,,,,,0,,,,,,,,,,,,,,,,,,,,,,,,,,,,,,
FRESYSBLR,FREIGHT SYSTEMS (INDIA) PVT. LTD.,Company,,INBLR,FRESYSBLR,,Commercial,,All Territories,,,,,,,,,,,,,,,,,,,,FRESYSBLR,,,,,,,,,,,,,,,,,,,0,,,,,,,,,,,,,,,,,,,,,,,,,,,,,,
CAREXPBGUM,CARGO EXPRESS (GUAM) INC. - WCA,Company,,GUGUM,CAREXPBGUM,,Commercial,,All Territories,,,,,,,,,,,,,,,,,,,,CAREXPBGUM,,,,ceigum@cargoexpressi.com,,,,,,,,,,,,,,,0,,,,,,,,,,,,,,,,,,,,,,,,,,,,,,
BONCANAFE,"BONDEX LOGISTICS CO., LTD.",Company,,CNCAN,BONCANAFE,,Commercial,,All Territories,,,,,,,,,,,,,,,,,,,,BONCANAFE,,,,jackie_huang@bondex.com.cn,,,,,,,,,,,,,,,0,,,,,,,,,,,,,,,,,,,,,,,,,,,,,,
ARMUSALAX,ARMADA USA LLC,Company,,USLAX,ARMUSALAX,,Commercial,,All Territories,,,,,,,,,,,,,,,,,,,,ARMUSALAX,,,,,,,,,,,,,,,,,,,0,,,,,,,,,,,,,,,,,,,,,,,,,,,,,,
ARIGLOJFK,"ARIES GLOBAL LOGISTICS, INC. (JFK)",Company,,USJFK,ARIGLOJFK,,Commercial,,All Territories,,,,,,,,,,,,,,,,,,,,ARIGLOJFK,,,,,,,,,,,,,,,,,,,0,,,,,,,,,,,,,,,,,,,,,,,,,,,,,,
CARSERIND,"CARGO SERVICE, INC.",Company,,USIND,CARSERIND,,Commercial,,All Territories,,,,,,,,,,,,,,,,,,,,CARSERIND,,,,,,,,,,,,,,,,,,,0,,,,,,,,,,,,,,,,,,,,,,,,,,,,,,
DACHEALEI,DACHSER PORTUGAL (HEAD OFFICE),Company,,PTLEI,DACHEALEI,,Commercial,,All Territories,,,,,,,,,,,,,,,,,,,,DACHEALEI,,,,,,,,,,,,,,,,,,,0,,,,,,,,,,,,,,,,,,,,,,,,,,,,,,
XIAXIAAFE,XI’AN AMCO MACHINE TOOLS,Company,,CNXIA,XIAXIAAFE,,Commercial,,All Territories,,,,,,,,,,,,,,,,,,,,XIAXIAAFE,,,,,,,,,,,,,,,,,,,0,,,,,,,,,,,,,,,,,,,,,,,,,,,,,,
GONFRENCE,GONDRAND FRERES- FRANCE,Company,,FRNCE,GONFRENCE,,Commercial,,All Territories,,,,,,,,,,,,,,,,,,,,GONFRENCE,,,,gondrand.nice@wanadoo.fr,,,,,,,,,,,,,,,0,,,,,,,,,,,,,,,,,,,,,,,,,,,,,,
WSLOGIFXT,WS LOGISTICS (PROCURUS) LTD,Company,,GBFXT,WSLOGIFXT,,Commercial,,All Territories,,,,,,,,,,,,,,,,,www.wsl-procurus.com,,,WSLOGIFXT,,,,,,,,,,,,,,,,,,,0,,,,,,,,,,,,,,,,,,,,,,,,,,,,,,
TRALINBOM,TRANSLOG LINES PVT LTD.,Company,,INBOM,TRALINBOM,,Commercial,,All Territories,,,,,,,,,,,,,,,,,,,,TRALINBOM,,,,alok@translog.in,,,,,,,,,,,,,,,0,,,,,,,,,,,,,,,,,,,,,,,,,,,,,,
OASRUHAFE,OASIS EXPRESS LOGISTICS SERVICES EST. [OTS CARGO MOVERS],Company,,SARUH,OASRUHAFE,,Commercial,,All Territories,,,,,,,,,,,,,,,,,,,,OASRUHAFE,,,,ameer@otscargo.com,,,,,,,,,,,,,,,0,,,,,,,,,,,,,,,,,,,,,,,,,,,,,,
SUGSINAFE,SUGINO MACHINE SINGAPORE PTE LTD,Company,,SGSIN,SUGSINAFE,,Commercial,,All Territories,,,,,,,,,,,,,,,,,,,,SUGSINAFE,,,+6597585240,,,,,,,,,,,,,,,,0,,,,,,,,,,,,,,,,,,,,,,,,,,,,,,
TAIQINNGB,"TAIZHOU QINJIN HOUSEWARES CO., LTD.",Company,,CNNGB,TAIQINNGB,,Commercial,,All Territories,,,,,,,,,,,,,,,,,,,,TAIQINNGB,,,,,,,,,,,,,,,,,,,0,,,,,,,,,,,,,,,,,,,,,,,,,,,,,,
ATATASISL,ATAT TASIMACILIK COZUMLERI A.S.,Company,,TRIST,ATATASISL,,Commercial,,All Territories,,,,,,,,,,,,,,,,,,,,ATATASISL,,,,,,,,,,,,,,,,,,,0,,,,,,,,,,,,,,,,,,,,,,,,,,,,,,
AMCARGBCN,A.M. CARGO BARCELONA,Company,,ESBCN,AMCARGBCN,,Commercial,,All Territories,,,,,,,,,,,,,,,,,,,,AMCARGBCN,,,,,,,,,,,,,,,,,,,0,,,,,,,,,,,,,,,,,,,,,,,,,,,,,,
HANEXPPUS,"HANSAENG EXPRESS CO.,LTD.",Company,,KRPUS,HANEXPPUS,,Commercial,,All Territories,,,,,,,,,,,,,,,,,,,,HANEXPPUS,,,+82234742671,amy@hansaeng.co.kr,,,,,,,,,,,,,,,0,,,,,,,,,,,,,,,,,,,,,,,,,,,,,,
COMMARLIS,COMPANIA MARITIMA DE CONTENTORES LTDA,Company,,PTLIS,COMMARLIS,,Commercial,,All Territories,,,,,,,,,,,,,,,,,,,,COMMARLIS,,,,contemar.lisbon@contemar.pt,,,,,,,,,,,,,,,0,,,,,,,,,,,,,,,,,,,,,,,,,,,,,,
HEBDATHEB,HEBEI DATIAN INTL TRANSPORTATION CO. LTD.,Company,,CNHEB,HEBDATHEB,,Commercial,,All Territories,,,,,,,,,,,,,,,,,,,,HEBDATHEB,,,,,,,,,,,,,,,,,,,0,,,,,,,,,,,,,,,,,,,,,,,,,,,,,,
SBSWORMID,SBS WORLDWIDE LTD.,Company,,GBMID,SBSWORMID,,Commercial,,All Territories,,,,,,,,,,,,,,,,,,,,SBSWORMID,,,,,,,,,,,,,,,,,,,0,,,,,,,,,,,,,,,,,,,,,,,,,,,,,,
COLINTYEA,COLE INTERNATIONAL INC.,Company,,CAEDM,COLINTYEA,,Commercial,,All Territories,,,,,,,,,,,,,,,,,,,,COLINTYEA,,,,kim.michalsky@cole.ca,,,,,,,,,,,,,,,0,,,,,,,,,,,,,,,,,,,,,,,,,,,,,,
INKLOGSIN,INKER LOGISTICS PTE LTD,Company,,SGSIN,INKLOGSIN,,Commercial,,All Territories,,,,,,,,,,,,,,,,,,,,INKLOGSIN,,,,,,,,,,,,,,,,,,,0,,,,,,,,,,,,,,,,,,,,,,,,,,,,,,
LEMERIPKT,LE MERIDIEN PHUKET BEACH RESORT,Company,,THPKT,LEMERIPKT,,Commercial,,All Territories,,,,,,,,,,,,,,,,,www.lemeridien.com,,,LEMERIPKT,,,,FITrsvn.phuketbeach@lemeridien.com,,,,,,,,,,,,,,,0,,,,,,,,,,,,,,,,,,,,,,,,,,,,,,
GRAINTPUF,GRAVELEAU INTERNATIONAL,Company,,FRPUF,GRAINTPUF,,Commercial,,All Territories,,,,,,,,,,,,,,,,,,,,GRAINTPUF,,,,commpaui@graveleau.com,,,,,,,,,,,,,,,0,,,,,,,,,,,,,,,,,,,,,,,,,,,,,,
MAYINTNJG,"MAYWELL INTERNATIONAL LOGISTICS CO., LTD",Company,,CNNJG,MAYINTNJG,,Commercial,,All Territories,,,,,,,,,,,,,,,,,,,,MAYINTNJG,,,,,,,,,,,,,,,,,,,0,,,,,,,,,,,,,,,,,,,,,,,,,,,,,,
UNILOGVEC1,UNIMASTER LOGISTICS KFT,Company,,HUVEC,UNILOGVEC1,,Commercial,,All Territories,,,,,,,,,,,,,,,,,,,,UNILOGVEC1,,,,,,,,,,,,,,,,,,,0,,,,,,,,,,,,,,,,,,,,,,,,,,,,,,
PIOEXPKHI,PIONEER EXPRESS (PVT) LTD. | SWIFT MOVERS (PVT) LTD,Company,,PKKHI,PIOEXPKHI,,Commercial,,All Territories,,,,,,,,,,,,,,,,,,,,PIOEXPKHI,,,,,,,,,,,,,,,,,,,0,,,,,,,,,,,,,,,,,,,,,,,,,,,,,,
USWLOGCVG,U.S.WORLDWIDE LOGISTICS INC.,Company,,USCVG,USWLOGCVG,,Commercial,,All Territories,,,,,,,,,,,,,,,,,,,,USWLOGCVG,,,,,,,,,,,,,,,,,,,0,,,,,,,,,,,,,,,,,,,,,,,,,,,,,,
CHLFREBLR,CHLORIS FREIGHT CONSOLIDATORS (I) PVT LTD,Company,,INBLR,CHLFREBLR,,Commercial,,All Territories,,,,,,,,,,,,,,,,,,,,CHLFREBLR,,,,,,,,,,,,,,,,,,,0,,,,,,,,,,,,,,,,,,,,,,,,,,,,,,
MILLOGSPL,MILESTONE LOGISTICS,Company,,NLSPL,MILLOGSPL,,Commercial,,All Territories,,,,,,,,,,,,,,,,,,,,MILLOGSPL,,,,,,,,,,,,,,,,,,,0,,,,,,,,,,,,,,,,,,,,,,,,,,,,,,
BETFULDLC,"BETTERENT FULL SHIPPING CO., LTD",Company,,CNDAL,BETFULDLC,,Commercial,,All Territories,,,,,,,,,,,,,,,,,,,,BETFULDLC,,,+8641162895782,,,,,,,,,,,,,,,,0,,,,,,,,,,,,,,,,,,,,,,,,,,,,,,
LJMLOGFDW,"LJM LOGISTICS USA, INC.",Company,,USFDW,LJMLOGFDW,,Commercial,,All Territories,,,,,,,,,,,,,,,,,,,,LJMLOGFDW,,,+206 518 7063,mark.perderson@ljmlogistics.us,,,,,,,,,,,,,,,0,,,,,,,,,,,,,,,,,,,,,,,,,,,,,,
ARASHIKWI,ARABITAL SHIPPING,Company,,KWKWI,ARASHIKWI,,Commercial,,All Territories,,,,,,,,,,,,,,,,,,,,ARASHIKWI,,,,,,,,,,,,,,,,,,,0,,,,,,,,,,,,,,,,,,,,,,,,,,,,,,
GONFREMRS,GONDRAND FRERES,Company,,FRMRS,GONFREMRS,,Commercial,,All Territories,,,,,,,,,,,,,,,,,,,,GONFREMRS,,,,gondrand_air_mrs@compuserve.com,,,,,,,,,,,,,,,0,,,,,,,,,,,,,,,,,,,,,,,,,,,,,,
INTCARCAS,INTERNATIONAL CARGO LOGISTICS,Company,,MACAS,INTCARCAS,,Commercial,,All Territories,,,,,,,,,,,,,,,,,www.intl-cargo-logistics.com,,,INTCARCAS,,,,tijani@int-cargo-logistics.com,,,,,,,,,,,,,,,0,,,,,,,,,,,,,,,,,,,,,,,,,,,,,,
FINLOGJKT,FIN LOGISTICS (HQ)NO LONGER WIN A MEMBER,Company,,IDJKT,FINLOGJKT,,Commercial,,All Territories,,,,,,,,,,,,,,,,,,,,FINLOGJKT,,,,see contacts / web site: www.finlogistics.co.id,,,,,,,,,,,,,,,0,,,,,,,,,,,,,,,,,,,,,,,,,,,,,,
FREIGHSIN,FREIGHTMEN PTE LTD,Company,,SGSIN,FREIGHSIN,,Commercial,,All Territories,,,,,,,,,,,,,,,,,http://www.freightmen.com.sg,,,FREIGHSIN,,,+6598305225,tony.tan@freightmen.com.sg,,,,,,,,,,,,,,,0,,,,,,,,,,,,,,,,,,,,,,,,,,,,,,
KAMINTMUC,KAMINO INTERNATIONAL LOGISTICS,Company,,DEMUC,KAMINTMUC,,Commercial,,All Territories,,,,,,,,,,,,,,,,,www.kamino.de,,,KAMINTMUC,,,,info@kamino.de,,,,,,,,,,,,,,,0,,,,,,,,,,,,,,,,,,,,,,,,,,,,,,
QUISILDEL,QUICK SILVER FREIGHT SYSTEMS PVT. LTD,Company,,INDEL,QUISILDEL,,Commercial,,All Territories,,,,,,,,,,,,,,,,,,,,QUISILDEL,,,+919818418077,delhi@quicksilverservices.com,,,,,,,,,,,,,,,0,,,,,,,,,,,,,,,,,,,,,,,,,,,,,,
UNIEXPTPE,UNITED EXPRESS HOLDING CO. LTD (TAIPEI),Company,,TWTPE,UNIEXPTPE,,Commercial,,All Territories,,,,,,,,,,,,,,,,,,,,UNIEXPTPE,,,,,,,,,,,,,,,,,,,0,,,,,,,,,,,,,,,,,,,,,,,,,,,,,,
KIBKUTJED,KIB KUTBI FOR INTERNATIONAL BUSINESS,Company,,SAJED,KIBKUTJED,,Commercial,,All Territories,,,,,,,,,,,,,,,,,,,,KIBKUTJED,,,,,,,,,,,,,,,,,,,0,,,,,,,,,,,,,,,,,,,,,,,,,,,,,,
UNIWORSEL,UNITED WORLD FREIGHT & LOGISTICS,Company,,MYSEL,UNIWORSEL,,Commercial,,All Territories,,,,,,,,,,,,,,,,,,,,UNIWORSEL,,,,,,,,,,,,,,,,,,,0,,,,,,,,,,,,,,,,,,,,,,,,,,,,,,
MULSHASHA,MULTIFREIGHT SHANGHAI (APC) BRANCH,Company,,CNSHA,MULSHASHA,,Commercial,,All Territories,,,,,,,,,,,,,,,,,,,,MULSHASHA,,,,,,,,,,,,,,,,,,,0,,,,,,,,,,,,,,,,,,,,,,,,,,,,,,
ARCLOGSHA,ARCH LOGISTICS CO LTD,Company,,CNSHA,ARCLOGSHA,,Commercial,,All Territories,,,,,,,,,,,,,,,,,,,,ARCLOGSHA,,,,,,,,,,,,,,,,,,,0,,,,,,,,,,,,,,,,,,,,,,,,,,,,,,
DYNEXPNYC,DYNASTY EXPRESS INT’L CORP.,Company,,USNYC,DYNEXPNYC,,Commercial,,All Territories,,,,,,,,,,,,,,,,,,,,DYNEXPNYC,,,,,,,,,,,,,,,,,,,0,,,,,,,,,,,,,,,,,,,,,,,,,,,,,,
EGEBLATLS,EGETRA TOULOUSE BLAGNAC,Company,,FRTLS,EGEBLATLS,,Commercial,,All Territories,,,,,,,,,,,,,,,,,,,,EGEBLATLS,,,,,,,,,,,,,,,,,,,0,,,,,,,,,,,,,,,,,,,,,,,,,,,,,,
ALLNIPNRT,ALL NIPPON AIRWAYS LTD,Company,,JPTYO,ALLNIPNRT,,Commercial,,All Territories,,,,,,,,,,,,,,,,,,,,ALLNIPNRT,,,,paulasantiago.mnl@asiagsa.com,,,,,,,,,,,,,,,0,,,,,,,,,,,,,,,,,,,,,,,,,,,,,,
ACTLOGWDH,ACT LOGISTICS,Company,,NAWDH,ACTLOGWDH,,Commercial,,All Territories,,,,,,,,,,,,,,,,,,,,ACTLOGWDH,,,,,,,,,,,,,,,,,,,0,,,,,,,,,,,,,,,,,,,,,,,,,,,,,,
ASSTRAROI,ASSOCIATED TRANSPORTS (AIR),Company,,FRROI,ASSTRAROI,,Commercial,,All Territories,,,,,,,,,,,,,,,,,,,,ASSTRAROI,,,,,,,,,,,,,,,,,,,0,,,,,,,,,,,,,,,,,,,,,,,,,,,,,,
SUNLOGSEL,"SUNJIN LOGISTICS CO., LTD.",Company,,KRSEL,SUNLOGSEL,,Commercial,,All Territories,,,,,,,,,,,,,,,,,,,,SUNLOGSEL,,,,,,,,,,,,,,,,,,,0,,,,,,,,,,,,,,,,,,,,,,,,,,,,,,
ASECARSYD,ASEAN CARGO PTY LIMITED,Company,,AUSYD,ASECARSYD,,Commercial,,All Territories,,,,,,,,,,,,,,,,,,,,ASECARSYD,,,,,,,,,,,,,,,,,,,0,,,,,,,,,,,,,,,,,,,,,,,,,,,,,,
MANLOGISL,"MANUPORT LOGISTICS SERVICES CO., LTD.",Company,,TRIST,MANLOGISL,,Commercial,,All Territories,,,,,,,,,,,,,,,,,,,,MANLOGISL,,,,e.ergenc@manuport-logistics.com.tr,,,,,,,,,,,,,,,0,,,,,,,,,,,,,,,,,,,,,,,,,,,,,,
REALOGNGB,REALCO LOGISTICS LTD.,Company,,CNNGB,REALOGNGB,,Commercial,,All Territories,,,,,,,,,,,,,,,,,,,,REALOGNGB,,,,,,,,,,,,,,,,,,,0,,,,,,,,,,,,,,,,,,,,,,,,,,,,,,
KNEXPOTLV,KN EXPO & EVENT LOGISTICS,Company,,ILTLV,KNEXPOTLV,,Commercial,,All Territories,,,,,,,,,,,,,,,,,,,,KNEXPOTLV,,,,,,,,,,,,,,,,,,,0,,,,,,,,,,,,,,,,,,,,,,,,,,,,,,
LOGJAPNRT,"LOGICESS JAPAN CO., LTD.",Company,,JPTYO,LOGJAPNRT,,Commercial,,All Territories,,,,,,,,,,,,,,,,,,,,LOGJAPNRT,,,,,,,,,,,,,,,,,,,0,,,,,,,,,,,,,,,,,,,,,,,,,,,,,,
UNIAIROSA,"UNITED AIR CARGO CONSOLIDATORS, INC.",Company,,JPOSA,UNIAIROSA,,Commercial,,All Territories,,,,,,,,,,,,,,,,,,,,UNIAIROSA,,,,,,,,,,,,,,,,,,,0,,,,,,,,,,,,,,,,,,,,,,,,,,,,,,
CAMINTXRX,CAMAIEU INTERNATIONAL SAS,Company,,FRROU,CAMINTXRX,,Commercial,,All Territories,,,,,,,,,,,,,,,,,,,,CAMINTXRX,,,,,,,,,,,,,,,,,,,0,,,,,,,,,,,,,,,,,,,,,,,,,,,,,,
TRISTOSHA,TRIPLE STONE INTERNATIONAL LOGISTICS COMPANY LMTD,Company,,CNSHA,TRISTOSHA,,Commercial,,All Territories,,,,,,,,,,,,,,,,,,,,TRISTOSHA,,,,,,,,,,,,,,,,,,,0,,,,,,,,,,,,,,,,,,,,,,,,,,,,,,
SEAFORCBR,SEABOURNE FORWARDING LTD,Company,,GBCBR,SEAFORCBR,,Commercial,,All Territories,,,,,,,,,,,,,,,,,,,,SEAFORCBR,,,,,,,,,,,,,,,,,,,0,,,,,,,,,,,,,,,,,,,,,,,,,,,,,,
GONDUKBOA,GONDRAND UK,Company,,GBBOA,GONDUKBOA,,Commercial,,All Territories,,,,,,,,,,,,,,,,,,,,GONDUKBOA,,,,,,,,,,,,,,,,,,,0,,,,,,,,,,,,,,,,,,,,,,,,,,,,,,
INTSPABLQ,INTERCOSPED S.P.A (BOLOGNA),Company,,ITBLQ,INTSPABLQ,,Commercial,,All Territories,,,,,,,,,,,,,,,,,,,,INTSPABLQ,,,,,,,,,,,,,,,,,,,0,,,,,,,,,,,,,,,,,,,,,,,,,,,,,,
MLMILLAMS,ML MILESTONE LOGISTICS B.V.,Company,,NLAMS,MLMILLAMS,,Commercial,,All Territories,,,,,,,,,,,,,,,,,,,,MLMILLAMS,,,,air@milestonelogistics.nl,,,,,,,,,,,,,,,0,,,,,,,,,,,,,,,,,,,,,,,,,,,,,,
DGLCLEAUH,DGL CLEARING & FORWARDING L.L.C,Company,,AEAUH,DGLCLEAUH,,Commercial,,All Territories,,,,,,,,,,,,,,,,,,,,DGLCLEAUH,,,,,,,,,,,,,,,,,,,0,,,,,,,,,,,,,,,,,,,,,,,,,,,,,,
PROCHESZX,PROFIT CHEER INTERNATIONAL FREIGHT,Company,,CNSZX,PROCHESZX,,Commercial,,All Territories,,,,,,,,,,,,,,,,,,,,PROCHESZX,,,,,,,,,,,,,,,,,,,0,,,,,,,,,,,,,,,,,,,,,,,,,,,,,,
DHLFRAAFE,DHL TRADE FAIRS & EVENTS GMBH,Company,,DEFRA,DHLFRAAFE,,Commercial,,All Territories,,,,,,,,,,,,,,,,,,,,DHLFRAAFE,,,,,,,,,,,,,,,,,,,0,,,,,,,,,,,,,,,,,,,,,,,,,,,,,,
MILOGINYC,MI LOGIX INC.,Company,,USNYC,MILOGINYC,,Commercial,,All Territories,,,,,,,,,,,,,,,,,,,,MILOGINYC,,,,,,,,,,,,,,,,,,,0,,,,,,,,,,,,,,,,,,,,,,,,,,,,,,
GREASIHKG,GREENCARRIER ASIA LTD,Company,,HKHKG,GREASIHKG,,Commercial,,All Territories,,,,,,,,,,,,,,,,,www.greencarrier.com,,,GREASIHKG,,,,,,,,,,,,,,,,,,,0,,,,,,,,,,,,,,,,,,,,,,,,,,,,,,
DACKORSEL,DACHSER KOREA INC,Company,,KRSEL,DACKORSEL,,Commercial,,All Territories,,,,,,,,,,,,,,,,,,,,DACKORSEL,,,,,,,,,,,,,,,,,,,0,,,,,,,,,,,,,,,,,,,,,,,,,,,,,,
STRTRARAU,STRECK TRANSPORTGES MBH,Company,,DERAU,STRTRARAU,,Commercial,,All Territories,,,,,,,,,,,,,,,,,www.streck-transport.com,,,STRTRARAU,,,,,,,,,,,,,,,,,,,0,,,,,,,,,,,,,,,,,,,,,,,,,,,,,,
NINHUANBO,NINGBO HUANJI INT'L FORWARDING AGENCY CO,Company,,CNNBO,NINHUANBO,,Commercial,,All Territories,,,,,,,,,,,,,,,,,,,,NINHUANBO,,,,wing.ovs@nb-hj.com,,,,,,,,,,,,,,,0,,,,,,,,,,,,,,,,,,,,,,,,,,,,,,
INTTRAKUL,INTERGLOBO TRANSUNION (M) SDN BHD,Company,,MYKUL,INTTRAKUL,,Commercial,,All Territories,,,,,,,,,,,,,,,,,,,,INTTRAKUL,,,,mymy@inter-union.com,,,,,,,,,,,,,,,0,,,,,,,,,,,,,,,,,,,,,,,,,,,,,,
SPEGLOAZS,SPEDMAN GLOBAL LOGISTICS A/S,Company,,DKAZS,SPEGLOAZS,,Commercial,,All Territories,,,,,,,,,,,,,,,,,,,,SPEGLOAZS,,,,,,,,,,,,,,,,,,,0,,,,,,,,,,,,,,,,,,,,,,,,,,,,,,
MULINDJKT1,PT. MULTIMODATRANS INDONESIA,Company,,IDJKT,MULINDJKT1,,Commercial,,All Territories,,,,,,,,,,,,,,,,,,,,MULINDJKT1,,,,,,,,,,,,,,,,,,,0,,,,,,,,,,,,,,,,,,,,,,,,,,,,,,
MIDAMEMIA,"MID-AMERICA OVERSEAS, INC.",Company,,USMIA,MIDAMEMIA,,Commercial,,All Territories,,,,,,,,,,,,,,,,,,,,MIDAMEMIA,,,,mao_mia@maoinc.com,,,,,,,,,,,,,,,0,,,,,,,,,,,,,,,,,,,,,,,,,,,,,,
ESANGLICN,E-SAN GLOBAL LOGISTICS CO. LTD.,Company,,KRICN,ESANGLICN,,Commercial,,All Territories,,,,,,,,,,,,,,,,,,,,ESANGLICN,,,,,,,,,,,,,,,,,,,0,,,,,,,,,,,,,,,,,,,,,,,,,,,,,,
AONEGLSEL,A-ONE GLOBIS CO. LTD.,Company,,KRSEL,AONEGLSEL,,Commercial,,All Territories,,,,,,,,,,,,,,,,,,,,AONEGLSEL,,,,,,,,,,,,,,,,,,,0,,,,,,,,,,,,,,,,,,,,,,,,,,,,,,
MAIUSANWMIA,MAINFREIGHT USA (FORMERLY TARGET LOGISTICS SVCS),Company,,USMIA,MAIUSANWMIA,,Commercial,,All Territories,,,,,,,,,,,,,,,,,,,,MAIUSANWMIA,,,,,,,,,,,,,,,,,,,0,,,,,,,,,,,,,,,,,,,,,,,,,,,,,,
MAPGLOATL,MAPCARGO GLOBAL LOGISTICS (ATLANTA),Company,,USATL,MAPGLOATL,,Commercial,,All Territories,,,,,,,,,,,,,,,,,,,,MAPGLOATL,,,,max@mapcargo.com,,,,,,,,,,,,,,,0,,,,,,,,,,,,,,,,,,,,,,,,,,,,,,
SFSGLOAFE,SFS GLOBAL LOGISTICS PTE LTD,Company,,SGSIN,SFSGLOAFE,,Commercial,,All Territories,,,,,,,,,,,,,,,,,,,,SFSGLOAFE,,,,wendy.tan@sfsgl.com,,,,,,,,,,,,,,,0,,,,,,,,,,,,,,,,,,,,,,,,,,,,,,
AIRCATBWN,AIR CAT FORWARDING,Company,,BNBWN,AIRCATBWN,,Commercial,,All Territories,,,,,,,,,,,,,,,,,www.aircat.com.bn,,,AIRCATBWN,,,,enquiries@aircat.com.bn,,,,,,,,,,,,,,,0,,,,,,,,,,,,,,,,,,,,,,,,,,,,,,
TARITAVMD,TARGET ITALIA SRL,Company,,ITVMD,TARITAVMD,,Commercial,,All Territories,,,,,,,,,,,,,,,,,,,,TARITAVMD,,,,,,,,,,,,,,,,,,,0,,,,,,,,,,,,,,,,,,,,,,,,,,,,,,
APCASISHA,APC ASIA PACIFIC CARGO (SHANGHAI) LTD.,Company,,CNSHA,APCASISHA,,Commercial,,All Territories,,,,,,,,,,,,,,,,,,,,APCASISHA,,,,,,,,,,,,,,,,,,,0,,,,,,,,,,,,,,,,,,,,,,,,,,,,,,
CRAWORKLA,CRANE WORLDWIDE LOGISTICS (M) SDN BHD,Company,,MYKLA,CRAWORKLA,,Commercial,,All Territories,,,,,,,,,,,,,,,,,,,,CRAWORKLA,,,,,,,,,,,,,,,,,,,0,,,,,,,,,,,,,,,,,,,,,,,,,,,,,,
FRESYSDXB,"FREIGHT SYSTEMS CO., LTD./HQ OFFICE",Company,,AEDXB,FRESYSDXB,,Commercial,,All Territories,,,,,,,,,,,,,,,,,,,,FRESYSDXB,,,,info@freightsystems.com,,,,,,,,,,,,,,,0,,,,,,,,,,,,,,,,,,,,,,,,,,,,,,
TARWORSHA,TARGET WORLDWIDE SHANGHAI INTERNATIONAL,Company,,CNSHA,TARWORSHA,,Commercial,,All Territories,,,,,,,,,,,,,,,,,,,,TARWORSHA,,,,sha.export@targetchina.com.cn,,,,,,,,,,,,,,,0,,,,,,,,,,,,,,,,,,,,,,,,,,,,,,
LAUNEGLOM,LAURENT NEGRIN,Company,,BGLOM,LAUNEGLOM,,Commercial,,All Territories,,,,,,,,,,,,,,,,,,,,LAUNEGLOM,,,+393491541196,Laurent.Negrin@stefanoricci.com,,,,,,,,,,,,,,,0,,,,,,,,,,,,,,,,,,,,,,,,,,,,,,
CTOGLOPEN,CTO GLOBAL LOGISTICS,Company,,MYPEN,CTOGLOPEN,,Commercial,,All Territories,,,,,,,,,,,,,,,,,,,,CTOGLOPEN,,,,,,,,,,,,,,,,,,,0,,,,,,,,,,,,,,,,,,,,,,,,,,,,,,
KRIZVITUG,KRISTOFFER ZVICKELL,Company,,SETUG,KRIZVITUG,,Commercial,,All Territories,,,,,,,,,,,,,,,,,,,,KRIZVITUG,,,,,,,,,,,,,,,,,,,0,,,,,,,,,,,,,,,,,,,,,,,,,,,,,,
CTSINTTAO,"CTS INTERNATIONAL LOGISTICS CO., LTD. QINGDAO BR.",Company,,CNTAO,CTSINTTAO,,Commercial,,All Territories,,,,,,,,,,,,,,,,,,,,CTSINTTAO,,,,,,,,,,,,,,,,,,,0,,,,,,,,,,,,,,,,,,,,,,,,,,,,,,
UNIFREKEL,"UNI-FREIGHT LOGISTICS CO.,LTD",Company,,TWKEL,UNIFREKEL,,Commercial,,All Territories,,,,,,,,,,,,,,,,,,,,UNIFREKEL,,,,,,,,,,,,,,,,,,,0,,,,,,,,,,,,,,,,,,,,,,,,,,,,,,
JOSTRACEB,JOSHUAFETER TRADING,Company,,PHCEB,JOSTRACEB,,Commercial,,All Territories,,,,,,,,,,,,,,,,,,,,JOSTRACEB,,,,,,,,,,,,,,,,,,,0,,,,,,,,,,,,,,,,,,,,,,,,,,,,,,
UNILOGDEL,UNITEX LOGISTICS INDIA PVT LTD.,Company,,INDEL,UNILOGDEL,,Commercial,,All Territories,,,,,,,,,,,,,,,,,,,,UNILOGDEL,,,,,,,,,,,,,,,,,,,0,,,,,,,,,,,,,,,,,,,,,,,,,,,,,,
SHASJKSHA,SHANGHAI SJK INT'L TRANSPORTATION CO LTD,Company,,CNSHA,SHASJKSHA,,Commercial,,All Territories,,,,,,,,,,,,,,,,,,,,SHASJKSHA,,,,,,,,,,,,,,,,,,,0,,,,,,,,,,,,,,,,,,,,,,,,,,,,,,
96SHIPBKK,"96 SHIPPING TRANSPORT CO.,LTD.",Company,,THBKK,96SHIPBKK,,Commercial,,All Territories,,,,,,,,,,,,,,,,,,,,96SHIPBKK,,,,,,,,,,,,,,,,,,,0,,,,,,,,,,,,,,,,,,,,,,,,,,,,,,
SOLGLOTPE,SOLAR GLOBAL LOGISTICS  LTD.,Company,,TWTPE,SOLGLOTPE,,Commercial,,All Territories,,,,,,,,,,,,,,,,,,,,SOLGLOTPE,,,,,,,,,,,,,,,,,,,0,,,,,,,,,,,,,,,,,,,,,,,,,,,,,,
INFCARSZX,INFINITY CARGO LOGISTICS (CHINA) LTD.,Company,,CNSNZ,INFCARSZX,,Commercial,,All Territories,,,,,,,,,,,,,,,,,,,,INFCARSZX,,,,,,,,,,,,,,,,,,,0,,,,,,,,,,,,,,,,,,,,,,,,,,,,,,
ALLCARSHA,ALLTRANS CARGO (HK) LTD.(SHA REP OFC),Company,,CNSHA,ALLCARSHA,,Commercial,,All Territories,,,,,,,,,,,,,,,,,,,,ALLCARSHA,,,,,,,,,,,,,,,,,,,0,,,,,,,,,,,,,,,,,,,,,,,,,,,,,,
NINDASNGB,NINGBO DASHING INTERNATIONAL LOGISTICS CO. LTD.,Company,,CNNGB,NINDASNGB,,Commercial,,All Territories,,,,,,,,,,,,,,,,,www.nbdashing.com,,,NINDASNGB,,,,,,,,,,,,,,,,,,,0,,,,,,,,,,,,,,,,,,,,,,,,,,,,,,
EFLGLOJKT,EFL GLOBAL INDONESIA,Company,,IDJKT,EFLGLOJKT,,Commercial,,All Territories,,,,,,,,,,,,,,,,,,,,EFLGLOJKT,,,,,,,,,,,,,,,,,,,0,,,,,,,,,,,,,,,,,,,,,,,,,,,,,,
LLSTEAPFO,LLS TEAM GMBH,Company,,DEPFO,LLSTEAPFO,,Commercial,,All Territories,,,,,,,,,,,,,,,,,,,,LLSTEAPFO,,,,,,,,,,,,,,,,,,,0,,,,,,,,,,,,,,,,,,,,,,,,,,,,,,
BRAINTISW,BRAHM INTERNATIONAL,Company,,USISW,BRAINTISW,,Commercial,,All Territories,,,,,,,,,,,,,,,,,,,,BRAINTISW,,,,info@brahmintl.com,,,,,,,,,,,,,,,0,,,,,,,,,,,,,,,,,,,,,,,,,,,,,,
APCASIKWN,APC ASIA PACIFIC CARGO (HK) LTD.,Company,,HKKWN,APCASIKWN,,Commercial,,All Territories,,,,,,,,,,,,,,,,,,,,APCASIKWN,,,,,,,,,,,,,,,,,,,0,,,,,,,,,,,,,,,,,,,,,,,,,,,,,,
SDVFAIQZV,SDV FAIRS & EVENTS,Company,,FRROI,SDVFAIQZV,,Commercial,,All Territories,,,,,,,,,,,,,,,,,,,,SDVFAIQZV,,,,m.sorrenti@sdv.com,,,,,,,,,,,,,,,0,,,,,,,,,,,,,,,,,,,,,,,,,,,,,,
LAMTRAZRH,LAMPRECHT TRANSPORT LTD.,Company,,CHZRH,LAMTRAZRH,,Commercial,,All Territories,,,,,,,,,,,,,,,,,,,,LAMTRAZRH,,,,anita.aschwanden@lamprecht.ch,,,,,,,,,,,,,,,0,,,,,,,,,,,,,,,,,,,,,,,,,,,,,,
SENINTBER,SENATOR INTERNATIONAL SPEDITION GMBH,Company,,DEBER,SENINTBER,,Commercial,,All Territories,,,,,,,,,,,,,,,,,,,,SENINTBER,,,,,,,,,,,,,,,,,,,0,,,,,,,,,,,,,,,,,,,,,,,,,,,,,,
GENERTQZV,GENERTRANS,Company,,FRROI,GENERTQZV,,Commercial,,All Territories,,,,,,,,,,,,,,,,,,,,GENERTQZV,,,,,,,,,,,,,,,,,,,0,,,,,,,,,,,,,,,,,,,,,,,,,,,,,,
GEICARSIN,GEIS CARGO (FAR EAST) PTE LTD.,Company,,SGSIN,GEICARSIN,,Commercial,,All Territories,,,,,,,,,,,,,,,,,,,,GEICARSIN,,,,,,,,,,,,,,,,,,,0,,,,,,,,,,,,,,,,,,,,,,,,,,,,,,
KINLOGHKG,KINGWOOD LOGISTICS LTD.,Company,,HKHKG,KINLOGHKG,,Commercial,,All Territories,,,,,,,,,,,,,,,,,,,,KINLOGHKG,,,,,,,,,,,,,,,,,,,0,,,,,,,,,,,,,,,,,,,,,,,,,,,,,,
ECXGLOPJA,ECX GLOBAL FORWARDING (M) SDN. BHD.,Company,,MYPJA,ECXGLOPJA,,Commercial,,All Territories,,,,,,,,,,,,,,,,,,,,ECXGLOPJA,,,,,,,,,,,,,,,,,,,0,,,,,,,,,,,,,,,,,,,,,,,,,,,,,,
TMCCONXWL,TMCL CONTAINER LINES AB,Company,,SEGOT,TMCCONXWL,,Commercial,,All Territories,,,,,,,,,,,,,,,,,www.tmcl.eu,,,TMCCONXWL,,,,pre-axelandersson@tmcl.eu,,,,,,,,,,,,,,,0,,,,,,,,,,,,,,,,,,,,,,,,,,,,,,
EXPFREBLR,EXPO FREIGHT PRIVATE LTD,Company,,INBLR,EXPFREBLR,,Commercial,,All Territories,,,,,,,,,,,,,,,,,,,,EXPFREBLR,,,,ucl.blr@ucl-india.com,,,,,,,,,,,,,,,0,,,,,,,,,,,,,,,,,,,,,,,,,,,,,,
SOJLOGNRT,SOJITZ LOGISTICS CORPORATION,Company,,JPTYO,SOJLOGNRT,,Commercial,,All Territories,,,,,,,,,,,,,,,,,,,,SOJLOGNRT,,,,,,,,,,,,,,,,,,,0,,,,,,,,,,,,,,,,,,,,,,,,,,,,,,
GONDOUNVE,GONDRAND DOUANE AGENCE,Company,,BENVE,GONDOUNVE,,Commercial,,All Territories,,,,,,,,,,,,,,,,,,,,GONDOUNVE,,,,,,,,,,,,,,,,,,,0,,,,,,,,,,,,,,,,,,,,,,,,,,,,,,
TRISHIPKG,TRISTAN SHIPPING AGENCIES SDN BHD,Company,,MYPKG,TRISHIPKG,,Commercial,,All Territories,,,,,,,,,,,,,,,,,,,,TRISHIPKG,,,,,,,,,,,,,,,,,,,0,,,,,,,,,,,,,,,,,,,,,,,,,,,,,,
CARMODTOA,CARGO MODULES LLC,Company,,USTOA,CARMODTOA,,Commercial,,All Territories,,,,,,,,,,,,,,,,,www.cargomodules.com,,,CARMODTOA,,,+13108970767,werner.staub@cargomodules.com,,,,,,,,,,,,,,,0,,,,,,,,,,,,,,,,,,,,,,,,,,,,,,
GBSLOGSEL,"GBS LOGISTICS CO.,LTD.",Company,,KRSEL,GBSLOGSEL,,Commercial,,All Territories,,,,,,,,,,,,,,,,,,,,GBSLOGSEL,,,,jessica@gbslogistics.co.kr,,,,,,,,,,,,,,,0,,,,,,,,,,,,,,,,,,,,,,,,,,,,,,
CLASQULYS,CLASQUIN LYS,Company,,FRLYS,CLASQULYS,,Commercial,,All Territories,,,,,,,,,,,,,,,,,,,,CLASQULYS,,,,,,,,,,,,,,,,,,,0,,,,,,,,,,,,,,,,,,,,,,,,,,,,,,
SENINTSGN,SENATOR INTERNATIONAL LOGISTICS CO LTD,Company,,VNSGN,SENINTSGN,,Commercial,,All Territories,,,,,,,,,,,,,,,,,,,,SENINTSGN,,,,,,,,,,,,,,,,,,,0,,,,,,,,,,,,,,,,,,,,,,,,,,,,,,
MOBPJAAFE,MOBA ASIA SDN BHD,Company,,MYPJA,MOBPJAAFE,,Commercial,,All Territories,,,,,,,,,,,,,,,,,,,,MOBPJAAFE,,,,yeo.gs@asia.moba.com.my,,,,,,,,,,,,,,,0,,,,,,,,,,,,,,,,,,,,,,,,,,,,,,
L98BROCEB,L98 BROKERAGE AND LOGISTICS INC.,Company,,PHCEB,L98BROCEB,,Commercial,,All Territories,,,,,,,,,,,,,,,,,,,,L98BROCEB,,,,,,,,,,,,,,,,,,,0,,,,,,,,,,,,,,,,,,,,,,,,,,,,,,
CENEXPSZX,CENTURY EXPRESS LOGISTICS CO LTD (CEFT),Company,,CNSZX,CENEXPSZX,,Commercial,,All Territories,,,,,,,,,,,,,,,,,,,,CENEXPSZX,,,,shenzhen@ceftlogistics.com,,,,,,,,,,,,,,,0,,,,,,,,,,,,,,,,,,,,,,,,,,,,,,
COMLOGBLR,COMPASS LOGISTICS PVT. LTD.,Company,,INBLR,COMLOGBLR,,Commercial,,All Territories,,,,,,,,,,,,,,,,,,,,COMLOGBLR,,,,,,,,,,,,,,,,,,,0,,,,,,,,,,,,,,,,,,,,,,,,,,,,,,
MAXGLOMNL,"MAX GLOBALTRANS, INC.",Company,,PHMNL,MAXGLOMNL,,Commercial,,All Territories,,,,,,,,,,,,,,,,,,,,MAXGLOMNL,,,,,,,,,,,,,,,,,,,0,,,,,,,,,,,,,,,,,,,,,,,,,,,,,,
THALUKLHR,THALES UK LIMITED,Company,,GBLHR,THALUKLHR,,Commercial,,All Territories,,,,,,,,,,,,,,,,,,,,THALUKLHR,,,,,,,,,,,,,,,,,,,0,,,,,,,,,,,,,,,,,,,,,,,,,,,,,,
HELWORCMB,HELLMANN WORLDWIDE LOGISTICS (PVT) LTD.(HEAD OFCE),Company,,LKCMB,HELWORCMB,,Commercial,,All Territories,,,,,,,,,,,,,,,,,www.hellmann.net,,,HELWORCMB,,,,contactus@lk.hellmann.ent,,,,,,,,,,,,,,,0,,,,,,,,,,,,,,,,,,,,,,,,,,,,,,
PRAKAMAFE,PRAN EXPORTS LTD,Company,,BDKAM,PRAKAMAFE,,Commercial,,All Territories,,,,,,,,,,,,,,,,,,,,PRAKAMAFE,,,,,,,,,,,,,,,,,,,0,,,,,,,,,,,,,,,,,,,,,,,,,,,,,,
AGIINTBNE,"AGILOC INTERNATIONAL, INC.",Company,,AUBNE,AGIINTBNE,,Commercial,,All Territories,,,,,,,,,,,,,,,,,,,,AGIINTBNE,,,,,,,,,,,,,,,,,,,0,,,,,,,,,,,,,,,,,,,,,,,,,,,,,,
REALOGCKG,REALCO LOGISTICS LTD.,Company,,CNCKG,REALOGCKG,,Commercial,,All Territories,,,,,,,,,,,,,,,,,,,,REALOGCKG,,,,,,,,,,,,,,,,,,,0,,,,,,,,,,,,,,,,,,,,,,,,,,,,,,
SAAPUBLPI,SAAB AB (PUBL) AERONAUTICS,Company,,SELPI,SAAPUBLPI,,Commercial,,All Territories,,,,,,,,,,,,,,,,,,,,SAAPUBLPI,,,,,,,,,,,,,,,,,,,0,,,,,,,,,,,,,,,,,,,,,,,,,,,,,,
MIGLOBADT,MI-GLOBAL SL,Company,,ESADT,MIGLOBADT,,Commercial,,All Territories,,,,,,,,,,,,,,,,,,,,MIGLOBADT,,,,,,,,,,,,,,,,,,,0,,,,,,,,,,,,,,,,,,,,,,,,,,,,,,
NATUSAGVA,NATURAL S.A.,Company,,CHGVA,NATUSAGVA,,Commercial,,All Territories,,,,,,,,,,,,,,,,,,,,NATUSAGVA,,,email: see contacts,,,,,,,,,,,,,,,,0,,,,,,,,,,,,,,,,,,,,,,,,,,,,,,
COMINTWCH,COMPLANT INTERNATIONAL TRANSPORTATION,Company,,CNWCH,COMINTWCH,,Commercial,,All Territories,,,,,,,,,,,,,,,,,,,,COMINTWCH,,,,,,,,,,,,,,,,,,,0,,,,,,,,,,,,,,,,,,,,,,,,,,,,,,
GHLLOGINC,G.H.L. LOGISTICS INC.,Company,,KRINC,GHLLOGINC,,Commercial,,All Territories,,,,,,,,,,,,,,,,,,,,GHLLOGINC,,,,,,,,,,,,,,,,,,,0,,,,,,,,,,,,,,,,,,,,,,,,,,,,,,
ACCGLOLCA,ACCESS GLOBAL LOGISTICS LTD.,Company,,CYLCA,ACCGLOLCA,,Commercial,,All Territories,,,,,,,,,,,,,,,,,www.accessgl.com,,,ACCGLOLCA,,,,,,,,,,,,,,,,,,,0,,,,,,,,,,,,,,,,,,,,,,,,,,,,,,
SHECORSZX,SHENZHEN CORWIN INTERNATIONAL FORWARDING AGENCY CO.,Company,,CNSZX,SHECORSZX,,Commercial,,All Territories,,,,,,,,,,,,,,,,,,,,SHECORSZX,,,+8613714272442,ann@corwin.com.cn,,,,,,,,,,,,,,,0,,,,,,,,,,,,,,,,,,,,,,,,,,,,,,
HANCONCHI,HANSEATIC CONTAINER LINE LTD.,Company,,USCHI,HANCONCHI,,Commercial,,All Territories,,,,,,,,,,,,,,,,,,,,HANCONCHI,,,,,,,,,,,,,,,,,,,0,,,,,,,,,,,,,,,,,,,,,,,,,,,,,,
AIRSEATYO,AIR SEA EXPRESS LIMITED,Company,,JPTYO,AIRSEATYO,,Commercial,,All Territories,,,,,,,,,,,,,,,,,,,,AIRSEATYO,,,,izuru_takahashi@asej.co.jp,,,,,,,,,,,,,,,0,,,,,,,,,,,,,,,,,,,,,,,,,,,,,,
GLOSINAFE,GLOBAL ACCESS TRANSPORTATION PTE LTD,Company,,SGSIN,GLOSINAFE,,Commercial,,All Territories,,,,,,,,,,,,,,,,,,,,GLOSINAFE,,,,rwong@galogistics.net,,,,,,,,,,,,,,,0,,,,,,,,,,,,,,,,,,,,,,,,,,,,,,
ALLTRAHKG,ALL TRANS CARGO (HK) LTD,Company,,HKHKG,ALLTRAHKG,,Commercial,,All Territories,,,,,,,,,,,,,,,,,,,,ALLTRAHKG,,,,,,,,,,,,,,,,,,,0,,,,,,,,,,,,,,,,,,,,,,,,,,,,,,
SUNCARTPE,SUN CARGO INTERNATIONAL (TAIWAN) LTD.,Company,,TWTPE,SUNCARTPE,,Commercial,,All Territories,,,,,,,,,,,,,,,,,www.sun-cargo.com,,,SUNCARTPE,,,,,,,,,,,,,,,,,,,0,,,,,,,,,,,,,,,,,,,,,,,,,,,,,,
RM4EHUSZX,RM 4E HUALIYUAN NORTH BLDG. TIABEI FIRST ROAD,Company,,CNSZX,RM4EHUSZX,,Commercial,,All Territories,,,,,,,,,,,,,,,,,,,,RM4EHUSZX,,,,,,,,,,,,,,,,,,,0,,,,,,,,,,,,,,,,,,,,,,,,,,,,,,
APCREASHA2,APC-REALCO (HK) LTD/AIRPORT OFFICE,Company,,CNSHA,APCREASHA2,,Commercial,,All Territories,,,,,,,,,,,,,,,,,,,,APCREASHA2,,,,andyyang@realco-cn.com,,,,,,,,,,,,,,,0,,,,,,,,,,,,,,,,,,,,,,,,,,,,,,
MAIMEXMIL,MAIMEX SRL,Company,,ITMIL,MAIMEXMIL,,Commercial,,All Territories,,,,,,,,,,,,,,,,,,,,MAIMEXMIL,,,,,,,,,,,,,,,,,,,0,,,,,,,,,,,,,,,,,,,,,,,,,,,,,,
TRASHILAX,"TRANSCON SHIPPING CO., INC.",Company,,USLAX,TRASHILAX,,Commercial,,All Territories,,,,,,,,,,,,,,,,,www.TransconShipping.com,,,TRASHILAX,,,,LAX@TransconShipping.com,,,,,,,,,,,,,,,0,,,,,,,,,,,,,,,,,,,,,,,,,,,,,,
DELINTYOK,"DELIVERY INTERNATIONAL CO, INC.",Company,,JPYOK,DELINTYOK,,Commercial,,All Territories,,,,,,,,,,,,,,,,,,,,DELINTYOK,,,,,,,,,,,,,,,,,,,0,,,,,,,,,,,,,,,,,,,,,,,,,,,,,,
NAVSHIZRH,"NAVIS SHIPPING LTD,",Company,,CHZRH,NAVSHIZRH,,Commercial,,All Territories,,,,,,,,,,,,,,,,,,,,NAVSHIZRH,,,,,,,,,,,,,,,,,,,0,,,,,,,,,,,,,,,,,,,,,,,,,,,,,,
REAINTZTW,"REALOGISTICS INT’L GROUP CO.,LTD",Company,,HKZTW,REAINTZTW,,Commercial,,All Territories,,,,,,,,,,,,,,,,,,,,REAINTZTW,,,,,,,,,,,,,,,,,,,0,,,,,,,,,,,,,,,,,,,,,,,,,,,,,,
UNIINTLAX,UNITRANS INTERNATIONAL CORPORATION,Company,,USLAX,UNIINTLAX,,Commercial,,All Territories,,,,,,,,,,,,,,,,,,,,UNIINTLAX,,,,,,,,,,,,,,,,,,,0,,,,,,,,,,,,,,,,,,,,,,,,,,,,,,
VERLOGPKG,VERA LOGISTICS LIMITED,Company,,MYPKG,VERLOGPKG,,Commercial,,All Territories,,,,,,,,,,,,,,,,,,,,VERLOGPKG,,,,,,,,,,,,,,,,,,,0,,,,,,,,,,,,,,,,,,,,,,,,,,,,,,
FRELINJKT,PT. FREIGHT LINER INDONESIA,Company,,IDJKT,FRELINJKT,,Commercial,,All Territories,,,,,,,,,,,,,,,,,,,,FRELINJKT,,,,,,,,,,,,,,,,,,,0,,,,,,,,,,,,,,,,,,,,,,,,,,,,,,
SCHITAIBO,SCHENKER ITALIANA SPA,Company,,ITIBO,SCHITAIBO,,Commercial,,All Territories,,,,,,,,,,,,,,,,,,,,SCHITAIBO,,,+393356243096,fabio.ansaloni@dbschenker.com,,,,,,,,,,,,,,,0,,,,,,,,,,,,,,,,,,,,,,,,,,,,,,
VITINTHAN,VITRACO LTD. INT'L LOGISTIC/HQ OFFICE,Company,,VNHAN,VITINTHAN,,Commercial,,All Territories,,,,,,,,,,,,,,,,,,,,VITINTHAN,,,,,,,,,,,,,,,,,,,0,,,,,,,,,,,,,,,,,,,,,,,,,,,,,,
CHROBIAKL,C.H. ROBINSON WORLDWIDE (NZ) LTD.,Company,,NZAKL,CHROBIAKL,,Commercial,,All Territories,,,,,,,,,,,,,,,,,www.apclogistics.co.nz,,,CHROBIAKL,,,,Sarah.Gordon@apclogistics.co.nz,,,,,,,,,,,,,,,0,,,,,,,,,,,,,,,,,,,,,,,,,,,,,,
VITLOGPRG,VIT LOGISTICS S.R.O,Company,,CZPRG,VITLOGPRG,,Commercial,,All Territories,,,,,,,,,,,,,,,,,,,,VITLOGPRG,,,,,,,,,,,,,,,,,,,0,,,,,,,,,,,,,,,,,,,,,,,,,,,,,,
LOGFREBMO,LOGICAL FREIGHT SOLUTIONS,Company,,AUBMO,LOGFREBMO,,Commercial,,All Territories,,,,,,,,,,,,,,,,,,,,LOGFREBMO,,,,,,,,,,,,,,,,,,,0,,,,,,,,,,,,,,,,,,,,,,,,,,,,,,
PANPROSIN,PANALOGS PROJECT PTE LTD,Company,,SGSIN,PANPROSIN,,Commercial,,All Territories,,,,,,,,,,,,,,,,,,,,PANPROSIN,,,+6598194595,Ali.Ridza@panalogs.com,,,,,,,,,,,,,,,0,,,,,,,,,,,,,,,,,,,,,,,,,,,,,,
TMFORWSGN,T & M FORWARDING LTD.,Company,,VNSGN,TMFORWSGN,,Commercial,,All Territories,,,,,,,,,,,,,,,,,,,,TMFORWSGN,,,,,,,,,,,,,,,,,,,0,,,,,,,,,,,,,,,,,,,,,,,,,,,,,,
SCANOYHEL,SCANRAPID OY,Company,,FIVAT,SCANOYHEL,,Commercial,,All Territories,,,,,,,,,,,,,,,,,,,,SCANOYHEL,,,,,,,,,,,,,,,,,,,0,,,,,,,,,,,,,,,,,,,,,,,,,,,,,,
HARLINBWN,HARBOUR LINK SHIPPING SDN BHD,Company,,BNBWN,HARLINBWN,,Commercial,,All Territories,,,,,,,,,,,,,,,,,,,,HARLINBWN,,,,,,,,,,,,,,,,,,,0,,,,,,,,,,,,,,,,,,,,,,,,,,,,,,
DACTRAJFK,DACHSER TRANSPORT OF AMERICA INC.,Company,,USJFK,DACTRAJFK,,Commercial,,All Territories,,,,,,,,,,,,,,,,,,,,DACTRAJFK,,,,,,,,,,,,,,,,,,,0,,,,,,,,,,,,,,,,,,,,,,,,,,,,,,
PETDENMAN,PETRASCO SERVICES LTD C/O DENHOLM GLOBAL LOGISTICS,Company,,GBMNC,PETDENMAN,,Commercial,,All Territories,,,,,,,,,,,,,,,,,,,,PETDENMAN,,,,,,,,,,,,,,,,,,,0,,,,,,,,,,,,,,,,,,,,,,,,,,,,,,
STUSHIRCB,STURROCK SHIPPING (PTY) LTD.,Company,,ZARCB,STUSHIRCB,,Commercial,,All Territories,,,,,,,,,,,,,,,,,,,,STUSHIRCB,,,,shipping@rb.sturrock.co.za,,,,,,,,,,,,,,,0,,,,,,,,,,,,,,,,,,,,,,,,,,,,,,
SENINTZRH,SENATOR INTERNATIONAL AG,Company,,CHZRH,SENINTZRH,,Commercial,,All Territories,,,,,,,,,,,,,,,,,,,,SENINTZRH,,,,,,,,,,,,,,,,,,,0,,,,,,,,,,,,,,,,,,,,,,,,,,,,,,
EXPROMAFE,EXPOTRANS SPA,Company,,ITROM,EXPROMAFE,,Commercial,,All Territories,,,,,,,,,,,,,,,,,,,,EXPROMAFE,,,,adriano.pasquali@expotrans.net,,,,,,,,,,,,,,,0,,,,,,,,,,,,,,,,,,,,,,,,,,,,,,
WORLINSHA,"WORLD-LINKS (XIAMEN) CO., LTD.",Company,,CNSHA,WORLINSHA,,Commercial,,All Territories,,,,,,,,,,,,,,,,,,,,WORLINSHA,,,,,,,,,,,,,,,,,,,0,,,,,,,,,,,,,,,,,,,,,,,,,,,,,,
ASBLOGKWN,"ASB LOGISTICS CO., LTD.",Company,,HKKWN,ASBLOGKWN,,Commercial,,All Territories,,,,,,,,,,,,,,,,,,,,ASBLOGKWN,,,,,,,,,,,,,,,,,,,0,,,,,,,,,,,,,,,,,,,,,,,,,,,,,,
SBSWORMAN,SBS WORLDWIDE LTD.,Company,,GBMNC,SBSWORMAN,,Commercial,,All Territories,,,,,,,,,,,,,,,,,,,,SBSWORMAN,,,,man@sbsworldwide.com,,,,,,,,,,,,,,,0,,,,,,,,,,,,,,,,,,,,,,,,,,,,,,
QUEFRELON,QUEST FREIGHT LTD,Company,,GBLON,QUEFRELON,,Commercial,,All Territories,,,,,,,,,,,,,,,,,,,,QUEFRELON,,,,,,,,,,,,,,,,,,,0,,,,,,,,,,,,,,,,,,,,,,,,,,,,,,
EESFRESIN,EES FREIGHT SERVICES PTE LTD.,Company,,SGSIN,EESFRESIN,,Commercial,,All Territories,,,,,,,,,,,,,,,,,,,,EESFRESIN,,,,general@eesfrt.com.sg,,,,,,,,,,,,,,,0,,,,,,,,,,,,,,,,,,,,,,,,,,,,,,
CONSHIDXB,CONSOLIDATED SHIPPING SERVICES,Company,,AEDXB,CONSHIDXB,,Commercial,,All Territories,,,,,,,,,,,,,,,,,,,,CONSHIDXB,,,,,,,,,,,,,,,,,,,0,,,,,,,,,,,,,,,,,,,,,,,,,,,,,,
ALIINDDEL,ALISPED INDIA PVT LTD,Company,,INDEL,ALIINDDEL,,Commercial,,All Territories,,,,,,,,,,,,,,,,,,,,ALIINDDEL,,,,raj.sharma@alisped.co.in,,,,,,,,,,,,,,,0,,,,,,,,,,,,,,,,,,,,,,,,,,,,,,
EXPFREPNQ,EXPO FREIGHT PVT LTD,Company,,INPNQ,EXPFREPNQ,,Commercial,,All Territories,,,,,,,,,,,,,,,,,,,,EXPFREPNQ,,,,expopune@vsnl.net,,,,,,,,,,,,,,,0,,,,,,,,,,,,,,,,,,,,,,,,,,,,,,
ALLWAYHKG,ALL THE WAY EXPRESS LTD.,Company,,HKHKG,ALLWAYHKG,,Commercial,,All Territories,,,,,,,,,,,,,,,,,,,,ALLWAYHKG,,,,,,,,,,,,,,,,,,,0,,,,,,,,,,,,,,,,,,,,,,,,,,,,,,
DONYIHGUA,DONGGUAN YIHUI HYDRAULIC MACHINERY CO. LTD,Company,,CNGUA,DONYIHGUA,,Commercial,,All Territories,,,,,,,,,,,,,,,,,,,,DONYIHGUA,,,,,,,,,,,,,,,,,,,0,,,,,,,,,,,,,,,,,,,,,,,,,,,,,,
HARWIRPKG,HARPER WIRA AIR FREIGHT SDN BHD,Company,,MYPKG,HARWIRPKG,,Commercial,,All Territories,,,,,,,,,,,,,,,,,,,,HARWIRPKG,,,,,,,,,,,,,,,,,,,0,,,,,,,,,,,,,,,,,,,,,,,,,,,,,,
KEYSHITSN,KEYUN SHIPPING AGENCY CO. LTD. (TIANJIN GANGXIN),Company,,CNTSN,KEYSHITSN,,Commercial,,All Territories,,,,,,,,,,,,,,,,,,,,KEYSHITSN,,,,,,,,,,,,,,,,,,,0,,,,,,,,,,,,,,,,,,,,,,,,,,,,,,
CARMARHKG,CARGO MART (HONGKONG) LTD.,Company,,HKHKG,CARMARHKG,,Commercial,,All Territories,,,,,,,,,,,,,,,,,www.cargomartgroup.com,,,CARMARHKG,,,+85296866715,heidi@cargomartgroup.com,,,,,,,,,,,,,,,0,,,,,,,,,,,,,,,,,,,,,,,,,,,,,,
HTLOGIFOS,H&T LOGISTICS FOSHAN LTD,Company,,CNFOS,HTLOGIFOS,,Commercial,,All Territories,,,,,,,,,,,,,,,,,,,,HTLOGIFOS,,,,,,,,,,,,,,,,,,,0,,,,,,,,,,,,,,,,,,,,,,,,,,,,,,
MTSSOFAFE,MTS EXPOLOGISTICS LLC,Company,,BGSOF,MTSSOFAFE,,Commercial,,All Territories,,,,,,,,,,,,,,,,,,,,MTSSOFAFE,,,,sales@mtsexpolog.com,,,,,,,,,,,,,,,0,,,,,,,,,,,,,,,,,,,,,,,,,,,,,,
CARLINYVL,CARGO LINE LTD.,Company,,ILYVL,CARLINYVL,,Commercial,,All Territories,,,,,,,,,,,,,,,,,,,,CARLINYVL,,,,c-line@actcom.net.il,,,,,,,,,,,,,,,0,,,,,,,,,,,,,,,,,,,,,,,,,,,,,,
SUGKOGNRT,"SUGATSUNE KOGYO CO.,LTD.",Company,,JPTYO,SUGKOGNRT,,Commercial,,All Territories,,,,,,,,,,,,,,,,,,,,SUGKOGNRT,,,,export@sugatsune.co.jp,,,,,,,,,,,,,,,0,,,,,,,,,,,,,,,,,,,,,,,,,,,,,,
BLAADLAFE,BLASTMASTER,Company,,AUADL,BLAADLAFE,,Commercial,,All Territories,,,,,,,,,,,,,,,,,,,,BLAADLAFE,,,,Gavin.Culbertson@blastmaster.com.au,,,,,,,,,,,,,,,0,,,,,,,,,,,,,,,,,,,,,,,,,,,,,,
DECOEXADT,DECOEXSA,Company,,ESADT,DECOEXADT,,Commercial,,All Territories,,,,,,,,,,,,,,,,,,,,DECOEXADT,,,,,,,,,,,,,,,,,,,0,,,,,,,,,,,,,,,,,,,,,,,,,,,,,,
GLOPROBOM,GLOBAL PROJEKT LOGISTIQUE PVT. LTD.,Company,,INBOM,GLOPROBOM,,Commercial,,All Territories,,,,,,,,,,,,,,,,,,,,GLOPROBOM,,,,,,,,,,,,,,,,,,,0,,,,,,,,,,,,,,,,,,,,,,,,,,,,,,
RTGLOGTPE,RTG LOGISTICSLTD.,Company,,TWTPE,RTGLOGTPE,,Commercial,,All Territories,,,,,,,,,,,,,,,,,,,,RTGLOGTPE,,,,camihe@rtg.com.tw,,,,,,,,,,,,,,,0,,,,,,,,,,,,,,,,,,,,,,,,,,,,,,
QINJETTAO,QINGDAO JETWELL LOGISTICS,Company,,CNTAO,QINJETTAO,,Commercial,,All Territories,,,,,,,,,,,,,,,,,,,,QINJETTAO,,,,,,,,,,,,,,,,,,,0,,,,,,,,,,,,,,,,,,,,,,,,,,,,,,
REROGESEK,R.E. ROGERS (MALAYSIA) SDN BHD,Company,,MYSEK,REROGESEK,,Commercial,,All Territories,,,,,,,,,,,,,,,,,,,,REROGESEK,,,,,,,,,,,,,,,,,,,0,,,,,,,,,,,,,,,,,,,,,,,,,,,,,,
INTFARHKG,INTERGLOBO FAR EAST LTD.,Company,,HKHKG,INTFARHKG,,Commercial,,All Territories,,,,,,,,,,,,,,,,,,,,INTFARHKG,,,,,,,,,,,,,,,,,,,0,,,,,,,,,,,,,,,,,,,,,,,,,,,,,,
MILLOGTPE,"MILLI LOGISTICS CO., LTD",Company,,TWTPE,MILLOGTPE,,Commercial,,All Territories,,,,,,,,,,,,,,,,,,,,MILLOGTPE,,,,,,,,,,,,,,,,,,,0,,,,,,,,,,,,,,,,,,,,,,,,,,,,,,
ALBATRSYD,ALBATRANS PTY LTD.,Company,,AUSYD,ALBATRSYD,,Commercial,,All Territories,,,,,,,,,,,,,,,,,,,,ALBATRSYD,,,,info@albatrans.com.au,,,,,,,,,,,,,,,0,,,,,,,,,,,,,,,,,,,,,,,,,,,,,,
AWOGLOHKL,AWOT GLOBAL (HK) LIMITED,Company,,HKHKG,AWOGLOHKL,,Commercial,,All Territories,,,,,,,,,,,,,,,,,www.awotglobal.com,,,AWOGLOHKL,,,,,,,,,,,,,,,,,,,0,,,,,,,,,,,,,,,,,,,,,,,,,,,,,,
VIOCROM,VIO & C,Company,,ITROM,VIOCROM,,Commercial,,All Territories,,,,,,,,,,,,,,,,,,,,VIOCROM,,,,,,,,,,,,,,,,,,,0,,,,,,,,,,,,,,,,,,,,,,,,,,,,,,
HNOLANXMN,"HNOUR LANE SHIPPING - XIAMEN, CHINA",Company,,CNXMN,HNOLANXMN,,Commercial,,All Territories,,,,,,,,,,,,,,,,,,,,HNOLANXMN,,,,,,,,,,,,,,,,,,,0,,,,,,,,,,,,,,,,,,,,,,,,,,,,,,
GRAINTBOD,GRAVELEAU INTERNATIONAL,Company,,FRBOD,GRAINTBOD,,Commercial,,All Territories,,,,,,,,,,,,,,,,,,,,GRAINTBOD,,,,airbordeaux@graveleau.com,,,,,,,,,,,,,,,0,,,,,,,,,,,,,,,,,,,,,,,,,,,,,,
PEASINAFE,PEAK LOGISTICS & TRANSPORTATION,Company,,SGSIN,PEASINAFE,,Commercial,,All Territories,,,,,,,,,,,,,,,,,,,,PEASINAFE,,,,peter.seow@peaklogtpt.com,,,,,,,,,,,,,,,0,,,,,,,,,,,,,,,,,,,,,,,,,,,,,,
GENMERTPE,"GENERAL MERCHANDISE CONSOLIDATORS, INC",Company,,TWTPE,GENMERTPE,,Commercial,,All Territories,,,,,,,,,,,,,,,,,www.gmclogistics.com,,,GENMERTPE,,,,,,,,,,,,,,,,,,,0,,,,,,,,,,,,,,,,,,,,,,,,,,,,,,
SHENEWSZX,SHENZHEN NEW CONCEPT LOGISTICS CO. LTD.,Company,,CNSZX,SHENEWSZX,,Commercial,,All Territories,,,,,,,,,,,,,,,,,,,,SHENEWSZX,,,,info@nclgroup.net,,,,,,,,,,,,,,,0,,,,,,,,,,,,,,,,,,,,,,,,,,,,,,
DATLOGHGH,DATIAN.W LOGISTICS[ZHEJIANG],Company,,CNHGH,DATLOGHGH,,Commercial,,All Territories,,,,,,,,,,,,,,,,,,,,DATLOGHGH,,,,,,,,,,,,,,,,,,,0,,,,,,,,,,,,,,,,,,,,,,,,,,,,,,
HIWTECAFE,HIWIN TECHNOLOGIES CORP.,Company,,TWTPE,HIWTECAFE,,Commercial,,All Territories,,,,,,,,,,,,,,,,,,,,HIWTECAFE,,,+886988716413,ruby@taiwtech.com.tw,,,,,,,,,,,,,,,0,,,,,,,,,,,,,,,,,,,,,,,,,,,,,,
VINLOGHKG,VINFLAIR LOGISTICS LIMITED,Company,,HKHKG,VINLOGHKG,,Commercial,,All Territories,,,,,,,,,,,,,,,,,,,,VINLOGHKG,,,,,,,,,,,,,,,,,,,0,,,,,,,,,,,,,,,,,,,,,,,,,,,,,,
INTANTANR,INTERFREIGHT ANTWERP NV,Company,,BEANR,INTANTANR,,Commercial,,All Territories,,,,,,,,,,,,,,,,,,,,INTANTANR,,,,,,,,,,,,,,,,,,,0,,,,,,,,,,,,,,,,,,,,,,,,,,,,,,
SWEGOEAFE,SWEDISH FAIR FORCE AB,Company,,SEGOE,SWEGOEAFE,,Commercial,,All Territories,,,,,,,,,,,,,,,,,,,,SWEGOEAFE,,,,chris.lilja.di@gmail.com,,,,,,,,,,,,,,,0,,,,,,,,,,,,,,,,,,,,,,,,,,,,,,
SENINTHKG,SENATOR INTERNATIONAL LOGISTICS LTD.(HONGKONG),Company,,HKHKG,SENINTHKG,,Commercial,,All Territories,,,,,,,,,,,,,,,,,,,,SENINTHKG,,,,,,,,,,,,,,,,,,,0,,,,,,,,,,,,,,,,,,,,,,,,,,,,,,
QCSQUIHAM,QCS - QUICK CARGO SERVICE GMBH,Company,,DEHAM,QCSQUIHAM,,Commercial,,All Territories,,,,,,,,,,,,,,,,,,,,QCSQUIHAM,,,,,,,,,,,,,,,,,,,0,,,,,,,,,,,,,,,,,,,,,,,,,,,,,,
SKYCARBUE,SKY CARGO S.R.L. WORLDWIDE LOGISTICS SERVICES,Company,,ARBUE,SKYCARBUE,,Commercial,,All Territories,,,,,,,,,,,,,,,,,www.skycargo.com.ar,,,SKYCARBUE,,,,,,,,,,,,,,,,,,,0,,,,,,,,,,,,,,,,,,,,,,,,,,,,,,
INTVENVCE,INTERLINEA SRL -VENICE MARCON,Company,,ITVCE,INTVENVCE,,Commercial,,All Territories,,,,,,,,,,,,,,,,,,,,INTVENVCE,,,,dezorzibarbara@interlinea-venezia.it,,,,,,,,,,,,,,,0,,,,,,,,,,,,,,,,,,,,,,,,,,,,,,
SUNEXPSEL,SUN EXPRESS CORPORATION,Company,,KRSEL,SUNEXPSEL,,Commercial,,All Territories,,,,,,,,,,,,,,,,,,,,SUNEXPSEL,,,,seain@sunexp.co.kr,,,,,,,,,,,,,,,0,,,,,,,,,,,,,,,,,,,,,,,,,,,,,,
DORBRAZRH,DORIG & BRANDL,Company,,CHZRH,DORBRAZRH,,Commercial,,All Territories,,,,,,,,,,,,,,,,,,,,DORBRAZRH,,,,,,,,,,,,,,,,,,,0,,,,,,,,,,,,,,,,,,,,,,,,,,,,,,
APEINTOSA,APEX INTERNATIONAL INC.,Company,,JPOSA,APEINTOSA,,Commercial,,All Territories,,,,,,,,,,,,,,,,,,,,APEINTOSA,,,,,,,,,,,,,,,,,,,0,,,,,,,,,,,,,,,,,,,,,,,,,,,,,,
SHANJLSHA,SHANGHAI N&J LOGISTICS CO. LTD.,Company,,CNSHA,SHANJLSHA,,Commercial,,All Territories,,,,,,,,,,,,,,,,,,,,SHANJLSHA,,,,,,,,,,,,,,,,,,,0,,,,,,,,,,,,,,,,,,,,,,,,,,,,,,
TWICANAFE,TWI GROUP CANADA,Company,,CAMIS,TWICANAFE,,Commercial,,All Territories,,,,,,,,,,,,,,,,,,,,TWICANAFE,,,,,,,,,,,,,,,,,,,0,,,,,,,,,,,,,,,,,,,,,,,,,,,,,,
NAVLOGMEL,NAVIA LOGISTICS PTY LTD,Company,,AUMEL,NAVLOGMEL,,Commercial,,All Territories,,,,,,,,,,,,,,,,,,,,NAVLOGMEL,,,,,,,,,,,,,,,,,,,0,,,,,,,,,,,,,,,,,,,,,,,,,,,,,,
MARBENHOU,MARTIN BENCHER USA,Company,,USHOU,MARBENHOU,,Commercial,,All Territories,,,,,,,,,,,,,,,,,,,,MARBENHOU,,,,,,,,,,,,,,,,,,,0,,,,,,,,,,,,,,,,,,,,,,,,,,,,,,
SPEWORKHH,SPEEDLINK WORLDWIDE TRANSPORT CO.LTD,Company,,TWKHH,SPEWORKHH,,Commercial,,All Territories,,,,,,,,,,,,,,,,,,,,SPEWORKHH,,,,swatkhh@ms45.hinet.net,,,,,,,,,,,,,,,0,,,,,,,,,,,,,,,,,,,,,,,,,,,,,,
KENLOGCUD,KENTER LOGISTICS,Company,,AUCUD,KENLOGCUD,,Commercial,,All Territories,,,,,,,,,,,,,,,,,,,,KENLOGCUD,,,,,,,,,,,,,,,,,,,0,,,,,,,,,,,,,,,,,,,,,,,,,,,,,,
SHAMAGSHA,"SHANGHAI MAGICAL LOGISTICS CO., LTD.",Company,,CNSGH,SHAMAGSHA,,Commercial,,All Territories,,,,,,,,,,,,,,,,,,,,SHAMAGSHA,,,,,,,,,,,,,,,,,,,0,,,,,,,,,,,,,,,,,,,,,,,,,,,,,,
GCSHIPMER,G & C SHIPPING AND FORWARDING,Company,,TRMER,GCSHIPMER,,Commercial,,All Territories,,,,,,,,,,,,,,,,,www.gcshippingforwarding.com,,,GCSHIPMER,,,,management@gcshippingforwarding.com,,,,,,,,,,,,,,,0,,,,,,,,,,,,,,,,,,,,,,,,,,,,,,
OBMINTBNE,OBM INT'L TRADE SERVICES,Company,,AUBNE,OBMINTBNE,,Commercial,,All Territories,,,,,,,,,,,,,,,,,,,,OBMINTBNE,,,,,,,,,,,,,,,,,,,0,,,,,,,,,,,,,,,,,,,,,,,,,,,,,,
OMACORKET,OMAX CORP,Company,,USKET,OMACORKET,,Commercial,,All Territories,,,,,,,,,,,,,,,,,,,,OMACORKET,,,,,,,,,,,,,,,,,,,0,,,,,,,,,,,,,,,,,,,,,,,,,,,,,,
SBSWORFXT2,SBS WORLDWIDE LTD.,Company,,GBFXT,SBSWORFXT2,,Commercial,,All Territories,,,,,,,,,,,,,,,,,,,,SBSWORFXT2,,,,air@sbsworldwide.com,,,,,,,,,,,,,,,0,,,,,,,,,,,,,,,,,,,,,,,,,,,,,,
CLASQUBCN,"CLASQUIN ESPAÑA, S.L.",Company,,ESBCN,CLASQUBCN,,Commercial,,All Territories,,,,,,,,,,,,,,,,,,,,CLASQUBCN,,,,,,,,,,,,,,,,,,,0,,,,,,,,,,,,,,,,,,,,,,,,,,,,,,
SHABASSHG,"SHANGHAI BA-SHI YUE XIN LOGISTICS DEVELOPMENT CO.,LTD",Company,,CNSHG,SHABASSHG,,Commercial,,All Territories,,,,,,,,,,,,,,,,,,,,SHABASSHG,,,,,,,,,,,,,,,,,,,0,,,,,,,,,,,,,,,,,,,,,,,,,,,,,,
KAMINOSOU,KAMINO LTD.,Company,,GBSOU,KAMINOSOU,,Commercial,,All Territories,,,,,,,,,,,,,,,,,www.kamino.com,,,KAMINOSOU,,,+447941528126,mike.poole@kamino.com,,,,,,,,,,,,,,,0,,,,,,,,,,,,,,,,,,,,,,,,,,,,,,
JESHKGAFE,JES LOGISTICS LIMITED,Company,,HKHKG,JESHKGAFE,,Commercial,,All Territories,,,,,,,,,,,,,,,,,www.jes.com.hk,,,JESHKGAFE,,,+85293041713,info@jes.com.hk,,,,,,,,,,,,,,,0,,,,,,,,,,,,,,,,,,,,,,,,,,,,,,
GLOEXPBEY,GLOBE EXPRESS,Company,,LBBEY,GLOEXPBEY,,Commercial,,All Territories,,,,,,,,,,,,,,,,,,,,GLOEXPBEY,,,,,,,,,,,,,,,,,,,0,,,,,,,,,,,,,,,,,,,,,,,,,,,,,,
KGLLOGDXB,KGL LOGISTICS EMIRATES (ANCHORAGE) LLC,Company,,AEDXB,KGLLOGDXB,,Commercial,,All Territories,,,,,,,,,,,,,,,,,,,,KGLLOGDXB,,,,,,,,,,,,,,,,,,,0,,,,,,,,,,,,,,,,,,,,,,,,,,,,,,
CJKSELAFE,CJ KOREA EXPRESS,Company,,KRSEL,CJKSELAFE,,Commercial,,All Territories,,,,,,,,,,,,,,,,,,,,CJKSELAFE,,,,,,,,,,,,,,,,,,,0,,,,,,,,,,,,,,,,,,,,,,,,,,,,,,
CARGOTNYC,CARGOTRANS,Company,,USNYC,CARGOTNYC,,Commercial,,All Territories,,,,,,,,,,,,,,,,,,,,CARGOTNYC,,,,,,,,,,,,,,,,,,,0,,,,,,,,,,,,,,,,,,,,,,,,,,,,,,
LOGPLUSHA,"LOGISTICS PLUS INC,",Company,,CNSHA,LOGPLUSHA,,Commercial,,All Territories,,,,,,,,,,,,,,,,,,,,LOGPLUSHA,,,,,,,,,,,,,,,,,,,0,,,,,,,,,,,,,,,,,,,,,,,,,,,,,,
CHIWHEHKG,CHINA WHEEL SHIPPING (HOLDINGS) LIMITED,Company,,HKHKG,CHIWHEHKG,,Commercial,,All Territories,,,,,,,,,,,,,,,,,www.cws.com.hk,,,CHIWHEHKG,,,,,,,,,,,,,,,,,,,0,,,,,,,,,,,,,,,,,,,,,,,,,,,,,,
FRESYSSHJ1,FREIGHT SYSTEMS,Company,,AESHJ,FRESYSSHJ1,,Commercial,,All Territories,,,,,,,,,,,,,,,,,,,,FRESYSSHJ1,,,,,,,,,,,,,,,,,,,0,,,,,,,,,,,,,,,,,,,,,,,,,,,,,,
BRULOGSIN,BRUHAT LOGISTICS PTE LIMITED,Company,,SGSIN,BRULOGSIN,,Commercial,,All Territories,,,,,,,,,,,,,,,,,,,,BRULOGSIN,,,,,,,,,,,,,,,,,,,0,,,,,,,,,,,,,,,,,,,,,,,,,,,,,,
SCANOYMOW,SCANRAPID OY,Company,,RUMOW,SCANOYMOW,,Commercial,,All Territories,,,,,,,,,,,,,,,,,,,,SCANOYMOW,,,,,,,,,,,,,,,,,,,0,,,,,,,,,,,,,,,,,,,,,,,,,,,,,,
MIDAMESFO,"MID-AMERICA OVERSEAS, INC.",Company,,USSFO,MIDAMESFO,,Commercial,,All Territories,,,,,,,,,,,,,,,,,www.maoinc.com,,,MIDAMESFO,,,,,,,,,,,,,,,,,,,0,,,,,,,,,,,,,,,,,,,,,,,,,,,,,,
RPLOGISEL,"RP LOGISTICS CO.,LTD. SEOUL OFFICE",Company,,KRSEL,RPLOGISEL,,Commercial,,All Territories,,,,,,,,,,,,,,,,,,,,RPLOGISEL,,,,,,,,,,,,,,,,,,,0,,,,,,,,,,,,,,,,,,,,,,,,,,,,,,
AGILOGSIN,AGILITY LOGISTICS SA,Company,,SGSIN,AGILOGSIN,,Commercial,,All Territories,,,,,,,,,,,,,,,,,,,,AGILOGSIN,,,,,,,,,,,,,,,,,,,0,,,,,,,,,,,,,,,,,,,,,,,,,,,,,,
MAIUSAATL,MAINFREIGHT USA (FORMERLY TARGET LOGISTICS SVCS ),Company,,USATL,MAIUSAATL,,Commercial,,All Territories,,,,,,,,,,,,,,,,,,,,MAIUSAATL,,,,,,,,,,,,,,,,,,,0,,,,,,,,,,,,,,,,,,,,,,,,,,,,,,
BOXUCLKOP,BOXLINE UCL D.O.O,Company,,SIKOP,BOXUCLKOP,,Commercial,,All Territories,,,,,,,,,,,,,,,,,,,,BOXUCLKOP,,,,ivana@boxlineucl.com,,,,,,,,,,,,,,,0,,,,,,,,,,,,,,,,,,,,,,,,,,,,,,
SENINTXMN,SENATOR INTERNATIONAL LOGISTICS LTD. (XIAMEN),Company,,CNXMN,SENINTXMN,,Commercial,,All Territories,,,,,,,,,,,,,,,,,,,,SENINTXMN,,,,,,,,,,,,,,,,,,,0,,,,,,,,,,,,,,,,,,,,,,,,,,,,,,
JETTPEAFE,JET INTERNATIONAL COURIER CO. LTD,Company,,TWTPE,JETTPEAFE,,Commercial,,All Territories,,,,,,,,,,,,,,,,,,,,JETTPEAFE,,,,joeh1226@gmail.com,,,,,,,,,,,,,,,0,,,,,,,,,,,,,,,,,,,,,,,,,,,,,,
GROUPAJNB,GROUPAIR S.A (PTY) LTD,Company,,ZAJNB,GROUPAJNB,,Commercial,,All Territories,,,,,,,,,,,,,,,,,,,,GROUPAJNB,,,,,,,,,,,,,,,,,,,0,,,,,,,,,,,,,,,,,,,,,,,,,,,,,,
MAISPAVCE,MAIMEX S.P.A,Company,,ITVCE,MAISPAVCE,,Commercial,,All Territories,,,,,,,,,,,,,,,,,,,,MAISPAVCE,,,,gsciurba@maimex.it,,,,,,,,,,,,,,,0,,,,,,,,,,,,,,,,,,,,,,,,,,,,,,
IBESHISGN,I-BE SHIPPING VIET NAM CO LTD,Company,,VNSGN,IBESHISGN,,Commercial,,All Territories,,,,,,,,,,,,,,,,,,,,IBESHISGN,,,,,,,,,,,,,,,,,,,0,,,,,,,,,,,,,,,,,,,,,,,,,,,,,,
GENYVRAFE,GENERAL NOLI CANADA INC.,Company,,CAVAN,GENYVRAFE,,Commercial,,All Territories,,,,,,,,,,,,,,,,,,,,GENYVRAFE,,,,,,,,,,,,,,,,,,,0,,,,,,,,,,,,,,,,,,,,,,,,,,,,,,
AIRFORMUA,AIRCAT FORWARDING,Company,,BNMUA,AIRFORMUA,,Commercial,,All Territories,,,,,,,,,,,,,,,,,,,,AIRFORMUA,,,,,,,,,,,,,,,,,,,0,,,,,,,,,,,,,,,,,,,,,,,,,,,,,,
ACEPAKKHI,ACE PAKISTAN (PVT) LTD.,Company,,PKKHI,ACEPAKKHI,,Commercial,,All Territories,,,,,,,,,,,,,,,,,,,,ACEPAKKHI,,,+923212082101,,,,,,,,,,,,,,,,0,,,,,,,,,,,,,,,,,,,,,,,,,,,,,,
GLOCARSHA,GLOBE CARGO LOGISTICS (SHANGHAI),Company,,CNSHA,GLOCARSHA,,Commercial,,All Territories,,,,,,,,,,,,,,,,,www.gclhk.com,,,GLOCARSHA,,,,,,,,,,,,,,,,,,,0,,,,,,,,,,,,,,,,,,,,,,,,,,,,,,
FARINAVCE,FARINATO SRL,Company,,ITVCE,FARINAVCE,,Commercial,,All Territories,,,,,,,,,,,,,,,,,,,,FARINAVCE,,,,,,,,,,,,,,,,,,,0,,,,,,,,,,,,,,,,,,,,,,,,,,,,,,
EMBFREGOA,EMBASSY FREIGHT SERVICES SPA,Company,,ITGOA,EMBFREGOA,,Commercial,,All Territories,,,,,,,,,,,,,,,,,,,,EMBFREGOA,,,,,,,,,,,,,,,,,,,0,,,,,,,,,,,,,,,,,,,,,,,,,,,,,,
CLASQUTOU,CLASQUIN SA TOULOUSE,Company,,FRMRS,CLASQUTOU,,Commercial,,All Territories,,,,,,,,,,,,,,,,,,,,CLASQUTOU,,,,,,,,,,,,,,,,,,,0,,,,,,,,,,,,,,,,,,,,,,,,,,,,,,
AIRFORKUL,AIRCAT FORWARDING,Company,,MYKUL,AIRFORKUL,,Commercial,,All Territories,,,,,,,,,,,,,,,,,www.aircat.com.bn,,,AIRFORKUL,,,,nvocc@aircat.com.bn,,,,,,,,,,,,,,,0,,,,,,,,,,,,,,,,,,,,,,,,,,,,,,
PHOINTAFE,"PHOENIX INTERNATIONAL BUSINESS LOGISTICS, INC.",Company,,USEZA,PHOINTAFE,,Commercial,,All Territories,,,,,,,,,,,,,,,,,,,,PHOINTAFE,,,,,,,,,,,,,,,,,,,0,,,,,,,,,,,,,,,,,,,,,,,,,,,,,,
REDLINHAM,RED LINE INTERN SPEDITION GMBH,Company,,DEHAM,REDLINHAM,,Commercial,,All Territories,,,,,,,,,,,,,,,,,,,,REDLINHAM,,,,,,,,,,,,,,,,,,,0,,,,,,,,,,,,,,,,,,,,,,,,,,,,,,
TULKHIBOM,TULSIDAS KHIMJI PVT. LTD.A/C KEEL LOGISTICS PV LTD,Company,,INBOM,TULKHIBOM,,Commercial,,All Territories,,,,,,,,,,,,,,,,,,,,TULKHIBOM,,,,,,,,,,,,,,,,,,,0,,,,,,,,,,,,,,,,,,,,,,,,,,,,,,
STAGLOSEL,"STAR GLOBAL LOGISTICS CO., LTD.",Company,,KRSEL,STAGLOSEL,,Commercial,,All Territories,,,,,,,,,,,,,,,,,,,,STAGLOSEL,,,+821067581542,,,,,,,,,,,,,,,,0,,,,,,,,,,,,,,,,,,,,,,,,,,,,,,
APCAIRHAM,APC AIR & SEA GMBH/HEAD - SEAFRT OFFICE,Company,,DEHAM,APCAIRHAM,,Commercial,,All Territories,,,,,,,,,,,,,,,,,,,,APCAIRHAM,,,,info@apcairsea.de,,,,,,,,,,,,,,,0,,,,,,,,,,,,,,,,,,,,,,,,,,,,,,
TOTTRACOK,TOTAL TRANSPORT SYSTEM PVT LTD,Company,,INCOK,TOTTRACOK,,Commercial,,All Territories,,,,,,,,,,,,,,,,,,,,TOTTRACOK,,,,expdoc@cok.ttspl.in,,,,,,,,,,,,,,,0,,,,,,,,,,,,,,,,,,,,,,,,,,,,,,
CARBESSZX,"CARGO BEST INTERNATIONAL FREIGHT AGENCY CO., LTD.",Company,,CNSZX,CARBESSZX,,Commercial,,All Territories,,,,,,,,,,,,,,,,,,,,CARBESSZX,,,,,,,,,,,,,,,,,,,0,,,,,,,,,,,,,,,,,,,,,,,,,,,,,,
MARMANCGP,MARINE MANAGEMENT SERVICES LTD. LOGISTICS DIVISION,Company,,BDCGP,MARMANCGP,,Commercial,,All Territories,,,,,,,,,,,,,,,,,www.marinemgt.com,,,MARMANCGP,,,,freight@marinemgt.com,,,,,,,,,,,,,,,0,,,,,,,,,,,,,,,,,,,,,,,,,,,,,,
AVIOCCDUR,AVIOCEAN CC,Company,,ZADUR,AVIOCCDUR,,Commercial,,All Territories,,,,,,,,,,,,,,,,,,,,AVIOCCDUR,,,,,,,,,,,,,,,,,,,0,,,,,,,,,,,,,,,,,,,,,,,,,,,,,,
CAPINTHAM,CAPITAL INTERNATIONAL FREIGHT FORWARDING GMBH,Company,,DEHAM,CAPINTHAM,,Commercial,,All Territories,,,,,,,,,,,,,,,,,,,,CAPINTHAM,,,,,,,,,,,,,,,,,,,0,,,,,,,,,,,,,,,,,,,,,,,,,,,,,,
FRIAIRASH,FRIDENSON AIR & OCEAN,Company,,ILASH,FRIAIRASH,,Commercial,,All Territories,,,,,,,,,,,,,,,,,www.fridenson.co.il,,,FRIAIRASH,,,,mmtrade@mmtrade.co.il,,,,,,,,,,,,,,,0,,,,,,,,,,,,,,,,,,,,,,,,,,,,,,
MOVSYSLGSEL,MOVEMAX SYSTEM LOGISTICS CO. LTD.,Company,,KRSEL,MOVSYSLGSEL,,Commercial,,All Territories,,,,,,,,,,,,,,,,,,,,MOVSYSLGSEL,,,,operation_In@movemax.net,,,,,,,,,,,,,,,0,,,,,,,,,,,,,,,,,,,,,,,,,,,,,,
CLASQUBKK,"CLASQUIN (THAILAND) CO., LTD.",Company,,THBKK,CLASQUBKK,,Commercial,,All Territories,,,,,,,,,,,,,,,,,,,,CLASQUBKK,,,,,,,,,,,,,,,,,,,0,,,,,,,,,,,,,,,,,,,,,,,,,,,,,,
EASICFKUL,EASTREX-ICF (MALAYSIA) SDN BHD,Company,,MYKUL,EASICFKUL,,Commercial,,All Territories,,,,,,,,,,,,,,,,,,,,EASICFKUL,,,,,,,,,,,,,,,,,,,0,,,,,,,,,,,,,,,,,,,,,,,,,,,,,,
EVEINTHKG,EVERGO INT'L EXPRESS LTD,Company,,HKHKG,EVEINTHKG,,Commercial,,All Territories,,,,,,,,,,,,,,,,,,,,EVEINTHKG,,,,,,,,,,,,,,,,,,,0,,,,,,,,,,,,,,,,,,,,,,,,,,,,,,
ASSFORZRH,ASSTRA FORWARDING AG,Company,,CHZRH,ASSFORZRH,,Commercial,,All Territories,,,,,,,,,,,,,,,,,,,,ASSFORZRH,,,,,,,,,,,,,,,,,,,0,,,,,,,,,,,,,,,,,,,,,,,,,,,,,,
MAPGLOCHI,MAPCARGO GLOBAL LOGISTICS (CHICAGO),Company,,USCHI,MAPGLOCHI,,Commercial,,All Territories,,,,,,,,,,,,,,,,,,,,MAPGLOCHI,,,,richard@mapcargo.com,,,,,,,,,,,,,,,0,,,,,,,,,,,,,,,,,,,,,,,,,,,,,,
EKOLOJIST,EKOL LOJISTIK AS,Company,,TRIST,EKOLOJIST,,Commercial,,All Territories,,,,,,,,,,,,,,,,,,,,EKOLOJIST,,,,,,,,,,,,,,,,,,,0,,,,,,,,,,,,,,,,,,,,,,,,,,,,,,
BOUAIRKUL,BOUSTED AIR (AIRFREIGHT),Company,,MYKUL,BOUAIRKUL,,Commercial,,All Territories,,,,,,,,,,,,,,,,,,,,BOUAIRKUL,,,,,,,,,,,,,,,,,,,0,,,,,,,,,,,,,,,,,,,,,,,,,,,,,,
OYBEWEHEL,OY BEWESHIP AB,Company,,FIHEL,OYBEWEHEL,,Commercial,,All Territories,,,,,,,,,,,,,,,,,,,,OYBEWEHEL,,,,,,,,,,,,,,,,,,,0,,,,,,,,,,,,,,,,,,,,,,,,,,,,,,
HEMFRESLO,HEMISPHERE FREIGHT SERVICES LIMITED,Company,,GBSLO,HEMFRESLO,,Commercial,,All Territories,,,,,,,,,,,,,,,,,,,,HEMFRESLO,,,,,,,,,,,,,,,,,,,0,,,,,,,,,,,,,,,,,,,,,,,,,,,,,,
KLBENJSYD,KL BENJAMIN & CO PTY LTD,Company,,AUSYD,KLBENJSYD,,Commercial,,All Territories,,,,,,,,,,,,,,,,,,,,KLBENJSYD,,,,,,,,,,,,,,,,,,,0,,,,,,,,,,,,,,,,,,,,,,,,,,,,,,
COLFREWNP,COLE FREIGHT INC.,Company,,CAWNP,COLFREWNP,,Commercial,,All Territories,,,,,,,,,,,,,,,,,,,,COLFREWNP,,,,,,,,,,,,,,,,,,,0,,,,,,,,,,,,,,,,,,,,,,,,,,,,,,
THRUEXGOA,THRUEX SRL,Company,,ITGOA,THRUEXGOA,,Commercial,,All Territories,,,,,,,,,,,,,,,,,,,,THRUEXGOA,,,,,,,,,,,,,,,,,,,0,,,,,,,,,,,,,,,,,,,,,,,,,,,,,,
TRAFORVLC,TRAVIMA FORWARDINF S.L.,Company,,ESVLC,TRAFORVLC,,Commercial,,All Territories,,,,,,,,,,,,,,,,,,,,TRAFORVLC,,,,,,,,,,,,,,,,,,,0,,,,,,,,,,,,,,,,,,,,,,,,,,,,,,
EDLOGIPLU,ED LOGISTICS LTD,Company,,MUPLU,EDLOGIPLU,,Commercial,,All Territories,,,,,,,,,,,,,,,,,,,,EDLOGIPLU,,,,yoni.soleil@edlogistics.mu,,,,,,,,,,,,,,,0,,,,,,,,,,,,,,,,,,,,,,,,,,,,,,
VIOCHQMIL,VIO & C / HQ OFFICE (APA MEMBER),Company,,ITMIL,VIOCHQMIL,,Commercial,,All Territories,,,,,,,,,,,,,,,,,,,,VIOCHQMIL,,,email: see contacts,,,,,,,,,,,,,,,,0,,,,,,,,,,,,,,,,,,,,,,,,,,,,,,
CHICONSHA,CHINA CONTAINER LINE (SHANGHAI) LIMITED,Company,,CNSHA,CHICONSHA,,Commercial,,All Territories,,,,,,,,,,,,,,,,,,,,CHICONSHA,,,,,,,,,,,,,,,,,,,0,,,,,,,,,,,,,,,,,,,,,,,,,,,,,,
EVOSUPBOM,EVO SUPPLY CHAIN PVT.LTD,Company,,INBOM,EVOSUPBOM,,Commercial,,All Territories,,,,,,,,,,,,,,,,,,,,EVOSUPBOM,,,,,,,,,,,,,,,,,,,0,,,,,,,,,,,,,,,,,,,,,,,,,,,,,,
MILSOLCEB,MILLING SOLUTION  INC.,Company,,PHCEB,MILSOLCEB,,Commercial,,All Territories,,,,,,,,,,,,,,,,,,,,MILSOLCEB,,,,,,,,,,,,,,,,,,,0,,,,,,,,,,,,,,,,,,,,,,,,,,,,,,
UNILOGDLC,UNI LOGISTICS INC.,Company,,CNDLC,UNILOGDLC,,Commercial,,All Territories,,,,,,,,,,,,,,,,,,,,UNILOGDLC,,,,,,,,,,,,,,,,,,,0,,,,,,,,,,,,,,,,,,,,,,,,,,,,,,
CARPARVIE,CARGO PARTNER AG,Company,,ATVIE,CARPARVIE,,Commercial,,All Territories,,,,,,,,,,,,,,,,,,,,CARPARVIE,,,,,,,,,,,,,,,,,,,0,,,,,,,,,,,,,,,,,,,,,,,,,,,,,,
GRALEHLEH,GRAVELEAU LEHAVRE DACHSER GROUP,Company,,FRLEH,GRALEHLEH,,Commercial,,All Territories,,,,,,,,,,,,,,,,,,,,GRALEHLEH,,,,,,,,,,,,,,,,,,,0,,,,,,,,,,,,,,,,,,,,,,,,,,,,,,
MAPGLOHOU,MAPCARGO GLOBAL LOGISTICS (HOUSTON),Company,,USHOU,MAPGLOHOU,,Commercial,,All Territories,,,,,,,,,,,,,,,,,,,,MAPGLOHOU,,,,,,,,,,,,,,,,,,,0,,,,,,,,,,,,,,,,,,,,,,,,,,,,,,
ORMESAVCE,ORMESANI SRL,Company,,ITVCE,ORMESAVCE,,Commercial,,All Territories,,,,,,,,,,,,,,,,,www.ormesani.com,,,ORMESAVCE,,,,marco.vendramin@ormesani.it,,,,,,,,,,,,,,,0,,,,,,,,,,,,,,,,,,,,,,,,,,,,,,
SHESUNSASZX,SHENZHEN SUNWORLD GROUP INT'L SHIPPING AGENCIES LT,Company,,CNSZX,SHESUNSASZX,,Commercial,,All Territories,,,,,,,,,,,,,,,,,,,,SHESUNSASZX,,,,,,,,,,,,,,,,,,,0,,,,,,,,,,,,,,,,,,,,,,,,,,,,,,
FISRECMIL,FISCHER & RECHSTEINER S.P.A.,Company,,ITMIL,FISRECMIL,,Commercial,,All Territories,,,,,,,,,,,,,,,,,,,,FISRECMIL,,,,SEE NOTES,,,,,,,,,,,,,,,0,,,,,,,,,,,,,,,,,,,,,,,,,,,,,,
DECVITVIT,DECOEXSA VITORIA,Company,,ESVIT,DECVITVIT,,Commercial,,All Territories,,,,,,,,,,,,,,,,,,,,DECVITVIT,,,,,,,,,,,,,,,,,,,0,,,,,,,,,,,,,,,,,,,,,,,,,,,,,,
GRECARGEN,GREEN CARRIER NORWAY AS,Company,,NOGEN,GRECARGEN,,Commercial,,All Territories,,,,,,,,,,,,,,,,,,,,GRECARGEN,,,,,,,,,,,,,,,,,,,0,,,,,,,,,,,,,,,,,,,,,,,,,,,,,,
ERIMAGAFE,ERIEZ MAGNETICS PTY. LTD,Company,,AUVTP,ERIMAGAFE,,Commercial,,All Territories,,,,,,,,,,,,,,,,,,,,ERIMAGAFE,,,,,,,,,,,,,,,,,,,0,,,,,,,,,,,,,,,,,,,,,,,,,,,,,,
NINOCESHNGB,NINGBO OCEAN SHIPPING CO. LTD.,Company,,CNNGB,NINOCESHNGB,,Commercial,,All Territories,,,,,,,,,,,,,,,,,,,,NINOCESHNGB,,,,,,,,,,,,,,,,,,,0,,,,,,,,,,,,,,,,,,,,,,,,,,,,,,
KNOGLOTYO,KNOT GLOBAL LIMITED,Company,,JPTYO,KNOGLOTYO,,Commercial,,All Territories,,,,,,,,,,,,,,,,,,,,KNOGLOTYO,,,,,,,,,,,,,,,,,,,0,,,,,,,,,,,,,,,,,,,,,,,,,,,,,,
CTSINTSHA,CTS INTERNATIONAL TRANSPORTATION CO LTD,Company,,CNSHA,CTSINTSHA,,Commercial,,All Territories,,,,,,,,,,,,,,,,,,,,CTSINTSHA,,,,,,,,,,,,,,,,,,,0,,,,,,,,,,,,,,,,,,,,,,,,,,,,,,
DIAGLOCWT,DIAMOND GLOBAL LOGISTICS,Company,,GBCWT,DIAGLOCWT,,Commercial,,All Territories,,,,,,,,,,,,,,,,,www.diamondgloballogistics.co.uk,,,DIAGLOCWT,,,,csmith@diamondglobal.co.uk,,,,,,,,,,,,,,,0,,,,,,,,,,,,,,,,,,,,,,,,,,,,,,
TIGGLOTHP,TIGERS GLOBAL LOGISTICS LTD,Company,,GBTHP,TIGGLOTHP,,Commercial,,All Territories,,,,,,,,,,,,,,,,,,,,TIGGLOTHP,,,,,,,,,,,,,,,,,,,0,,,,,,,,,,,,,,,,,,,,,,,,,,,,,,
ARTPRO_NO,ARTISTI PROFIL AS,Company,,NOOSL,ARTPRO_NO,,Commercial,,All Territories,,,,,,,,,,,,,,,,,,,,ARTPRO_NO,,,,,,,,,,,,,,,,,,,0,,,,,,,,,,,,,,,,,,,,,,,,,,,,,,
RISSHIHKG,RISETECH SHIPPING INT'L LTD.,Company,,HKHKG,RISSHIHKG,,Commercial,,All Territories,,,,,,,,,,,,,,,,,,,,RISSHIHKG,,,,,,,,,,,,,,,,,,,0,,,,,,,,,,,,,,,,,,,,,,,,,,,,,,
CARINTDAC,CARGOPLAN INTERNATIONAL,Company,,BDDAC,CARINTDAC,,Commercial,,All Territories,,,,,,,,,,,,,,,,,,,,CARINTDAC,,,,,,,,,,,,,,,,,,,0,,,,,,,,,,,,,,,,,,,,,,,,,,,,,,
JACLOGTLV,JACKYLINE LOGISTICS LTD,Company,,ILTLV,JACLOGTLV,,Commercial,,All Territories,,,,,,,,,,,,,,,,,www.jackyline.com,,,JACLOGTLV,,,,,,,,,,,,,,,,,,,0,,,,,,,,,,,,,,,,,,,,,,,,,,,,,,
MAUWARBTS,MAURICE WARD & CO SRO,Company,,SKBTS,MAUWARBTS,,Commercial,,All Territories,,,,,,,,,,,,,,,,,,,,MAUWARBTS,,,,,,,,,,,,,,,,,,,0,,,,,,,,,,,,,,,,,,,,,,,,,,,,,,
NYCDEPEWR,NYC DEPARTMENT OF FINANCE,Company,,USEWR,NYCDEPEWR,,Commercial,,All Territories,,,,,,,,,,,,,,,,,,,,NYCDEPEWR,,,,,,,,,,,,,,,,,,,0,,,,,,,,,,,,,,,,,,,,,,,,,,,,,,
VINLOGSIN,VINFLAIR LOGISTICS (S) PTE LTD.,Company,,SGSIN,VINLOGSIN,,Commercial,,All Territories,,,,,,,,,,,,,,,,,,,,VINLOGSIN,,,,,,,,,,,,,,,,,,,0,,,,,,,,,,,,,,,,,,,,,,,,,,,,,,
WORTRAHUA,WORLD TRADE FREIGHT AGENCIES (GUANGDONG) LTD,Company,,CNHUA,WORTRAHUA,,Commercial,,All Territories,,,,,,,,,,,,,,,,,,,,WORTRAHUA,,,,,,,,,,,,,,,,,,,0,,,,,,,,,,,,,,,,,,,,,,,,,,,,,,
UNIEXPKHH,UNITED EXPRESS HOLDING CO. LTD. (KAOSHIUNG),Company,,TWKHH,UNIEXPKHH,,Commercial,,All Territories,,,,,,,,,,,,,,,,,,,,UNIEXPKHH,,,,,,,,,,,,,,,,,,,0,,,,,,,,,,,,,,,,,,,,,,,,,,,,,,
FLYJSHSHA,"FLYING J (SHANGHAI)INTERNATIONAL LOGISTICS CO.,LTD",Company,,CNSHA,FLYJSHSHA,,Commercial,,All Territories,,,,,,,,,,,,,,,,,,,,FLYJSHSHA,,,,,,,,,,,,,,,,,,,0,,,,,,,,,,,,,,,,,,,,,,,,,,,,,,
NGUTRASGN,NGUYEN TRAN KHANH HOANG,Company,,VNSGN,NGUTRASGN,,Commercial,,All Territories,,,,,,,,,,,,,,,,,,,,NGUTRASGN,,,,,,,,,,,,,,,,,,,0,,,,,,,,,,,,,,,,,,,,,,,,,,,,,,
GREENCGOT,GREENCARRIER SWEDEN AB,Company,,SEGOT,GREENCGOT,,Commercial,,All Territories,,,,,,,,,,,,,,,,,,,,GREENCGOT,,,,,,,,,,,,,,,,,,,0,,,,,,,,,,,,,,,,,,,,,,,,,,,,,,
VENRAYCEB,VEN RAY CONSTRUCTION,Company,,PHCEB,VENRAYCEB,,Commercial,,All Territories,,,,,,,,,,,,,,,,,,,,VENRAYCEB,,,,,,,,,,,,,,,,,,,0,,,,,,,,,,,,,,,,,,,,,,,,,,,,,,
GRESCASFT,GREENCARRIER SCANDINAVIA AB,Company,,SESFT,GRESCASFT,,Commercial,,All Territories,,,,,,,,,,,,,,,,,,,,GRESCASFT,,,email:see contact,,,,,,,,,,,,,,,,0,,,,,,,,,,,,,,,,,,,,,,,,,,,,,,
MAIUSAPLMIA,MAINFREIGHT USA (FORMERLY TARGET LOG.),Company,,USMIA,MAIUSAPLMIA,,Commercial,,All Territories,,,,,,,,,,,,,,,,,,,,MAIUSAPLMIA,,,,mco.international@mainfreightusa.com,,,,,,,,,,,,,,,0,,,,,,,,,,,,,,,,,,,,,,,,,,,,,,
PACTRANYC,PACIFIC TRANSIT SERVICES INC.,Company,,USNYC,PACTRANYC,,Commercial,,All Territories,,,,,,,,,,,,,,,,,,,,PACTRANYC,,,,,,,,,,,,,,,,,,,0,,,,,,,,,,,,,,,,,,,,,,,,,,,,,,
VCKLOGAMS,VCK LOGISTICS AIRFREIGHT B.V,Company,,NLAMS,VCKLOGAMS,,Commercial,,All Territories,,,,,,,,,,,,,,,,,www.vcklogistics.nl,,,VCKLOGAMS,,,,info.air@vcklogistics.nl,,,,,,,,,,,,,,,0,,,,,,,,,,,,,,,,,,,,,,,,,,,,,,
TIAYUETSN,TIANJIN YUEXIN LOGISTICS DEVELOMENT CO,Company,,CNTSN,TIAYUETSN,,Commercial,,All Territories,,,,,,,,,,,,,,,,,,,,TIAYUETSN,,,,tsn@yuexin-logistics.com,,,,,,,,,,,,,,,0,,,,,,,,,,,,,,,,,,,,,,,,,,,,,,
ARIGLOHPL,ARIE GLOBAL LOGISTICS,Company,,USHPL,ARIGLOHPL,,Commercial,,All Territories,,,,,,,,,,,,,,,,,,,,ARIGLOHPL,,,,,,,,,,,,,,,,,,,0,,,,,,,,,,,,,,,,,,,,,,,,,,,,,,
TRAFREDXB,TRANS FREIGHT LLC - AIR DEPT,Company,,AEDXB,TRAFREDXB,,Commercial,,All Territories,,,,,,,,,,,,,,,,,www.transfreightdubai.com,,,TRAFREDXB,,,,air1@transfreightdubai.com,,,,,,,,,,,,,,,0,,,,,,,,,,,,,,,,,,,,,,,,,,,,,,
KAILOGNKG,"KAITONG LOGISTICS CO., LTD.",Company,,CNNKG,KAILOGNKG,,Commercial,,All Territories,,,,,,,,,,,,,,,,,www.kaitong.net,,,KAILOGNKG,,,,nvocc@kaitong.net,,,,,,,,,,,,,,,0,,,,,,,,,,,,,,,,,,,,,,,,,,,,,,
SHEWINSHG,SHENZHEN WINSTAR INT'L LOGISTICS CO. LTD,Company,,CNSHG,SHEWINSHG,,Commercial,,All Territories,,,,,,,,,,,,,,,,,,,,SHEWINSHG,,,,,,,,,,,,,,,,,,,0,,,,,,,,,,,,,,,,,,,,,,,,,,,,,,
MIASPAMIL,MIAMEX SPA,Company,,ITMIL,MIASPAMIL,,Commercial,,All Territories,,,,,,,,,,,,,,,,,,,,MIASPAMIL,,,,scamisaschi@maimex.it,,,,,,,,,,,,,,,0,,,,,,,,,,,,,,,,,,,,,,,,,,,,,,
KORGLSAFE,"KOREA GLS, INC.",Company,,KRSEL,KORGLSAFE,,Commercial,,All Territories,,,,,,,,,,,,,,,,,,,,KORGLSAFE,,,+821085136738,emily@koreagls.co.kr,,,,,,,,,,,,,,,0,,,,,,,,,,,,,,,,,,,,,,,,,,,,,,
MILLOGCPI,MILESTONE LOGISTICS,Company,,NLCPI,MILLOGCPI,,Commercial,,All Territories,,,,,,,,,,,,,,,,,,,,MILLOGCPI,,,,,,,,,,,,,,,,,,,0,,,,,,,,,,,,,,,,,,,,,,,,,,,,,,
ALKUTBRUH,AL-KUTBI FOR INT'L BUSINESS AS AGENT 0F SAIMA AVANDERO,Company,,SARUH,ALKUTBRUH,,Commercial,,All Territories,,,,,,,,,,,,,,,,,,,,ALKUTBRUH,,,,,,,,,,,,,,,,,,,0,,,,,,,,,,,,,,,,,,,,,,,,,,,,,,
EASINTCDG,EAS INTERNATIONAL C/O LTC,Company,,FRCDG,EASINTCDG,,Commercial,,All Territories,,,,,,,,,,,,,,,,,,,,EASINTCDG,,,,,,,,,,,,,,,,,,,0,,,,,,,,,,,,,,,,,,,,,,,,,,,,,,
SETINTIST,SETRANS INTERNATIONAL TRANSPORT GROUP,Company,,TRIST,SETINTIST,,Commercial,,All Territories,,,,,,,,,,,,,,,,,,,,SETINTIST,,,,setrans@setrans.com,,,,,,,,,,,,,,,0,,,,,,,,,,,,,,,,,,,,,,,,,,,,,,
CESFRELIV,CESARE FREMURA SRLU,Company,,ITLIV,CESFRELIV,,Commercial,,All Territories,,,,,,,,,,,,,,,,,,,,CESFRELIV,,,,,,,,,,,,,,,,,,,0,,,,,,,,,,,,,,,,,,,,,,,,,,,,,,
UNIFREVAR,UNIMASTER FREIGHT EXPRESS,Company,,BGVAR,UNIFREVAR,,Commercial,,All Territories,,,,,,,,,,,,,,,,,,,,UNIFREVAR,,,+35952665537,ocean.import@unimaster.com,,,,,,,,,,,,,,,0,,,,,,,,,,,,,,,,,,,,,,,,,,,,,,
ARRCARHAM,ARROW CARGO E.K.,Company,,DEHAM,ARRCARHAM,,Commercial,,All Territories,,,,,,,,,,,,,,,,,,,,ARRCARHAM,,,,,,,,,,,,,,,,,,,0,,,,,,,,,,,,,,,,,,,,,,,,,,,,,,
LINFORHKG,LINK FORCE CARGO LIMITED,Company,,HKHKG,LINFORHKG,,Commercial,,All Territories,,,,,,,,,,,,,,,,,,,,LINFORHKG,,,,lfc@linkforce.com.hk,,,,,,,,,,,,,,,0,,,,,,,,,,,,,,,,,,,,,,,,,,,,,,
YONGYMNGB,"YONGKANG GYM SPORTS EQUIPMENT CO., LTD",Company,,CNNGB,YONGYMNGB,,Commercial,,All Territories,,,,,,,,,,,,,,,,,,,,YONGYMNGB,,,,,,,,,,,,,,,,,,,0,,,,,,,,,,,,,,,,,,,,,,,,,,,,,,
SEBSRLVIZ,SEBI S.R.L,Company,,ITVIZ,SEBSRLVIZ,,Commercial,,All Territories,,,,,,,,,,,,,,,,,,,,SEBSRLVIZ,,,,,,,,,,,,,,,,,,,0,,,,,,,,,,,,,,,,,,,,,,,,,,,,,,
SDBSELAFE,"SD BIOSENSOR, INC.",Company,,KRSEL,SDBSELAFE,,Commercial,,All Territories,,,,,,,,,,,,,,,,,,,,SDBSELAFE,,,,gilbert@sdbiosensor.com,,,,,,,,,,,,,,,0,,,,,,,,,,,,,,,,,,,,,,,,,,,,,,
ARTFINAFE,ARTFX FINE ART SERVICES LTD,Company,,GBPME,ARTFINAFE,,Commercial,,All Territories,,,,,,,,,,,,,,,,,,,,ARTFINAFE,,,,cmc@artfxltd.com,,,,,,,,,,,,,,,0,,,,,,,,,,,,,,,,,,,,,,,,,,,,,,
CALSHISIN,CALSHIP (SINGAPORE) PTE LTD,Company,,SGSIN,CALSHISIN,,Commercial,,All Territories,,,,,,,,,,,,,,,,,,,,CALSHISIN,,,,,,,,,,,,,,,,,,,0,,,,,,,,,,,,,,,,,,,,,,,,,,,,,,
BOWLERFXT,BOWLER GROUP LTD,Company,,GBFXT,BOWLERFXT,,Commercial,,All Territories,,,,,,,,,,,,,,,,,,,,BOWLERFXT,,,,,,,,,,,,,,,,,,,0,,,,,,,,,,,,,,,,,,,,,,,,,,,,,,
TRACONBKK,TRANSACTION CONTAINER LINES THAILAND,Company,,THBKK,TRACONBKK,,Commercial,,All Territories,,,,,,,,,,,,,,,,,,,,TRACONBKK,,,,,,,,,,,,,,,,,,,0,,,,,,,,,,,,,,,,,,,,,,,,,,,,,,
BREINGMNL,BRENNTAG INGREDIENTS INC.,Company,,PHMNL,BREINGMNL,,Commercial,,All Territories,,,,,,,,,,,,,,,,,,,,BREINGMNL,,,,,,,,,,,,,,,,,,,0,,,,,,,,,,,,,,,,,,,,,,,,,,,,,,
RIMLOGMIA,RIM LOGISTICS LTD.,Company,,USMIA,RIMLOGMIA,,Commercial,,All Territories,,,,,,,,,,,,,,,,,,,,RIMLOGMIA,,,,,,,,,,,,,,,,,,,0,,,,,,,,,,,,,,,,,,,,,,,,,,,,,,
FERSPAGOA,FERCAM SPA,Company,,ITGOA,FERSPAGOA,,Commercial,,All Territories,,,,,,,,,,,,,,,,,,,,FERSPAGOA,,,,,,,,,,,,,,,,,,,0,,,,,,,,,,,,,,,,,,,,,,,,,,,,,,
TIGUSAATL,TIGERS (USA) GLOBAL LOGISTICS,Company,,USATL,TIGUSAATL,,Commercial,,All Territories,,,,,,,,,,,,,,,,,,,,TIGUSAATL,,,,,,,,,,,,,,,,,,,0,,,,,,,,,,,,,,,,,,,,,,,,,,,,,,
SHYLOGRTM,SHYPPLE LOGISTICS BV,Company,,NLRTM,SHYLOGRTM,,Commercial,,All Territories,,,,,,,,,,,,,,,,,,,,SHYLOGRTM,,,,ams.importair@shypple.com,,,,,,,,,,,,,,,0,,,,,,,,,,,,,,,,,,,,,,,,,,,,,,
QUASEADDG,QUALITAIRE & SEA,Company,,FRDDG,QUASEADDG,,Commercial,,All Territories,,,,,,,,,,,,,,,,,,,,QUASEADDG,,,,,,,,,,,,,,,,,,,0,,,,,,,,,,,,,,,,,,,,,,,,,,,,,,
ANDLOGLCO,ANDES LOGISTICS DE CHILLE S.A.,Company,,CLLCO,ANDLOGLCO,,Commercial,,All Territories,,,,,,,,,,,,,,,,,,,,ANDLOGLCO,,,,,,,,,,,,,,,,,,,0,,,,,,,,,,,,,,,,,,,,,,,,,,,,,,
HARINTAFE,HARLAS INT’L TRANSPORT SA,Company,,GRATH,HARINTAFE,,Commercial,,All Territories,,,,,,,,,,,,,,,,,,,,HARINTAFE,,,,exhibitions@harlas.gr,,,,,,,,,,,,,,,0,,,,,,,,,,,,,,,,,,,,,,,,,,,,,,
XTESINAFE,XTECH-RBN PTE LTD,Company,,SGSIN,XTESINAFE,,Commercial,,All Territories,,,,,,,,,,,,,,,,,,,,XTESINAFE,,,,,,,,,,,,,,,,,,,0,,,,,,,,,,,,,,,,,,,,,,,,,,,,,,
APTXFNAFE,"APT SHOWFREIGHT SHANGHAI CO., LTD – XIAMEN, PR CHINA",Company,,CNXIA,APTXFNAFE,,Commercial,,All Territories,,,,,,,,,,,,,,,,,,,,APTXFNAFE,,,,Jessica.wang@aptshowfreight.com,,,,,,,,,,,,,,,0,,,,,,,,,,,,,,,,,,,,,,,,,,,,,,
GENTRAIST,GENEL TRANSPORT NAKLIYAT VE TIC LTD. STI,Company,,TRIST,GENTRAIST,,Commercial,,All Territories,,,,,,,,,,,,,,,,,www.geneltransport.com.tr,,,GENTRAIST,,,,info@geneltransport.com.tr,,,,,,,,,,,,,,,0,,,,,,,,,,,,,,,,,,,,,,,,,,,,,,
KAMINTVGI,KAMINO INTERNATIONAL TRANSPORT INC.,Company,,USVGI,KAMINTVGI,,Commercial,,All Territories,,,,,,,,,,,,,,,,,,,,KAMINTVGI,,,,,,,,,,,,,,,,,,,0,,,,,,,,,,,,,,,,,,,,,,,,,,,,,,
USWORLCVG,"U.S. WORLDWIDE LOGISTICS, INC.",Company,,USCVG,USWORLCVG,,Commercial,,All Territories,,,,,,,,,,,,,,,,,,,,USWORLCVG,,,,,,,,,,,,,,,,,,,0,,,,,,,,,,,,,,,,,,,,,,,,,,,,,,
ALLWAYTPE,"ALL THE WAY EXPRESS (TAIWAN ) CO., LTD.",Company,,TWTPE,ALLWAYTPE,,Commercial,,All Territories,,,,,,,,,,,,,,,,,www.allthewayexpress.com,,,ALLWAYTPE,,,,angel@alltheway.com.tw,,,,,,,,,,,,,,,0,,,,,,,,,,,,,,,,,,,,,,,,,,,,,,
ONEWORSHE,"ONE WORLD LOGISTICS (DALIAN) CO., LTD.",Company,,CNSHE,ONEWORSHE,,Commercial,,All Territories,,,,,,,,,,,,,,,,,,,,ONEWORSHE,,,,,,,,,,,,,,,,,,,0,,,,,,,,,,,,,,,,,,,,,,,,,,,,,,
MEGSHISEL,MEGA SHIPPING & AIR FREIGHT CORP.,Company,,KRSEL,MEGSHISEL,,Commercial,,All Territories,,,,,,,,,,,,,,,,,,,,MEGSHISEL,,,,megashpg@nownuri.net,,,,,,,,,,,,,,,0,,,,,,,,,,,,,,,,,,,,,,,,,,,,,,
TMCCONHKG,TMCL CONTAINER LINE LTD.,Company,,HKHKG,TMCCONHKG,,Commercial,,All Territories,,,,,,,,,,,,,,,,,,,,TMCCONHKG,,,,,,,,,,,,,,,,,,,0,,,,,,,,,,,,,,,,,,,,,,,,,,,,,,
ATEFRAAFE,ATEGE GMBH,Company,,DEFRA,ATEFRAAFE,,Commercial,,All Territories,,,,,,,,,,,,,,,,,,,,ATEFRAAFE,,,+491736778500,Bernd.Keil@gondrand-logistics.com,,,,,,,,,,,,,,,0,,,,,,,,,,,,,,,,,,,,,,,,,,,,,,
AIRSEAHAM,AIR & SEA HADOLT GLOBAL EXPRESS AUSTRIA GMBH,Company,,DEHAM,AIRSEAHAM,,Commercial,,All Territories,,,,,,,,,,,,,,,,,,,,AIRSEAHAM,,,,,,,,,,,,,,,,,,,0,,,,,,,,,,,,,,,,,,,,,,,,,,,,,,
MIDAMEPIT1,"MID AMERICA OVERSEAS, INC.",Company,,USPIT,MIDAMEPIT1,,Commercial,,All Territories,,,,,,,,,,,,,,,,,,,,MIDAMEPIT1,,,,mao_sav@maoinc.com,,,,,,,,,,,,,,,0,,,,,,,,,,,,,,,,,,,,,,,,,,,,,,
SPALOGLIL,SPARX LOGISTICS FRANCE,Company,,FRLLE,SPALOGLIL,,Commercial,,All Territories,,,,,,,,,,,,,,,,,,,,SPALOGLIL,,,+33761723266,,,,,,,,,,,,,,,,0,,,,,,,,,,,,,,,,,,,,,,,,,,,,,,
PDSINT,PDS INTERNATIONAL PVT. LTD.,Company,,INBOM,PDSINT,,Commercial,,All Territories,,,,,,,,,,,,,,,,,,,,PDSINT,,,,,,,,,,,,,,,,,,,0,,,,,,,,,,,,,,,,,,,,,,,,,,,,,,
BEIAPCBJS,BEIJING APC INT'L A/S FORWARDING CO.LTD,Company,,CNBJS,BEIAPCBJS,,Commercial,,All Territories,,,,,,,,,,,,,,,,,,,,BEIAPCBJS,,,,jun.kang@apcbj.com.cn,,,,,,,,,,,,,,,0,,,,,,,,,,,,,,,,,,,,,,,,,,,,,,
DECOEXZAZ,DECOEXSA ZARAGOZA,Company,,ESZAZ,DECOEXZAZ,,Commercial,,All Territories,,,,,,,,,,,,,,,,,,,,DECOEXZAZ,,,,,,,,,,,,,,,,,,,0,,,,,,,,,,,,,,,,,,,,,,,,,,,,,,
CLASQUGER,CLASQUIN GERMANY GMBH,Company,,DEFRA,CLASQUGER,,Commercial,,All Territories,,,,,,,,,,,,,,,,,,,,CLASQUGER,,,,,,,,,,,,,,,,,,,0,,,,,,,,,,,,,,,,,,,,,,,,,,,,,,
ZHESUNSZX,ZHEJIANG SUNMARR INT'L TRANSPORTATION CO. LTD,Company,,CNSZX,ZHESUNSZX,,Commercial,,All Territories,,,,,,,,,,,,,,,,,,,,ZHESUNSZX,,,,,,,,,,,,,,,,,,,0,,,,,,,,,,,,,,,,,,,,,,,,,,,,,,
CERLLEH,C.E.R.L,Company,,FRLEH,CERLLEH,,Commercial,,All Territories,,,,,,,,,,,,,,,,,www.cerl.fr,,,CERLLEH,,,,,,,,,,,,,,,,,,,0,,,,,,,,,,,,,,,,,,,,,,,,,,,,,,
INTTRA_MY,INTERGLOBO TRANSUNION (M) SDN BHD,Company,,MYPEN,INTTRA_MY,,Commercial,,All Territories,,,,,,,,,,,,,,,,,,,,INTTRA_MY,,,,,,,,,,,,,,,,,,,0,,,,,,,,,,,,,,,,,,,,,,,,,,,,,,
COSLOGSWA,COSCO LOGISTICS SHANTOU,Company,,CNSWA,COSLOGSWA,,Commercial,,All Territories,,,,,,,,,,,,,,,,,,,,COSLOGSWA,,,,freight@cosco-logisticsst.com,,,,,,,,,,,,,,,0,,,,,,,,,,,,,,,,,,,,,,,,,,,,,,
DAVTURSOU,DAVIES TURNER AND CO LIMITED,Company,,GBSOU,DAVTURSOU,,Commercial,,All Territories,,,,,,,,,,,,,,,,,,,,DAVTURSOU,,,,,,,,,,,,,,,,,,,0,,,,,,,,,,,,,,,,,,,,,,,,,,,,,,
TRADRABJS,TRANS DRAGON INTERNATIONAL CO.,Company,,CNBJS,TRADRABJS,,Commercial,,All Territories,,,,,,,,,,,,,,,,,,,,TRADRABJS,,,,,,,,,,,,,,,,,,,0,,,,,,,,,,,,,,,,,,,,,,,,,,,,,,
HYLGUACAN,HYL - GUANGZHOU HAYONEX LOGISTICS CO.,Company,,CNCAN,HYLGUACAN,,Commercial,,All Territories,,,,,,,,,,,,,,,,,,,,HYLGUACAN,,,,cooperation3@hyl-logistics.com,,,,,,,,,,,,,,,0,,,,,,,,,,,,,,,,,,,,,,,,,,,,,,
VCKLOGSPL,VCK LOGISTICS AIRFREIGHT B.V,Company,,NLSPL,VCKLOGSPL,,Commercial,,All Territories,,,,,,,,,,,,,,,,,,,,VCKLOGSPL,,,,,,,,,,,,,,,,,,,0,,,,,,,,,,,,,,,,,,,,,,,,,,,,,,
GONFRENTE,GONDRAND FRERES,Company,,FRNTE,GONFRENTE,,Commercial,,All Territories,,,,,,,,,,,,,,,,,,,,GONFRENTE,,,,gondrand.nte@libertysurf.fr,,,,,,,,,,,,,,,0,,,,,,,,,,,,,,,,,,,,,,,,,,,,,,
WORSERKPO,WORLDTRANS SERVICE LTD.,Company,,KRKPO,WORSERKPO,,Commercial,,All Territories,,,,,,,,,,,,,,,,,,,,WORSERKPO,,,,worldtra@chol.com,,,,,,,,,,,,,,,0,,,,,,,,,,,,,,,,,,,,,,,,,,,,,,
ESTASHKLD,E.S.T. A.S (HEAD OFFICE),Company,,CZKLD,ESTASHKLD,,Commercial,,All Territories,,,,,,,,,,,,,,,,,,,,ESTASHKLD,,,,est@st.cz,,,,,,,,,,,,,,,0,,,,,,,,,,,,,,,,,,,,,,,,,,,,,,
TRASHISFO,TRANSCON SHIPPING CO INC.,Company,,USSFO,TRASHISFO,,Commercial,,All Territories,,,,,,,,,,,,,,,,,,,,TRASHISFO,,,,SFO@TransconShipping.com,,,,,,,,,,,,,,,0,,,,,,,,,,,,,,,,,,,,,,,,,,,,,,
DALJCTLAX,"DALIAN JCTRANS LOGISTICS NETWORK CO., LTD",Company,,USLAX,DALJCTLAX,,Commercial,,All Territories,,,,,,,,,,,,,,,,,,,,DALJCTLAX,,,,,,,,,,,,,,,,,,,0,,,,,,,,,,,,,,,,,,,,,,,,,,,,,,
QINTIETAO,"QINGDAO TIEQI INTERNATIONAL LOGISTICS CO., LTD",Company,,CNTAO,QINTIETAO,,Commercial,,All Territories,,,,,,,,,,,,,,,,,,,,QINTIETAO,,,+8615054206985,,,,,,,,,,,,,,,,0,,,,,,,,,,,,,,,,,,,,,,,,,,,,,,
CENCARRMI,CENTRAL CARGO SRL,Company,,ITRMI,CENCARRMI,,Commercial,,All Territories,,,,,,,,,,,,,,,,,,,,CENCARRMI,,,,,,,,,,,,,,,,,,,0,,,,,,,,,,,,,,,,,,,,,,,,,,,,,,
MAIUSALAX,MAINFREIGHT USA (FORMERLY TARGET LOGISTICS SVCS),Company,,USLAX,MAIUSALAX,,Commercial,,All Territories,,,,,,,,,,,,,,,,,,,,MAIUSALAX,,,,,,,,,,,,,,,,,,,0,,,,,,,,,,,,,,,,,,,,,,,,,,,,,,
TRALUCTPE,TRANS LUCK GLOBAL LOGISTICS,Company,,TWTPE,TRALUCTPE,,Commercial,,All Territories,,,,,,,,,,,,,,,,,,,,TRALUCTPE,,,,rita.hsu@transluckglobal.com,,,,,,,,,,,,,,,0,,,,,,,,,,,,,,,,,,,,,,,,,,,,,,
HONUNIKHH,HONGKONG UNITED EXPRESS HOLDING COMPANY LTD.,Company,,TWKHH,HONUNIKHH,,Commercial,,All Territories,,,,,,,,,,,,,,,,,,,,HONUNIKHH,,,,,,,,,,,,,,,,,,,0,,,,,,,,,,,,,,,,,,,,,,,,,,,,,,
MATTRABRN,MAT TRANSPORT AG,Company,,CHBRN,MATTRABRN,,Commercial,,All Territories,,,,,,,,,,,,,,,,,,,,MATTRABRN,,,,mat.transport@viamat.com,,,,,,,,,,,,,,,0,,,,,,,,,,,,,,,,,,,,,,,,,,,,,,
VILAGEVLI,VILA AGENTS LIMITED,Company,,VUVLI,VILAGEVLI,,Commercial,,All Territories,,,,,,,,,,,,,,,,,,,,VILAGEVLI,,,,,,,,,,,,,,,,,,,0,,,,,,,,,,,,,,,,,,,,,,,,,,,,,,
FIBLOGBOM,FIBS LOGISTICS INDIA PVT. LTD.,Company,,INBOM,FIBLOGBOM,,Commercial,,All Territories,,,,,,,,,,,,,,,,,,,,FIBLOGBOM,,,,swapnil.narkar@fibs-logistics.com,,,,,,,,,,,,,,,0,,,,,,,,,,,,,,,,,,,,,,,,,,,,,,
REGSHISYD,REGIONAL SHIPPING SERVICES PTY LTD,Company,,AUSYD,REGSHISYD,,Commercial,,All Territories,,,,,,,,,,,,,,,,,,,,REGSHISYD,,,,,,,,,,,,,,,,,,,0,,,,,,,,,,,,,,,,,,,,,,,,,,,,,,
SUNSHIMUB,SUNRAYS SHIPPING SERVICES PVT. LTD,Company,,INMUB,SUNSHIMUB,,Commercial,,All Territories,,,,,,,,,,,,,,,,,www.sunraysshipping.com,,,SUNSHIMUB,,,,,,,,,,,,,,,,,,,0,,,,,,,,,,,,,,,,,,,,,,,,,,,,,,
SIMCARSOF,SIMPLY CARGO LOGISTICS INTERNATIONAL,Company,,BGSOF,SIMCARSOF,,Commercial,,All Territories,,,,,,,,,,,,,,,,,,,,SIMCARSOF,,,+36204669192,tibor.biro@simply-cargo.com,,,,,,,,,,,,,,,0,,,,,,,,,,,,,,,,,,,,,,,,,,,,,,
YSLAGESEL,"YSL AGENCY CO., LTD",Company,,KRSEL,YSLAGESEL,,Commercial,,All Territories,,,,,,,,,,,,,,,,,,,,YSLAGESEL,,,,,,,,,,,,,,,,,,,0,,,,,,,,,,,,,,,,,,,,,,,,,,,,,,
DEWFRESRG,PT DEWATA FREIGHT INTERNATIONAL,Company,,IDSRG,DEWFRESRG,,Commercial,,All Territories,,,,,,,,,,,,,,,,,,,,DEWFRESRG,,,,,,,,,,,,,,,,,,,0,,,,,,,,,,,,,,,,,,,,,,,,,,,,,,
INTSPEMUC,INTERNATIONALE SPEDITION GMBH & CO. KG,Company,,DEMUC,INTSPEMUC,,Commercial,,All Territories,,,,,,,,,,,,,,,,,,,,INTSPEMUC,,,,,,,,,,,,,,,,,,,0,,,,,,,,,,,,,,,,,,,,,,,,,,,,,,
STRTRAZRH,STRECK TRANSPORT AG,Company,,CHZRH,STRTRAZRH,,Commercial,,All Territories,,,,,,,,,,,,,,,,,,,,STRTRAZRH,,,,,,,,,,,,,,,,,,,0,,,,,,,,,,,,,,,,,,,,,,,,,,,,,,
MIDAMEBJS,"MID AMERICA OVERSEAS, INC.",Company,,CNBJS,MIDAMEBJS,,Commercial,,All Territories,,,,,,,,,,,,,,,,,,,,MIDAMEBJS,,,,maobjs@mao.com.hk,,,,,,,,,,,,,,,0,,,,,,,,,,,,,,,,,,,,,,,,,,,,,,
WINCA2AFE,"WINN EXPO SPLUTIONS, INC.",Company,,USCA2,WINCA2AFE,,Commercial,,All Territories,,,,,,,,,,,,,,,,,,,,WINCA2AFE,,,,kevin@winnexpo.com,,,,,,,,,,,,,,,0,,,,,,,,,,,,,,,,,,,,,,,,,,,,,,
UNLEXPTPE,UNLIMITED EXPRESS (TAIWAN) CORP,Company,,TWTPE,UNLEXPTPE,,Commercial,,All Territories,,,,,,,,,,,,,,,,,,,,UNLEXPTPE,,,,,,,,,,,,,,,,,,,0,,,,,,,,,,,,,,,,,,,,,,,,,,,,,,
WINCARTPE,"WING CARGO SYSTEMS CO., LTD",Company,,TWTPE,WINCARTPE,,Commercial,,All Territories,,,,,,,,,,,,,,,,,,,,WINCARTPE,,,,,,,,,,,,,,,,,,,0,,,,,,,,,,,,,,,,,,,,,,,,,,,,,,
ALLPORSYD,ALL PORTS INTERNATIONAL LOGISTICS (NSW),Company,,AUSYD,ALLPORSYD,,Commercial,,All Territories,,,,,,,,,,,,,,,,,,,,ALLPORSYD,,,,syd@allports.com.au,,,,,,,,,,,,,,,0,,,,,,,,,,,,,,,,,,,,,,,,,,,,,,
WINSPTRAHKG,WINSPEED TRADING (HK) LIMITED,Company,,HKHKG,WINSPTRAHKG,,Commercial,,All Territories,,,,,,,,,,,,,,,,,,,,WINSPTRAHKG,,,,,,,,,,,,,,,,,,,0,,,,,,,,,,,,,,,,,,,,,,,,,,,,,,
ZHEJIUNGB,ZHEJIANG JIUCHONG DOORS INDUSTRY CO. LTD.,Company,,CNNGB,ZHEJIUNGB,,Commercial,,All Territories,,,,,,,,,,,,,,,,,,,,ZHEJIUNGB,,,,,,,,,,,,,,,,,,,0,,,,,,,,,,,,,,,,,,,,,,,,,,,,,,
EASIMACMN,EASIMAR,Company,,MACAS,EASIMACMN,,Commercial,,All Territories,,,,,,,,,,,,,,,,,,,,EASIMACMN,,,,,,,,,,,,,,,,,,,0,,,,,,,,,,,,,,,,,,,,,,,,,,,,,,
ESTSASKLD,E.S.T. S.A (SEAFREIGHT OFFICE),Company,,CZKLD,ESTSASKLD,,Commercial,,All Territories,,,,,,,,,,,,,,,,,,,,ESTSASKLD,,,,,,,,,,,,,,,,,,,0,,,,,,,,,,,,,,,,,,,,,,,,,,,,,,
SPEGLOGDY,SPEDMAN GLOBAL LOGISTICS S.P ZOO,Company,,PLGDY,SPEGLOGDY,,Commercial,,All Territories,,,,,,,,,,,,,,,,,,,,SPEGLOGDY,,,,,,,,,,,,,,,,,,,0,,,,,,,,,,,,,,,,,,,,,,,,,,,,,,
FRESYSNSA,FREIGHT SYSTEMS INDIA,Company,,INNSA,FRESYSNSA,,Commercial,,All Territories,,,,,,,,,,,,,,,,,,,,FRESYSNSA,,,,,,,,,,,,,,,,,,,0,,,,,,,,,,,,,,,,,,,,,,,,,,,,,,
FRESYSCCU,FREIGHT SYSTEMS (INDIA) PVT. LTD,Company,,INCCU,FRESYSCCU,,Commercial,,All Territories,,,,,,,,,,,,,,,,,,,,FRESYSCCU,,,,SOMESH.INCCU@FREIGHTSYSTEM.COM,,,,,,,,,,,,,,,0,,,,,,,,,,,,,,,,,,,,,,,,,,,,,,
UNIINTXMN,UNITEX INTERNATIONAL FORWARDING (XIAMEN) LIMITED,Company,,CNXMN,UNIINTXMN,,Commercial,,All Territories,,,,,,,,,,,,,,,,,,,,UNIINTXMN,,,,ia_xmn@uif.com.hk,,,,,,,,,,,,,,,0,,,,,,,,,,,,,,,,,,,,,,,,,,,,,,
UTLINEJED,UT LINES,Company,,SAJED,UTLINEJED,,Commercial,,All Territories,,,,,,,,,,,,,,,,,,,,UTLINEJED,,,,,,,,,,,,,,,,,,,0,,,,,,,,,,,,,,,,,,,,,,,,,,,,,,
PAXGLOTSN,"PAX GLOBAL CARGO, INC. TIANJIN BRANCH",Company,,CNTSN,PAXGLOTSN,,Commercial,,All Territories,,,,,,,,,,,,,,,,,,,,PAXGLOTSN,,,,,,,,,,,,,,,,,,,0,,,,,,,,,,,,,,,,,,,,,,,,,,,,,,
PTAMAPSUB,PT AMASNUSA PERSADA,Company,,IDSUB,PTAMAPSUB,,Commercial,,All Territories,,,,,,,,,,,,,,,,,,,,PTAMAPSUB,,,,cncsby@sby.rad.net.id,,,,,,,,,,,,,,,0,,,,,,,,,,,,,,,,,,,,,,,,,,,,,,
EXPINTHHR,EXPEDITORS INTL AXP,Company,,USHHR,EXPINTHHR,,Commercial,,All Territories,,,,,,,,,,,,,,,,,,,,EXPINTHHR,,,,,,,,,,,,,,,,,,,0,,,,,,,,,,,,,,,,,,,,,,,,,,,,,,
ALBNEWAKL,ALBATRANS NEW ZEALAND LTD.,Company,,NZAKL,ALBNEWAKL,,Commercial,,All Territories,,,,,,,,,,,,,,,,,,,,ALBNEWAKL,,,,g.patterson@albatrans.com.nz,,,,,,,,,,,,,,,0,,,,,,,,,,,,,,,,,,,,,,,,,,,,,,
UNIEXPHKG,UNITED EXPRESS HOLDING CO. LTD.,Company,,HKHKG,UNIEXPHKG,,Commercial,,All Territories,,,,,,,,,,,,,,,,,,,,UNIEXPHKG,,,,general@unitedexpress.com.hk,,,,,,,,,,,,,,,0,,,,,,,,,,,,,,,,,,,,,,,,,,,,,,
ABIMOVYYZ,ABILITY MOVING & TRANSFER LTD.,Company,,CAYYZ,ABIMOVYYZ,,Commercial,,All Territories,,,,,,,,,,,,,,,,,,,,ABIMOVYYZ,,,,,,,,,,,,,,,,,,,0,,,,,,,,,,,,,,,,,,,,,,,,,,,,,,
NAVFORAFE,"NAVIGATOR FORWARDING CO., LTD.",Company,,TWTPE,NAVFORAFE,,Commercial,,All Territories,,,,,,,,,,,,,,,,,,,,NAVFORAFE,,,,hquarter@transworldexpress.com.tw,,,,,,,,,,,,,,,0,,,,,,,,,,,,,,,,,,,,,,,,,,,,,,
KARLOJIST,KARGO LOJISTIK INT'L TRANSPORT&SHIPPING,Company,,TRIST,KARLOJIST,,Commercial,,All Territories,,,,,,,,,,,,,,,,,,,,KARLOJIST,,,,,,,,,,,,,,,,,,,0,,,,,,,,,,,,,,,,,,,,,,,,,,,,,,
TGOWOR,TGO WORLDWIDE INC.,Company,,KRBNP,TGOWOR,,Commercial,,All Territories,,,,,,,,,,,,,,,,,,,,TGOWOR,,,,,,,,,,,,,,,,,,,0,,,,,,,,,,,,,,,,,,,,,,,,,,,,,,
UNIPACCAN,UNITED PACIFIC SHIPPING LIMITED,Company,,CNCAN,UNIPACCAN,,Commercial,,All Territories,,,,,,,,,,,,,,,,,,,,UNIPACCAN,,,,,,,,,,,,,,,,,,,0,,,,,,,,,,,,,,,,,,,,,,,,,,,,,,
NINSMONGB,NINGBO SMOOTH SHIPPING CO. LTD\,Company,,CNNGB,NINSMONGB,,Commercial,,All Territories,,,,,,,,,,,,,,,,,www.66smooth.com,,,NINSMONGB,,,+8657138058439,gb@66smooth.com,,,,,,,,,,,,,,,0,,,,,,,,,,,,,,,,,,,,,,,,,,,,,,
QCSQUIDUS,QCS - QUICK CARGO SERVICE GMBH,Company,,DEDUS,QCSQUIDUS,,Commercial,,All Territories,,,,,,,,,,,,,,,,,,,,QCSQUIDUS,,,,,,,,,,,,,,,,,,,0,,,,,,,,,,,,,,,,,,,,,,,,,,,,,,
EXCEXIBOM,EXCEL EXIM SERVICES INDIA PRIVATE LIMITED,Company,,INBOM,EXCEXIBOM,,Commercial,,All Territories,,,,,,,,,,,,,,,,,,,,EXCEXIBOM,,,,,,,,,,,,,,,,,,,0,,,,,,,,,,,,,,,,,,,,,,,,,,,,,,
HELSHAAFE,HELU-TRANS (SH) PTE LTD,Company,,CNSHA,HELSHAAFE,,Commercial,,All Territories,,,,,,,,,,,,,,,,,,,,HELSHAAFE,,,,chrisfan@helutrans.cn,,,,,,,,,,,,,,,0,,,,,,,,,,,,,,,,,,,,,,,,,,,,,,
SCOLOGBKK,SCORPIO LOGISTICS CO. LTD,Company,,THBKK,SCOLOGBKK,,Commercial,,All Territories,,,,,,,,,,,,,,,,,,,,SCOLOGBKK,,,,operation@scorpiologistics.com,,,,,,,,,,,,,,,0,,,,,,,,,,,,,,,,,,,,,,,,,,,,,,
AFFENTCEB,AFFINITE ENTERPRISES,Company,,PHCEB,AFFENTCEB,,Commercial,,All Territories,,,,,,,,,,,,,,,,,,,,AFFENTCEB,,,,,,,,,,,,,,,,,,,0,,,,,,,,,,,,,,,,,,,,,,,,,,,,,,
SANSHISZX,SANCO SHIPPING LTD.,Company,,CNSZX,SANSHISZX,,Commercial,,All Territories,,,,,,,,,,,,,,,,,,,,SANSHISZX,,,,,,,,,,,,,,,,,,,0,,,,,,,,,,,,,,,,,,,,,,,,,,,,,,
NOALOGOPO,NOATUM LOGISTICS PORTUGAL UNIPESSOAL LDA,Company,,PTOPO,NOALOGOPO,,Commercial,,All Territories,,,,,,,,,,,,,,,,,,,,NOALOGOPO,,,,,,,,,,,,,,,,,,,0,,,,,,,,,,,,,,,,,,,,,,,,,,,,,,
KAUOYWHEL,KAUKOHUOLINTA OY (WIN MEMBER),Company,,FIHEL,KAUOYWHEL,,Commercial,,All Territories,,,,,,,,,,,,,,,,,,,,KAUOYWHEL,,,,Christina.Finnberg@kauko.com,,,,,,,,,,,,,,,0,,,,,,,,,,,,,,,,,,,,,,,,,,,,,,
INTCARSAKL,INTERNATIONAL CARGO SYSTEMS LIMITED,Company,,NZAKL,INTCARSAKL,,Commercial,,All Territories,,,,,,,,,,,,,,,,,,,,INTCARSAKL,,,,,,,,,,,,,,,,,,,0,,,,,,,,,,,,,,,,,,,,,,,,,,,,,,
TRAPACSGN,TRANS PACIFIC LOGISTICS JSC,Company,,VNSGN,TRAPACSGN,,Commercial,,All Territories,,,,,,,,,,,,,,,,,,,,TRAPACSGN,,,,,,,,,,,,,,,,,,,0,,,,,,,,,,,,,,,,,,,,,,,,,,,,,,
PENSHIDXB,PENINSULA SHIPPING COMPANY LLC(LOGISTICS DIVISION),Company,,AEDXB,PENSHIDXB,,Commercial,,All Territories,,,,,,,,,,,,,,,,,http://www.peninsula-shipping.com,,,PENSHIDXB,,,+971557621620,,,,,,,,,,,,,,,,0,,,,,,,,,,,,,,,,,,,,,,,,,,,,,,
GUITRANRT,GUINSHO TRADING CORPORATION,Company,,JPTYO,GUITRANRT,,Commercial,,All Territories,,,,,,,,,,,,,,,,,,,,GUITRANRT,,,,nakano@guinsho.co.jp,,,,,,,,,,,,,,,0,,,,,,,,,,,,,,,,,,,,,,,,,,,,,,
CLASHIMCT,CLARION SHIPPING SERVICES LLC,Company,,OMMCT,CLASHIMCT,,Commercial,,All Territories,,,,,,,,,,,,,,,,,,,,CLASHIMCT,,,,clarion@omantel.net.com,,,,,,,,,,,,,,,0,,,,,,,,,,,,,,,,,,,,,,,,,,,,,,
1UPCARSYD,1UP CARGO AUSTRALIA,Company,,AUSYD,1UPCARSYD,,Commercial,,All Territories,,,,,,,,,,,,,,,,,,,,1UPCARSYD,,,,,,,,,,,,,,,,,,,0,,,,,,,,,,,,,,,,,,,,,,,,,,,,,,
ALSTRAONO,ALSTOM TRANSPORT CANADA INC.,Company,,USONO,ALSTRAONO,,Commercial,,All Territories,,,,,,,,,,,,,,,,,,,,ALSTRAONO,,,,james.mahoney@transport.alstom.com,,,,,,,,,,,,,,,0,,,,,,,,,,,,,,,,,,,,,,,,,,,,,,
SENINTBUE,SENATOR INTERNATIONAL (ARGENTINA) S.A,Company,,ARBUE,SENINTBUE,,Commercial,,All Territories,,,,,,,,,,,,,,,,,,,,SENINTBUE,,,,,,,,,,,,,,,,,,,0,,,,,,,,,,,,,,,,,,,,,,,,,,,,,,
VANDERRHO,VAN DER HELM- HUDIG ROTTERDAM B.V.,Company,,NLRHO,VANDERRHO,,Commercial,,All Territories,,,,,,,,,,,,,,,,,,,,VANDERRHO,,,,,,,,,,,,,,,,,,,0,,,,,,,,,,,,,,,,,,,,,,,,,,,,,,
CYBSYSQUE,CYBERFREIGHT SYSTEMS INC.,Company,,CAQUE,CYBSYSQUE,,Commercial,,All Territories,,,,,,,,,,,,,,,,,,,,CYBSYSQUE,,,,,,,,,,,,,,,,,,,0,,,,,,,,,,,,,,,,,,,,,,,,,,,,,,
HUSZENSTM,"HUSQVARNA ZENOAH CO., LTD.",Company,,JPSTM,HUSZENSTM,,Commercial,,All Territories,,,,,,,,,,,,,,,,,,,,HUSZENSTM,,,,,,,,,,,,,,,,,,,0,,,,,,,,,,,,,,,,,,,,,,,,,,,,,,
BLSBREBRE,BLS BREMER LOGISTICS SERVICE GMBH,Company,,DEBRE,BLSBREBRE,,Commercial,,All Territories,,,,,,,,,,,,,,,,,,,,BLSBREBRE,,,,th.kuech@bls-bremen.de,,,,,,,,,,,,,,,0,,,,,,,,,,,,,,,,,,,,,,,,,,,,,,
PACINTTPE,PACIFIC INTEGRATED LOGISTICS CO. LTD.,Company,,TWTPE,PACINTTPE,,Commercial,,All Territories,,,,,,,,,,,,,,,,,,,,PACINTTPE,,,,,,,,,,,,,,,,,,,0,,,,,,,,,,,,,,,,,,,,,,,,,,,,,,
AMCARGMAD,AM CARGO REGION MANDRID S.L,Company,,ESMAD,AMCARGMAD,,Commercial,,All Territories,,,,,,,,,,,,,,,,,,,,AMCARGMAD,,,,,,,,,,,,,,,,,,,0,,,,,,,,,,,,,,,,,,,,,,,,,,,,,,
KAMINTRTM,KAMINO INT'L LOGISTICS BV,Company,,NLRTM,KAMINTRTM,,Commercial,,All Territories,,,,,,,,,,,,,,,,,,,,KAMINTRTM,,,,,,,,,,,,,,,,,,,0,,,,,,,,,,,,,,,,,,,,,,,,,,,,,,
INTSPAMOD,INTERCOSPED S.P.A (MODENA),Company,,ITMOD,INTSPAMOD,,Commercial,,All Territories,,,,,,,,,,,,,,,,,,,,INTSPAMOD,,,,,,,,,,,,,,,,,,,0,,,,,,,,,,,,,,,,,,,,,,,,,,,,,,
ALIINTHKG,ALISPED INTERNATIONAL FORWARDING LIMITED,Company,,HKHKG,ALIINTHKG,,Commercial,,All Territories,,,,,,,,,,,,,,,,,,,,ALIINTHKG,,,,,,,,,,,,,,,,,,,0,,,,,,,,,,,,,,,,,,,,,,,,,,,,,,
DAELOGICN,DAEHWA LOGISTICS,Company,,KRICN,DAELOGICN,,Commercial,,All Territories,,,,,,,,,,,,,,,,,,,,DAELOGICN,,,,,,,,,,,,,,,,,,,0,,,,,,,,,,,,,,,,,,,,,,,,,,,,,,
STEFREIST,STEIN FREIGHT LOJISTIK HIZMETLERI LIMITED SIRKETI,Company,,TRIST,STEFREIST,,Commercial,,All Territories,,,,,,,,,,,,,,,,,,,,STEFREIST,,,,,,,,,,,,,,,,,,,0,,,,,,,,,,,,,,,,,,,,,,,,,,,,,,
MFRLOGSIN,MFREIGHT LOGISTICS PTE LTD,Company,,SGSIN,MFRLOGSIN,,Commercial,,All Territories,,,,,,,,,,,,,,,,,,,,MFRLOGSIN,,,,,,,,,,,,,,,,,,,0,,,,,,,,,,,,,,,,,,,,,,,,,,,,,,
MENSCHHAM,MENZELL & CO SCHIFFSMAKLER (AGENT OF INDEPENDENT,Company,,DEHAM,MENSCHHAM,,Commercial,,All Territories,,,,,,,,,,,,,,,,,,,,MENSCHHAM,,,,,,,,,,,,,,,,,,,0,,,,,,,,,,,,,,,,,,,,,,,,,,,,,,
ROSCMECEB,ROSENDA C. MENDOZA C/O MYSTIC WATER PHILIPPINES,Company,,PHCEB,ROSCMECEB,,Commercial,,All Territories,,,,,,,,,,,,,,,,,,,,ROSCMECEB,,,,,,,,,,,,,,,,,,,0,,,,,,,,,,,,,,,,,,,,,,,,,,,,,,
MATTRAAFZRH,MAT TRANSPORT AG. (AIRFREIGHT),Company,,CHZRH,MATTRAAFZRH,,Commercial,,All Territories,,,,,,,,,,,,,,,,,www.viamat.com,,,MATTRAAFZRH,,,,mat.airfreight@viamat.com,,,,,,,,,,,,,,,0,,,,,,,,,,,,,,,,,,,,,,,,,,,,,,
DAIEXPLGB,DAIJIN EXPRESS LLC,Company,,USLGB,DAIEXPLGB,,Commercial,,All Territories,,,,,,,,,,,,,,,,,,,,DAIEXPLGB,,,,,,,,,,,,,,,,,,,0,,,,,,,,,,,,,,,,,,,,,,,,,,,,,,
CTFREIAKL,C.T. FREIGHT (N.Z.) LTD.,Company,,NZAKL,CTFREIAKL,,Commercial,,All Territories,,,,,,,,,,,,,,,,,,,,CTFREIAKL,,,,,,,,,,,,,,,,,,,0,,,,,,,,,,,,,,,,,,,,,,,,,,,,,,
POLINTIST,POLAR INTERNATIONAL TRANSPORT LTD CO.,Company,,TRIST,POLINTIST,,Commercial,,All Territories,,,,,,,,,,,,,,,,,,,,POLINTIST,,,,,,,,,,,,,,,,,,,0,,,,,,,,,,,,,,,,,,,,,,,,,,,,,,
UNILOGXMN,UNITEX LOGISTICS LIMITED,Company,,CNXMN,UNILOGXMN,,Commercial,,All Territories,,,,,,,,,,,,,,,,,www.unitex168.com,,,UNILOGXMN,,,,sandy_xmn@uif.com.hk,,,,,,,,,,,,,,,0,,,,,,,,,,,,,,,,,,,,,,,,,,,,,,
SGOLINJKT,PT SGO LINES,Company,,IDJKT,SGOLINJKT,,Commercial,,All Territories,,,,,,,,,,,,,,,,,,,,SGOLINJKT,,,,,,,,,,,,,,,,,,,0,,,,,,,,,,,,,,,,,,,,,,,,,,,,,,
STRTRAFRA1,STRECK TRANSPORTGES MBH,Company,,DEFRA,STRTRAFRA1,,Commercial,,All Territories,,,,,,,,,,,,,,,,,,,,STRTRAFRA1,,,,,,,,,,,,,,,,,,,0,,,,,,,,,,,,,,,,,,,,,,,,,,,,,,
PATINTHKG,"PATENT INTERNATIONAL LOGISTICS (HONG KONG) CO.,LTD",Company,,HKHKG,PATINTHKG,,Commercial,,All Territories,,,,,,,,,,,,,,,,,,,,PATINTHKG,,,,,,,,,,,,,,,,,,,0,,,,,,,,,,,,,,,,,,,,,,,,,,,,,,
GSASGN,G.S.A CO. LTD.,Company,,VNSGN,GSASGN,,Commercial,,All Territories,,,,,,,,,,,,,,,,,,,,GSASGN,,,,,,,,,,,,,,,,,,,0,,,,,,,,,,,,,,,,,,,,,,,,,,,,,,
MOVSYSINSEL,MOVEMAX SYSTEM INC.,Company,,KRSEL,MOVSYSINSEL,,Commercial,,All Territories,,,,,,,,,,,,,,,,,,,,MOVSYSINSEL,,,,movemax@hanmail.net,,,,,,,,,,,,,,,0,,,,,,,,,,,,,,,,,,,,,,,,,,,,,,
WELWORMIM,WEL (WORLD EXHIBITION LOGISTICS),Company,,FRMIM,WELWORMIM,,Commercial,,All Territories,,,,,,,,,,,,,,,,,,,,WELWORMIM,,,,,,,,,,,,,,,,,,,0,,,,,,,,,,,,,,,,,,,,,,,,,,,,,,
GENNOLCPQ,GENERAL NOLI DO BRASIL LTDA.,Company,,BRCPQ,GENNOLCPQ,,Commercial,,All Territories,,,,,,,,,,,,,,,,,,,,GENNOLCPQ,,,,,,,,,,,,,,,,,,,0,,,,,,,,,,,,,,,,,,,,,,,,,,,,,,
JAPCASUKB,"JAPAN CASH MACHINE CO., LTD",Company,,JPUKB,JAPCASUKB,,Commercial,,All Territories,,,,,,,,,,,,,,,,,,,,JAPCASUKB,,,,,,,,,,,,,,,,,,,0,,,,,,,,,,,,,,,,,,,,,,,,,,,,,,
ALPGLOTYO1,"ALPHA GLOBAL LOGISTICS, INC.",Company,,JPTYO,ALPGLOTYO1,,Commercial,,All Territories,,,,,,,,,,,,,,,,,,,,ALPGLOTYO1,,,,,,,,,,,,,,,,,,,0,,,,,,,,,,,,,,,,,,,,,,,,,,,,,,
CMSLOGICN,"CMS LOGISTICS GROUP KOREA CO.,LTD.",Company,,KRICN,CMSLOGICN,,Commercial,,All Territories,,,,,,,,,,,,,,,,,,,,CMSLOGICN,,,,,,,,,,,,,,,,,,,0,,,,,,,,,,,,,,,,,,,,,,,,,,,,,,
CHROBIMEL,C.H. ROBINSON WORLDWIDE (AU) PTY LTD.,Company,,AUMEL,CHROBIMEL,,Commercial,,All Territories,,,,,,,,,,,,,,,,,www.chrobinson.com,,,CHROBIMEL,,,,sarah.freame@chrobinson.com,,,,,,,,,,,,,,,0,,,,,,,,,,,,,,,,,,,,,,,,,,,,,,
DACLOGVIE,DACO LOGISTICS GMBH,Company,,ATVIE,DACLOGVIE,,Commercial,,All Territories,,,,,,,,,,,,,,,,,www.dacolog.com,,,DACLOGVIE,,,,vienna@dacolog.com,,,,,,,,,,,,,,,0,,,,,,,,,,,,,,,,,,,,,,,,,,,,,,
ANDINTSGN,ANDACSON INTERNATIONAL LTD.,Company,,VNSGN,ANDINTSGN,,Commercial,,All Territories,,,,,,,,,,,,,,,,,,,,ANDINTSGN,,,,info@andacson.com,,,,,,,,,,,,,,,0,,,,,,,,,,,,,,,,,,,,,,,,,,,,,,
JFECONARSIN,JFE CONSOLIDATORS PTE LTD (APA MEMBER),Company,,SGSIN,JFECONARSIN,,Commercial,,All Territories,,,,,,,,,,,,,,,,,,,,JFECONARSIN,,,,,,,,,,,,,,,,,,,0,,,,,,,,,,,,,,,,,,,,,,,,,,,,,,
BRIHKGAFE,BRINKS FINE ARTS SERVICES,Company,,HKHKG,BRIHKGAFE,,Commercial,,All Territories,,,,,,,,,,,,,,,,,,,,BRIHKGAFE,,,,,,,,,,,,,,,,,,,0,,,,,,,,,,,,,,,,,,,,,,,,,,,,,,
SINGUANNG,SINOTRANS GUANGXI COMPANY,Company,,CNNNG,SINGUANNG,,Commercial,,All Territories,,,,,,,,,,,,,,,,,,,,SINGUANNG,,,,,,,,,,,,,,,,,,,0,,,,,,,,,,,,,,,,,,,,,,,,,,,,,,
COMOCEDMN,COMPASS OCEAN LOGISTICS,Company,,SADMN,COMOCEDMN,,Commercial,,All Territories,,,,,,,,,,,,,,,,,,,,COMOCEDMN,,,,,,,,,,,,,,,,,,,0,,,,,,,,,,,,,,,,,,,,,,,,,,,,,,
STALOGBKK,STARLINE LOGISTICS (THAILAND) LTD,Company,,THBKK,STALOGBKK,,Commercial,,All Territories,,,,,,,,,,,,,,,,,,,,STALOGBKK,,,,,,,,,,,,,,,,,,,0,,,,,,,,,,,,,,,,,,,,,,,,,,,,,,
PEGINTSIN,PEGASUS INTELLIGENT LOGISTICS PTE LTD,Company,,SGSIN,PEGINTSIN,,Commercial,,All Territories,,,,,,,,,,,,,,,,,,,,PEGINTSIN,,,,sales@asiacargonetwork.com,,,,,,,,,,,,,,,0,,,,,,,,,,,,,,,,,,,,,,,,,,,,,,
DEUSINAFE,DEUGRO (SINGAPORE) PTE LTD,Company,,SGSIN,DEUSINAFE,,Commercial,,All Territories,,,,,,,,,,,,,,,,,,,,DEUSINAFE,,,,,,,,,,,,,,,,,,,0,,,,,,,,,,,,,,,,,,,,,,,,,,,,,,
SITCBNAFE,"SIT EXPEDICION ARTE Y SEGURIDAD, S.L",Company,,ESCBN,SITCBNAFE,,Commercial,,All Territories,,,,,,,,,,,,,,,,,,,,SITCBNAFE,,,,jose.betrian@sitspain.com,,,,,,,,,,,,,,,0,,,,,,,,,,,,,,,,,,,,,,,,,,,,,,
SAIEXPDAD,SAIGON EXPRESS AGENCY LTD.,Company,,VNDAD,SAIEXPDAD,,Commercial,,All Territories,,,,,,,,,,,,,,,,,,,,SAIEXPDAD,,,,,,,,,,,,,,,,,,,0,,,,,,,,,,,,,,,,,,,,,,,,,,,,,,
CTOGLOCRG,CTO GLOBAL LOGISTICS AUSTRALIA PTY LTD.,Company,,AUCRG,CTOGLOCRG,,Commercial,,All Territories,,,,,,,,,,,,,,,,,,,,CTOGLOCRG,,,,,,,,,,,,,,,,,,,0,,,,,,,,,,,,,,,,,,,,,,,,,,,,,,
ASGJAPTYO,ASG (JAPAN) LTD.,Company,,JPTYO,ASGJAPTYO,,Commercial,,All Territories,,,,,,,,,,,,,,,,,,,,ASGJAPTYO,,,,,,,,,,,,,,,,,,,0,,,,,,,,,,,,,,,,,,,,,,,,,,,,,,
DTLOGIHKG,DT LOGISTICS (HONG KONG) LIMITED,Company,,HKHKG,DTLOGIHKG,,Commercial,,All Territories,,,,,,,,,,,,,,,,,,,,DTLOGIHKG,,,,,,,,,,,,,,,,,,,0,,,,,,,,,,,,,,,,,,,,,,,,,,,,,,
ALRASHSAF,AL RASHED INTERNATIONAL SHIPPING CO. W.L.L,Company,,KWSAF,ALRASHSAF,,Commercial,,All Territories,,,,,,,,,,,,,,,,,,,,ALRASHSAF,,,,,,,,,,,,,,,,,,,0,,,,,,,,,,,,,,,,,,,,,,,,,,,,,,
BSLCDG,BSL,Company,,FRCDG,BSLCDG,,Commercial,,All Territories,,,,,,,,,,,,,,,,,,,,BSLCDG,,,,,,,,,,,,,,,,,,,0,,,,,,,,,,,,,,,,,,,,,,,,,,,,,,
HEMFRESOU,HEMISPHERE FREIGHT SERVICES LIMITED,Company,,GBSOU,HEMFRESOU,,Commercial,,All Territories,,,,,,,,,,,,,,,,,,,,HEMFRESOU,,,,,,,,,,,,,,,,,,,0,,,,,,,,,,,,,,,,,,,,,,,,,,,,,,
DECOEXBIO,DECOEXSA BILBAO,Company,,ESBIO,DECOEXBIO,,Commercial,,All Territories,,,,,,,,,,,,,,,,,,,,DECOEXBIO,,,,,,,,,,,,,,,,,,,0,,,,,,,,,,,,,,,,,,,,,,,,,,,,,,
VIAMATSCL,VIA MAT (AIR & SEA) LTDA.  (HEAD OFFICE),Company,,CLSCL,VIAMATSCL,,Commercial,,All Territories,,,,,,,,,,,,,,,,,,,,VIAMATSCL,,,,viamat.chile@viamat.com,,,,,,,,,,,,,,,0,,,,,,,,,,,,,,,,,,,,,,,,,,,,,,
MALAIRAMS,MALENSTEIN AIR BV,Company,,NLAMS,MALAIRAMS,,Commercial,,All Territories,,,,,,,,,,,,,,,,,www.malensteinair.nl,,,MALAIRAMS,,,,ame@malensteinair.nl,,,,,,,,,,,,,,,0,,,,,,,,,,,,,,,,,,,,,,,,,,,,,,
EASENTSHA,EASTRONG ENTERPRISE GROUP SHANGHAI CO LTD,Company,,CNSHA,EASENTSHA,,Commercial,,All Territories,,,,,,,,,,,,,,,,,,,,EASENTSHA,,,,,,,,,,,,,,,,,,,0,,,,,,,,,,,,,,,,,,,,,,,,,,,,,,
SLSINTBKK,SLS INTER TRANSPORT CO. LTD.,Company,,THBKK,SLSINTBKK,,Commercial,,All Territories,,,,,,,,,,,,,,,,,,,,SLSINTBKK,,,,,,,,,,,,,,,,,,,0,,,,,,,,,,,,,,,,,,,,,,,,,,,,,,
MAIUSAORD,MAINFREIGHT USA (FORMERLY TARGET LOGISTICS SVC.),Company,,USORD,MAIUSAORD,,Commercial,,All Territories,,,,,,,,,,,,,,,,,,,,MAIUSAORD,,,,,,,,,,,,,,,,,,,0,,,,,,,,,,,,,,,,,,,,,,,,,,,,,,
DONSHIKWN,"DONGBO SHIPPING CO., LTD. O/B OF",Company,,HKKWN,DONSHIKWN,,Commercial,,All Territories,,,,,,,,,,,,,,,,,,,,DONSHIKWN,,,,,,,,,,,,,,,,,,,0,,,,,,,,,,,,,,,,,,,,,,,,,,,,,,
UJEXPRKEL,UJ EXPRESS COMPANY LIMITED,Company,,TWKEL,UJEXPRKEL,,Commercial,,All Territories,,,,,,,,,,,,,,,,,www.ujexpress.net,,,UJEXPRKEL,,,,,,,,,,,,,,,,,,,0,,,,,,,,,,,,,,,,,,,,,,,,,,,,,,
UNIINTSHA,UNITEX INT'L FORWARDING (GZ) LTD. SHANGHAI BRANCH,Company,,CNSGH,UNIINTSHA,,Commercial,,All Territories,,,,,,,,,,,,,,,,,,,,UNIINTSHA,,,,,,,,,,,,,,,,,,,0,,,,,,,,,,,,,,,,,,,,,,,,,,,,,,
WELLOGTPE,"WELGROW LOGISTICS CO., LTD.",Company,,TWTPE,WELLOGTPE,,Commercial,,All Territories,,,,,,,,,,,,,,,,,,,,WELLOGTPE,,,,,,,,,,,,,,,,,,,0,,,,,,,,,,,,,,,,,,,,,,,,,,,,,,
SAMGROSZX,SAMHONG/KFS GROUP,Company,,CNSZX,SAMGROSZX,,Commercial,,All Territories,,,,,,,,,,,,,,,,,,,,SAMGROSZX,,,,,,,,,,,,,,,,,,,0,,,,,,,,,,,,,,,,,,,,,,,,,,,,,,
CSFLOGPKG,CSF LOGISTICS (M) SDN. BHD. (691458-V),Company,,MYPKG,CSFLOGPKG,,Commercial,,All Territories,,,,,,,,,,,,,,,,,,,,CSFLOGPKG,,,+60127001769,enquiry@csflogistics.com,,,,,,,,,,,,,,,0,,,,,,,,,,,,,,,,,,,,,,,,,,,,,,
EXPPLUQZV,EXPO PLUS,Company,,FRROI,EXPPLUQZV,,Commercial,,All Territories,,,,,,,,,,,,,,,,,,,,EXPPLUQZV,,,,,,,,,,,,,,,,,,,0,,,,,,,,,,,,,,,,,,,,,,,,,,,,,,
PTCAHAJKT,PT CAHAYA PUNDIMAS INDONUSA,Company,,IDJKT,PTCAHAJKT,,Commercial,,All Territories,,,,,,,,,,,,,,,,,,,,PTCAHAJKT,,,,,,,,,,,,,,,,,,,0,,,,,,,,,,,,,,,,,,,,,,,,,,,,,,
DOOAIRPUS,DOOKANG AIR & SEA INC.,Company,,KRPUS,DOOAIRPUS,,Commercial,,All Territories,,,,,,,,,,,,,,,,,www.dookang.co.kr,,,DOOAIRPUS,,,,,,,,,,,,,,,,,,,0,,,,,,,,,,,,,,,,,,,,,,,,,,,,,,
SENINTSGH,SENATOR INTERNATIONAL FREIGHT FORWARDING (SHANGHAI,Company,,CNSGH,SENINTSGH,,Commercial,,All Territories,,,,,,,,,,,,,,,,,,,,SENINTSGH,,,,,,,,,,,,,,,,,,,0,,,,,,,,,,,,,,,,,,,,,,,,,,,,,,
RDLOGSPKG,R & D LOGISTICS SDN BHD,Company,,MYPKG,RDLOGSPKG,,Commercial,,All Territories,,,,,,,,,,,,,,,,,,,,RDLOGSPKG,,,,see contacts/ website: www.rdforwarders.com,,,,,,,,,,,,,,,0,,,,,,,,,,,,,,,,,,,,,,,,,,,,,,
HIZAMSAFE,HIZKIA VAN KRALINGEN,Company,,NLAMS,HIZAMSAFE,,Commercial,,All Territories,,,,,,,,,,,,,,,,,,,,HIZAMSAFE,,,,robh@vankralingen.com,,,,,,,,,,,,,,,0,,,,,,,,,,,,,,,,,,,,,,,,,,,,,,
TESDIC,TESSITURA DI CREVACUORE SPA,Company,,ITMXP,TESDIC,,Commercial,,All Territories,,,,,,,,,,,,,,,,,,,,TESDIC,,,,,,,,,,,,,,,,,,,0,,,,,,,,,,,,,,,,,,,,,,,,,,,,,,
DUBKENDXB,DUBAI KENNELS & CATTERY,Company,,AEDXB,DUBKENDXB,,Commercial,,All Territories,,,,,,,,,,,,,,,,,,,,DUBKENDXB,,,,otherstuff@dkc.ae,,,,,,,,,,,,,,,0,,,,,,,,,,,,,,,,,,,,,,,,,,,,,,
WATFRESIN,WATERMAN FREIGHT LOGISTIC PTE LTD,Company,,SGSIN,WATFRESIN,,Commercial,,All Territories,,,,,,,,,,,,,,,,,,,,WATFRESIN,,,+6598390282,,,,,,,,,,,,,,,,0,,,,,,,,,,,,,,,,,,,,,,,,,,,,,,
FTSLOGHKG,FTS LOGISTICS (HK) LIMITED,Company,,HKHKG,FTSLOGHKG,,Commercial,,All Territories,,,,,,,,,,,,,,,,,,,,FTSLOGHKG,,,,,,,,,,,,,,,,,,,0,,,,,,,,,,,,,,,,,,,,,,,,,,,,,,
GLOFREPKG,MS GLOBAL FREIGHT SOLUTION SDN.BHD.,Company,,MYPKG,GLOFREPKG,,Commercial,,All Territories,,,,,,,,,,,,,,,,,,,,GLOFREPKG,,,,kelvin.leong@msglobal.com.my,,,,,,,,,,,,,,,0,,,,,,,,,,,,,,,,,,,,,,,,,,,,,,
BIANCCGOA,BIANCHI & C. SRL,Company,,ITGOA,BIANCCGOA,,Commercial,,All Territories,,,,,,,,,,,,,,,,,,,,BIANCCGOA,,,,,,,,,,,,,,,,,,,0,,,,,,,,,,,,,,,,,,,,,,,,,,,,,,
TIMATGOA,TIMAT SERVICE SRL,Company,,ITGOA,TIMATGOA,,Commercial,,All Territories,,,,,,,,,,,,,,,,,,,,TIMATGOA,,,,,,,,,,,,,,,,,,,0,,,,,,,,,,,,,,,,,,,,,,,,,,,,,,
AIRJFKLAX,AIRGROUP - JFK,Company,,USLAX,AIRJFKLAX,,Commercial,,All Territories,,,,,,,,,,,,,,,,,,,,AIRJFKLAX,,,,,,,,,,,,,,,,,,,0,,,,,,,,,,,,,,,,,,,,,,,,,,,,,,
NORCONARN,NORDIC CONSOLIDATORS,Company,,SEARN,NORCONARN,,Commercial,,All Territories,,,,,,,,,,,,,,,,,,,,NORCONARN,,,,,,,,,,,,,,,,,,,0,,,,,,,,,,,,,,,,,,,,,,,,,,,,,,
PEKCARWAW,PEKAO CARGO S.P.Z.O.O,Company,,PLWAW,PEKCARWAW,,Commercial,,All Territories,,,,,,,,,,,,,,,,,www.pekao.pl,,,PEKCARWAW,,,,cargo@pekao.pl,,,,,,,,,,,,,,,0,,,,,,,,,,,,,,,,,,,,,,,,,,,,,,
SHEDUOSZX,"SHENZHEN DUODATOON TRADE & LOGISTICS CO.,LTD",Company,,CNSZX,SHEDUOSZX,,Commercial,,All Territories,,,,,,,,,,,,,,,,,,,,SHEDUOSZX,,,,,,,,,,,,,,,,,,,0,,,,,,,,,,,,,,,,,,,,,,,,,,,,,,
SUNINTHKG,SUNSHINE INT'L DEVELOPMENT (HK) LIMITED,Company,,HKHKG,SUNINTHKG,,Commercial,,All Territories,,,,,,,,,,,,,,,,,,,,SUNINTHKG,,,+020 8426-2516,,,,,,,,,,,,,,,,0,,,,,,,,,,,,,,,,,,,,,,,,,,,,,,
AWOGLOCAN,AWOT GLOBAL CORPORATION GUANGZHOU BRANCH,Company,,CNCAN,AWOGLOCAN,,Commercial,,All Territories,,,,,,,,,,,,,,,,,,,,AWOGLOCAN,,,,,,,,,,,,,,,,,,,0,,,,,,,,,,,,,,,,,,,,,,,,,,,,,,
CHIASISZX,CHINA ASIA INT'L TRANSPORTATION LTD.,Company,,CNSZX,CHIASISZX,,Commercial,,All Territories,,,,,,,,,,,,,,,,,,,,CHIASISZX,,,,,,,,,,,,,,,,,,,0,,,,,,,,,,,,,,,,,,,,,,,,,,,,,,
INFRANGHG,INFRANORDIC  AB,Company,,USGHG,INFRANGHG,,Commercial,,All Territories,,,,,,,,,,,,,,,,,,,,INFRANGHG,,,,,,,,,,,,,,,,,,,0,,,,,,,,,,,,,,,,,,,,,,,,,,,,,,
LEMUSALAX,LEMAN USA INC.,Company,,USLAX,LEMUSALAX,,Commercial,,All Territories,,,,,,,,,,,,,,,,,,,,LEMUSALAX,,,,losangeles@lemanusa.com,,,,,,,,,,,,,,,0,,,,,,,,,,,,,,,,,,,,,,,,,,,,,,
SEFACQZV,SEFAC,Company,,FRROI,SEFACQZV,,Commercial,,All Territories,,,,,,,,,,,,,,,,,,,,SEFACQZV,,,,,,,,,,,,,,,,,,,0,,,,,,,,,,,,,,,,,,,,,,,,,,,,,,
KAMINTSFO,KAMINO INTERNATIONAL TRANSPORT INC,Company,,USSFO,KAMINTSFO,,Commercial,,All Territories,,,,,,,,,,,,,,,,,,,,KAMINTSFO,,,,,,,,,,,,,,,,,,,0,,,,,,,,,,,,,,,,,,,,,,,,,,,,,,
LAGWIEWLVIE,LAGERMAX WIEN INTERNATIONALE SPEDITION GMBH,Company,,ATVDD,LAGWIEWLVIE,,Commercial,,All Territories,,,,,,,,,,,,,,,,,,,,LAGWIEWLVIE,,,,,,,,,,,,,,,,,,,0,,,,,,,,,,,,,,,,,,,,,,,,,,,,,,
SSLLOGBKK,SSL LOGISTICS CO. LTD.,Company,,THBKK,SSLLOGBKK,,Commercial,,All Territories,,,,,,,,,,,,,,,,,,,,SSLLOGBKK,,,,,,,,,,,,,,,,,,,0,,,,,,,,,,,,,,,,,,,,,,,,,,,,,,
DACFARKWN,DACHSER FAR EAST LTD/AIR OPERATION OFC,Company,,HKKWN,DACFARKWN,,Commercial,,All Territories,,,,,,,,,,,,,,,,,,,,DACFARKWN,,,,info@dachser.com.hk,,,,,,,,,,,,,,,0,,,,,,,,,,,,,,,,,,,,,,,,,,,,,,
GRECARAGH,GREEN CARRIER SCANDINAVIA AB,Company,,SEAGH,GRECARAGH,,Commercial,,All Territories,,,,,,,,,,,,,,,,,,,,GRECARAGH,,,,,,,,,,,,,,,,,,,0,,,,,,,,,,,,,,,,,,,,,,,,,,,,,,
NOVTRAAFE,NOVA TRAFFIC LTD.,Company,,CHGVA,NOVTRAAFE,,Commercial,,All Territories,,,,,,,,,,,,,,,,,www.novatraffic.ch,,,NOVTRAAFE,,,+41793126446,info@novatraffic.ch,,,,,,,,,,,,,,,0,,,,,,,,,,,,,,,,,,,,,,,,,,,,,,
ARTNYCAFE,ARTA SHIPPING INC.,Company,,USNYC,ARTNYCAFE,,Commercial,,All Territories,,,,,,,,,,,,,,,,,,,,ARTNYCAFE,,,,dakota@shiparta.com,,,,,,,,,,,,,,,0,,,,,,,,,,,,,,,,,,,,,,,,,,,,,,
SHAORIDLC,SHANGHAI ORIENT INTERGROUP INT'L TRANSPORT CO.,Company,,CNDLC,SHAORIDLC,,Commercial,,All Territories,,,,,,,,,,,,,,,,,,,,SHAORIDLC,,,,,,,,,,,,,,,,,,,0,,,,,,,,,,,,,,,,,,,,,,,,,,,,,,
CNTLOGDEL,CNT LOGISTICS INDIA PVT LTD. A/C TARGET FREIGHT,Company,,INDEL,CNTLOGDEL,,Commercial,,All Territories,,,,,,,,,,,,,,,,,www.targetfs.com,,,CNTLOGDEL,,,,,,,,,,,,,,,,,,,0,,,,,,,,,,,,,,,,,,,,,,,,,,,,,,
POWSTASEK,POWER STAR FREIGHT SDN BHD,Company,,MYSEK,POWSTASEK,,Commercial,,All Territories,,,,,,,,,,,,,,,,,,,,POWSTASEK,,,,,,,,,,,,,,,,,,,0,,,,,,,,,,,,,,,,,,,,,,,,,,,,,,
MODMARRUH,MODERN MARITIME LOGISTICS (MML),Company,,SARUH,MODMARRUH,,Commercial,,All Territories,,,,,,,,,,,,,,,,,,,,MODMARRUH,,,,mmlryd@mml.com.sa,,,,,,,,,,,,,,,0,,,,,,,,,,,,,,,,,,,,,,,,,,,,,,
FLEINTYNT,FLEXPORT INTERNATIONAL LLC,Company,,CNYAT,FLEINTYNT,,Commercial,,All Territories,,,,,,,,,,,,,,,,,,,,FLEINTYNT,,,,,,,,,,,,,,,,,,,0,,,,,,,,,,,,,,,,,,,,,,,,,,,,,,
SBSWORDFD,SBS WORLDWIDE LTD.,Company,,GBDFD,SBSWORDFD,,Commercial,,All Territories,,,,,,,,,,,,,,,,,,,,SBSWORDFD,,,,ocean@sbsworldwide.com,,,,,,,,,,,,,,,0,,,,,,,,,,,,,,,,,,,,,,,,,,,,,,
ASIGOITOL,"ASIA GOING SUPPLY CHAIN SERVICE CHINA CO., LTD.",Company,,CNTOL,ASIGOITOL,,Commercial,,All Territories,,,,,,,,,,,,,,,,,,,,ASIGOITOL,,,,,,,,,,,,,,,,,,,0,,,,,,,,,,,,,,,,,,,,,,,,,,,,,,
ASGLOGLHR,ASG LOGISTICS LTD.,Company,,GBLHR,ASGLOGLHR,,Commercial,,All Territories,,,,,,,,,,,,,,,,,,,,ASGLOGLHR,,,,,,,,,,,,,,,,,,,0,,,,,,,,,,,,,,,,,,,,,,,,,,,,,,
SHEDACSZX,"SHENZHEN DACHUAN INTERNATIONAL FREIGHT CO., LTD",Company,,CNSZX,SHEDACSZX,,Commercial,,All Territories,,,,,,,,,,,,,,,,,,,,SHEDACSZX,,,,,,,,,,,,,,,,,,,0,,,,,,,,,,,,,,,,,,,,,,,,,,,,,,
GRALOGPKG,GRANDCONTINENTAL LOGISTICS SDN BHD,Company,,MYPKG,GRALOGPKG,,Commercial,,All Territories,,,,,,,,,,,,,,,,,,,,GRALOGPKG,,,,,,,,,,,,,,,,,,,0,,,,,,,,,,,,,,,,,,,,,,,,,,,,,,
AMGHSSDVO,AMG HSS ENTERPRISES,Company,,PHDVO,AMGHSSDVO,,Commercial,,All Territories,,,,,,,,,,,,,,,,,,,,AMGHSSDVO,,,,,,,,,,,,,,,,,,,0,,,,,,,,,,,,,,,,,,,,,,,,,,,,,,
ALPGLOTYO,"ALPHA GLOBAL LOGISTICS, INC.",Company,,JPTYO,ALPGLOTYO,,Commercial,,All Territories,,,,,,,,,,,,,,,,,www.aglog.jp,,,ALPGLOTYO,,,,fukase@aglog.jp,,,,,,,,,,,,,,,0,,,,,,,,,,,,,,,,,,,,,,,,,,,,,,
HUASUPNGB,"HUANJI SUPPLY CHAIN MANAGEMENT CO.,LTD.",Company,,CNNBO,HUASUPNGB,,Commercial,,All Territories,,,,,,,,,,,,,,,,,http://www.nb-hj.com,,,HUASUPNGB,,,,Joyce@nb-hj.com,,,,,,,,,,,,,,,0,,,,,,,,,,,,,,,,,,,,,,,,,,,,,,
MARZHAVIST,MARZ HAVA DENIZ KARGO TASIMACILIGIA.SS,Company,,TRIST,MARZHAVIST,,Commercial,,All Territories,,,,,,,,,,,,,,,,,,,,MARZHAVIST,,,,,,,,,,,,,,,,,,,0,,,,,,,,,,,,,,,,,,,,,,,,,,,,,,
HONLANXMN,HONOUR LANE (XIAMEN),Company,,CNXMN,HONLANXMN,,Commercial,,All Territories,,,,,,,,,,,,,,,,,,,,HONLANXMN,,,,,,,,,,,,,,,,,,,0,,,,,,,,,,,,,,,,,,,,,,,,,,,,,,
TRASHINYC,"TRANSCON SHIPPING CO., INC.",Company,,USNYC,TRASHINYC,,Commercial,,All Territories,,,,,,,,,,,,,,,,,,,,TRASHINYC,,,,NYC@TransconShipping.com,,,,,,,,,,,,,,,0,,,,,,,,,,,,,,,,,,,,,,,,,,,,,,
HASFRAAFE,HASENKAMP RELOCATION SERVICES GMBH,Company,,DEFRA,HASFRAAFE,,Commercial,,All Territories,,,,,,,,,,,,,,,,,,,,HASFRAAFE,,,,F.Grosse@hasenkamp.com,,,,,,,,,,,,,,,0,,,,,,,,,,,,,,,,,,,,,,,,,,,,,,
MAKTRATPE,"MAKO TRANSPORT CO., LTD",Company,,TWTPE,MAKTRATPE,,Commercial,,All Territories,,,,,,,,,,,,,,,,,,,,MAKTRATPE,,,,makotpe@ms18.hinet.net,,,,,,,,,,,,,,,0,,,,,,,,,,,,,,,,,,,,,,,,,,,,,,
MLAMBEANR,M. LAMBERIGTS & A. VAN DAELEN N.V.,Company,,BEANR,MLAMBEANR,,Commercial,,All Territories,,,,,,,,,,,,,,,,,,,,MLAMBEANR,,,,,,,,,,,,,,,,,,,0,,,,,,,,,,,,,,,,,,,,,,,,,,,,,,
EXCSERBOG,EXCEL SERVICIOS LOGISTICOS LTDA,Company,,COBOG,EXCSERBOG,,Commercial,,All Territories,,,,,,,,,,,,,,,,,,,,EXCSERBOG,,,+5715428752,,,,,,,,,,,,,,,,0,,,,,,,,,,,,,,,,,,,,,,,,,,,,,,
GFLSERSSZ,GFL SERVICE DO BRASIL LTDA LOGISTICA,Company,,BRSSZ,GFLSERSSZ,,Commercial,,All Territories,,,,,,,,,,,,,,,,,,,,GFLSERSSZ,,,,ccastillo@gfbrasil.com.br,,,,,,,,,,,,,,,0,,,,,,,,,,,,,,,,,,,,,,,,,,,,,,
AFRSHITUN,AFRICAN SHIPPING AGENCY,Company,,TNTUN,AFRSHITUN,,Commercial,,All Territories,,,,,,,,,,,,,,,,,,,,AFRSHITUN,,,,,,,,,,,,,,,,,,,0,,,,,,,,,,,,,,,,,,,,,,,,,,,,,,
SHAVABAMS,SHARE VABIX SSL AIRFREIGHT B.V,Company,,NLAMS,SHAVABAMS,,Commercial,,All Territories,,,,,,,,,,,,,,,,,,,,SHAVABAMS,,,,,,,,,,,,,,,,,,,0,,,,,,,,,,,,,,,,,,,,,,,,,,,,,,
UIFLOGHKG,UIF LOGISTICS LTD.,Company,,HKHKG,UIFLOGHKG,,Commercial,,All Territories,,,,,,,,,,,,,,,,,,,,UIFLOGHKG,,,,,,,,,,,,,,,,,,,0,,,,,,,,,,,,,,,,,,,,,,,,,,,,,,
UNIINT_CN,"UNIQUORN INT'L LOGISTICS (SHENZHEN) CO., LTD.",Company,,CNSNZ,UNIINT_CN,,Commercial,,All Territories,,,,,,,,,,,,,,,,,,,,UNIINT_CN,,,,,,,,,,,,,,,,,,,0,,,,,,,,,,,,,,,,,,,,,,,,,,,,,,
SOLOSASCL,SOLOT S.A,Company,,CLSCL,SOLOSASCL,,Commercial,,All Territories,,,,,,,,,,,,,,,,,,,,SOLOSASCL,,,,amonsalve@solotlogistics.com,,,,,,,,,,,,,,,0,,,,,,,,,,,,,,,,,,,,,,,,,,,,,,
KLGEURRTM,KLG EUROPE ROTTERDAM B.V.,Company,,NLRTM,KLGEURRTM,,Commercial,,All Territories,,,,,,,,,,,,,,,,,,,,KLGEURRTM,,,,,,,,,,,,,,,,,,,0,,,,,,,,,,,,,,,,,,,,,,,,,,,,,,
WORLINXMN,WORLD- LINKS FREIGHT SERVICES CO. LTD.,Company,,CNXMN,WORLINXMN,,Commercial,,All Territories,,,,,,,,,,,,,,,,,,,,WORLINXMN,,,,,,,,,,,,,,,,,,,0,,,,,,,,,,,,,,,,,,,,,,,,,,,,,,
FCDTLVAFE,FC/DHL GLOBAL FORWARDING ISRAEL,Company,,ILBGA,FCDTLVAFE,,Commercial,,All Territories,,,,,,,,,,,,,,,,,,,,FCDTLVAFE,,,,,,,,,,,,,,,,,,,0,,,,,,,,,,,,,,,,,,,,,,,,,,,,,,
STAOCEBKK,STAR OCEAN LOGISTICS CO. LTD.,Company,,THBKK,STAOCEBKK,,Commercial,,All Territories,,,,,,,,,,,,,,,,,,,,STAOCEBKK,,,+66804408087,,,,,,,,,,,,,,,,0,,,,,,,,,,,,,,,,,,,,,,,,,,,,,,
DCLLOGHKG,DCL LOGISTICS LIMITED,Company,,HKHKG,DCLLOGHKG,,Commercial,,All Territories,,,,,,,,,,,,,,,,,,,,DCLLOGHKG,,,,,,,,,,,,,,,,,,,0,,,,,,,,,,,,,,,,,,,,,,,,,,,,,,
ABCEURBUD,ABC EUROPEAN AIR & SEA CARGO,Company,,HUBUD,ABCEURBUD,,Commercial,,All Territories,,,,,,,,,,,,,,,,,,,,ABCEURBUD,,,,,,,,,,,,,,,,,,,0,,,,,,,,,,,,,,,,,,,,,,,,,,,,,,
FERCAMAOI,FERCAM SPA,Company,,ITAOI,FERCAMAOI,,Commercial,,All Territories,,,,,,,,,,,,,,,,,,,,FERCAMAOI,,,,,,,,,,,,,,,,,,,0,,,,,,,,,,,,,,,,,,,,,,,,,,,,,,
SENINTCHI,SENATOR INTERNATIONAL FRT FOR. LLC (CHICAGO),Company,,USCHI,SENINTCHI,,Commercial,,All Territories,,,,,,,,,,,,,,,,,,,,SENINTCHI,,,,,,,,,,,,,,,,,,,0,,,,,,,,,,,,,,,,,,,,,,,,,,,,,,
SUMGLOSYD,SUMMIT GLOBAL LOGISTICS,Company,,AUSYD,SUMGLOSYD,,Commercial,,All Territories,,,,,,,,,,,,,,,,,,,,SUMGLOSYD,,,,,,,,,,,,,,,,,,,0,,,,,,,,,,,,,,,,,,,,,,,,,,,,,,
XLIGLOBNE,XLI GLOBAL NETWORK,Company,,AUBNE,XLIGLOBNE,,Commercial,,All Territories,,,,,,,,,,,,,,,,,,,,XLIGLOBNE,,,,,,,,,,,,,,,,,,,0,,,,,,,,,,,,,,,,,,,,,,,,,,,,,,
MARFRESHA,MARSHALL FREIGHT SHANGHAI CO. LTD,Company,,CNSHA,MARFRESHA,,Commercial,,All Territories,,,,,,,,,,,,,,,,,,,,MARFRESHA,,,,,,,,,,,,,,,,,,,0,,,,,,,,,,,,,,,,,,,,,,,,,,,,,,
GFREIGLEI,"G-FREIGHT UNIPESSOAL, LDA",Company,,PTLEI,GFREIGLEI,,Commercial,,All Territories,,,,,,,,,,,,,,,,,www.g-freight.com,,,GFREIGLEI,,,,,,,,,,,,,,,,,,,0,,,,,,,,,,,,,,,,,,,,,,,,,,,,,,
INTAIRHKG,INTERGROUP LIMITED /AIRFREIGHT OFFICE,Company,,HKHKG,INTAIRHKG,,Commercial,,All Territories,,,,,,,,,,,,,,,,,,,,INTAIRHKG,,,,airfreight@hkg.intergroup.biz,,,,,,,,,,,,,,,0,,,,,,,,,,,,,,,,,,,,,,,,,,,,,,
ZENLOGSIN,ZENSHIN LOGISTICS (S) PTE LTD,Company,,SGSIN,ZENLOGSIN,,Commercial,,All Territories,,,,,,,,,,,,,,,,,,,,ZENLOGSIN,,,,info@zenshin.sg,,,,,,,,,,,,,,,0,,,,,,,,,,,,,,,,,,,,,,,,,,,,,,
SLASHIHOU,SLADE SHIPPING INC.,Company,,USHOU,SLASHIHOU,,Commercial,,All Territories,,,,,,,,,,,,,,,,,www.sladeshipping.com,,,SLASHIHOU,,,,,,,,,,,,,,,,,,,0,,,,,,,,,,,,,,,,,,,,,,,,,,,,,,
MERJATSEK,MERGE JATI ENGINEERING SDN BHD,Company,,MYSEK,MERJATSEK,,Commercial,,All Territories,,,,,,,,,,,,,,,,,,,,MERJATSEK,,,,,,,,,,,,,,,,,,,0,,,,,,,,,,,,,,,,,,,,,,,,,,,,,,
MATTRAFTZRH,MAT TRANSPORT AG,Company,,CHZRH,MATTRAFTZRH,,Commercial,,All Territories,,,,,,,,,,,,,,,,,,,,MATTRAFTZRH,,,,,,,,,,,,,,,,,,,0,,,,,,,,,,,,,,,,,,,,,,,,,,,,,,
SCACONGDY,SCAN CONSULT GLOBAL LOGISTICS SP. Z.O.O,Company,,PLGDY,SCACONGDY,,Commercial,,All Territories,,,,,,,,,,,,,,,,,www.scanconsult.pl,,,SCACONGDY,,,+48586620280,miklosz@scanconsult.pl,,,,,,,,,,,,,,,0,,,,,,,,,,,,,,,,,,,,,,,,,,,,,,
SCALOGCMB,SCANWELL LOGISTICS COLOMBO (PVT) LTD.,Company,,LKCMB,SCALOGCMB,,Commercial,,All Territories,,,,,,,,,,,,,,,,,,,,SCALOGCMB,,,,,,,,,,,,,,,,,,,0,,,,,,,,,,,,,,,,,,,,,,,,,,,,,,
INTLAIRFRA,INTERNATIONAL AIRFREIGHT ASSOCIATES,Company,,DEFRA,INTLAIRFRA,,Commercial,,All Territories,,,,,,,,,,,,,,,,,,,,INTLAIRFRA,,,,,,,,,,,,,,,,,,,0,,,,,,,,,,,,,,,,,,,,,,,,,,,,,,
SIMINTSHA,SIMEND INTERNATIONAL LOGISTICS CO LTD,Company,,CNSHA,SIMINTSHA,,Commercial,,All Territories,,,,,,,,,,,,,,,,,,,,SIMINTSHA,,,,,,,,,,,,,,,,,,,0,,,,,,,,,,,,,,,,,,,,,,,,,,,,,,
GR8FR8MAN,GR8 FR8 LTD,Company,,GBMNC,GR8FR8MAN,,Commercial,,All Territories,,,,,,,,,,,,,,,,,,,,GR8FR8MAN,,,,,,,,,,,,,,,,,,,0,,,,,,,,,,,,,,,,,,,,,,,,,,,,,,
ALLLOGCSN,ALLTRANS LOGISTICS LLC,Company,,USCSN,ALLLOGCSN,,Commercial,,All Territories,,,,,,,,,,,,,,,,,,,,ALLLOGCSN,,,,,,,,,,,,,,,,,,,0,,,,,,,,,,,,,,,,,,,,,,,,,,,,,,
TFIINTKUL,TFI INTERNATIONAL SDN BHD,Company,,MYKUL,TFIINTKUL,,Commercial,,All Territories,,,,,,,,,,,,,,,,,,,,TFIINTKUL,,,,,,,,,,,,,,,,,,,0,,,,,,,,,,,,,,,,,,,,,,,,,,,,,,
FOCENEDEL,FOCUS ENERGY LIMITED,Company,,INDEL,FOCENEDEL,,Commercial,,All Territories,,,,,,,,,,,,,,,,,,,,FOCENEDEL,,,,,,,,,,,,,,,,,,,0,,,,,,,,,,,,,,,,,,,,,,,,,,,,,,
RCJEXPJNB,RCJ EXPRESS,Company,,ZAJNB,RCJEXPJNB,,Commercial,,All Territories,,,,,,,,,,,,,,,,,,,,RCJEXPJNB,,,,,,,,,,,,,,,,,,,0,,,,,,,,,,,,,,,,,,,,,,,,,,,,,,
GENSINAFE,GENESIS ARTECH PTE LTD.,Company,,SGSIN,GENSINAFE,,Commercial,,All Territories,,,,,,,,,,,,,,,,,,,,GENSINAFE,,,,ops@genesisartech.com,,,,,,,,,,,,,,,0,,,,,,,,,,,,,,,,,,,,,,,,,,,,,,
NVOWORSEL,NVOCC WORLD CO. LTD.,Company,,KRSEL,NVOWORSEL,,Commercial,,All Territories,,,,,,,,,,,,,,,,,,,,NVOWORSEL,,,,ykum@nvoccworld.co.kr,,,,,,,,,,,,,,,0,,,,,,,,,,,,,,,,,,,,,,,,,,,,,,
SAVDELSIN,SAVINO DEL BENE,Company,,SGSIN,SAVDELSIN,,Commercial,,All Territories,,,,,,,,,,,,,,,,,www.savinodelbene.com,,,SAVDELSIN,,,+6592223101,,,,,,,,,,,,,,,,0,,,,,,,,,,,,,,,,,,,,,,,,,,,,,,
KAMINTMAN,KAMINO INTERNATIONAL TRANSPORT,Company,,GBMNC,KAMINTMAN,,Commercial,,All Territories,,,,,,,,,,,,,,,,,www.kamino.com,,,KAMINTMAN,,,,,,,,,,,,,,,,,,,0,,,,,,,,,,,,,,,,,,,,,,,,,,,,,,
HEMFREMAN,HEMISPHERE FREIGHT SERVICES LIMITED,Company,,GBMNC,HEMFREMAN,,Commercial,,All Territories,,,,,,,,,,,,,,,,,,,,HEMFREMAN,,,,,,,,,,,,,,,,,,,0,,,,,,,,,,,,,,,,,,,,,,,,,,,,,,
OCETRACHI,OCEAN TRACK (CHICAGO) INC.,Company,,USCHI,OCETRACHI,,Commercial,,All Territories,,,,,,,,,,,,,,,,,,,,OCETRACHI,,,,,,,,,,,,,,,,,,,0,,,,,,,,,,,,,,,,,,,,,,,,,,,,,,
HECDENNHN,HECKSHER DENMARK A/S,Company,,DKNHN,HECDENNHN,,Commercial,,All Territories,,,,,,,,,,,,,,,,,,,,HECDENNHN,,,,,,,,,,,,,,,,,,,0,,,,,,,,,,,,,,,,,,,,,,,,,,,,,,
APCASISZX,APC ASIA PACIFIC CARGO (SHENZHEN) LTD.,Company,,CNSZX,APCASISZX,,Commercial,,All Territories,,,,,,,,,,,,,,,,,,,,APCASISZX,,,,,,,,,,,,,,,,,,,0,,,,,,,,,,,,,,,,,,,,,,,,,,,,,,
EVALOGTPE,"EVATRANS LOGISTICS CO., LTD.",Company,,TWTPE,EVALOGTPE,,Commercial,,All Territories,,,,,,,,,,,,,,,,,,,,EVALOGTPE,,,,,,,,,,,,,,,,,,,0,,,,,,,,,,,,,,,,,,,,,,,,,,,,,,
VERGLOSHA,VERUS GLOBAL LIMITED,Company,,CNSHA,VERGLOSHA,,Commercial,,All Territories,,,,,,,,,,,,,,,,,,,,VERGLOSHA,,,,,,,,,,,,,,,,,,,0,,,,,,,,,,,,,,,,,,,,,,,,,,,,,,
SPECARSEA,SPECIALTY CARGO INC.,Company,,USSEA,SPECARSEA,,Commercial,,All Territories,,,,,,,,,,,,,,,,,,,,SPECARSEA,,,,,,,,,,,,,,,,,,,0,,,,,,,,,,,,,,,,,,,,,,,,,,,,,,
LAGSPEPRG,LAGERMAX SPEDICE A LOGISTICKA S.R.O,Company,,CZPRG,LAGSPEPRG,,Commercial,,All Territories,,,,,,,,,,,,,,,,,,,,LAGSPEPRG,,,,info@lagermax.cz,,,,,,,,,,,,,,,0,,,,,,,,,,,,,,,,,,,,,,,,,,,,,,
PATINTSZX,PATENT INT'L LOGISTICS (SHENZHEN)CO LTD,Company,,CNSZX,PATINTSZX,,Commercial,,All Territories,,,,,,,,,,,,,,,,,,,,PATINTSZX,,,,,,,,,,,,,,,,,,,0,,,,,,,,,,,,,,,,,,,,,,,,,,,,,,
AMSGLOSHA,AMS GLOBAL TRANSPORTATION(MORISSON XPRES,Company,,CNSHA,AMSGLOSHA,,Commercial,,All Territories,,,,,,,,,,,,,,,,,,,,AMSGLOSHA,,,,yunlong_fang@morrisonexpress.com,,,,,,,,,,,,,,,0,,,,,,,,,,,,,,,,,,,,,,,,,,,,,,
TOKSANTYO,TOKYO SANYU SHIPPING CO LTD./HQ OFFICE,Company,,JPTYO,TOKSANTYO,,Commercial,,All Territories,,,,,,,,,,,,,,,,,,,,TOKSANTYO,,,,,,,,,,,,,,,,,,,0,,,,,,,,,,,,,,,,,,,,,,,,,,,,,,
DTPROJDFW,DT PROJECT AMERICA,Company,,USDFW,DTPROJDFW,,Commercial,,All Territories,,,,,,,,,,,,,,,,,,,,DTPROJDFW,,,,,,,,,,,,,,,,,,,0,,,,,,,,,,,,,,,,,,,,,,,,,,,,,,
METSHIBHX,METRO SHIPPING LTD,Company,,GBBHM,METSHIBHX,,Commercial,,All Territories,,,,,,,,,,,,,,,,,http://www.metroshipping.co.uk,,,METSHIBHX,,,,,,,,,,,,,,,,,,,0,,,,,,,,,,,,,,,,,,,,,,,,,,,,,,
WORXIAAFE,WORLD PRECISE MACHINERY (NANJING) CO. LTD.,Company,,CNXIA,WORXIAAFE,,Commercial,,All Territories,,,,,,,,,,,,,,,,,,,,WORXIAAFE,,,,sales2@worldgrouppress.com,,,,,,,,,,,,,,,0,,,,,,,,,,,,,,,,,,,,,,,,,,,,,,
SINFRESIN,SIN-FREIGHT INTERNATIONAL PTE. LTD.,Company,,SGSIN,SINFRESIN,,Commercial,,All Territories,,,,,,,,,,,,,,,,,www.sinfreight.com,,,SINFRESIN,,,,general@sinfreight.com,,,,,,,,,,,,,,,0,,,,,,,,,,,,,,,,,,,,,,,,,,,,,,
GONDUKSBY,GONDRAND UK,Company,,GBSBY,GONDUKSBY,,Commercial,,All Territories,,,,,,,,,,,,,,,,,,,,GONDUKSBY,,,,,,,,,,,,,,,,,,,0,,,,,,,,,,,,,,,,,,,,,,,,,,,,,,
KODSOLAJM,KODAN SOLUTIONS PVT. LTD.,Company,,INAJM,KODSOLAJM,,Commercial,,All Territories,,,,,,,,,,,,,,,,,,,,KODSOLAJM,,,,customercare@kodansolutions.com,,,,,,,,,,,,,,,0,,,,,,,,,,,,,,,,,,,,,,,,,,,,,,
ALLTRACAI,ALLIED TRANSPORT & TRADE CO.,Company,,EGCAI,ALLTRACAI,,Commercial,,All Territories,,,,,,,,,,,,,,,,,,,,ALLTRACAI,,,,allied@allied-egypt.com,,,,,,,,,,,,,,,0,,,,,,,,,,,,,,,,,,,,,,,,,,,,,,
SNGLOGHKG,SNG LOGISTICS LIMITED,Company,,HKHKG,SNGLOGHKG,,Commercial,,All Territories,,,,,,,,,,,,,,,,,,,,SNGLOGHKG,,,,,,,,,,,,,,,,,,,0,,,,,,,,,,,,,,,,,,,,,,,,,,,,,,
NABSHAAFE,NABEL ASIA SDN. BHD.,Company,,MYSHA,NABSHAAFE,,Commercial,,All Territories,,,,,,,,,,,,,,,,,,,,NABSHAAFE,,,,teeboonhan@mail.nabel.co.jp,,,,,,,,,,,,,,,0,,,,,,,,,,,,,,,,,,,,,,,,,,,,,,
FORGLSPUS,"FORTRA GLS CO.,LTD.",Company,,KRPUS,FORGLSPUS,,Commercial,,All Territories,,,,,,,,,,,,,,,,,,,,FORGLSPUS,,,,,,,,,,,,,,,,,,,0,,,,,,,,,,,,,,,,,,,,,,,,,,,,,,
UNIINTNSA,UNITEX INT'L FORWARDING (GZ) LTD. (QINGDAO BRANCH),Company,,CNNSA,UNIINTNSA,,Commercial,,All Territories,,,,,,,,,,,,,,,,,,,,UNIINTNSA,,,,qingdao@uif.com.hk,,,,,,,,,,,,,,,0,,,,,,,,,,,,,,,,,,,,,,,,,,,,,,
ISRWEARAM,ISRAEL WEAPON INDUSTRIES (IWI) LTD.,Company,,ILRAM,ISRWEARAM,,Commercial,,All Territories,,,,,,,,,,,,,,,,,,,,ISRWEARAM,,,,itzikm@iwi.net,,,,,,,,,,,,,,,0,,,,,,,,,,,,,,,,,,,,,,,,,,,,,,
YOKARTYOK,YOKOHAMA ARTS FOUNDATION,Company,,JPYOK,YOKARTYOK,,Commercial,,All Territories,,,,,,,,,,,,,,,,,,,,YOKARTYOK,,,,,,,,,,,,,,,,,,,0,,,,,,,,,,,,,,,,,,,,,,,,,,,,,,
ARIINTGOA,ARIMAR INTERNATIONAL SPA,Company,,ITGOA,ARIINTGOA,,Commercial,,All Territories,,,,,,,,,,,,,,,,,,,,ARIINTGOA,,,,,,,,,,,,,,,,,,,0,,,,,,,,,,,,,,,,,,,,,,,,,,,,,,
CLASQUMUL,CLASQUIN MULHOUSE,Company,,FRBTM,CLASQUMUL,,Commercial,,All Territories,,,,,,,,,,,,,,,,,,,,CLASQUMUL,,,,,,,,,,,,,,,,,,,0,,,,,,,,,,,,,,,,,,,,,,,,,,,,,,
SHESENIFSZX,SHENZEN SENBANG INT'L FREIGHT CO. LTD,Company,,CNSZX,SHESENIFSZX,,Commercial,,All Territories,,,,,,,,,,,,,,,,,,,,SHESENIFSZX,,,,,,,,,,,,,,,,,,,0,,,,,,,,,,,,,,,,,,,,,,,,,,,,,,
NEWCHAMXP,NEW CHARTER SRL,Company,,ITMXP,NEWCHAMXP,,Commercial,,All Territories,,,,,,,,,,,,,,,,,,,,NEWCHAMXP,,,,,,,,,,,,,,,,,,,0,,,,,,,,,,,,,,,,,,,,,,,,,,,,,,
TCIINTDUS,TCI INTERNATIONAL LOGISTICS GMBH,Company,,DEDUS,TCIINTDUS,,Commercial,,All Territories,,,,,,,,,,,,,,,,,,,,TCIINTDUS,,,,,,,,,,,,,,,,,,,0,,,,,,,,,,,,,,,,,,,,,,,,,,,,,,
KEMINDSIN,KEMIN INDUSTRIES (ASIA) PTE LIMITED,Company,,SGSIN,KEMINDSIN,,Commercial,,All Territories,,,,,,,,,,,,,,,,,,,,KEMINDSIN,,,,,,,,,,,,,,,,,,,0,,,,,,,,,,,,,,,,,,,,,,,,,,,,,,
EXPCONTME,EXPORT CONSOLIDATION SERVICES PTY. LTD.,Company,,AUTME,EXPCONTME,,Commercial,,All Territories,,,,,,,,,,,,,,,,,,,,EXPCONTME,,,,,,,,,,,,,,,,,,,0,,,,,,,,,,,,,,,,,,,,,,,,,,,,,,
OHSOHEMNL,OH SO HEALTHY CORPORATION,Company,,PHMNL,OHSOHEMNL,,Commercial,,All Territories,,,,,,,,,,,,,,,,,,,,OHSOHEMNL,,,,,,,,,,,,,,,,,,,0,,,,,,,,,,,,,,,,,,,,,,,,,,,,,,
HORISAPIR,HORIZON SA,Company,,GRPIR,HORISAPIR,,Commercial,,All Territories,,,,,,,,,,,,,,,,,,,,HORISAPIR,,,,,,,,,,,,,,,,,,,0,,,,,,,,,,,,,,,,,,,,,,,,,,,,,,
KRIALBTLV,KRIEF ALBATROS LTD,Company,,ILTLV,KRIALBTLV,,Commercial,,All Territories,,,,,,,,,,,,,,,,,,,,KRIALBTLV,,,,,,,,,,,,,,,,,,,0,,,,,,,,,,,,,,,,,,,,,,,,,,,,,,
PARSHIALK,PARAGON SHIPPING LOGISTICS,Company,,SAALK,PARSHIALK,,Commercial,,All Territories,,,,,,,,,,,,,,,,,www.pslqatar.com,,,PARSHIALK,,,,,,,,,,,,,,,,,,,0,,,,,,,,,,,,,,,,,,,,,,,,,,,,,,
UNISTASHK,UNI-STAR INTERNATIONAL LOGISTICS SERVICES,Company,,CNSHK,UNISTASHK,,Commercial,,All Territories,,,,,,,,,,,,,,,,,,,,UNISTASHK,,,,,,,,,,,,,,,,,,,0,,,,,,,,,,,,,,,,,,,,,,,,,,,,,,
PANTRALIS,"PANTRANS TRANSITARIOS, S.A",Company,,PTLIS,PANTRALIS,,Commercial,,All Territories,,,,,,,,,,,,,,,,,,,,PANTRALIS,,,,,,,,,,,,,,,,,,,0,,,,,,,,,,,,,,,,,,,,,,,,,,,,,,
PHIFAUREZ,PHILIPPINE FAUVEDER AND CIE ESPACE OCEANE,Company,,FRREZ,PHIFAUREZ,,Commercial,,All Territories,,,,,,,,,,,,,,,,,,,,PHIFAUREZ,,,,,,,,,,,,,,,,,,,0,,,,,,,,,,,,,,,,,,,,,,,,,,,,,,
NTGAIRGOT,NTG AIR & OCEAN AB,Company,,SEGOT,NTGAIRGOT,,Commercial,,All Territories,,,,,,,,,,,,,,,,,www.ntgairocean.com,,,NTGAIRGOT,,,+46730774418,msa@ntgairocean.com,,,,,,,,,,,,,,,0,,,,,,,,,,,,,,,,,,,,,,,,,,,,,,
TRAGRALEH,TRANSPORT GRAVELEAU  DACHSER GROUP,Company,,FRLEH,TRAGRALEH,,Commercial,,All Territories,,,,,,,,,,,,,,,,,,,,TRAGRALEH,,,,airseaverriei@graveleau.com,,,,,,,,,,,,,,,0,,,,,,,,,,,,,,,,,,,,,,,,,,,,,,
COSLOGTSN,COSCO LOGISTICS TIANJIN (TIAJIN TIANRONG,Company,,CNTSN,COSLOGTSN,,Commercial,,All Territories,,,,,,,,,,,,,,,,,,,,COSLOGTSN,,,,,,,,,,,,,,,,,,,0,,,,,,,,,,,,,,,,,,,,,,,,,,,,,,
INOULUCKZ,INO ULUSLARARASI NAKLIYE ORGANIZASYON LTD STI,Company,,TRCKZ,INOULUCKZ,,Commercial,,All Territories,,,,,,,,,,,,,,,,,,,,INOULUCKZ,,,,,,,,,,,,,,,,,,,0,,,,,,,,,,,,,,,,,,,,,,,,,,,,,,
PIOOCEBKK,PIONEER OCEAN FREIGHT CO LTD.,Company,,THBKK,PIOOCEBKK,,Commercial,,All Territories,,,,,,,,,,,,,,,,,,,,PIOOCEBKK,,,,freight@pioneergroup.in.th,,,,,,,,,,,,,,,0,,,,,,,,,,,,,,,,,,,,,,,,,,,,,,
TRALOGSZX,"TRANSWORLD LOGISTICS  CO., LTD.",Company,,CNSZX,TRALOGSZX,,Commercial,,All Territories,,,,,,,,,,,,,,,,,,,,TRALOGSZX,,,,,,,,,,,,,,,,,,,0,,,,,,,,,,,,,,,,,,,,,,,,,,,,,,
VICLINHKG,VIC-LINKS EXPRESS INT'L (H.K) LTD.,Company,,HKHKG,VICLINHKG,,Commercial,,All Territories,,,,,,,,,,,,,,,,,,,,VICLINHKG,,,,,,,,,,,,,,,,,,,0,,,,,,,,,,,,,,,,,,,,,,,,,,,,,,
SHAORIXMN,SHANGHAI ORIENT INTERGROUP INT'L TRANSPORTATION,Company,,CNXMN,SHAORIXMN,,Commercial,,All Territories,,,,,,,,,,,,,,,,,,,,SHAORIXMN,,,,,,,,,,,,,,,,,,,0,,,,,,,,,,,,,,,,,,,,,,,,,,,,,,
SBSWORATL,SBS WORLDWIDE INC.,Company,,USATL,SBSWORATL,,Commercial,,All Territories,,,,,,,,,,,,,,,,,,,,SBSWORATL,,,,atlanta@sbsworldwide.com,,,,,,,,,,,,,,,0,,,,,,,,,,,,,,,,,,,,,,,,,,,,,,
DEVINTSEL,DEVELOP INTERNATIONAL CO LTD,Company,,KRSEL,DEVINTSEL,,Commercial,,All Territories,,,,,,,,,,,,,,,,,,,,DEVINTSEL,,,,,,,,,,,,,,,,,,,0,,,,,,,,,,,,,,,,,,,,,,,,,,,,,,
FSLFREAUH,FSL FREIGHT & LOGISTICS,Company,,AEAUH,FSLFREAUH,,Commercial,,All Territories,,,,,,,,,,,,,,,,,,,,FSLFREAUH,,,,,,,,,,,,,,,,,,,0,,,,,,,,,,,,,,,,,,,,,,,,,,,,,,
PRALINKUT,PT. PRATHAMA LINE LOGISTICS,Company,,IDKUT,PRALINKUT,,Commercial,,All Territories,,,,,,,,,,,,,,,,,,,,PRALINKUT,,,,,,,,,,,,,,,,,,,0,,,,,,,,,,,,,,,,,,,,,,,,,,,,,,
NORTRAKRS,NORWEGIAN TRANSPORT NETWORK,Company,,NOKRS,NORTRAKRS,,Commercial,,All Territories,,,,,,,,,,,,,,,,,,,,NORTRAKRS,,,,,,,,,,,,,,,,,,,0,,,,,,,,,,,,,,,,,,,,,,,,,,,,,,
JOUFREYUL,JOURNEY FREIGHT INTERNATIONAL,Company,,CAYUL,JOUFREYUL,,Commercial,,All Territories,,,,,,,,,,,,,,,,,,,,JOUFREYUL,,,,,,,,,,,,,,,,,,,0,,,,,,,,,,,,,,,,,,,,,,,,,,,,,,
SWESHIALY,SWEDISH SHIPPING SERVICES,Company,,EGALY,SWESHIALY,,Commercial,,All Territories,,,,,,,,,,,,,,,,,,,,SWESHIALY,,,,,,,,,,,,,,,,,,,0,,,,,,,,,,,,,,,,,,,,,,,,,,,,,,
LAMTRAGVA,LAMPRECHT TRANSPORTS SA,Company,,CHGVA,LAMTRAGVA,,Commercial,,All Territories,,,,,,,,,,,,,,,,,,,,LAMTRAGVA,,,,,,,,,,,,,,,,,,,0,,,,,,,,,,,,,,,,,,,,,,,,,,,,,,
WICLOGPKG,WICE LOGISTICS (KL) SDN BHD,Company,,MYPKG,WICLOGPKG,,Commercial,,All Territories,,,,,,,,,,,,,,,,,,,,WICLOGPKG,,,+60129352273,anuar.kul@wice-logistics.com,,,,,,,,,,,,,,,0,,,,,,,,,,,,,,,,,,,,,,,,,,,,,,
SPLSPEHKG,SPL SPEEDY LOGISTICS (HK) LTD.,Company,,HKHKG,SPLSPEHKG,,Commercial,,All Territories,,,,,,,,,,,,,,,,,,,,SPLSPEHKG,,,,,,,,,,,,,,,,,,,0,,,,,,,,,,,,,,,,,,,,,,,,,,,,,,
KANGARTGH,KANGAROO GROUP,Company,,VNTGH,KANGARTGH,,Commercial,,All Territories,,,,,,,,,,,,,,,,,,,,KANGARTGH,,,,,,,,,,,,,,,,,,,0,,,,,,,,,,,,,,,,,,,,,,,,,,,,,,
RUSCARBUE,RUSH CARGO S.R.L,Company,,ARBUE,RUSCARBUE,,Commercial,,All Territories,,,,,,,,,,,,,,,,,,,,RUSCARBUE,,,,diego_fernandez@rushcargo.com.ar,,,,,,,,,,,,,,,0,,,,,,,,,,,,,,,,,,,,,,,,,,,,,,
JOHGATDVO,JOHN GATTINGER,Company,,PHDVO,JOHGATDVO,,Commercial,,All Territories,,,,,,,,,,,,,,,,,,,,JOHGATDVO,,,,,,,,,,,,,,,,,,,0,,,,,,,,,,,,,,,,,,,,,,,,,,,,,,
PTGHIIJKT,PT GHITA INDOTRANS SENTOSA,Company,,IDJKT,PTGHIIJKT,,Commercial,,All Territories,,,,,,,,,,,,,,,,,,,,PTGHIIJKT,,,,administration@ghita.co.id,,,,,,,,,,,,,,,0,,,,,,,,,,,,,,,,,,,,,,,,,,,,,,
WESTRUBJS,WEST TRUE DRAGON TRANSPORTATION LTD.,Company,,CNBJS,WESTRUBJS,,Commercial,,All Territories,,,,,,,,,,,,,,,,,,,,WESTRUBJS,,,,wtdbj@westtruedragon.com,,,,,,,,,,,,,,,0,,,,,,,,,,,,,,,,,,,,,,,,,,,,,,
XIAUNIXAM,XIAMEN UNI LOGISTICS INC.,Company,,CNXAM,XIAUNIXAM,,Commercial,,All Territories,,,,,,,,,,,,,,,,,,,,XIAUNIXAM,,,,,,,,,,,,,,,,,,,0,,,,,,,,,,,,,,,,,,,,,,,,,,,,,,
TRAUNICAS,TRANS UNION S.A CST,Company,,ESCAS,TRAUNICAS,,Commercial,,All Territories,,,,,,,,,,,,,,,,,,,,TRAUNICAS,,,,,,,,,,,,,,,,,,,0,,,,,,,,,,,,,,,,,,,,,,,,,,,,,,
MASCARMAA,MASS CARGO SERVICES,Company,,INMAA,MASCARMAA,,Commercial,,All Territories,,,,,,,,,,,,,,,,,,,,MASCARMAA,,,,mass@md5.vsnl.net.in,,,,,,,,,,,,,,,0,,,,,,,,,,,,,,,,,,,,,,,,,,,,,,
APCREANBO,APC-REALCO (H.K.) LTD,Company,,CNNBO,APCREANBO,,Commercial,,All Territories,,,,,,,,,,,,,,,,,,,,APCREANBO,,,,joshjiang@realco-cn.com,,,,,,,,,,,,,,,0,,,,,,,,,,,,,,,,,,,,,,,,,,,,,,
SEEMACTXG,SEEDTEC MACHINERY CO. LTD,Company,,TWTXG,SEEMACTXG,,Commercial,,All Territories,,,,,,,,,,,,,,,,,,,,SEEMACTXG,,,,,,,,,,,,,,,,,,,0,,,,,,,,,,,,,,,,,,,,,,,,,,,,,,
SCAINTMCI,SCARBROUGH INTERNATIONAL LTD.,Company,,USMKC,SCAINTMCI,,Commercial,,All Territories,,,,,,,,,,,,,,,,,,,,SCAINTMCI,,,,,,,,,,,,,,,,,,,0,,,,,,,,,,,,,,,,,,,,,,,,,,,,,,
MAC1GLLAX,"MACH 1 GLOBAL SERVICES, INC.",Company,,USLAX,MAC1GLLAX,,Commercial,,All Territories,,,,,,,,,,,,,,,,,,,,MAC1GLLAX,,,,,,,,,,,,,,,,,,,0,,,,,,,,,,,,,,,,,,,,,,,,,,,,,,
VERGLONGB,VERSUS GLOBAL LIMITED,Company,,CNNBO,VERGLONGB,,Commercial,,All Territories,,,,,,,,,,,,,,,,,,,,VERGLONGB,,,,,,,,,,,,,,,,,,,0,,,,,,,,,,,,,,,,,,,,,,,,,,,,,,
MIDAMEDET,"MID-AMERICA OVERSEAS, INC",Company,,USDET,MIDAMEDET,,Commercial,,All Territories,,,,,,,,,,,,,,,,,,,,MIDAMEDET,,,,,,,,,,,,,,,,,,,0,,,,,,,,,,,,,,,,,,,,,,,,,,,,,,
DACTURADB,DACHSER TURKEY LOJISTIK HIZMETLERI A.S.,Company,,TRIZM,DACTURADB,,Commercial,,All Territories,,,,,,,,,,,,,,,,,,,,DACTURADB,,,,,,,,,,,,,,,,,,,0,,,,,,,,,,,,,,,,,,,,,,,,,,,,,,
TRAGRAMRS,TRANSPORTS GRAVELEAU,Company,,FRMRS,TRAGRAMRS,,Commercial,,All Territories,,,,,,,,,,,,,,,,,,,,TRAGRAMRS,,,,,,,,,,,,,,,,,,,0,,,,,,,,,,,,,,,,,,,,,,,,,,,,,,
GRAINTFOS,GRAVELEAU INTERNATIONAL,Company,,FRFOS,GRAINTFOS,,Commercial,,All Territories,,,,,,,,,,,,,,,,,,,,GRAINTFOS,,,,,,,,,,,,,,,,,,,0,,,,,,,,,,,,,,,,,,,,,,,,,,,,,,
DATIANBJS,DA TIAN.W. AIR SERVICE CORPORATION,Company,,CNBJS,DATIANBJS,,Commercial,,All Territories,,,,,,,,,,,,,,,,,www.dtw.com.cn,,,DATIANBJS,,,,,,,,,,,,,,,,,,,0,,,,,,,,,,,,,,,,,,,,,,,,,,,,,,
AMSGLOTSN,"AMS GLOBAL TRANSPORTATION CO., LTD.",Company,,CNTSN,AMSGLOTSN,,Commercial,,All Territories,,,,,,,,,,,,,,,,,,,,AMSGLOTSN,,,,tsn_mec@jupiter.morr.sonexpress.com,,,,,,,,,,,,,,,0,,,,,,,,,,,,,,,,,,,,,,,,,,,,,,
MAIFARHKG,MAIMEX FAR EAST LTD.,Company,,HKHKG,MAIFARHKG,,Commercial,,All Territories,,,,,,,,,,,,,,,,,www.maimexfareast.com,,,MAIFARHKG,,,,,,,,,,,,,,,,,,,0,,,,,,,,,,,,,,,,,,,,,,,,,,,,,,
UCSLOGSEL,UCS LOGISTICS SDN BHD,Company,,MYSEL,UCSLOGSEL,,Commercial,,All Territories,,,,,,,,,,,,,,,,,,,,UCSLOGSEL,,,,info@myucs.com,,,,,,,,,,,,,,,0,,,,,,,,,,,,,,,,,,,,,,,,,,,,,,
SOLDRATPE,SOLAR DRAGON GLOBAL LOGISTICS LTD.,Company,,TWTPE,SOLDRATPE,,Commercial,,All Territories,,,,,,,,,,,,,,,,,,,,SOLDRATPE,,,,,,,,,,,,,,,,,,,0,,,,,,,,,,,,,,,,,,,,,,,,,,,,,,
STUSHIJNB,STURROCK SHIPPING (PTY) LTD.,Company,,ZAJNB,STUSHIJNB,,Commercial,,All Territories,,,,,,,,,,,,,,,,,,,,STUSHIJNB,,,,shipping@jb.sturrock.co.za,,,,,,,,,,,,,,,0,,,,,,,,,,,,,,,,,,,,,,,,,,,,,,
TRAFASMFM,TRANS-FAST LOGISTICS LIMITED,Company,,MOMFM,TRAFASMFM,,Commercial,,All Territories,,,,,,,,,,,,,,,,,,,,TRAFASMFM,,,,,,,,,,,,,,,,,,,0,,,,,,,,,,,,,,,,,,,,,,,,,,,,,,
SKYAIRMNL,SKYWAY AIRLINES INC.,Company,,PHMNL,SKYAIRMNL,,Commercial,,All Territories,,,,,,,,,,,,,,,,,,,,SKYAIRMNL,,,,,,,,,,,,,,,,,,,0,,,,,,,,,,,,,,,,,,,,,,,,,,,,,,
GLOLOGNSA,GLOSHIPPING & LOGISTICS PRIVATE LIMITED,Company,,INNSA,GLOLOGNSA,,Commercial,,All Territories,,,,,,,,,,,,,,,,,,,,GLOLOGNSA,,,,,,,,,,,,,,,,,,,0,,,,,,,,,,,,,,,,,,,,,,,,,,,,,,
MANFRERID,MANNIX FREIGHT SERVICES,Company,,USRID,MANFRERID,,Commercial,,All Territories,,,,,,,,,,,,,,,,,,,,MANFRERID,,,,,,,,,,,,,,,,,,,0,,,,,,,,,,,,,,,,,,,,,,,,,,,,,,
FRESYSYYZ,FREIGHT SYSTEMS (CANADA) INC.,Company,,CAYYZ,FRESYSYYZ,,Commercial,,All Territories,,,,,,,,,,,,,,,,,,,,FRESYSYYZ,,,email: see contacts,,,,,,,,,,,,,,,,0,,,,,,,,,,,,,,,,,,,,,,,,,,,,,,
MKCSHIBOM,MKCL SHIPPING P. LTD.,Company,,INBOM,MKCSHIBOM,,Commercial,,All Territories,,,,,,,,,,,,,,,,,,,,MKCSHIBOM,,,,kcl@vsnl.net  / kclship@vsnl.net  / web site : www.kclshippi,,,,,,,,,,,,,,,0,,,,,,,,,,,,,,,,,,,,,,,,,,,,,,
FLACARMVD,FLASH CARGO S.R.L.,Company,,UYMVD,FLACARMVD,,Commercial,,All Territories,,,,,,,,,,,,,,,,,,,,FLACARMVD,,,,,,,,,,,,,,,,,,,0,,,,,,,,,,,,,,,,,,,,,,,,,,,,,,
SKYAIRHKG,SKY AIR (INTERNATIONAL) CO LTD,Company,,HKHKG,SKYAIRHKG,,Commercial,,All Territories,,,,,,,,,,,,,,,,,,,,SKYAIRHKG,,,,,,,,,,,,,,,,,,,0,,,,,,,,,,,,,,,,,,,,,,,,,,,,,,
TRAINTSGN,TRANSPORTER INTERNATIONAL LOGISTICS,Company,,VNSGN,TRAINTSGN,,Commercial,,All Territories,,,,,,,,,,,,,,,,,,,,TRAINTSGN,,,+84909458435,,,,,,,,,,,,,,,,0,,,,,,,,,,,,,,,,,,,,,,,,,,,,,,
TAKHOSMNL,TAKEFUMI HOSOMI,Company,,PHMNL,TAKHOSMNL,,Commercial,,All Territories,,,,,,,,,,,,,,,,,,,,TAKHOSMNL,,,,,,,,,,,,,,,,,,,0,,,,,,,,,,,,,,,,,,,,,,,,,,,,,,
UNLEXPBKK,UNLIMITED EXPRESS (THAILAND) CORP LTD,Company,,THBKK,UNLEXPBKK,,Commercial,,All Territories,,,,,,,,,,,,,,,,,,,,UNLEXPBKK,,,,,,,,,,,,,,,,,,,0,,,,,,,,,,,,,,,,,,,,,,,,,,,,,,
PTHARMJKT,PT. HARMEIR INTI TRANSLOG INDONESIA,Company,,IDJKT,PTHARMJKT,,Commercial,,All Territories,,,,,,,,,,,,,,,,,www.htl-indinternational.com,,,PTHARMJKT,,,,,,,,,,,,,,,,,,,0,,,,,,,,,,,,,,,,,,,,,,,,,,,,,,
AWOGLOCZX,AWOT GLOBAL CORPORATION SHENZHEN BRANCH,Company,,CNCZX,AWOGLOCZX,,Commercial,,All Territories,,,,,,,,,,,,,,,,,,,,AWOGLOCZX,,,,,,,,,,,,,,,,,,,0,,,,,,,,,,,,,,,,,,,,,,,,,,,,,,
NOALOGBIO,NOATUM LOGISTICS,Company,,ESBIO,NOALOGBIO,,Commercial,,All Territories,,,,,,,,,,,,,,,,,,,,NOALOGBIO,,,,,,,,,,,,,,,,,,,0,,,,,,,,,,,,,,,,,,,,,,,,,,,,,,
UNISTAHUA,UNI-STAR INTERNATIONAOL LOGISTICS SERVICE,Company,,CNHUA,UNISTAHUA,,Commercial,,All Territories,,,,,,,,,,,,,,,,,,,,UNISTAHUA,,,,,,,,,,,,,,,,,,,0,,,,,,,,,,,,,,,,,,,,,,,,,,,,,,
MILOGISEL,"MI LOGIX CO.,LTD",Company,,KRSEL,MILOGISEL,,Commercial,,All Territories,,,,,,,,,,,,,,,,,,,,MILOGISEL,,,,,,,,,,,,,,,,,,,0,,,,,,,,,,,,,,,,,,,,,,,,,,,,,,
CLCPROHKG,CLC PROJECTS,Company,,HKHKG,CLCPROHKG,,Commercial,,All Territories,,,,,,,,,,,,,,,,,,,,CLCPROHKG,,,,,,,,,,,,,,,,,,,0,,,,,,,,,,,,,,,,,,,,,,,,,,,,,,
PARFRELON,PARK FREIGHT FORWARDING,Company,,GBLON,PARFRELON,,Commercial,,All Territories,,,,,,,,,,,,,,,,,,,,PARFRELON,,,,,,,,,,,,,,,,,,,0,,,,,,,,,,,,,,,,,,,,,,,,,,,,,,
COGPRIHYD,COGOPORT PRIVATE LTD.,Company,,INHYD,COGPRIHYD,,Commercial,,All Territories,,,,,,,,,,,,,,,,,,,,COGPRIHYD,,,,,,,,,,,,,,,,,,,0,,,,,,,,,,,,,,,,,,,,,,,,,,,,,,
FRESYSKWI,FREIGHT SYSTEMS CO. (WLL) KUWAIT,Company,,KWKWI,FRESYSKWI,,Commercial,,All Territories,,,,,,,,,,,,,,,,,,,,FRESYSKWI,,,,,,,,,,,,,,,,,,,0,,,,,,,,,,,,,,,,,,,,,,,,,,,,,,
HAINATASH,HAIM NATANIEL LTD.,Company,,ILASH,HAINATASH,,Commercial,,All Territories,,,,,,,,,,,,,,,,,WWW.NATHANIEL.CO.IL,,,HAINATASH,,,,,,,,,,,,,,,,,,,0,,,,,,,,,,,,,,,,,,,,,,,,,,,,,,
ASECABXWL,ASECO AB,Company,,SEGOT,ASECABXWL,,Commercial,,All Territories,,,,,,,,,,,,,,,,,,,,ASECABXWL,,,,,,,,,,,,,,,,,,,0,,,,,,,,,,,,,,,,,,,,,,,,,,,,,,
FREMANDAC,FREIGHT MANAGEMENT LTD,Company,,BDDAC,FREMANDAC,,Commercial,,All Territories,,,,,,,,,,,,,,,,,www.fml-bd.com,,,FREMANDAC,,,,muqtadeer@fml-bd.com,,,,,,,,,,,,,,,0,,,,,,,,,,,,,,,,,,,,,,,,,,,,,,
DRATPEAFE,DRAGON TRANS CONSOLIDATION LTD.,Company,,TWTPE,DRATPEAFE,,Commercial,,All Territories,,,,,,,,,,,,,,,,,,,,DRATPEAFE,,,,,,,,,,,,,,,,,,,0,,,,,,,,,,,,,,,,,,,,,,,,,,,,,,
LAMTRASPE,LAMPRECHT TRANSPORT AG DEP BASEL MARITIME,Company,,ITSPE,LAMTRASPE,,Commercial,,All Territories,,,,,,,,,,,,,,,,,,,,LAMTRASPE,,,,,,,,,,,,,,,,,,,0,,,,,,,,,,,,,,,,,,,,,,,,,,,,,,
KUENAGBRE,KUEHNE + NAGEL (AG & CO.) KG,Company,,DEBRE,KUENAGBRE,,Commercial,,All Territories,,,,,,,,,,,,,,,,,,,,KUENAGBRE,,,,,,,,,,,,,,,,,,,0,,,,,,,,,,,,,,,,,,,,,,,,,,,,,,
ELOGLLDXB,E-LOGISTICS LLC,Company,,AEDXB,ELOGLLDXB,,Commercial,,All Territories,,,,,,,,,,,,,,,,,,,,ELOGLLDXB,,,,seema@elogistics.ae,,,,,,,,,,,,,,,0,,,,,,,,,,,,,,,,,,,,,,,,,,,,,,
UNILOGNAY,UNITEX LOGISTICS (BEIJING) LTD.,Company,,CNBJS,UNILOGNAY,,Commercial,,All Territories,,,,,,,,,,,,,,,,,,,,UNILOGNAY,,,,,,,,,,,,,,,,,,,0,,,,,,,,,,,,,,,,,,,,,,,,,,,,,,
SUPASIDLC,"SUPER ASIA LOGISTICS (DALIAN) CO.,LTD",Company,,CNDLC,SUPASIDLC,,Commercial,,All Territories,,,,,,,,,,,,,,,,,,,,SUPASIDLC,,,,,,,,,,,,,,,,,,,0,,,,,,,,,,,,,,,,,,,,,,,,,,,,,,
DECOSLVLC,DECOTRANSIT S.L.,Company,,ESVLC,DECOSLVLC,,Commercial,,All Territories,,,,,,,,,,,,,,,,,,,,DECOSLVLC,,,,,,,,,,,,,,,,,,,0,,,,,,,,,,,,,,,,,,,,,,,,,,,,,,
NOALOGBCN,NOATUM LOGISTICS S.A.U.,Company,,ESBCN,NOALOGBCN,,Commercial,,All Territories,,,,,,,,,,,,,,,,,,,,NOALOGBCN,,,,japozon@noatumlogistics.com,,,,,,,,,,,,,,,0,,,,,,,,,,,,,,,,,,,,,,,,,,,,,,
NINYUYQSE,NINGBO YUYAO INTERNATIONAL FREIGHT FORWARDING CO. LTD.,Company,,CNQSE,NINYUYQSE,,Commercial,,All Territories,,,,,,,,,,,,,,,,,,,,NINYUYQSE,,,,,,,,,,,,,,,,,,,0,,,,,,,,,,,,,,,,,,,,,,,,,,,,,,
SGWORLLMS,S.G. WORLDWIDE MEDIA COMPANY LTD,Company,,CYLMS,SGWORLLMS,,Commercial,,All Territories,,,,,,,,,,,,,,,,,,,,SGWORLLMS,,,,,,,,,,,,,,,,,,,0,,,,,,,,,,,,,,,,,,,,,,,,,,,,,,
UNIINTSSZX,UNITEX INT'L FORWARDING (GUANGZHOU) LTD.,Company,,CNSZX,UNIINTSSZX,,Commercial,,All Territories,,,,,,,,,,,,,,,,,,,,UNIINTSSZX,,,+8675527772682,airport_szx@uif.com.hk,,,,,,,,,,,,,,,0,,,,,,,,,,,,,,,,,,,,,,,,,,,,,,
AMCARGZAZ,A.M. CARGO ARAGON S.L.,Company,,ESZAZ,AMCARGZAZ,,Commercial,,All Territories,,,,,,,,,,,,,,,,,,,,AMCARGZAZ,,,,,,,,,,,,,,,,,,,0,,,,,,,,,,,,,,,,,,,,,,,,,,,,,,
IMEEXPSHA,IMEX EXPORT ASIA SDN BHD,Company,,MYSHA,IMEEXPSHA,,Commercial,,All Territories,,,,,,,,,,,,,,,,,,,,IMEEXPSHA,,,,,,,,,,,,,,,,,,,0,,,,,,,,,,,,,,,,,,,,,,,,,,,,,,
PANLOGSZX,"PANDA LOGISTICS CO., LTD",Company,,CNSZX,PANLOGSZX,,Commercial,,All Territories,,,,,,,,,,,,,,,,,,,,PANLOGSZX,,,,,,,,,,,,,,,,,,,0,,,,,,,,,,,,,,,,,,,,,,,,,,,,,,
SENINTMIA,SENATOR INTERNATIONAL FREIGHT FORWARDING LLC,Company,,USMIA,SENINTMIA,,Commercial,,All Territories,,,,,,,,,,,,,,,,,,,,SENINTMIA,,,,,,,,,,,,,,,,,,,0,,,,,,,,,,,,,,,,,,,,,,,,,,,,,,
PETRASABZ,PETRASCO,Company,,GBABD,PETRASABZ,,Commercial,,All Territories,,,,,,,,,,,,,,,,,,,,PETRASABZ,,,,michelle.neish@petrasco.co.uk,,,,,,,,,,,,,,,0,,,,,,,,,,,,,,,,,,,,,,,,,,,,,,
DONEXPSEL,DONGBO EXPRESS CO. LTD.,Company,,KRSEL,DONEXPSEL,,Commercial,,All Territories,,,,,,,,,,,,,,,,,,,,DONEXPSEL,,,,,,,,,,,,,,,,,,,0,,,,,,,,,,,,,,,,,,,,,,,,,,,,,,
LEMANAGH,LEMAN AB,Company,,SEHEL,LEMANAGH,,Commercial,,All Territories,,,,,,,,,,,,,,,,,,,,LEMANAGH,,,,,,,,,,,,,,,,,,,0,,,,,,,,,,,,,,,,,,,,,,,,,,,,,,
ALBSPAMIL,ALBATRANS S.P.A,Company,,ITMIL,ALBSPAMIL,,Commercial,,All Territories,,,,,,,,,,,,,,,,,,,,ALBSPAMIL,,,,almi102@albatrans.com,,,,,,,,,,,,,,,0,,,,,,,,,,,,,,,,,,,,,,,,,,,,,,
APCREASEL,APC REALCO LTD. /KOREA OFFICE,Company,,KRSEL,APCREASEL,,Commercial,,All Territories,,,,,,,,,,,,,,,,,,,,APCREASEL,,,,,,,,,,,,,,,,,,,0,,,,,,,,,,,,,,,,,,,,,,,,,,,,,,
INTSPALIV,INTERCOSPED S.P.A,Company,,ITLIV,INTSPALIV,,Commercial,,All Territories,,,,,,,,,,,,,,,,,,,,INTSPALIV,,,,,,,,,,,,,,,,,,,0,,,,,,,,,,,,,,,,,,,,,,,,,,,,,,
BOLLOGSZX,"BOLLORE LOGISTICS CHINA CO., LTD-SHENZHEN BRANCH",Company,,CNSNZ,BOLLOGSZX,,Commercial,,All Territories,,,,,,,,,,,,,,,,,,,,BOLLOGSZX,,,,,,,,,,,,,,,,,,,0,,,,,,,,,,,,,,,,,,,,,,,,,,,,,,
APCLOGARN,APC LOGISTICS AB,Company,,SEARN,APCLOGARN,,Commercial,,All Territories,,,,,,,,,,,,,,,,,,,,APCLOGARN,,,,,,,,,,,,,,,,,,,0,,,,,,,,,,,,,,,,,,,,,,,,,,,,,,
ARASHIDXB,ARABITAL SHIPPING,Company,,AEDXB,ARASHIDXB,,Commercial,,All Territories,,,,,,,,,,,,,,,,,www.arabital.com,,,ARASHIDXB,,,,,,,,,,,,,,,,,,,0,,,,,,,,,,,,,,,,,,,,,,,,,,,,,,
RHSFREDXB,RHS FREIGHT SERVICES,Company,,AEDXB,RHSFREDXB,,Commercial,,All Territories,,,,,,,,,,,,,,,,,www.rhsfreightservices.com,,,RHSFREDXB,,,,,,,,,,,,,,,,,,,0,,,,,,,,,,,,,,,,,,,,,,,,,,,,,,
DTWDATNKG,DTW DATIAN W OCEAN,Company,,CNNKG,DTWDATNKG,,Commercial,,All Territories,,,,,,,,,,,,,,,,,,,,DTWDATNKG,,,,,,,,,,,,,,,,,,,0,,,,,,,,,,,,,,,,,,,,,,,,,,,,,,
GRUINTAFE,GRUPTRANS INT’L TRANSPORT CO. INC,Company,,TRANK,GRUINTAFE,,Commercial,,All Territories,,,,,,,,,,,,,,,,,,,,GRUINTAFE,,,,oznur@gruptrans.com,,,,,,,,,,,,,,,0,,,,,,,,,,,,,,,,,,,,,,,,,,,,,,
SAGFRANTE,SAGA FRANCE,Company,,FRNTE,SAGFRANTE,,Commercial,,All Territories,,,,,,,,,,,,,,,,,www.saga.fr,,,SAGFRANTE,,,,contact@sagactl.com,,,,,,,,,,,,,,,0,,,,,,,,,,,,,,,,,,,,,,,,,,,,,,
CLASQUTII,CLASQUIN TI INTERCARGO,Company,,ESMAD,CLASQUTII,,Commercial,,All Territories,,,,,,,,,,,,,,,,,,,,CLASQUTII,,,,,,,,,,,,,,,,,,,0,,,,,,,,,,,,,,,,,,,,,,,,,,,,,,
SILEXPNRT,SILK EXPRESS FREIGHT  JAPAN LTD.,Company,,JPTYO,SILEXPNRT,,Commercial,,All Territories,,,,,,,,,,,,,,,,,,,,SILEXPNRT,,,,sh@silkexp.co.jp,,,,,,,,,,,,,,,0,,,,,,,,,,,,,,,,,,,,,,,,,,,,,,
TOTCARASH,TOTAL CARGO LTD.,Company,,ILASH,TOTCARASH,,Commercial,,All Territories,,,,,,,,,,,,,,,,,,,,TOTCARASH,,,,,,,,,,,,,,,,,,,0,,,,,,,,,,,,,,,,,,,,,,,,,,,,,,
ALBASASCL,ALBATRANS S.A.,Company,,CLSCL,ALBASASCL,,Commercial,,All Territories,,,,,,,,,,,,,,,,,,,,ALBASASCL,,,,,,,,,,,,,,,,,,,0,,,,,,,,,,,,,,,,,,,,,,,,,,,,,,
DELCONMAR,DELTA CONTAINER SERVICES CO LTD,Company,,MTMAR,DELCONMAR,,Commercial,,All Territories,,,,,,,,,,,,,,,,,,,,DELCONMAR,,,,,,,,,,,,,,,,,,,0,,,,,,,,,,,,,,,,,,,,,,,,,,,,,,
LOGPOLGDN,LOGFRET POLAND SP. Z O.O.,Company,,PLGDN,LOGPOLGDN,,Commercial,,All Territories,,,,,,,,,,,,,,,,,,,,LOGPOLGDN,,,,agnieszka.jodlowska@logfret.com,,,,,,,,,,,,,,,0,,,,,,,,,,,,,,,,,,,,,,,,,,,,,,
ILOGCONGO,I-LOGISTICS CORP.,Company,,JPNGO,ILOGCONGO,,Commercial,,All Territories,,,,,,,,,,,,,,,,,,,,ILOGCONGO,,,,,,,,,,,,,,,,,,,0,,,,,,,,,,,,,,,,,,,,,,,,,,,,,,
SAGAIRPAR,SAGA AIR CDG,Company,,FRPAR,SAGAIRPAR,,Commercial,,All Territories,,,,,,,,,,,,,,,,,www.saga.fr,,,SAGAIRPAR,,,,c.rumeaul@sagactl.com,,,,,,,,,,,,,,,0,,,,,,,,,,,,,,,,,,,,,,,,,,,,,,
STEOTSIZM,STEINWEG-OTS TASIMACILIK DENIZCILIK TIC. LTD. STI.,Company,,TRIZM,STEOTSIZM,,Commercial,,All Territories,,,,,,,,,,,,,,,,,,,,STEOTSIZM,,,,,,,,,,,,,,,,,,,0,,,,,,,,,,,,,,,,,,,,,,,,,,,,,,
TRAAIRCPH,TRANS-AIR DANMARK A/S,Company,,DKCPH,TRAAIRCPH,,Commercial,,All Territories,,,,,,,,,,,,,,,,,,,,TRAAIRCPH,,,,,,,,,,,,,,,,,,,0,,,,,,,,,,,,,,,,,,,,,,,,,,,,,,
LOGPLUBOM,LOGISTICS PLUS PRIVATE LIMITED,Company,,INBOM,LOGPLUBOM,,Commercial,,All Territories,,,,,,,,,,,,,,,,,,,,LOGPLUBOM,,,,,,,,,,,,,,,,,,,0,,,,,,,,,,,,,,,,,,,,,,,,,,,,,,
MAIUSAJFK,MAINFREIGHT USA (FOMERLY TARGET LOGISTIC SVCS),Company,,USJFK,MAIUSAJFK,,Commercial,,All Territories,,,,,,,,,,,,,,,,,,,,MAIUSAJFK,,,,ewr.international@targetlogistics.com,,,,,,,,,,,,,,,0,,,,,,,,,,,,,,,,,,,,,,,,,,,,,,
GILNAVYVR,GILLSHIP NAVIGATION,Company,,CAVAN,GILNAVYVR,,Commercial,,All Territories,,,,,,,,,,,,,,,,,,,,GILNAVYVR,,,,,,,,,,,,,,,,,,,0,,,,,,,,,,,,,,,,,,,,,,,,,,,,,,
MAIUSAHOU2,MAINFREIGHT USA (DO NOT USE),Company,,USHOU,MAIUSAHOU2,,Commercial,,All Territories,,,,,,,,,,,,,,,,,,,,MAIUSAHOU2,,,,,,,,,,,,,,,,,,,0,,,,,,,,,,,,,,,,,,,,,,,,,,,,,,
MACAPPCEB,"MACTAN APPARELS, INC.",Company,,PHCEB,MACAPPCEB,,Commercial,,All Territories,,,,,,,,,,,,,,,,,,,,MACAPPCEB,,,+639173026079,sheryl.tejana@sportscity.com.ph,,,,,,,,,,,,,,,0,,,,,,,,,,,,,,,,,,,,,,,,,,,,,,
HERSHIHAM,HERMES SHIPPING,Company,,DEHAM,HERSHIHAM,,Commercial,,All Territories,,,,,,,,,,,,,,,,,www.hermeslogistics.com,,,HERSHIHAM,,,,service@hermesship.com,,,,,,,,,,,,,,,0,,,,,,,,,,,,,,,,,,,,,,,,,,,,,,
BALOGIPLU,BA LOGISTICS,Company,,MUPLU,BALOGIPLU,,Commercial,,All Territories,,,,,,,,,,,,,,,,,,,,BALOGIPLU,,,,,,,,,,,,,,,,,,,0,,,,,,,,,,,,,,,,,,,,,,,,,,,,,,
AIRFREPPA,"AIRBRIDGE FREIGHT INTERNATIONAL CO.,INC",Company,,PHPPA,AIRFREPPA,,Commercial,,All Territories,,,,,,,,,,,,,,,,,,,,AIRFREPPA,,,,,,,,,,,,,,,,,,,0,,,,,,,,,,,,,,,,,,,,,,,,,,,,,,
FRASPARSC,FRASCOLD SPA,Company,,ITRSC,FRASPARSC,,Commercial,,All Territories,,,,,,,,,,,,,,,,,,,,FRASPARSC,,,,,,,,,,,,,,,,,,,0,,,,,,,,,,,,,,,,,,,,,,,,,,,,,,
EMBTRAMUB,EMBASSY TRANSPORTATION INDIA PVT LTD,Company,,INMUB,EMBTRAMUB,,Commercial,,All Territories,,,,,,,,,,,,,,,,,,,,EMBTRAMUB,,,,,,,,,,,,,,,,,,,0,,,,,,,,,,,,,,,,,,,,,,,,,,,,,,
LOGAERCDG,LOGAERO SERVICES,Company,,FRCDG,LOGAERCDG,,Commercial,,All Territories,,,,,,,,,,,,,,,,,,,,LOGAERCDG,,,,,,,,,,,,,,,,,,,0,,,,,,,,,,,,,,,,,,,,,,,,,,,,,,
ALQABAKWI,AL QABANDI AND PARTNERS COMPANY,Company,,KWKWI,ALQABAKWI,,Commercial,,All Territories,,,,,,,,,,,,,,,,,www.al-qabandi.net,,,ALQABAKWI,,,,aqabandi@qualitynet.net,,,,,,,,,,,,,,,0,,,,,,,,,,,,,,,,,,,,,,,,,,,,,,
DAHINTQZQ,DAHER INTERNATIONAL FOOD CO. S.A.L (LEBANON),Company,,LBQZQ,DAHINTQZQ,,Commercial,,All Territories,,,,,,,,,,,,,,,,,,,,DAHINTQZQ,,,,,,,,,,,,,,,,,,,0,,,,,,,,,,,,,,,,,,,,,,,,,,,,,,
CHEGLOCEB,CHEMTRUST GLOBAL MARKET INC.,Company,,PHCEB,CHEGLOCEB,,Commercial,,All Territories,,,,,,,,,,,,,,,,,,,,CHEGLOCEB,,,,,,,,,,,,,,,,,,,0,,,,,,,,,,,,,,,,,,,,,,,,,,,,,,
EXPLOGCMB,EXPEDIA LOGISTICS PVT LTD,Company,,LKCMB,EXPLOGCMB,,Commercial,,All Territories,,,,,,,,,,,,,,,,,,,,EXPLOGCMB,,,,,,,,,,,,,,,,,,,0,,,,,,,,,,,,,,,,,,,,,,,,,,,,,,
JINSHAAFE,"JINAN BODOR CNC MACHINE CO., LTD.",Company,,CNSHA,JINSHAAFE,,Commercial,,All Territories,,,,,,,,,,,,,,,,,,,,JINSHAAFE,,,,sales@bodor.com,,,,,,,,,,,,,,,0,,,,,,,,,,,,,,,,,,,,,,,,,,,,,,
TIGUSADAL,"TIGERS (USA) GLOBAL LOGISTICS , INC",Company,,USDAL,TIGUSADAL,,Commercial,,All Territories,,,,,,,,,,,,,,,,,,,,TIGUSADAL,,,,,,,,,,,,,,,,,,,0,,,,,,,,,,,,,,,,,,,,,,,,,,,,,,
MIEXPEBCN,MIEXPERT,Company,,ESBCN,MIEXPEBCN,,Commercial,,All Territories,,,,,,,,,,,,,,,,,www.miexpert.net,,,MIEXPEBCN,,,,evelyne.vandyck@miexpert.net,,,,,,,,,,,,,,,0,,,,,,,,,,,,,,,,,,,,,,,,,,,,,,
VAROVAHEL,VAROVA OY,Company,,FIHEL,VAROVAHEL,,Commercial,,All Territories,,,,,,,,,,,,,,,,,,,,VAROVAHEL,,,,,,,,,,,,,,,,,,,0,,,,,,,,,,,,,,,,,,,,,,,,,,,,,,
GONNVSBON,GONDRAND N.V. SEAFREIGHT DIVISION BELGIUM,Company,,BEBON,GONNVSBON,,Commercial,,All Territories,,,,,,,,,,,,,,,,,www.gondrand.be,,,GONNVSBON,,,,,,,,,,,,,,,,,,,0,,,,,,,,,,,,,,,,,,,,,,,,,,,,,,
GRADACPAB,"GRAVELEAU, DACHSER GROUP",Company,,FRPAB,GRADACPAB,,Commercial,,All Territories,,,,,,,,,,,,,,,,,,,,GRADACPAB,,,,,,,,,,,,,,,,,,,0,,,,,,,,,,,,,,,,,,,,,,,,,,,,,,
FORFOONYC,FOREAL FOODS LLC,Company,,USNYC,FORFOONYC,,Commercial,,All Territories,,,,,,,,,,,,,,,,,https://www.forealfoods.com/,,,FORFOONYC,,,+12028488954,Mohammed Al Hagri <mohammed@forealfoods.com>,,,,,,,,,,,,,,,0,,,,,,,,,,,,,,,,,,,,,,,,,,,,,,
LOGCDGCDG,LOGFRET CDG,Company,,FRCDG,LOGCDGCDG,,Commercial,,All Territories,,,,,,,,,,,,,,,,,,,,LOGCDGCDG,,,,ediaz@logfret.com,,,,,,,,,,,,,,,0,,,,,,,,,,,,,,,,,,,,,,,,,,,,,,
PRIFRELAX,PRIMARY FREIGHT SERVICES INC.,Company,,USLAX,PRIFRELAX,,Commercial,,All Territories,,,,,,,,,,,,,,,,,,,,PRIFRELAX,,,,,,,,,,,,,,,,,,,0,,,,,,,,,,,,,,,,,,,,,,,,,,,,,,
INTCARAAKL,INTERNATIONAL CARGO SYSTEMS,Company,,NZAKL,INTCARAAKL,,Commercial,,All Territories,,,,,,,,,,,,,,,,,,,,INTCARAAKL,,,,,,,,,,,,,,,,,,,0,,,,,,,,,,,,,,,,,,,,,,,,,,,,,,
LLOMANLON,LLOYD MANEX LTD. INTERNATIONAL LOGISTICS,Company,,UKLON,LLOMANLON,,Commercial,,All Territories,,,,,,,,,,,,,,,,,,,,LLOMANLON,,,,,,,,,,,,,,,,,,,0,,,,,,,,,,,,,,,,,,,,,,,,,,,,,,
SHEDONSXG,SHENZHEN DONGHONG LOGISTICS CO. LTD.,Company,,CNSXG,SHEDONSXG,,Commercial,,All Territories,,,,,,,,,,,,,,,,,,,,SHEDONSXG,,,,,,,,,,,,,,,,,,,0,,,,,,,,,,,,,,,,,,,,,,,,,,,,,,
INTERTBRU,INTERTRANS,Company,,BEBRU,INTERTBRU,,Commercial,,All Territories,,,,,,,,,,,,,,,,,,,,INTERTBRU,,,,,,,,,,,,,,,,,,,0,,,,,,,,,,,,,,,,,,,,,,,,,,,,,,
CHAFREBLR,CHANNEL FREIGHT SERVICES (I)PVT LTD.,Company,,INBLR,CHAFREBLR,,Commercial,,All Territories,,,,,,,,,,,,,,,,,,,,CHAFREBLR,,,,,,,,,,,,,,,,,,,0,,,,,,,,,,,,,,,,,,,,,,,,,,,,,,
TRAAIRNGB,TRANSIT AIR CARGO INC.,Company,,CNNGB,TRAAIRNGB,,Commercial,,All Territories,,,,,,,,,,,,,,,,,,,,TRAAIRNGB,,,+8657487115488,ningbo@transitair.com.cn,,,,,,,,,,,,,,,0,,,,,,,,,,,,,,,,,,,,,,,,,,,,,,
MAIUSABNV,MAINFREIGHT USA (FORMERLY TARGET LOGISTICS SVCS),Company,,USBNV,MAIUSABNV,,Commercial,,All Territories,,,,,,,,,,,,,,,,,,,,MAIUSABNV,,,,,,,,,,,,,,,,,,,0,,,,,,,,,,,,,,,,,,,,,,,,,,,,,,
DJGMTCAFE,D.J.G. EXHIBITION FREIGHT SERVICES LIMITED,Company,,GBMTC,DJGMTCAFE,,Commercial,,All Territories,,,,,,,,,,,,,,,,,,,,DJGMTCAFE,,,,info@djgefsl.co.uk,,,,,,,,,,,,,,,0,,,,,,,,,,,,,,,,,,,,,,,,,,,,,,
MAIUSAFLO,MAINFREIGHT USA (FORMERLY TARGET LOGISTICS SVCS),Company,,USFLO,MAIUSAFLO,,Commercial,,All Territories,,,,,,,,,,,,,,,,,,,,MAIUSAFLO,,,,tpa.international@targetlogistics.com,,,,,,,,,,,,,,,0,,,,,,,,,,,,,,,,,,,,,,,,,,,,,,
ALPGLOOSA,ALPHA GLOBAL LOGISTICS INC.,Company,,JPOSA,ALPGLOOSA,,Commercial,,All Territories,,,,,,,,,,,,,,,,,,,,ALPGLOOSA,,,,,,,,,,,,,,,,,,,0,,,,,,,,,,,,,,,,,,,,,,,,,,,,,,
MORINTRMQ,MORRIS INTERNATIONAL RECREATION TECHNOLOGY CO LTD,Company,,TWTXG,MORINTRMQ,,Commercial,,All Territories,,,,,,,,,,,,,,,,,,,,MORINTRMQ,,,,,,,,,,,,,,,,,,,0,,,,,,,,,,,,,,,,,,,,,,,,,,,,,,
OCEMARKPO,OCEAN MARITIME CO. LTD,Company,,KRKPO,OCEMARKPO,,Commercial,,All Territories,,,,,,,,,,,,,,,,,,,,OCEMARKPO,,,,,,,,,,,,,,,,,,,0,,,,,,,,,,,,,,,,,,,,,,,,,,,,,,
LAMTRABSL,LAMPRECHT TRANSPORT AG,Company,,CHBSL,LAMTRABSL,,Commercial,,All Territories,,,,,,,,,,,,,,,,,,,,LAMTRABSL,,,,Christoph.Reichenstein@lamprecht.ch,,,,,,,,,,,,,,,0,,,,,,,,,,,,,,,,,,,,,,,,,,,,,,
DIMFRESIN,DIMENSION FREIGHT & LOGISTICS PTE LTD,Company,,SGSIN,DIMFRESIN,,Commercial,,All Territories,,,,,,,,,,,,,,,,,,,,DIMFRESIN,,,,,,,,,,,,,,,,,,,0,,,,,,,,,,,,,,,,,,,,,,,,,,,,,,
JNINTESHA,JN  INTERNATIONAL FORWARDING CO. LTD.,Company,,CNSHA,JNINTESHA,,Commercial,,All Territories,,,,,,,,,,,,,,,,,www.jnif.com,,,JNINTESHA,,,,,,,,,,,,,,,,,,,0,,,,,,,,,,,,,,,,,,,,,,,,,,,,,,
AVILOGHAN,AVINA LOGISTICS JSC,Company,,VNHAN,AVILOGHAN,,Commercial,,All Territories,,,,,,,,,,,,,,,,,,,,AVILOGHAN,,,,,,,,,,,,,,,,,,,0,,,,,,,,,,,,,,,,,,,,,,,,,,,,,,
COMESABGU,COMELEC SA,Company,,USBGU,COMESABGU,,Commercial,,All Territories,,,,,,,,,,,,,,,,,,,,COMESABGU,,,,,,,,,,,,,,,,,,,0,,,,,,,,,,,,,,,,,,,,,,,,,,,,,,
ABCINTVAN,"ABCO INTERNATIONAL FREIGHT, INC.",Company,,CAVAN,ABCINTVAN,,Commercial,,All Territories,,,,,,,,,,,,,,,,,www.abcofreight.com,,,ABCINTVAN,,,,abcovcr@aicompro.com,,,,,,,,,,,,,,,0,,,,,,,,,,,,,,,,,,,,,,,,,,,,,,
G4SDXBAFE,G4S INTERNATIONAL LOGISTICS,Company,,AEDXB,G4SDXBAFE,,Commercial,,All Territories,,,,,,,,,,,,,,,,,,,,G4SDXBAFE,,,,michelle.mannas@g4si.com,,,,,,,,,,,,,,,0,,,,,,,,,,,,,,,,,,,,,,,,,,,,,,
INTFARSGN,INTERGLOBO FAR EAST HCM REPRESENTATIVE,Company,,VNSGN,INTFARSGN,,Commercial,,All Territories,,,,,,,,,,,,,,,,,,,,INTFARSGN,,,,,,,,,,,,,,,,,,,0,,,,,,,,,,,,,,,,,,,,,,,,,,,,,,
AELBERKWN,AEL-BERKMAN FORWARDING (HK) LIMITED,Company,,HKKWN,AELBERKWN,,Commercial,,All Territories,,,,,,,,,,,,,,,,,,,,AELBERKWN,,,,,,,,,,,,,,,,,,,0,,,,,,,,,,,,,,,,,,,,,,,,,,,,,,
CSSLOGDXB,CSS LOGISTICS,Company,,AEDXB,CSSLOGDXB,,Commercial,,All Territories,,,,,,,,,,,,,,,,,,,,CSSLOGDXB,,,,,,,,,,,,,,,,,,,0,,,,,,,,,,,,,,,,,,,,,,,,,,,,,,
PAUYUPCEB,PAUL-YU PHILIPPINES CORPORATION,Company,,PHCEB,PAUYUPCEB,,Commercial,,All Territories,,,,,,,,,,,,,,,,,,,,PAUYUPCEB,,,+639352412070,shipping@paulyu.com.tw,,,,,,,,,,,,,,,0,,,,,,,,,,,,,,,,,,,,,,,,,,,,,,
PTKUMCJKT,PT KUMAITU CARGO,Company,,IDJKT,PTKUMCJKT,,Commercial,,All Territories,,,,,,,,,,,,,,,,,,,,PTKUMCJKT,,,,forwarding@kumaitucargo.co.id,,,,,,,,,,,,,,,0,,,,,,,,,,,,,,,,,,,,,,,,,,,,,,
ASONICKLA,A-SONIC LOGISTICS (MALAYSIA) SDN BHD,Company,,MYKLA,ASONICKLA,,Commercial,,All Territories,,,,,,,,,,,,,,,,,http://www.asonic-logistics.com,,,ASONICKLA,,,,niza.kul@asonic-logistics.com,,,,,,,,,,,,,,,0,,,,,,,,,,,,,,,,,,,,,,,,,,,,,,
WIILOGTLL,WIIMA LOGISTICS OÜ,Company,,EETLL,WIILOGTLL,,Commercial,,All Territories,,,,,,,,,,,,,,,,,,,,WIILOGTLL,,,,,,,,,,,,,,,,,,,0,,,,,,,,,,,,,,,,,,,,,,,,,,,,,,
XLLMARMAA,XLLENT MARINE LINE PVT LTD,Company,,INMAA,XLLMARMAA,,Commercial,,All Territories,,,,,,,,,,,,,,,,,,,,XLLMARMAA,,,,,,,,,,,,,,,,,,,0,,,,,,,,,,,,,,,,,,,,,,,,,,,,,,
GNTLOGICD,GNT LOGISTICS PVT. LTD.,Company,,INICD,GNTLOGICD,,Commercial,,All Territories,,,,,,,,,,,,,,,,,,,,GNTLOGICD,,,,,,,,,,,,,,,,,,,0,,,,,,,,,,,,,,,,,,,,,,,,,,,,,,
SYLYUMDVO,SYLVESTER YUMANG,Company,,PHDVO,SYLYUMDVO,,Commercial,,All Territories,,,,,,,,,,,,,,,,,,,,SYLYUMDVO,,,,,,,,,,,,,,,,,,,0,,,,,,,,,,,,,,,,,,,,,,,,,,,,,,
CARGOMPRG,CARGOMIND S.R.O,Company,,CZPRG,CARGOMPRG,,Commercial,,All Territories,,,,,,,,,,,,,,,,,,,,CARGOMPRG,,,,,,,,,,,,,,,,,,,0,,,,,,,,,,,,,,,,,,,,,,,,,,,,,,
STRTRAFBG,STRECK TRANSPORTGES MBH,Company,,DEFBG,STRTRAFBG,,Commercial,,All Territories,,,,,,,,,,,,,,,,,,,,STRTRAFBG,,,,,,,,,,,,,,,,,,,0,,,,,,,,,,,,,,,,,,,,,,,,,,,,,,
MAPGLOLGB,MAPCARGO GLOBAL LOGISTICS (LOS ANGELES),Company,,USLGB,MAPGLOLGB,,Commercial,,All Territories,,,,,,,,,,,,,,,,,www.mapcargo.com,,,MAPGLOLGB,,,,,,,,,,,,,,,,,,,0,,,,,,,,,,,,,,,,,,,,,,,,,,,,,,
LEMUSATOA,LEMAN USA INC,Company,,USTOA,LEMUSATOA,,Commercial,,All Territories,,,,,,,,,,,,,,,,,www.lemanusa.com,,,LEMUSATOA,,,,homan.mathews@lemanusa.com,,,,,,,,,,,,,,,0,,,,,,,,,,,,,,,,,,,,,,,,,,,,,,
NOALOGSEL,NOATUM LOGISTICS KOREA LTD,Company,,KRSEL,NOALOGSEL,,Commercial,,All Territories,,,,,,,,,,,,,,,,,,,,NOALOGSEL,,,,,,,,,,,,,,,,,,,0,,,,,,,,,,,,,,,,,,,,,,,,,,,,,,
SCHVIEHAN,"SCHENKER VIETNAM CO., LTD.",Company,,VNHAN,SCHVIEHAN,,Commercial,,All Territories,,,,,,,,,,,,,,,,,,,,SCHVIEHAN,,,,,,,,,,,,,,,,,,,0,,,,,,,,,,,,,,,,,,,,,,,,,,,,,,
SKYLOGBKK,SKYWIN LOGISTICS (THAILAND) CO. LTD.,Company,,THBKK,SKYLOGBKK,,Commercial,,All Territories,,,,,,,,,,,,,,,,,,,,SKYLOGBKK,,,,operations@skywin.co.th,,,,,,,,,,,,,,,0,,,,,,,,,,,,,,,,,,,,,,,,,,,,,,
RIMLOGLON,RIM LOGISTICS UK LTD.,Company,,GBLON,RIMLOGLON,,Commercial,,All Territories,,,,,,,,,,,,,,,,,,,,RIMLOGLON,,,,,,,,,,,,,,,,,,,0,,,,,,,,,,,,,,,,,,,,,,,,,,,,,,
SAIEXPHAN,SAIGON EXPRESS AGENCY LTD.,Company,,VNHAN,SAIEXPHAN,,Commercial,,All Territories,,,,,,,,,,,,,,,,,,,,SAIEXPHAN,,,,dvl@fmail.vnn.vn,,,,,,,,,,,,,,,0,,,,,,,,,,,,,,,,,,,,,,,,,,,,,,
EMBFRESGN,EMBASSY FREIGHT SERVICES,Company,,VNSGN,EMBFRESGN,,Commercial,,All Territories,,,,,,,,,,,,,,,,,,,,EMBFRESGN,,,,,,,,,,,,,,,,,,,0,,,,,,,,,,,,,,,,,,,,,,,,,,,,,,
CRENNKAFE,CREATION WORLD WILD WOOD CO. LTD,Company,,THNNK,CRENNKAFE,,Commercial,,All Territories,,,,,,,,,,,,,,,,,,,,CRENNKAFE,,,,,,,,,,,,,,,,,,,0,,,,,,,,,,,,,,,,,,,,,,,,,,,,,,
TRISTABWN,TRI-STAR SHIPPING & TRADING CO. SDN BHD,Company,,BNBWN,TRISTABWN,,Commercial,,All Territories,,,,,,,,,,,,,,,,,www.tristarbrunei.com,,,TRISTABWN,,,,enquiry@tristarbrunei.com,,,,,,,,,,,,,,,0,,,,,,,,,,,,,,,,,,,,,,,,,,,,,,
TIGUSANYC,"TIGERS (USA) GLOBAL LOGISTICS, INC.",Company,,USNYC,TIGUSANYC,,Commercial,,All Territories,,,,,,,,,,,,,,,,,www.go2tigers.com,,,TIGUSANYC,,,,contact.jfk@go2tigers.com,,,,,,,,,,,,,,,0,,,,,,,,,,,,,,,,,,,,,,,,,,,,,,
ZHESUNNGB,"ZHEJIANG SUNMARR INT'L TRANSPORTATION CO., LTD",Company,,CNNGB,ZHESUNNGB,,Commercial,,All Territories,,,,,,,,,,,,,,,,,www.sunmarr.com,,,ZHESUNNGB,,,,,,,,,,,,,,,,,,,0,,,,,,,,,,,,,,,,,,,,,,,,,,,,,,
KOTRANSEL,KOTRANS,Company,,KRSEL,KOTRANSEL,,Commercial,,All Territories,,,,,,,,,,,,,,,,,,,,KOTRANSEL,,,,NO E-MAIL,,,,,,,,,,,,,,,0,,,,,,,,,,,,,,,,,,,,,,,,,,,,,,
GREENCMMX,GREENCARRIER SWEDEN AB,Company,,SEMMA,GREENCMMX,,Commercial,,All Territories,,,,,,,,,,,,,,,,,,,,GREENCMMX,,,,,,,,,,,,,,,,,,,0,,,,,,,,,,,,,,,,,,,,,,,,,,,,,,
FRESYSHAR,FREIGHT SYSTEMS (INDIA) (P) LTD,Company,,INHAR,FRESYSHAR,,Commercial,,All Territories,,,,,,,,,,,,,,,,,,,,FRESYSHAR,,,,,,,,,,,,,,,,,,,0,,,,,,,,,,,,,,,,,,,,,,,,,,,,,,
SENINTSAN,SENATOR INTERNATION FRT. FWDG. LLC (SAN DIEGO),Company,,USSAN,SENINTSAN,,Commercial,,All Territories,,,,,,,,,,,,,,,,,www.senator-international.com,,,SENINTSAN,,,,,,,,,,,,,,,,,,,0,,,,,,,,,,,,,,,,,,,,,,,,,,,,,,
TWIYVRAFE,"TWI EXHIBITION LOGISTICS, INC.",Company,,CAVAN,TWIYVRAFE,,Commercial,,All Territories,,,,,,,,,,,,,,,,,,,,TWIYVRAFE,,,,jshaw@twigroup.com,,,,,,,,,,,,,,,0,,,,,,,,,,,,,,,,,,,,,,,,,,,,,,
STERIGLEH,STERIGERMS,Company,,FRLEH,STERIGLEH,,Commercial,,All Territories,,,,,,,,,,,,,,,,,,,,STERIGLEH,,,,,,,,,,,,,,,,,,,0,,,,,,,,,,,,,,,,,,,,,,,,,,,,,,
EMBFREKOP,EMBASSY FREIGHT SERVICES LOGISTIKA,Company,,SIKOP,EMBFREKOP,,Commercial,,All Territories,,,,,,,,,,,,,,,,,,,,EMBFREKOP,,,,,,,,,,,,,,,,,,,0,,,,,,,,,,,,,,,,,,,,,,,,,,,,,,
CSPLOGBKK,CSP LOGISTICS CO. LTD.,Company,,THBKK,CSPLOGBKK,,Commercial,,All Territories,,,,,,,,,,,,,,,,,,,,CSPLOGBKK,,,,csplog@cscoms.com,,,,,,,,,,,,,,,0,,,,,,,,,,,,,,,,,,,,,,,,,,,,,,
DTWGROBJS,DTW GROUP,Company,,CNBJS,DTWGROBJS,,Commercial,,All Territories,,,,,,,,,,,,,,,,,,,,DTWGROBJS,,,,qim@dtw.com.cn,,,,,,,,,,,,,,,0,,,,,,,,,,,,,,,,,,,,,,,,,,,,,,
TRILOGMAA,TRIPATH LOGISTICS PVT LTD.,Company,,INMAA,TRILOGMAA,,Commercial,,All Territories,,,,,,,,,,,,,,,,,,,,TRILOGMAA,,,,,,,,,,,,,,,,,,,0,,,,,,,,,,,,,,,,,,,,,,,,,,,,,,
MIDAMEPOL,MID-AMERICA OVERSEAS INC  (PORTLAND),Company,,USPOL,MIDAMEPOL,,Commercial,,All Territories,,,,,,,,,,,,,,,,,,,,MIDAMEPOL,,,,,,,,,,,,,,,,,,,0,,,,,,,,,,,,,,,,,,,,,,,,,,,,,,
DONGAGYNG,"DONGAGNE CO., LTD",Company,,KRYNG,DONGAGYNG,,Commercial,,All Territories,,,,,,,,,,,,,,,,,,,,DONGAGYNG,,,,master@dongagne.com,,,,,,,,,,,,,,,0,,,,,,,,,,,,,,,,,,,,,,,,,,,,,,
KAMINTMIA,KAMINO INTERNATIONAL TRANSPORT INC.,Company,,USMIA,KAMINTMIA,,Commercial,,All Territories,,,,,,,,,,,,,,,,,,,,KAMINTMIA,,,,,,,,,,,,,,,,,,,0,,,,,,,,,,,,,,,,,,,,,,,,,,,,,,
LEAMUTNYC,LEADER MUTUAL FREIGHT SYSTEM INC.,Company,,USNYC,LEAMUTNYC,,Commercial,,All Territories,,,,,,,,,,,,,,,,,,,,LEAMUTNYC,,,,,,,,,,,,,,,,,,,0,,,,,,,,,,,,,,,,,,,,,,,,,,,,,,
WINWORZRH,WIN WORLDWIDE INDEPENDENT NETWORK ASSOCIATION,Company,,CHZRH,WINWORZRH,,Commercial,,All Territories,,,,,,,,,,,,,,,,,,,,WINWORZRH,,,,,,,,,,,,,,,,,,,0,,,,,,,,,,,,,,,,,,,,,,,,,,,,,,
HEMBROYYZ,HEMISPHERE BROKERAGE,Company,,CAYYZ,HEMBROYYZ,,Commercial,,All Territories,,,,,,,,,,,,,,,,,,,,HEMBROYYZ,,,,,,,,,,,,,,,,,,,0,,,,,,,,,,,,,,,,,,,,,,,,,,,,,,
NOALOGBKK,NOATUM LOGISTICS (THAILAND) CO. LTD,Company,,THBKK,NOALOGBKK,,Commercial,,All Territories,,,,,,,,,,,,,,,,,,,,NOALOGBKK,,,,,,,,,,,,,,,,,,,0,,,,,,,,,,,,,,,,,,,,,,,,,,,,,,
AMCARGVLC,"A.M. CARGO LOGISTIC, S.L.",Company,,ESVLC,AMCARGVLC,,Commercial,,All Territories,,,,,,,,,,,,,,,,,www.amcargoes,,,AMCARGVLC,,,,info@amcargo.es,,,,,,,,,,,,,,,0,,,,,,,,,,,,,,,,,,,,,,,,,,,,,,
NORDENSAO,NORBERT DENTRESSANGLE,Company,,BRSAO,NORDENSAO,,Commercial,,All Territories,,,,,,,,,,,,,,,,,,,,NORDENSAO,,,,,,,,,,,,,,,,,,,0,,,,,,,,,,,,,,,,,,,,,,,,,,,,,,
MULLOGBER,MULTI LOGISTICS GMBH,Company,,DEBER,MULLOGBER,,Commercial,,All Territories,,,,,,,,,,,,,,,,,,,,MULLOGBER,,,,m.wollitz@multi-logistics.de,,,,,,,,,,,,,,,0,,,,,,,,,,,,,,,,,,,,,,,,,,,,,,
INTNORJEC,INTERGLOBO NORTH AMERICA INC.,Company,,USJEC,INTNORJEC,,Commercial,,All Territories,,,,,,,,,,,,,,,,,,,,INTNORJEC,,,,,,,,,,,,,,,,,,,0,,,,,,,,,,,,,,,,,,,,,,,,,,,,,,
GONBRUZAV,GONDRAND BRUCARGO/AIRFREIGHT DEPT (SFT GONDRAND),Company,,BEZAV,GONBRUZAV,,Commercial,,All Territories,,,,,,,,,,,,,,,,,,,,GONBRUZAV,,,,,,,,,,,,,,,,,,,0,,,,,,,,,,,,,,,,,,,,,,,,,,,,,,
UPMINTTPE,UPMOC INT'L FORWARDERS CO. LTD,Company,,TWTPE,UPMINTTPE,,Commercial,,All Territories,,,,,,,,,,,,,,,,,,,,UPMINTTPE,,,,upmocifc@ms22.hinet.net,,,,,,,,,,,,,,,0,,,,,,,,,,,,,,,,,,,,,,,,,,,,,,
GRAINTCAS,GRAVELEAU INTERNATIONAL,Company,,MACAS,GRAINTCAS,,Commercial,,All Territories,,,,,,,,,,,,,,,,,,,,GRAINTCAS,,,,,,,,,,,,,,,,,,,0,,,,,,,,,,,,,,,,,,,,,,,,,,,,,,
LONSUPXAO,"LONGSAIL SUPPLY CHAIN CO.,LTD.",Company,,CNXAO,LONSUPXAO,,Commercial,,All Territories,,,,,,,,,,,,,,,,,,,,LONSUPXAO,,,,,,,,,,,,,,,,,,,0,,,,,,,,,,,,,,,,,,,,,,,,,,,,,,
STUSHIAOCPT,STURROCK SHIPPING (PTY) LTD. (AIRFREIGHT OFFICE),Company,,ZACPT,STUSHIAOCPT,,Commercial,,All Territories,,,,,,,,,,,,,,,,,,,,STUSHIAOCPT,,,,shipping@ct.sturrock.co.za,,,,,,,,,,,,,,,0,,,,,,,,,,,,,,,,,,,,,,,,,,,,,,
COLFREYVR,COLE FREIGHT INC,Company,,CAYVR,COLFREYVR,,Commercial,,All Territories,,,,,,,,,,,,,,,,,,,,COLFREYVR,,,,,,,,,,,,,,,,,,,0,,,,,,,,,,,,,,,,,,,,,,,,,,,,,,
GONDUKTHP,GONDRAND UK,Company,,GBTHP,GONDUKTHP,,Commercial,,All Territories,,,,,,,,,,,,,,,,,,,,GONDUKTHP,,,,,,,,,,,,,,,,,,,0,,,,,,,,,,,,,,,,,,,,,,,,,,,,,,
PENXINNGB,PENAVICO NINGBO XINYANG SHIPPING CO.LTD.,Company,,CNNGB,PENXINNGB,,Commercial,,All Territories,,,,,,,,,,,,,,,,,,,,PENXINNGB,,,,,,,,,,,,,,,,,,,0,,,,,,,,,,,,,,,,,,,,,,,,,,,,,,
CDINTFXMN,C&D INTERNATIONAL FREIGHT FORWARDING INC,Company,,CNXMN,CDINTFXMN,,Commercial,,All Territories,,,,,,,,,,,,,,,,,,,,CDINTFXMN,,,,,,,,,,,,,,,,,,,0,,,,,,,,,,,,,,,,,,,,,,,,,,,,,,
OPPFREBOM,OPPEX FREIGHT SYSTEM PVT. LTD. A/C EXPORT LOGISTIC,Company,,INBOM,OPPFREBOM,,Commercial,,All Territories,,,,,,,,,,,,,,,,,,,,OPPFREBOM,,,,,,,,,,,,,,,,,,,0,,,,,,,,,,,,,,,,,,,,,,,,,,,,,,
SPEEXPSHA,SPEEDY EXPRESS FORWARDER  CO. LTD. (SHANGHAI),Company,,CNSHA,SPEEXPSHA,,Commercial,,All Territories,,,,,,,,,,,,,,,,,,,,SPEEXPSHA,,,+86 (52) 53-0612,inf@speedy-sha.com.cn,,,,,,,,,,,,,,,0,,,,,,,,,,,,,,,,,,,,,,,,,,,,,,
KAMINTPNQ,KAMINO INTERNATIONAL LOGISTICS PVT LTD.,Company,,INPNQ,KAMINTPNQ,,Commercial,,All Territories,,,,,,,,,,,,,,,,,,,,KAMINTPNQ,,,,pune@kamino.com,,,,,,,,,,,,,,,0,,,,,,,,,,,,,,,,,,,,,,,,,,,,,,
KACEPOSHA,K ACE PORT INTERNATIONAL LOGISTICS (SHANGHAI) CO.,Company,,CNSHA,KACEPOSHA,,Commercial,,All Territories,,,,,,,,,,,,,,,,,,,,KACEPOSHA,,,,abby.huo@ksp-worldwide.com,,,,,,,,,,,,,,,0,,,,,,,,,,,,,,,,,,,,,,,,,,,,,,
JMSUNISIN,JMS UNION FREIGHT PTE LTD,Company,,SGSIN,JMSUNISIN,,Commercial,,All Territories,,,,,,,,,,,,,,,,,,,,JMSUNISIN,,,,,,,,,,,,,,,,,,,0,,,,,,,,,,,,,,,,,,,,,,,,,,,,,,
INTTRASIN,INTERGLOBO TRANSUNION (S.E.A.) PTE LTD.,Company,,SGSIN,INTTRASIN,,Commercial,,All Territories,,,,,,,,,,,,,,,,,,,,INTTRASIN,,,+6564544608,sgsg@inter-union.com,,,,,,,,,,,,,,,0,,,,,,,,,,,,,,,,,,,,,,,,,,,,,,
AIRINTSNZ,AIRSUPPLY INTERNATIONAL LOGISTICS GROUP LIMITED,Company,,CNSNZ,AIRINTSNZ,,Commercial,,All Territories,,,,,,,,,,,,,,,,,,,,AIRINTSNZ,,,,,,,,,,,,,,,,,,,0,,,,,,,,,,,,,,,,,,,,,,,,,,,,,,
TNTFRESRK,TNT FREIGHT MANAGEMENT,Company,,NLSRK,TNTFRESRK,,Commercial,,All Territories,,,,,,,,,,,,,,,,,,,,TNTFRESRK,,,,,,,,,,,,,,,,,,,0,,,,,,,,,,,,,,,,,,,,,,,,,,,,,,
QCSQUIFRA,QCS - QUICK CARGO SERVICE GMBH,Company,,DEFRA,QCSQUIFRA,,Commercial,,All Territories,,,,,,,,,,,,,,,,,,,,QCSQUIFRA,,,,,,,,,,,,,,,,,,,0,,,,,,,,,,,,,,,,,,,,,,,,,,,,,,
MAPGLOSFO,MAPCARGO GLOBAL LOGISTICS (SAN FRANCISCO),Company,,USSFO,MAPGLOSFO,,Commercial,,All Territories,,,,,,,,,,,,,,,,,,,,MAPGLOSFO,,,+6 (507) 72-9878,max@mapcargo.com,,,,,,,,,,,,,,,0,,,,,,,,,,,,,,,,,,,,,,,,,,,,,,
KNIINTNFK,KNIGHTS INTERNATIONAL CORPORATION,Company,,USNFK,KNIINTNFK,,Commercial,,All Territories,,,,,,,,,,,,,,,,,,,,KNIINTNFK,,,,,,,,,,,,,,,,,,,0,,,,,,,,,,,,,,,,,,,,,,,,,,,,,,
BLULOGUJV,BLUE LOGISTICS,Company,,USUJV,BLULOGUJV,,Commercial,,All Territories,,,,,,,,,,,,,,,,,,,,BLULOGUJV,,,+63 (024) 0-6265,,,,,,,,,,,,,,,,0,,,,,,,,,,,,,,,,,,,,,,,,,,,,,,
PRIFREBKK,"PRIORITY FREIGHT CO., LTD",Company,,THBKK,PRIFREBKK,,Commercial,,All Territories,,,,,,,,,,,,,,,,,,,,PRIFREBKK,,,,,,,,,,,,,,,,,,,0,,,,,,,,,,,,,,,,,,,,,,,,,,,,,,
FTILOGSGN,FTI LOGISTICS CORP.,Company,,VNSGN,FTILOGSGN,,Commercial,,All Territories,,,,,,,,,,,,,,,,,,,,FTILOGSGN,,,,,,,,,,,,,,,,,,,0,,,,,,,,,,,,,,,,,,,,,,,,,,,,,,
POSTI_FI,POSTI OY,Company,,FITUU,POSTI_FI,,Commercial,,All Territories,,,,,,,,,,,,,,,,,www.posti.fi,,,POSTI_FI,,,,,,,,,,,,,,,,,,,0,,,,,,,,,,,,,,,,,,,,,,,,,,,,,,
UNIINTHKG,UNITEX INT'L FORWARDING (HK) LTD.,Company,,HKHKG,UNIINTHKG,,Commercial,,All Territories,,,,,,,,,,,,,,,,,www.unitexlogistics.com,,,UNIINTHKG,,,,hongkong@uif.com.hk,,,,,,,,,,,,,,,0,,,,,,,,,,,,,,,,,,,,,,,,,,,,,,
ITELOGAAR,ITELLA LOGISTICS A/S (DENMARK),Company,,DKAAR,ITELOGAAR,,Commercial,,All Territories,,,,,,,,,,,,,,,,,,,,ITELOGAAR,,,,logistics.7400.dk@itella.com,,,,,,,,,,,,,,,0,,,,,,,,,,,,,,,,,,,,,,,,,,,,,,
HEMFREFXT,HEMISPHERE FREIGHT SERVICES LTD/SEAFRT,Company,,GBFXT,HEMFREFXT,,Commercial,,All Territories,,,,,,,,,,,,,,,,,,,,HEMFREFXT,,,,,,,,,,,,,,,,,,,0,,,,,,,,,,,,,,,,,,,,,,,,,,,,,,
NOVHANSCL,"NOVOCARGO HANSEATICA, S.A (SANTIAGO)",Company,,CLSCL,NOVHANSCL,,Commercial,,All Territories,,,,,,,,,,,,,,,,,,,,NOVHANSCL,,,,,,,,,,,,,,,,,,,0,,,,,,,,,,,,,,,,,,,,,,,,,,,,,,
AGXGLOCEB,AGX GLOBAL EXPRESS INC,Company,,PHCEB,AGXGLOCEB,,Commercial,,All Territories,,,,,,,,,,,,,,,,,,,,AGXGLOCEB,,,,,,,,,,,,,,,,,,,0,,,,,,,,,,,,,,,,,,,,,,,,,,,,,,
COLCARVIE,COLUMBUS-CARGO INTERN. SPEDITIONS GMBH,Company,,ATVIE,COLCARVIE,,Commercial,,All Territories,,,,,,,,,,,,,,,,,,,,COLCARVIE,,,,,,,,,,,,,,,,,,,0,,,,,,,,,,,,,,,,,,,,,,,,,,,,,,
ALPGLOYOK,ALPHA GLOBAL LOGISTICS INC.,Company,,JPYOK,ALPGLOYOK,,Commercial,,All Territories,,,,,,,,,,,,,,,,,www.aglog.jp,,,ALPGLOYOK,,,,arai@aglog.jp,,,,,,,,,,,,,,,0,,,,,,,,,,,,,,,,,,,,,,,,,,,,,,
UNILOGOTI,UNIMASTERS LOGISTICS SRL,Company,,ROOTI,UNILOGOTI,,Commercial,,All Territories,,,,,,,,,,,,,,,,,www.unimasters.com,,,UNILOGOTI,,,,julieta.karazlateva@unimaster.com,,,,,,,,,,,,,,,0,,,,,,,,,,,,,,,,,,,,,,,,,,,,,,
LOYGENDXB,LOYALPUR GENERAL TRADING LLC,Company,,AEDXB,LOYGENDXB,,Commercial,,All Territories,,,,,,,,,,,,,,,,,,,,LOYGENDXB,,,,,,,,,,,,,,,,,,,0,,,,,,,,,,,,,,,,,,,,,,,,,,,,,,
MIDAMEATL,"MID-AMERICA OVERSEAS, INC.",Company,,USATL,MIDAMEATL,,Commercial,,All Territories,,,,,,,,,,,,,,,,,,,,MIDAMEATL,,,,mao_atl@maoinc.com,,,,,,,,,,,,,,,0,,,,,,,,,,,,,,,,,,,,,,,,,,,,,,
MIDAMENTL,MID-AMERICA OVERSEAS (M) SDN BHD,Company,,MYNTL,MIDAMENTL,,Commercial,,All Territories,,,,,,,,,,,,,,,,,,,,MIDAMENTL,,,,,,,,,,,,,,,,,,,0,,,,,,,,,,,,,,,,,,,,,,,,,,,,,,
EXPYMQAFE,EXPORTATIONS RHEA,Company,,CAMTR,EXPYMQAFE,,Commercial,,All Territories,,,,,,,,,,,,,,,,,,,,EXPYMQAFE,,,,rhea.cofreros@exportationsrhea.com,,,,,,,,,,,,,,,0,,,,,,,,,,,,,,,,,,,,,,,,,,,,,,
MERMAUBUE,MERCOLOG ARGENTINA SRL C/O MAURICIO MUNTANE,Company,,ARBUE,MERMAUBUE,,Commercial,,All Territories,,,,,,,,,,,,,,,,,,,,MERMAUBUE,,,,,,,,,,,,,,,,,,,0,,,,,,,,,,,,,,,,,,,,,,,,,,,,,,
WICLOGBKK,WICE LOGISTICS PUBLIC COMPANY LIMITED,Company,,THBKK,WICLOGBKK,,Commercial,,All Territories,,,,,,,,,,,,,,,,,,,,WICLOGBKK,,,,marketing2@wice.co.th,,,,,,,,,,,,,,,0,,,,,,,,,,,,,,,,,,,,,,,,,,,,,,
WELINDJKT,WELGROW INDOPERSADA PT,Company,,IDJKT,WELINDJKT,,Commercial,,All Territories,,,,,,,,,,,,,,,,,,,,WELINDJKT,,,,,,,,,,,,,,,,,,,0,,,,,,,,,,,,,,,,,,,,,,,,,,,,,,
EXPFRECMB,EXPOLANKA FREIGHT LIMITED (SRI LANKA),Company,,LKCMB,EXPFRECMB,,Commercial,,All Territories,,,,,,,,,,,,,,,,,,,,EXPFRECMB,,,,expocmb@expolanka.com,,,,,,,,,,,,,,,0,,,,,,,,,,,,,,,,,,,,,,,,,,,,,,
COMOCEDXB,COMPASS OCEAN LOGISTICS,Company,,AEDXB,COMOCEDXB,,Commercial,,All Territories,,,,,,,,,,,,,,,,,www.compasslog.com,,,COMOCEDXB,,,,,,,,,,,,,,,,,,,0,,,,,,,,,,,,,,,,,,,,,,,,,,,,,,
SUNCARSZX,"SUN CARGO INTERNATIONAL (SHANGHAI) LTD., SHENZHEN",Company,,CNSZX,SUNCARSZX,,Commercial,,All Territories,,,,,,,,,,,,,,,,,,,,SUNCARSZX,,,,info@szx.sun-cargo.com,,,,,,,,,,,,,,,0,,,,,,,,,,,,,,,,,,,,,,,,,,,,,,
FASFOR_WW,FAST FORWARD FREIGHT,Company,,NLRTM,FASFOR_WW,,Commercial,,All Territories,,,,,,,,,,,,,,,,,,,,FASFOR_WW,,,,,,,,,,,,,,,,,,,0,,,,,,,,,,,,,,,,,,,,,,,,,,,,,,
SHAGRASISHA,SHANGHAI GRAND SOUND INTERNATIONAL,Company,,CNSHA,SHAGRASISHA,,Commercial,,All Territories,,,,,,,,,,,,,,,,,,,,SHAGRASISHA,,,,,,,,,,,,,,,,,,,0,,,,,,,,,,,,,,,,,,,,,,,,,,,,,,
NOALOGLAX,"NOATUM LOGISTICS USA, LLC",Company,,USLAX,NOALOGLAX,,Commercial,,All Territories,,,,,,,,,,,,,,,,,,,,NOALOGLAX,,,,,,,,,,,,,,,,,,,0,,,,,,,,,,,,,,,,,,,,,,,,,,,,,,
STRTRASTR,STRECK TRANSPORT GMBH,Company,,DESTR,STRTRASTR,,Commercial,,All Territories,,,,,,,,,,,,,,,,,,,,STRTRASTR,,,,,,,,,,,,,,,,,,,0,,,,,,,,,,,,,,,,,,,,,,,,,,,,,,
KACPORSHA,K'ACE-PORT INTERNATIONAL LOGISTICS (SHANGHAI),Company,,CNSHA,KACPORSHA,,Commercial,,All Territories,,,,,,,,,,,,,,,,,,,,KACPORSHA,,,,,,,,,,,,,,,,,,,0,,,,,,,,,,,,,,,,,,,,,,,,,,,,,,
NVDACTANR,NV DACHSER TRANSPORT BELGIE(AIR/SEA OFC),Company,,BEANR,NVDACTANR,,Commercial,,All Territories,,,,,,,,,,,,,,,,,,,,NVDACTANR,,,,,,,,,,,,,,,,,,,0,,,,,,,,,,,,,,,,,,,,,,,,,,,,,,
SUNCARHKG,SUN CARGO INTERNATIONAL LTD.,Company,,HKHKG,SUNCARHKG,,Commercial,,All Territories,,,,,,,,,,,,,,,,,www.sun-cargo.com,,,SUNCARHKG,,,,info@hkg.sun-cargo.com,,,,,,,,,,,,,,,0,,,,,,,,,,,,,,,,,,,,,,,,,,,,,,
MILFRESJO,MILESTONE FRESH COSTA RICA SRL,Company,,CRSJO,MILFRESJO,,Commercial,,All Territories,,,,,,,,,,,,,,,,,,,,MILFRESJO,,,,fe@milestonecostarica.com,,,,,,,,,,,,,,,0,,,,,,,,,,,,,,,,,,,,,,,,,,,,,,
OLIDESVCP,O.LISBOA DESPACHOS INTERNACIONAIS LTDA,Company,,BRVCP,OLIDESVCP,,Commercial,,All Territories,,,,,,,,,,,,,,,,,,,,OLIDESVCP,,,,,,,,,,,,,,,,,,,0,,,,,,,,,,,,,,,,,,,,,,,,,,,,,,
SANLOGVEN,SANTOVA LOGISTICS,Company,,NLVEN,SANLOGVEN,,Commercial,,All Territories,,,,,,,,,,,,,,,,,,,,SANLOGVEN,,,,expair@santova.eu,,,,,,,,,,,,,,,0,,,,,,,,,,,,,,,,,,,,,,,,,,,,,,
APCAIRSTR,APC AIR & SEA GMBH / AIRFREIGHT OFFICE,Company,,DESTR,APCAIRSTR,,Commercial,,All Territories,,,,,,,,,,,,,,,,,,,,APCAIRSTR,,,,airfreight@apcairsea.de,,,,,,,,,,,,,,,0,,,,,,,,,,,,,,,,,,,,,,,,,,,,,,
MUNESEBCN,"MUNDI EST 93, S.L",Company,,ESBCN,MUNESEBCN,,Commercial,,All Territories,,,,,,,,,,,,,,,,,,,,MUNESEBCN,,,,,,,,,,,,,,,,,,,0,,,,,,,,,,,,,,,,,,,,,,,,,,,,,,
GONFREBOD,GONDRAND FRERES,Company,,FRBOD,GONFREBOD,,Commercial,,All Territories,,,,,,,,,,,,,,,,,,,,GONFREBOD,,,,gondrand.bod@wanadoo.fr,,,,,,,,,,,,,,,0,,,,,,,,,,,,,,,,,,,,,,,,,,,,,,
HENHARMEL,HENNING HARDERS (AUSTRALIA) PTY LTD.,Company,,AUMEL,HENHARMEL,,Commercial,,All Territories,,,,,,,,,,,,,,,,,,,,HENHARMEL,,,,,,,,,,,,,,,,,,,0,,,,,,,,,,,,,,,,,,,,,,,,,,,,,,
SANSANRAO,SANCHES & SANCHES TRANSP E LOGISTICS,Company,,BRRAO,SANSANRAO,,Commercial,,All Territories,,,,,,,,,,,,,,,,,,,,SANSANRAO,,,,,,,,,,,,,,,,,,,0,,,,,,,,,,,,,,,,,,,,,,,,,,,,,,
JFECONAASIN,JFE CONSOLIDATORS PTE LTD.(APA MEMBER),Company,,SGSIN,JFECONAASIN,,Commercial,,All Territories,,,,,,,,,,,,,,,,,,,,JFECONAASIN,,,+6565422684,chiatw@jfesin.com,,,,,,,,,,,,,,,0,,,,,,,,,,,,,,,,,,,,,,,,,,,,,,
ICALOGHOU,"ICAT LOGISTICS, INC.",Company,,USHOU,ICALOGHOU,,Commercial,,All Territories,,,,,,,,,,,,,,,,,,,,ICALOGHOU,,,,,,,,,,,,,,,,,,,0,,,,,,,,,,,,,,,,,,,,,,,,,,,,,,
TARLOGNRT,TARGET LOGISTICS SERVICES C/O JTB CARGO,Company,,JPNRT,TARLOGNRT,,Commercial,,All Territories,,,,,,,,,,,,,,,,,,,,TARLOGNRT,,,,,,,,,,,,,,,,,,,0,,,,,,,,,,,,,,,,,,,,,,,,,,,,,,
WINLOGCMB,WINGS LOGISTICS (PVT) LT,Company,,LKCMB,WINLOGCMB,,Commercial,,All Territories,,,,,,,,,,,,,,,,,,,,WINLOGCMB,,,,wings.cmb@wingslogistics.com,,,,,,,,,,,,,,,0,,,,,,,,,,,,,,,,,,,,,,,,,,,,,,
SUCGLOLCH,"SUCCESS GLOBAL LOGISTICS CO., LTD",Company,,THLCH,SUCGLOLCH,,Commercial,,All Territories,,,,,,,,,,,,,,,,,,,,SUCGLOLCH,,,,,,,,,,,,,,,,,,,0,,,,,,,,,,,,,,,,,,,,,,,,,,,,,,
NEPTRASHA,NEPTUNE TRANS HONGKONG LTD.,Company,,CNSHA,NEPTRASHA,,Commercial,,All Territories,,,,,,,,,,,,,,,,,,,,NEPTRASHA,,,,,,,,,,,,,,,,,,,0,,,,,,,,,,,,,,,,,,,,,,,,,,,,,,
SAMHELAFE,SAMEHCO INT'L FORWARDING & EXHIBITION SERVICES,Company,,EGHEL,SAMHELAFE,,Commercial,,All Territories,,,,,,,,,,,,,,,,,,,,SAMHELAFE,,,,info@samehco.com,,,,,,,,,,,,,,,0,,,,,,,,,,,,,,,,,,,,,,,,,,,,,,
MIDAMESAO,MID AMERICA OVERSEAS DO BRASIL LOGISTICA LTDA,Company,,BRSAO,MIDAMESAO,,Commercial,,All Territories,,,,,,,,,,,,,,,,,,,,MIDAMESAO,,,,,,,,,,,,,,,,,,,0,,,,,,,,,,,,,,,,,,,,,,,,,,,,,,
INTFREMIA,INTERWORLD FREIGHT,Company,,USMIA,INTFREMIA,,Commercial,,All Territories,,,,,,,,,,,,,,,,,,,,INTFREMIA,,,,,,,,,,,,,,,,,,,0,,,,,,,,,,,,,,,,,,,,,,,,,,,,,,
UNIDONHAM,UNIPARTS (DO NOT USE),Company,,DEHAM,UNIDONHAM,,Commercial,,All Territories,,,,,,,,,,,,,,,,,,,,UNIDONHAM,,,,,,,,,,,,,,,,,,,0,,,,,,,,,,,,,,,,,,,,,,,,,,,,,,
TRABILBIO2,TRANSUNION BILBAO,Company,,ESBIO,TRABILBIO2,,Commercial,,All Territories,,,,,,,,,,,,,,,,,,,,TRABILBIO2,,,,,,,,,,,,,,,,,,,0,,,,,,,,,,,,,,,,,,,,,,,,,,,,,,
CARKORSEL,CARGOBRIDGE KOREA CO. LTD,Company,,KRSEL,CARKORSEL,,Commercial,,All Territories,,,,,,,,,,,,,,,,,,,,CARKORSEL,,,,cargobridge@korea.com,,,,,,,,,,,,,,,0,,,,,,,,,,,,,,,,,,,,,,,,,,,,,,
SUNINTSSZ,SUNTRAN INTERNATIONAL SANTOS OFFICE,Company,,BRSSZ,SUNINTSSZ,,Commercial,,All Territories,,,,,,,,,,,,,,,,,,,,SUNINTSSZ,,,,,,,,,,,,,,,,,,,0,,,,,,,,,,,,,,,,,,,,,,,,,,,,,,
AGEMARVLC,AGENCIA MARITIMA CONDEMINAS,Company,,ESVLC,AGEMARVLC,,Commercial,,All Territories,,,,,,,,,,,,,,,,,,,,AGEMARVLC,,,,,,,,,,,,,,,,,,,0,,,,,,,,,,,,,,,,,,,,,,,,,,,,,,
AIRLOGSTO,AIR LOGISTICS AB,Company,,SESTO,AIRLOGSTO,,Commercial,,All Territories,,,,,,,,,,,,,,,,,,,,AIRLOGSTO,,,,,,,,,,,,,,,,,,,0,,,,,,,,,,,,,,,,,,,,,,,,,,,,,,
MAIEXPSHA,MAINFREIGHT EXPRESS LINES,Company,,CNSHA,MAIEXPSHA,,Commercial,,All Territories,,,,,,,,,,,,,,,,,,,,MAIEXPSHA,,,,,,,,,,,,,,,,,,,0,,,,,,,,,,,,,,,,,,,,,,,,,,,,,,
TRALTPEAFE,"TRANS-LINK EXHIBITION SERVICES CO., LTD",Company,,TWTPE,TRALTPEAFE,,Commercial,,All Territories,,,,,,,,,,,,,,,,,,,,TRALTPEAFE,,,,nelson@trans-link.com.tw,,,,,,,,,,,,,,,0,,,,,,,,,,,,,,,,,,,,,,,,,,,,,,
ENTGLOROS,ENTER GLOBAL LOGISTICS AB,Company,,SEROS,ENTGLOROS,,Commercial,,All Territories,,,,,,,,,,,,,,,,,,,,ENTGLOROS,,,+46733152957,dhiggins@enterlogistics.com,,,,,,,,,,,,,,,0,,,,,,,,,,,,,,,,,,,,,,,,,,,,,,
SHEBESSZX2,SHENZHEN BEST INTERNATIONAL FREIGHT FORWARDING CO. LTD.,Company,,CNSNZ,SHEBESSZX2,,Commercial,,All Territories,,,,,,,,,,,,,,,,,,,,SHEBESSZX2,,,,,,,,,,,,,,,,,,,0,,,,,,,,,,,,,,,,,,,,,,,,,,,,,,
MAIUSAGSO,MAINFREIGHT USA (FORMERLYTARGET LOGISTICS SRVC),Company,,USGSO,MAIUSAGSO,,Commercial,,All Territories,,,,,,,,,,,,,,,,,,,,MAIUSAGSO,,,,,,,,,,,,,,,,,,,0,,,,,,,,,,,,,,,,,,,,,,,,,,,,,,
SFTGONANR,S.F.T. GONDRAND  FRERES NV,Company,,BEANR,SFTGONANR,,Commercial,,All Territories,,,,,,,,,,,,,,,,,www.gondrand.be,,,SFTGONANR,,,,,,,,,,,,,,,,,,,0,,,,,,,,,,,,,,,,,,,,,,,,,,,,,,
DFDLOJIST,DFD LOJISTIK HIZMETLERI SANAYI,Company,,TRIST,DFDLOJIST,,Commercial,,All Territories,,,,,,,,,,,,,,,,,,,,DFDLOJIST,,,,,,,,,,,,,,,,,,,0,,,,,,,,,,,,,,,,,,,,,,,,,,,,,,
FLYLOGBLR,FLYJAC LOGISTICS PVT. LTD.,Company,,INBLR,FLYLOGBLR,,Commercial,,All Territories,,,,,,,,,,,,,,,,,http://www.flyjaclogistics.com,,,FLYLOGBLR,,,+917829917443,latha.blr@flyjac.com,,,,,,,,,,,,,,,0,,,,,,,,,,,,,,,,,,,,,,,,,,,,,,
CTOGLOKUA,CTO GLOBAL LOGISTICS (M) SDN BHD,Company,,MYKUA,CTOGLOKUA,,Commercial,,All Territories,,,,,,,,,,,,,,,,,,,,CTOGLOKUA,,,,,,,,,,,,,,,,,,,0,,,,,,,,,,,,,,,,,,,,,,,,,,,,,,
KAUOYSTKU,KAUKOHUOLINTA OY/SALES OFC-WESTERN FIN,Company,,FITKU,KAUOYSTKU,,Commercial,,All Territories,,,,,,,,,,,,,,,,,,,,KAUOYSTKU,,,email: see contacts,,,,,,,,,,,,,,,,0,,,,,,,,,,,,,,,,,,,,,,,,,,,,,,
AIRINDAMD,AIRLIFT (INDIA) PRIVATE LIMITED,Company,,INAMD,AIRINDAMD,,Commercial,,All Territories,,,,,,,,,,,,,,,,,,,,AIRINDAMD,,,,,,,,,,,,,,,,,,,0,,,,,,,,,,,,,,,,,,,,,,,,,,,,,,
JFOMAIOSA,JFO-MAIMEX CO. LTD. C/O TATSUMI SHOKAI CO. LTD.,Company,,JPOSA,JFOMAIOSA,,Commercial,,All Territories,,,,,,,,,,,,,,,,,,,,JFOMAIOSA,,,,,,,,,,,,,,,,,,,0,,,,,,,,,,,,,,,,,,,,,,,,,,,,,,
UNIMARMRS,UNITED MARITIME ALLIANCE,Company,,FRMRS,UNIMARMRS,,Commercial,,All Territories,,,,,,,,,,,,,,,,,,,,UNIMARMRS,,,,,,,,,,,,,,,,,,,0,,,,,,,,,,,,,,,,,,,,,,,,,,,,,,
VINTRASHA,VINFLAIR TRANSPORT LIMITED,Company,,CNSHA,VINTRASHA,,Commercial,,All Territories,,,,,,,,,,,,,,,,,,,,VINTRASHA,,,,,,,,,,,,,,,,,,,0,,,,,,,,,,,,,,,,,,,,,,,,,,,,,,
ZURCSAGVA,ZURCHER & CO. SA,Company,,CHGVA,ZURCSAGVA,,Commercial,,All Territories,,,,,,,,,,,,,,,,,,,,ZURCSAGVA,,,,,,,,,,,,,,,,,,,0,,,,,,,,,,,,,,,,,,,,,,,,,,,,,,
SAELOGSEL,"SAEHAN LOGIX CO.,LTD.",Company,,KRSEL,SAELOGSEL,,Commercial,,All Territories,,,,,,,,,,,,,,,,,,,,SAELOGSEL,,,,,,,,,,,,,,,,,,,0,,,,,,,,,,,,,,,,,,,,,,,,,,,,,,
KAMINTAMS,KAMINO INTERNATIONAL TRANSPORT BV,Company,,NLAMS,KAMINTAMS,,Commercial,,All Territories,,,,,,,,,,,,,,,,,,,,KAMINTAMS,,,,amsterdam@kamino.com,,,,,,,,,,,,,,,0,,,,,,,,,,,,,,,,,,,,,,,,,,,,,,
FRESYSMAA,FREIGHT SYSTEMS (INDIA) PVT. LTD.,Company,,INMAA,FRESYSMAA,,Commercial,,All Territories,,,,,,,,,,,,,,,,,,,,FRESYSMAA,,,,vinod.inmaa@freightsystems.com,,,,,,,,,,,,,,,0,,,,,,,,,,,,,,,,,,,,,,,,,,,,,,
COMTRACEI,COMBINED TRANSPORT AGENCIES,Company,,THCEI,COMTRACEI,,Commercial,,All Territories,,,,,,,,,,,,,,,,,,,,COMTRACEI,,,,ctacm@cm.ksc.co.th,,,,,,,,,,,,,,,0,,,,,,,,,,,,,,,,,,,,,,,,,,,,,,
DACFARHKG,DACHSER FAR EAST LTD/HEAD OFFICE,Company,,HKHKG,DACFARHKG,,Commercial,,All Territories,,,,,,,,,,,,,,,,,,,,DACFARHKG,,,,,,,,,,,,,,,,,,,0,,,,,,,,,,,,,,,,,,,,,,,,,,,,,,
STUSHIHOCPT,STURROCK SHIPPING (PTY) LTD. (HEAD OFC),Company,,ZACPT,STUSHIHOCPT,,Commercial,,All Territories,,,,,,,,,,,,,,,,,,,,STUSHIHOCPT,,,,shipping@ct.sturrock.co.za,,,,,,,,,,,,,,,0,,,,,,,,,,,,,,,,,,,,,,,,,,,,,,
AIRCONSIN,AIRLIFT CONTAINER LINE  (S) PTE LTD.,Company,,SGSIN,AIRCONSIN,,Commercial,,All Territories,,,,,,,,,,,,,,,,,,,,AIRCONSIN,,,,,,,,,,,,,,,,,,,0,,,,,,,,,,,,,,,,,,,,,,,,,,,,,,
TRAEXPKWN,"TRANSWORLD EXPRESS CO., LTD.",Company,,HKKWN,TRAEXPKWN,,Commercial,,All Territories,,,,,,,,,,,,,,,,,,,,TRAEXPKWN,,,,,,,,,,,,,,,,,,,0,,,,,,,,,,,,,,,,,,,,,,,,,,,,,,
ASTPACSIN,ASTRO PACIFIC PTE LTD,Company,,SGSIN,ASTPACSIN,,Commercial,,All Territories,,,,,,,,,,,,,,,,,,,,ASTPACSIN,,,,,,,,,,,,,,,,,,,0,,,,,,,,,,,,,,,,,,,,,,,,,,,,,,
TRACOROSA,TRADIA CORP. KOBE,Company,,JPOSA,TRACOROSA,,Commercial,,All Territories,,,,,,,,,,,,,,,,,,,,TRACOROSA,,,,,,,,,,,,,,,,,,,0,,,,,,,,,,,,,,,,,,,,,,,,,,,,,,
ALLCARKWN,ALLTRANS CARGO (HK) LIMITED,Company,,HKKWN,ALLCARKWN,,Commercial,,All Territories,,,,,,,,,,,,,,,,,,,,ALLCARKWN,,,,airfrt@alltrans.com.hk,,,,,,,,,,,,,,,0,,,,,,,,,,,,,,,,,,,,,,,,,,,,,,
MIDAMETPE,"MID-AMERICA OVERSEAS, LTD",Company,,TWTPE,MIDAMETPE,,Commercial,,All Territories,,,,,,,,,,,,,,,,,,,,MIDAMETPE,,,,,,,,,,,,,,,,,,,0,,,,,,,,,,,,,,,,,,,,,,,,,,,,,,
SULGENDVO,SULUANS GENERAL MDSE,Company,,PHDVO,SULGENDVO,,Commercial,,All Territories,,,,,,,,,,,,,,,,,,,,SULGENDVO,,,,,,,,,,,,,,,,,,,0,,,,,,,,,,,,,,,,,,,,,,,,,,,,,,
SBABULSOF,SBA BULGARIA LTD,Company,,BGSOF,SBABULSOF,,Commercial,,All Territories,,,,,,,,,,,,,,,,,,,,SBABULSOF,,,,,,,,,,,,,,,,,,,0,,,,,,,,,,,,,,,,,,,,,,,,,,,,,,
OVEFORBEY,OVERSEAS FORWARDING SAL,Company,,LBBEY,OVEFORBEY,,Commercial,,All Territories,,,,,,,,,,,,,,,,,,,,OVEFORBEY,,,,,,,,,,,,,,,,,,,0,,,,,,,,,,,,,,,,,,,,,,,,,,,,,,
SAIEXPHPH,SAIGON EXPRESS AGENCY LTD.,Company,,VNHPH,SAIEXPHPH,,Commercial,,All Territories,,,,,,,,,,,,,,,,,,,,SAIEXPHPH,,,,dvl@fmail.vnn.vn,,,,,,,,,,,,,,,0,,,,,,,,,,,,,,,,,,,,,,,,,,,,,,
OPEFORRTM,OPERASIA FORWARDING LTD.,Company,,NLRTM,OPEFORRTM,,Commercial,,All Territories,,,,,,,,,,,,,,,,,,,,OPEFORRTM,,,,,,,,,,,,,,,,,,,0,,,,,,,,,,,,,,,,,,,,,,,,,,,,,,
G10LOGBLR,G10 LOGISTICS PRIVATE LIMITED,Company,,INBLR,G10LOGBLR,,Commercial,,All Territories,,,,,,,,,,,,,,,,,,,,G10LOGBLR,,,+919449005608,,,,,,,,,,,,,,,,0,,,,,,,,,,,,,,,,,,,,,,,,,,,,,,
ITSSABCN,ITS S.A,Company,,ESBCN,ITSSABCN,,Commercial,,All Territories,,,,,,,,,,,,,,,,,www.itssa.es,,,ITSSABCN,,,+34626982086,,,,,,,,,,,,,,,,0,,,,,,,,,,,,,,,,,,,,,,,,,,,,,,
TRITRABKK,"TRIPLE TRANS INTERNATIONAL CO., LTD",Company,,THBKK,TRITRABKK,,Commercial,,All Territories,,,,,,,,,,,,,,,,,,,,TRITRABKK,,,,,,,,,,,,,,,,,,,0,,,,,,,,,,,,,,,,,,,,,,,,,,,,,,
SAVDELGOA,SAVINO DEL BENE S.P.A. - MILAN,Company,,ITGOA,SAVDELGOA,,Commercial,,All Territories,,,,,,,,,,,,,,,,,,,,SAVDELGOA,,,,,,,,,,,,,,,,,,,0,,,,,,,,,,,,,,,,,,,,,,,,,,,,,,
WINLOGSHA,WINTOP LOGISTICS CO. LTD,Company,,CNSHA,WINLOGSHA,,Commercial,,All Territories,,,,,,,,,,,,,,,,,,,,WINLOGSHA,,,,,,,,,,,,,,,,,,,0,,,,,,,,,,,,,,,,,,,,,,,,,,,,,,
DACASLLIL,DACHSER ASL LILLE/LESQUIN,Company,,FRLLE,DACASLLIL,,Commercial,,All Territories,,,,,,,,,,,,,,,,,,,,DACASLLIL,,,,,,,,,,,,,,,,,,,0,,,,,,,,,,,,,,,,,,,,,,,,,,,,,,
PTWPMBJKT,PT. WPM  BARYU PRATAMA LOGISTICS,Company,,IDJKT,PTWPMBJKT,,Commercial,,All Territories,,,,,,,,,,,,,,,,,,,,PTWPMBJKT,,,,wpm@wpmmgglobal.com.my,,,,,,,,,,,,,,,0,,,,,,,,,,,,,,,,,,,,,,,,,,,,,,
CLASQUZDB,CLASQUIN FRANCE,Company,,FRZDB,CLASQUZDB,,Commercial,,All Territories,,,,,,,,,,,,,,,,,,,,CLASQUZDB,,,,,,,,,,,,,,,,,,,0,,,,,,,,,,,,,,,,,,,,,,,,,,,,,,
NIUPHAHAN,"NIU PHAO MINING CO., LTD (SUBSIDIARY OF MASAN RESO",Company,,VNHAN,NIUPHAHAN,,Commercial,,All Territories,,,,,,,,,,,,,,,,,,,,NIUPHAHAN,,,,,,,,,,,,,,,,,,,0,,,,,,,,,,,,,,,,,,,,,,,,,,,,,,
CITCAKJKT,CITTADINANZA CAKRA SEMESTA PT.,Company,,IDJKT,CITCAKJKT,,Commercial,,All Territories,,,,,,,,,,,,,,,,,,,,CITCAKJKT,,,,,,,,,,,,,,,,,,,0,,,,,,,,,,,,,,,,,,,,,,,,,,,,,,
STELOJIST,STEINWEG LOJISTIK DEPOLAMA HIZM.TIC.LTD.STI.,Company,,TRIST,STELOJIST,,Commercial,,All Territories,,,,,,,,,,,,,,,,,,,,STELOJIST,,,,,,,,,,,,,,,,,,,0,,,,,,,,,,,,,,,,,,,,,,,,,,,,,,
TARLOGSGN,TARGET LOGISTICS SERVICES,Company,,VNSGN,TARLOGSGN,,Commercial,,All Territories,,,,,,,,,,,,,,,,,,,,TARLOGSGN,,,,sgn.sales@targetlogistics.com,,,,,,,,,,,,,,,0,,,,,,,,,,,,,,,,,,,,,,,,,,,,,,
EESFREBKK,EES FREIGHT SERVICES/SEE IMPORTNT NOTES,Company,,THBKK,EESFREBKK,,Commercial,,All Territories,,,,,,,,,,,,,,,,,,,,EESFREBKK,,,,eesthai@loxinfo.co.th,,,,,,,,,,,,,,,0,,,,,,,,,,,,,,,,,,,,,,,,,,,,,,
KUENAGMSP,KUEHNE + NAGEL ISRAEL,Company,,ILMSP,KUENAGMSP,,Commercial,,All Territories,,,,,,,,,,,,,,,,,,,,KUENAGMSP,,,,,,,,,,,,,,,,,,,0,,,,,,,,,,,,,,,,,,,,,,,,,,,,,,
APCLOGLYS,APC LOGISTICS AS,Company,,NOLYS,APCLOGLYS,,Commercial,,All Territories,,,,,,,,,,,,,,,,,,,,APCLOGLYS,,,+4792289982,Pernille.paulsen@apclogistics.no,,,,,,,,,,,,,,,0,,,,,,,,,,,,,,,,,,,,,,,,,,,,,,
DEBTRALYN,DEBEAUX TRANSIT S.A.S.,Company,,FRLYN,DEBTRALYN,,Commercial,,All Territories,,,,,,,,,,,,,,,,,,,,DEBTRALYN,,,,,,,,,,,,,,,,,,,0,,,,,,,,,,,,,,,,,,,,,,,,,,,,,,
BEXHKGAFE,BEX LOGISTICS COMPANY LIMITED,Company,,HKHKG,BEXHKGAFE,,Commercial,,All Territories,,,,,,,,,,,,,,,,,,,,BEXHKGAFE,,,,eric@bexlog.com.hk,,,,,,,,,,,,,,,0,,,,,,,,,,,,,,,,,,,,,,,,,,,,,,
SEVOCETXG,SEVEN OCEAN MARITIME TRANSPORT CO. LTD.,Company,,TWTXG,SEVOCETXG,,Commercial,,All Territories,,,,,,,,,,,,,,,,,,,,SEVOCETXG,,,,,,,,,,,,,,,,,,,0,,,,,,,,,,,,,,,,,,,,,,,,,,,,,,
RAYCARJKT,PT. RAY CARGO,Company,,IDJKT,RAYCARJKT,,Commercial,,All Territories,,,,,,,,,,,,,,,,,,,,RAYCARJKT,,,,,,,,,,,,,,,,,,,0,,,,,,,,,,,,,,,,,,,,,,,,,,,,,,
WORLINHKG,WORLD-LINKS CONTAINERS SERVICE CO. LTD.,Company,,HKHKG,WORLINHKG,,Commercial,,All Territories,,,,,,,,,,,,,,,,,,,,WORLINHKG,,,,cus@world-links.com.cn,,,,,,,,,,,,,,,0,,,,,,,,,,,,,,,,,,,,,,,,,,,,,,
HOEAUTNYC,"HOEGH AUTOLINES, INC.",Company,,USNYC,HOEAUTNYC,,Commercial,,All Territories,,,,,,,,,,,,,,,,,,,,HOEAUTNYC,,,,,,,,,,,,,,,,,,,0,,,,,,,,,,,,,,,,,,,,,,,,,,,,,,
NORAIRMLV,NORDCARRIER AIR & SEA A/S,Company,,DKMLV,NORAIRMLV,,Commercial,,All Territories,,,,,,,,,,,,,,,,,,,,NORAIRMLV,,,,,,,,,,,,,,,,,,,0,,,,,,,,,,,,,,,,,,,,,,,,,,,,,,
TRANSISGN,TRANSIMEX,Company,,VNSGN,TRANSISGN,,Commercial,,All Territories,,,,,,,,,,,,,,,,,,,,TRANSISGN,,,,,,,,,,,,,,,,,,,0,,,,,,,,,,,,,,,,,,,,,,,,,,,,,,
GONFREFOS,GONDRAND FRERES,Company,,FRFOS,GONFREFOS,,Commercial,,All Territories,,,,,,,,,,,,,,,,,,,,GONFREFOS,,,,gonrandfos@compuserve.com,,,,,,,,,,,,,,,0,,,,,,,,,,,,,,,,,,,,,,,,,,,,,,
WTCLOGKWN,WTC LOGISTICS LIMITED,Company,,HKKWN,WTCLOGKWN,,Commercial,,All Territories,,,,,,,,,,,,,,,,,,,,WTCLOGKWN,,,,,,,,,,,,,,,,,,,0,,,,,,,,,,,,,,,,,,,,,,,,,,,,,,
UNIEXPFOC,UNITED EXPRESS HOLDING CO. LTD.,Company,,CNFOC,UNIEXPFOC,,Commercial,,All Territories,,,,,,,,,,,,,,,,,,,,UNIEXPFOC,,,,,,,,,,,,,,,,,,,0,,,,,,,,,,,,,,,,,,,,,,,,,,,,,,
KTLULUMER,KTL ULUSLARARASI TASIMACILIK VE TICARET,Company,,TRMER,KTLULUMER,,Commercial,,All Territories,,,,,,,,,,,,,,,,,,,,KTLULUMER,,,,cigdem.tomrukcu@kinaygroup.com,,,,,,,,,,,,,,,0,,,,,,,,,,,,,,,,,,,,,,,,,,,,,,
KIBKUTRUH,KIB KUTBI FOR INT'L BUSINESS,Company,,SARUH,KIBKUTRUH,,Commercial,,All Territories,,,,,,,,,,,,,,,,,,,,KIBKUTRUH,,,,operation@kib-riyadh.com.sa,,,,,,,,,,,,,,,0,,,,,,,,,,,,,,,,,,,,,,,,,,,,,,
GTEXHIDXB,GT EXHIBITION ME,Company,,AEDXB,GTEXHIDXB,,Commercial,,All Territories,,,,,,,,,,,,,,,,,,,,GTEXHIDXB,,,+97143213235,tybanogowray@gtexhibitions.com,,,,,,,,,,,,,,,0,,,,,,,,,,,,,,,,,,,,,,,,,,,,,,
HONLANNGB,HONOUR LANE SHIPPING - NINGBO BRANCH,Company,,CNNGB,HONLANNGB,,Commercial,,All Territories,,,,,,,,,,,,,,,,,,,,HONLANNGB,,,,,,,,,,,,,,,,,,,0,,,,,,,,,,,,,,,,,,,,,,,,,,,,,,
FAIFREPIR,FAIR FREIGHT INT'L S.A,Company,,GRPIR,FAIFREPIR,,Commercial,,All Territories,,,,,,,,,,,,,,,,,,,,FAIFREPIR,,,,,,,,,,,,,,,,,,,0,,,,,,,,,,,,,,,,,,,,,,,,,,,,,,
ORICARDAC,ORIENT CARGO LINE,Company,,BDDAC,ORICARDAC,,Commercial,,All Territories,,,,,,,,,,,,,,,,,,,,ORICARDAC,,,,,,,,,,,,,,,,,,,0,,,,,,,,,,,,,,,,,,,,,,,,,,,,,,
SEABOWANR,SEABOW N.V.,Company,,BEANR,SEABOWANR,,Commercial,,All Territories,,,,,,,,,,,,,,,,,,,,SEABOWANR,,,+32475583632,william@seabow.be,,,,,,,,,,,,,,,0,,,,,,,,,,,,,,,,,,,,,,,,,,,,,,
COMFREKHI,COMBINED FREIGHT PVT LTD.,Company,,PKKHI,COMFREKHI,,Commercial,,All Territories,,,,,,,,,,,,,,,,,,,,COMFREKHI,,,,,,,,,,,,,,,,,,,0,,,,,,,,,,,,,,,,,,,,,,,,,,,,,,
INFNRTAFE,INFINITY COMMUNICATIONS,Company,,JPTYO,INFNRTAFE,,Commercial,,All Territories,,,,,,,,,,,,,,,,,,,,INFNRTAFE,,,,,,,,,,,,,,,,,,,0,,,,,,,,,,,,,,,,,,,,,,,,,,,,,,
GFREIGVNG,G-FREIGHT UNIPESSOAL LDA,Company,,PTVNG,GFREIGVNG,,Commercial,,All Territories,,,,,,,,,,,,,,,,,,,,GFREIGVNG,,,,,,,,,,,,,,,,,,,0,,,,,,,,,,,,,,,,,,,,,,,,,,,,,,
GREFREWLG,GREEN FREIGHT (WN) LTD,Company,,NZWLG,GREFREWLG,,Commercial,,All Territories,,,,,,,,,,,,,,,,,,,,GREFREWLG,,,,(APC agent) all correspondence via Auckland,,,,,,,,,,,,,,,0,,,,,,,,,,,,,,,,,,,,,,,,,,,,,,
MOVNOTBKK,MOVEM(DO NOT USE),Company,,THBKK,MOVNOTBKK,,Commercial,,All Territories,,,,,,,,,,,,,,,,,,,,MOVNOTBKK,,,,,,,,,,,,,,,,,,,0,,,,,,,,,,,,,,,,,,,,,,,,,,,,,,
FREINTMAA,FREIGHTLINKS INT'L (INDIA) PVT,Company,,INMAA,FREINTMAA,,Commercial,,All Territories,,,,,,,,,,,,,,,,,www.freightlinksindia.com,,,FREINTMAA,,,,infomaa@freightlinksindia.com,,,,,,,,,,,,,,,0,,,,,,,,,,,,,,,,,,,,,,,,,,,,,,
SUNLOGBUE,SUNSHINE LOGISTICS ARGENTINA SRL,Company,,ARBUE,SUNLOGBUE,,Commercial,,All Territories,,,,,,,,,,,,,,,,,www.sunshineargentina.com.ar,,,SUNLOGBUE,,,,,,,,,,,,,,,,,,,0,,,,,,,,,,,,,,,,,,,,,,,,,,,,,,
CHENEOICN,"CHEONWOO NEOLOGIS CO., LTD.",Company,,KRICN,CHENEOICN,,Commercial,,All Territories,,,,,,,,,,,,,,,,,,,,CHENEOICN,,,,,,,,,,,,,,,,,,,0,,,,,,,,,,,,,,,,,,,,,,,,,,,,,,
HONLANHKG,HONOUR LANE SHIPPING LIMITED (HEAD OFFICE),Company,,HKHKG,HONLANHKG,,Commercial,,All Territories,,,,,,,,,,,,,,,,,,,,HONLANHKG,,,,hongkong@hlsholding.com,,,,,,,,,,,,,,,0,,,,,,,,,,,,,,,,,,,,,,,,,,,,,,
ALBASABUE,ALBATRANS S.A.,Company,,ARBUE,ALBASABUE,,Commercial,,All Territories,,,,,,,,,,,,,,,,,,,,ALBASABUE,,,,,,,,,,,,,,,,,,,0,,,,,,,,,,,,,,,,,,,,,,,,,,,,,,
SCHCIEZRH,SCHNEIDER + CIE AG,Company,,CHZRH,SCHCIEZRH,,Commercial,,All Territories,,,,,,,,,,,,,,,,,,,,SCHCIEZRH,,,,mhumbel@schneider-transport.com,,,,,,,,,,,,,,,0,,,,,,,,,,,,,,,,,,,,,,,,,,,,,,
MITSOKNRT,"MITSUI-SOKO EXPRESS CO., LTD",Company,,JPTYO,MITSOKNRT,,Commercial,,All Territories,,,,,,,,,,,,,,,,,,,,MITSOKNRT,,,,,,,,,,,,,,,,,,,0,,,,,,,,,,,,,,,,,,,,,,,,,,,,,,
INTSHISHKG,INTERGROUP SHIP & AIR SERVICES LTD.,Company,,HKHKG,INTSHISHKG,,Commercial,,All Territories,,,,,,,,,,,,,,,,,,,,INTSHISHKG,,,,home@hkg.intergroup.biz,,,,,,,,,,,,,,,0,,,,,,,,,,,,,,,,,,,,,,,,,,,,,,
CLSYNECMB,CL SYNERGY PVT. LTD,Company,,LKCMB,CLSYNECMB,,Commercial,,All Territories,,,,,,,,,,,,,,,,,,,,CLSYNECMB,,,,info@clsynergy.com,,,,,,,,,,,,,,,0,,,,,,,,,,,,,,,,,,,,,,,,,,,,,,
KPMAGEITJ,KPM AGENCIAMENTO DE CARGAS LTDA,Company,,BRITJ,KPMAGEITJ,,Commercial,,All Territories,,,,,,,,,,,,,,,,,,,,KPMAGEITJ,,,,,,,,,,,,,,,,,,,0,,,,,,,,,,,,,,,,,,,,,,,,,,,,,,
EVEINTXMN,EVERGROW INTERNATIONAL LOGISTICS (XIAMEN) CO.LTD,Company,,CNXMN,EVEINTXMN,,Commercial,,All Territories,,,,,,,,,,,,,,,,,www.evergrowtrans.com,,,EVEINTXMN,,,,overseas7@evergrowtrans.com,,,,,,,,,,,,,,,0,,,,,,,,,,,,,,,,,,,,,,,,,,,,,,
CARSINAFE,CARL ZEISS PTE. LTD.,Company,,SGSIN,CARSINAFE,,Commercial,,All Territories,,,,,,,,,,,,,,,,,,,,CARSINAFE,,,+6569229357,jane.menaka@zeiss.com,,,,,,,,,,,,,,,0,,,,,,,,,,,,,,,,,,,,,,,,,,,,,,
SBSWORCHI,SBS WORLDWIDE INC.,Company,,USCHI,SBSWORCHI,,Commercial,,All Territories,,,,,,,,,,,,,,,,,,,,SBSWORCHI,,,,chicago@sbsworldwide.com,,,,,,,,,,,,,,,0,,,,,,,,,,,,,,,,,,,,,,,,,,,,,,
TRAAIRSZX,TRANSIT AIR CARGO SHENZHEN,Company,,CNSZX,TRAAIRSZX,,Commercial,,All Territories,,,,,,,,,,,,,,,,,,,,TRAAIRSZX,,,,fairs@transitair.com.cn,,,,,,,,,,,,,,,0,,,,,,,,,,,,,,,,,,,,,,,,,,,,,,
KHAINDICD,KHAZANA INDIA,Company,,INICD,KHAINDICD,,Commercial,,All Territories,,,,,,,,,,,,,,,,,,,,KHAINDICD,,,,,,,,,,,,,,,,,,,0,,,,,,,,,,,,,,,,,,,,,,,,,,,,,,
FSLJED,FSL SAUDI ARABIA LTD,Company,,SAJED,FSLJED,,Commercial,,All Territories,,,,,,,,,,,,,,,,,,,,FSLJED,,,,,,,,,,,,,,,,,,,0,,,,,,,,,,,,,,,,,,,,,,,,,,,,,,
ALLTRASEL,ALLIED TRANS-LINK EXPRESS SDN BHD,Company,,MYSEL,ALLTRASEL,,Commercial,,All Territories,,,,,,,,,,,,,,,,,www.translinkgroup.com,,,ALLTRASEL,,,,ale@alliedlink.com.my,,,,,,,,,,,,,,,0,,,,,,,,,,,,,,,,,,,,,,,,,,,,,,
SHASURSHA,SHANGHAI SURE WIN INDUSTRIES CO. LTD,Company,,CNSHA,SHASURSHA,,Commercial,,All Territories,,,,,,,,,,,,,,,,,,,,SHASURSHA,,,,,,,,,,,,,,,,,,,0,,,,,,,,,,,,,,,,,,,,,,,,,,,,,,
APCREACKG,APC-REALCO,Company,,CNCKG,APCREACKG,,Commercial,,All Territories,,,,,,,,,,,,,,,,,,,,APCREACKG,,,,,,,,,,,,,,,,,,,0,,,,,,,,,,,,,,,,,,,,,,,,,,,,,,
SHAWSASHA,SHANGHAI WSAUNDERS INTERNATIONAL LOGISTICS CO. LTD,Company,,CNSHA,SHAWSASHA,,Commercial,,All Territories,,,,,,,,,,,,,,,,,,,,SHAWSASHA,,,,,,,,,,,,,,,,,,,0,,,,,,,,,,,,,,,,,,,,,,,,,,,,,,
PACTRALAX,PACIFIC TRANSIT SERVICES LOS ANGELES,Company,,USLAX,PACTRALAX,,Commercial,,All Territories,,,,,,,,,,,,,,,,,,,,PACTRALAX,,,,lax@ptsfts.com,,,,,,,,,,,,,,,0,,,,,,,,,,,,,,,,,,,,,,,,,,,,,,
LEMERIDXB,LE MERIDIEN MINA SEYAHI BEACH & WATER PARK,Company,,AEDXB,LEMERIDXB,,Commercial,,All Territories,,,,,,,,,,,,,,,,,,,,LEMERIDXB,,,,DXBMSCredit@marriott.com,,,,,,,,,,,,,,,0,,,,,,,,,,,,,,,,,,,,,,,,,,,,,,
VIAMATSAO,VIA MAT AIR & SEA (SAO PAULO),Company,,BRSAO,VIAMATSAO,,Commercial,,All Territories,,,,,,,,,,,,,,,,,,,,VIAMATSAO,,,,,,,,,,,,,,,,,,,0,,,,,,,,,,,,,,,,,,,,,,,,,,,,,,
DHXDEPMNL,"DHX DEPENDABLE HAWAII EXPRESS,INC.",Company,,PHMNL,DHXDEPMNL,,Commercial,,All Territories,,,,,,,,,,,,,,,,,,,,DHXDEPMNL,,,,lmahelona@dhx.com,,,,,,,,,,,,,,,0,,,,,,,,,,,,,,,,,,,,,,,,,,,,,,
ONTIMEHKG,ON TIME  EXPRESS LTD,Company,,HKHKG,ONTIMEHKG,,Commercial,,All Territories,,,,,,,,,,,,,,,,,,,,ONTIMEHKG,,,,,,,,,,,,,,,,,,,0,,,,,,,,,,,,,,,,,,,,,,,,,,,,,,
WENKINNGB,WENZHOU KINGSTONE ROBOT AND TECHNOLOGY CO LTD,Company,,CNNBO,WENKINNGB,,Commercial,,All Territories,,,,,,,,,,,,,,,,,,,,WENKINNGB,,,,,,,,,,,,,,,,,,,0,,,,,,,,,,,,,,,,,,,,,,,,,,,,,,
CENWORLAX,CENTRA WORLDWIDE INC.,Company,,USLAX,CENWORLAX,,Commercial,,All Territories,,,,,,,,,,,,,,,,,,,,CENWORLAX,,,,,,,,,,,,,,,,,,,0,,,,,,,,,,,,,,,,,,,,,,,,,,,,,,
CUSCHAAMS,CUSTOMS CHAIN LOGISTICS,Company,,NLAMS,CUSCHAAMS,,Commercial,,All Territories,,,,,,,,,,,,,,,,,www.customschainlogistics.com,,,CUSCHAAMS,,,,,,,,,,,,,,,,,,,0,,,,,,,,,,,,,,,,,,,,,,,,,,,,,,
TRAAIRBJS,TRANSIT AIR CARGO BEIJING,Company,,CNBJS,TRAAIRBJS,,Commercial,,All Territories,,,,,,,,,,,,,,,,,,,,TRAAIRBJS,,,,fairs@transitair.com.cn,,,,,,,,,,,,,,,0,,,,,,,,,,,,,,,,,,,,,,,,,,,,,,
UNISHIBKK,"UNI SHINE CO., LTD.",Company,,THBKK,UNISHIBKK,,Commercial,,All Territories,,,,,,,,,,,,,,,,,,,,UNISHIBKK,,,,,,,,,,,,,,,,,,,0,,,,,,,,,,,,,,,,,,,,,,,,,,,,,,
FRESYSSHJ,FREIGHT SYSTEMS CO. LTD.,Company,,AESHJ,FRESYSSHJ,,Commercial,,All Territories,,,,,,,,,,,,,,,,,,,,FRESYSSHJ,,,,,,,,,,,,,,,,,,,0,,,,,,,,,,,,,,,,,,,,,,,,,,,,,,
RELFREDXB,RELIANCE FREIGHT SYSTEM L.L.C,Company,,AEDXB,RELFREDXB,,Commercial,,All Territories,,,,,,,,,,,,,,,,,,,,RELFREDXB,,,,savio@relianceuae.ae,,,,,,,,,,,,,,,0,,,,,,,,,,,,,,,,,,,,,,,,,,,,,,
CDLOGISHA,"C & D LOGISTICS GROUP CO., LTD.",Company,,CNSHA,CDLOGISHA,,Commercial,,All Territories,,,,,,,,,,,,,,,,,,,,CDLOGISHA,,,,,,,,,,,,,,,,,,,0,,,,,,,,,,,,,,,,,,,,,,,,,,,,,,
LOGPASZLE,LOGISTICS PASSION FOR EXCELLENCE,Company,,USZLE,LOGPASZLE,,Commercial,,All Territories,,,,,,,,,,,,,,,,,,,,LOGPASZLE,,,,,,,,,,,,,,,,,,,0,,,,,,,,,,,,,,,,,,,,,,,,,,,,,,
NATUNGJKT,PT NATURA UNGGUL JAYA,Company,,IDJKT,NATUNGJKT,,Commercial,,All Territories,,,,,,,,,,,,,,,,,,,,NATUNGJKT,,,,,,,,,,,,,,,,,,,0,,,,,,,,,,,,,,,,,,,,,,,,,,,,,,
GENTRAZRH,GENERAL TRANSPORT LTD.,Company,,CHZRH,GENTRAZRH,,Commercial,,All Territories,,,,,,,,,,,,,,,,,,,,GENTRAZRH,,,,gtair@active.ch,,,,,,,,,,,,,,,0,,,,,,,,,,,,,,,,,,,,,,,,,,,,,,
ALLTRAHAM,ALLBRIDGE TRANSPORT GMBH INT'L SPEDITION,Company,,DEHAM,ALLTRAHAM,,Commercial,,All Territories,,,,,,,,,,,,,,,,,,,,ALLTRAHAM,,,,info@allbridge.de,,,,,,,,,,,,,,,0,,,,,,,,,,,,,,,,,,,,,,,,,,,,,,
CLASQUSIN,CLASQUIN SINGAPORE PTE LTD,Company,,SGSIN,CLASQUSIN,,Commercial,,All Territories,,,,,,,,,,,,,,,,,,,,CLASQUSIN,,,+6598228168,,,,,,,,,,,,,,,,0,,,,,,,,,,,,,,,,,,,,,,,,,,,,,,
ORMUFFVCE,ORMESANI UFFICIO SPEDIZIONI,Company,,ITVCE,ORMUFFVCE,,Commercial,,All Territories,,,,,,,,,,,,,,,,,,,,ORMUFFVCE,,,,,,,,,,,,,,,,,,,0,,,,,,,,,,,,,,,,,,,,,,,,,,,,,,
KARGROFRA1,KARL GROSS INTERNATIONALE SPEDITION GMBH,Company,,DEFRA,KARGROFRA1,,Commercial,,All Territories,,,,,,,,,,,,,,,,,www.karlgross.de,,,KARGROFRA1,,,+4915164918112,z.liu@karlgross.de,,,,,,,,,,,,,,,0,,,,,,,,,,,,,,,,,,,,,,,,,,,,,,
TRAGRUALC,TRANSPORTES GRUPO CALICHE S.L.U.,Company,,ESALC,TRAGRUALC,,Commercial,,All Territories,,,,,,,,,,,,,,,,,,,,TRAGRUALC,,,,,,,,,,,,,,,,,,,0,,,,,,,,,,,,,,,,,,,,,,,,,,,,,,
SKYJNBAFE,SKY AIRFREIGHT (PTY) LTD,Company,,ZAJNB,SKYJNBAFE,,Commercial,,All Territories,,,,,,,,,,,,,,,,,,,,SKYJNBAFE,,,+27113901005,info@skyairfreight.co.za,,,,,,,,,,,,,,,0,,,,,,,,,,,,,,,,,,,,,,,,,,,,,,
NETCARCMB,NETWORK CARGO SERVICES (CEYLON) PVT. LTD,Company,,LKCMB,NETCARCMB,,Commercial,,All Territories,,,,,,,,,,,,,,,,,,,,NETCARCMB,,,,network1@sri.lanka.net,,,,,,,,,,,,,,,0,,,,,,,,,,,,,,,,,,,,,,,,,,,,,,
SHATOPSHA,SHANGHAI TOP SPEED SHIPPING CO. LTD.,Company,,CNSHA,SHATOPSHA,,Commercial,,All Territories,,,,,,,,,,,,,,,,,,,,SHATOPSHA,,,,,,,,,,,,,,,,,,,0,,,,,,,,,,,,,,,,,,,,,,,,,,,,,,
FALLOGAMS,FALCON LOGISTICS B.V.,Company,,NLAMS,FALLOGAMS,,Commercial,,All Territories,,,,,,,,,,,,,,,,,,,,FALLOGAMS,,,,,,,,,,,,,,,,,,,0,,,,,,,,,,,,,,,,,,,,,,,,,,,,,,
GXLOGISEL,GX LOGIS CO. LTD.,Company,,KRSEL,GXLOGISEL,,Commercial,,All Territories,,,,,,,,,,,,,,,,,,,,GXLOGISEL,,,,,,,,,,,,,,,,,,,0,,,,,,,,,,,,,,,,,,,,,,,,,,,,,,
INTCARAKL,INTERNATIONAL CARGO EXPRESS(AUCKLAND) LTD,Company,,NZAKL,INTCARAKL,,Commercial,,All Territories,,,,,,,,,,,,,,,,,,,,INTCARAKL,,,,,,,,,,,,,,,,,,,0,,,,,,,,,,,,,,,,,,,,,,,,,,,,,,
PANWRPAFE,PANEXPO GESELLSCHAFT FÜR TRANSPORT- UND MESSELOGIS,Company,,DEWRP,PANWRPAFE,,Commercial,,All Territories,,,,,,,,,,,,,,,,,www.panexpo.de,,,PANWRPAFE,,,+4916090755507,m.horre@panexpo.de,,,,,,,,,,,,,,,0,,,,,,,,,,,,,,,,,,,,,,,,,,,,,,
SPACARTLV,SPARTA CARGO LTD,Company,,ILTLV,SPACARTLV,,Commercial,,All Territories,,,,,,,,,,,,,,,,,,,,SPACARTLV,,,,shira@spartacargo.com,,,,,,,,,,,,,,,0,,,,,,,,,,,,,,,,,,,,,,,,,,,,,,
TOLSOBTHR,"TOLOOE SOBHE NILGOON CO., LTD",Company,,IRTHR,TOLSOBTHR,,Commercial,,All Territories,,,,,,,,,,,,,,,,,http://www.tsnihb-co.net,,,TOLSOBTHR,,,,jaleh.alizadeh@tsnihb-co.net,,,,,,,,,,,,,,,0,,,,,,,,,,,,,,,,,,,,,,,,,,,,,,
BARFOGROM,BARBARINI & FOGLIA SRL/HEAD OFFICE,Company,,ITROM,BARFOGROM,,Commercial,,All Territories,,,,,,,,,,,,,,,,,www.befgroup.com,,,BARFOGROM,,,,info@barbariniefoglia.com,,,,,,,,,,,,,,,0,,,,,,,,,,,,,,,,,,,,,,,,,,,,,,
THAAAFE,THAI AIRWAYS INTERNATIONAL PUBLIC COMPANY LTD,Company,,THBKK,THAAAFE,,Commercial,,All Territories,,,,,,,,,,,,,,,,,,,,THAAAFE,,,,,,,,,,,,,,,,,,,0,,,,,,,,,,,,,,,,,,,,,,,,,,,,,,
BARGLOCVT,BARSAN GLOBAL LOGISTICS LTD,Company,,GBCVT,BARGLOCVT,,Commercial,,All Territories,,,,,,,,,,,,,,,,,,,,BARGLOCVT,,,,,,,,,,,,,,,,,,,0,,,,,,,,,,,,,,,,,,,,,,,,,,,,,,
GRESCAGOT,GREENCARRIER SCANDINAVIA AB,Company,,SEGOT,GRESCAGOT,,Commercial,,All Territories,,,,,,,,,,,,,,,,,,,,GRESCAGOT,,,,,,,,,,,,,,,,,,,0,,,,,,,,,,,,,,,,,,,,,,,,,,,,,,
GLOLASAFE,"GLOBAL EXPERIENCE SPECIALISTS, INC. (GES)",Company,,USLAS,GLOLASAFE,,Commercial,,All Territories,,,,,,,,,,,,,,,,,,,,GLOLASAFE,,,,AnAguilar@gess.com,,,,,,,,,,,,,,,0,,,,,,,,,,,,,,,,,,,,,,,,,,,,,,
ALLTRADAC,ALL-TRANS CARGO SERVICES LTD,Company,,BDDAC,ALLTRADAC,,Commercial,,All Territories,,,,,,,,,,,,,,,,,,,,ALLTRADAC,,,,info@alltranscargo.com,,,,,,,,,,,,,,,0,,,,,,,,,,,,,,,,,,,,,,,,,,,,,,
AQUDRASHA,AQUA-DRAGON INTERNATIONAL LOGISTICS LIMITED,Company,,CNSHA,AQUDRASHA,,Commercial,,All Territories,,,,,,,,,,,,,,,,,,,,AQUDRASHA,,,,,,,,,,,,,,,,,,,0,,,,,,,,,,,,,,,,,,,,,,,,,,,,,,
EURSRLLIV,EUROMAR SRL,Company,,ITLIV,EURSRLLIV,,Commercial,,All Territories,,,,,,,,,,,,,,,,,,,,EURSRLLIV,,,,,,,,,,,,,,,,,,,0,,,,,,,,,,,,,,,,,,,,,,,,,,,,,,
DONSRLVCE,DONELLI SRL,Company,,ITVCE,DONSRLVCE,,Commercial,,All Territories,,,,,,,,,,,,,,,,,,,,DONSRLVCE,,,,,,,,,,,,,,,,,,,0,,,,,,,,,,,,,,,,,,,,,,,,,,,,,,
ASISHISIN,ASI SHIPPING PTE LTD,Company,,SGSIN,ASISHISIN,,Commercial,,All Territories,,,,,,,,,,,,,,,,,,,,ASISHISIN,,,+6562716918,kevin@asi-shipping.com,,,,,,,,,,,,,,,0,,,,,,,,,,,,,,,,,,,,,,,,,,,,,,
TRAMANMIL,TRANSPORT MANAGEMENT S R L,Company,,ITMIL,TRAMANMIL,,Commercial,,All Territories,,,,,,,,,,,,,,,,,,,,TRAMANMIL,,,,,,,,,,,,,,,,,,,0,,,,,,,,,,,,,,,,,,,,,,,,,,,,,,
MENTFIAFE,MENTFIELD LTD,Company,,ILAZO,MENTFIAFE,,Commercial,,All Territories,,,,,,,,,,,,,,,,,,,,MENTFIAFE,,,+972507779229,revital.h@exhilog.com,,,,,,,,,,,,,,,0,,,,,,,,,,,,,,,,,,,,,,,,,,,,,,
NINXUYSHG,NINGBO XUYAO INTERNATIONAL FREIGHT FORWARDING CO. LTD.,Company,,CNSHG,NINXUYSHG,,Commercial,,All Territories,,,,,,,,,,,,,,,,,,,,NINXUYSHG,,,,,,,,,,,,,,,,,,,0,,,,,,,,,,,,,,,,,,,,,,,,,,,,,,
GENLOGBNE,GENFREIGHT LOGISTICS PTY LTD,Company,,AUBNE,GENLOGBNE,,Commercial,,All Territories,,,,,,,,,,,,,,,,,www.genfreight.com.au,,,GENLOGBNE,,,+61418124141,scott@genfreight.com.au,,,,,,,,,,,,,,,0,,,,,,,,,,,,,,,,,,,,,,,,,,,,,,
MAXGLOQIN,"MAXSPEED GLOBAL FORWARDING CO., LTD",Company,,CNQIN,MAXGLOQIN,,Commercial,,All Territories,,,,,,,,,,,,,,,,,,,,MAXGLOQIN,,,,,,,,,,,,,,,,,,,0,,,,,,,,,,,,,,,,,,,,,,,,,,,,,,
DEXWORSIN,DEXTRANS WORLDWIDE PTE LTD.,Company,,SGSIN,DEXWORSIN,,Commercial,,All Territories,,,,,,,,,,,,,,,,,,,,DEXWORSIN,,,,,,,,,,,,,,,,,,,0,,,,,,,,,,,,,,,,,,,,,,,,,,,,,,
VIAMATCCP,VIA MAT (AIR & SEA) LTDA,Company,,CLCCP,VIAMATCCP,,Commercial,,All Territories,,,,,,,,,,,,,,,,,,,,VIAMATCCP,,,,,,,,,,,,,,,,,,,0,,,,,,,,,,,,,,,,,,,,,,,,,,,,,,
SAILINQDG,"SAIL LINE GLOBAL LOGISTICS CO., LIMITED",Company,,CNQDG,SAILINQDG,,Commercial,,All Territories,,,,,,,,,,,,,,,,,,,,SAILINQDG,,,,,,,,,,,,,,,,,,,0,,,,,,,,,,,,,,,,,,,,,,,,,,,,,,
MITSOKOSA,"MITSUI-SOKO EXPRESS CO., LTD",Company,,JPOSA,MITSOKOSA,,Commercial,,All Territories,,,,,,,,,,,,,,,,,,,,MITSOKOSA,,,,,,,,,,,,,,,,,,,0,,,,,,,,,,,,,,,,,,,,,,,,,,,,,,
AARGLOBOM,AARGUS GLOBAL LOGISTICS PVT. LTD.,Company,,INBOM,AARGLOBOM,,Commercial,,All Territories,,,,,,,,,,,,,,,,,,,,AARGLOBOM,,,,,,,,,,,,,,,,,,,0,,,,,,,,,,,,,,,,,,,,,,,,,,,,,,
WINEXPSHA,WINLINK EXPRESS LIMITED,Company,,CNSHA,WINEXPSHA,,Commercial,,All Territories,,,,,,,,,,,,,,,,,,,,WINEXPSHA,,,,,,,,,,,,,,,,,,,0,,,,,,,,,,,,,,,,,,,,,,,,,,,,,,
MINPHUSGN,"MINH PHUONG COMMERCE SERVICES CO., LTD.",Company,,VNSGN,MINPHUSGN,,Commercial,,All Territories,,,,,,,,,,,,,,,,,,,,MINPHUSGN,,,,,,,,,,,,,,,,,,,0,,,,,,,,,,,,,,,,,,,,,,,,,,,,,,
LEKINTSDO,LEKAS INTERNATIONAL SERVICES,Company,,CLSDO,LEKINTSDO,,Commercial,,All Territories,,,,,,,,,,,,,,,,,www.lekasintl.com,,,LEKINTSDO,,,,,,,,,,,,,,,,,,,0,,,,,,,,,,,,,,,,,,,,,,,,,,,,,,
PRIWORLGB,PRIORITY WORLDWIDE SERVICES,Company,,USLGB,PRIWORLGB,,Commercial,,All Territories,,,,,,,,,,,,,,,,,www.priorityworldwide.com,,,PRIWORLGB,,,,sales@priorityworldwide.com,,,,,,,,,,,,,,,0,,,,,,,,,,,,,,,,,,,,,,,,,,,,,,
GEOWILRTM,GEODIS WILSON ROTTERDAM B.V,Company,,NLRTM,GEOWILRTM,,Commercial,,All Territories,,,,,,,,,,,,,,,,,,,,GEOWILRTM,,,,,,,,,,,,,,,,,,,0,,,,,,,,,,,,,,,,,,,,,,,,,,,,,,
QUIRTMAFE,QUICK CARGO SERVICES INTERNATIONAL LOGISTICS,Company,,NLRTM,QUIRTMAFE,,Commercial,,All Territories,,,,,,,,,,,,,,,,,,,,QUIRTMAFE,,,,jaouad.elyabbouhi@quick-cargo-service.nl,,,,,,,,,,,,,,,0,,,,,,,,,,,,,,,,,,,,,,,,,,,,,,
DACSPAVLC,"DACHSER SPAIN AIR & SEA LOGISTICS, S.A.U.",Company,,ESVLC,DACSPAVLC,,Commercial,,All Territories,,,,,,,,,,,,,,,,,www.transunion.es,,,DACSPAVLC,,,,,,,,,,,,,,,,,,,0,,,,,,,,,,,,,,,,,,,,,,,,,,,,,,
FRESYSLCMB,FREIGHT SYSTEMS LANKA (PVT) LTD.,Company,,LKCMB,FRESYSLCMB,,Commercial,,All Territories,,,,,,,,,,,,,,,,,,,,FRESYSLCMB,,,,,,,,,,,,,,,,,,,0,,,,,,,,,,,,,,,,,,,,,,,,,,,,,,
NOALOGTPE1,NOATUM LOGISTICS TAIWAN LIMITED,Company,,TWTPE,NOALOGTPE1,,Commercial,,All Territories,,,,,,,,,,,,,,,,,,,,NOALOGTPE1,,,,,,,,,,,,,,,,,,,0,,,,,,,,,,,,,,,,,,,,,,,,,,,,,,
MAINFRLAX,MAINFREIGHT INC.,Company,,USLAX,MAINFRLAX,,Commercial,,All Territories,,,,,,,,,,,,,,,,,,,,MAINFRLAX,,,,,,,,,,,,,,,,,,,0,,,,,,,,,,,,,,,,,,,,,,,,,,,,,,
PICDIGJPD,"PICO DIGITAL, INC.",Company,,USPSD,PICDIGJPD,,Commercial,,All Territories,,,,,,,,,,,,,,,,,,,,PICDIGJPD,,,,,,,,,,,,,,,,,,,0,,,,,,,,,,,,,,,,,,,,,,,,,,,,,,
ASPAIRSIN,ASPAC AIRCARGO SERVICE PTE LTD.,Company,,SGSIN,ASPAIRSIN,,Commercial,,All Territories,,,,,,,,,,,,,,,,,,,,ASPAIRSIN,,,,,,,,,,,,,,,,,,,0,,,,,,,,,,,,,,,,,,,,,,,,,,,,,,
DGXHKHKG,DGX (H.K. LIMITED,Company,,HKHKG,DGXHKHKG,,Commercial,,All Territories,,,,,,,,,,,,,,,,,,,,DGXHKHKG,,,,,,,,,,,,,,,,,,,0,,,,,,,,,,,,,,,,,,,,,,,,,,,,,,
SAGAIRPAR2,SAGA AIR,Company,,FRPAR,SAGAIRPAR2,,Commercial,,All Territories,,,,,,,,,,,,,,,,,,,,SAGAIRPAR2,,,,,,,,,,,,,,,,,,,0,,,,,,,,,,,,,,,,,,,,,,,,,,,,,,
ADVGLOSUB,ADVANCED GLORY LOGISTICS,Company,,IDSUB,ADVGLOSUB,,Commercial,,All Territories,,,,,,,,,,,,,,,,,,,,ADVGLOSUB,,,,,,,,,,,,,,,,,,,0,,,,,,,,,,,,,,,,,,,,,,,,,,,,,,
UNIEXPXMN,UNITED EXPRESS HOLDINGS CO. LTD,Company,,CNXMN,UNIEXPXMN,,Commercial,,All Territories,,,,,,,,,,,,,,,,,,,,UNIEXPXMN,,,,,,,,,,,,,,,,,,,0,,,,,,,,,,,,,,,,,,,,,,,,,,,,,,
DEFILIFCO,DE FILIPPO IMPORT EXPORT SRL,Company,,ITFCO,DEFILIFCO,,Commercial,,All Territories,,,,,,,,,,,,,,,,,,,,DEFILIFCO,,,,,,,,,,,,,,,,,,,0,,,,,,,,,,,,,,,,,,,,,,,,,,,,,,
WORTOPTPE,WORLD TOP OVERSEAS LOGISTICS (TAIWAN) CO.LTD.,Company,,TWTPE,WORTOPTPE,,Commercial,,All Territories,,,,,,,,,,,,,,,,,,,,WORTOPTPE,,,,,,,,,,,,,,,,,,,0,,,,,,,,,,,,,,,,,,,,,,,,,,,,,,
EXPFREHYD,EXPO FREIGHT PVT LTD,Company,,INHYD,EXPFREHYD,,Commercial,,All Territories,,,,,,,,,,,,,,,,,,,,EXPFREHYD,,,,,,,,,,,,,,,,,,,0,,,,,,,,,,,,,,,,,,,,,,,,,,,,,,
SMALOGLIT,SMART LOGISTICS SCANDINAVIA AB,Company,,LTLIT,SMALOGLIT,,Commercial,,All Territories,,,,,,,,,,,,,,,,,,,,SMALOGLIT,,,,see contacts,,,,,,,,,,,,,,,0,,,,,,,,,,,,,,,,,,,,,,,,,,,,,,
ELILOGSHA,ELINE LOGISTICS CO. LTD,Company,,CNSHA,ELILOGSHA,,Commercial,,All Territories,,,,,,,,,,,,,,,,,,,,ELILOGSHA,,,,ellen@elinelogistics.com,,,,,,,,,,,,,,,0,,,,,,,,,,,,,,,,,,,,,,,,,,,,,,
SFTGONPAR,S.F.T. GONRAND FRERES,Company,,FRPAR,SFTGONPAR,,Commercial,,All Territories,,,,,,,,,,,,,,,,,http://www.gondrand.fr,,,SFTGONPAR,,,,guillaume.petit@gondrand.fr,,,,,,,,,,,,,,,0,,,,,,,,,,,,,,,,,,,,,,,,,,,,,,
BLUCARDAM,BLUEMAX CARGO SERVICES,Company,,SYDAM,BLUCARDAM,,Commercial,,All Territories,,,,,,,,,,,,,,,,,,,,BLUCARDAM,,,,oeldammam@oelbahrain.com,,,,,,,,,,,,,,,0,,,,,,,,,,,,,,,,,,,,,,,,,,,,,,
TIAHUAGUA,TIANJIN HUAFENG TRANSPORT AGENCY CO. LTD SHENZHEN,Company,,CNGUA,TIAHUAGUA,,Commercial,,All Territories,,,,,,,,,,,,,,,,,,,,TIAHUAGUA,,,,,,,,,,,,,,,,,,,0,,,,,,,,,,,,,,,,,,,,,,,,,,,,,,
BARFOGLIV,BARBARINI & FOGLIA WORLDWIDE LOGISTICS S.R.L,Company,,ITLIV,BARFOGLIV,,Commercial,,All Territories,,,,,,,,,,,,,,,,,,,,BARFOGLIV,,,+393483731302,info@befgroup.com,,,,,,,,,,,,,,,0,,,,,,,,,,,,,,,,,,,,,,,,,,,,,,
AUROPT,AUREUS OPTIMA PTE LTD,Company,,SGSIN,AUROPT,,Commercial,,All Territories,,,,,,,,,,,,,,,,,,,,AUROPT,,,,,,,,,,,,,,,,,,,0,,,,,,,,,,,,,,,,,,,,,,,,,,,,,,
UNILOGVIE,UNIMASTERS LOGISTICS KFT,Company,,ATVIE,UNILOGVIE,,Commercial,,All Territories,,,,,,,,,,,,,,,,,,,,UNILOGVIE,,,,,,,,,,,,,,,,,,,0,,,,,,,,,,,,,,,,,,,,,,,,,,,,,,
UNIFORLEI,UNIVERSAL FORWARDING KEC LDA,Company,,PTLEI,UNIFORLEI,,Commercial,,All Territories,,,,,,,,,,,,,,,,,,,,UNIFORLEI,,,,,,,,,,,,,,,,,,,0,,,,,,,,,,,,,,,,,,,,,,,,,,,,,,
INTQUEMIL,INTERGLOBO QUEIROLO SRL,Company,,ITMIL,INTQUEMIL,,Commercial,,All Territories,,,,,,,,,,,,,,,,,,,,INTQUEMIL,,,,,,,,,,,,,,,,,,,0,,,,,,,,,,,,,,,,,,,,,,,,,,,,,,
SOTLOGSGN,SOTRANS  LOGISTICS,Company,,VNSGN,SOTLOGSGN,,Commercial,,All Territories,,,,,,,,,,,,,,,,,www.sotrans.com,,,SOTLOGSGN,,,,,,,,,,,,,,,,,,,0,,,,,,,,,,,,,,,,,,,,,,,,,,,,,,
WALINTMIA,WALKER INTERNATIONAL TRASNPORTATION-MIAMI,Company,,USMIA,WALINTMIA,,Commercial,,All Territories,,,,,,,,,,,,,,,,,,,,WALINTMIA,,,,,,,,,,,,,,,,,,,0,,,,,,,,,,,,,,,,,,,,,,,,,,,,,,
GRAMARCMN,GRAVELEAU MAROC,Company,,MACAS,GRAMARCMN,,Commercial,,All Territories,,,,,,,,,,,,,,,,,,,,GRAMARCMN,,,,ccoutelle@graveleau.com,,,,,,,,,,,,,,,0,,,,,,,,,,,,,,,,,,,,,,,,,,,,,,
DMGMORSIN,DMG MORI SINGAPORE PTE. LTD.,Company,,SGSIN,DMGMORSIN,,Commercial,,All Territories,,,,,,,,,,,,,,,,,,,,DMGMORSIN,,,,,,,,,,,,,,,,,,,0,,,,,,,,,,,,,,,,,,,,,,,,,,,,,,
GONZAVMAC,GONDRAND ZAVENTEM,Company,,BEMAC,GONZAVMAC,,Commercial,,All Territories,,,,,,,,,,,,,,,,,www.gondrand.be,,,GONZAVMAC,,,,herman.vanderstraeten@gondrand.be,,,,,,,,,,,,,,,0,,,,,,,,,,,,,,,,,,,,,,,,,,,,,,
DHLWORTLV,DHL WORLDWIDE EXPRESS,Company,,ILTLV,DHLWORTLV,,Commercial,,All Territories,,,,,,,,,,,,,,,,,,,,DHLWORTLV,,,,,,,,,,,,,,,,,,,0,,,,,,,,,,,,,,,,,,,,,,,,,,,,,,
CNCFREPKG,CNC FREIGHT SERVICES SDN BHD,Company,,MYPKG,CNCFREPKG,,Commercial,,All Territories,,,,,,,,,,,,,,,,,,,,CNCFREPKG,,,,sales4@cncfrht.com,,,,,,,,,,,,,,,0,,,,,,,,,,,,,,,,,,,,,,,,,,,,,,
KUECGNAFE,KUEHNE + NAGEL (AG & CO.) KG,Company,,DECGN,KUECGNAFE,,Commercial,,All Territories,,,,,,,,,,,,,,,,,,,,KUECGNAFE,,,,,,,,,,,,,,,,,,,0,,,,,,,,,,,,,,,,,,,,,,,,,,,,,,
HUACHIKWN,HUAFENG (CHINA) LOGISTICS CO. LTD,Company,,HKKWN,HUACHIKWN,,Commercial,,All Territories,,,,,,,,,,,,,,,,,,,,HUACHIKWN,,,,,,,,,,,,,,,,,,,0,,,,,,,,,,,,,,,,,,,,,,,,,,,,,,
ATECHLKWN,A-TECH LOGISTICS(HK)LTD/SHINE FREIGHT SYSTEM CO LT,Company,,HKKWN,ATECHLKWN,,Commercial,,All Territories,,,,,,,,,,,,,,,,,,,,ATECHLKWN,,,,,,,,,,,,,,,,,,,0,,,,,,,,,,,,,,,,,,,,,,,,,,,,,,
NTVLOGSGN,NTV LOGISTICS CORPORATION,Company,,VNSGN,NTVLOGSGN,,Commercial,,All Territories,,,,,,,,,,,,,,,,,,,,NTVLOGSGN,,,,,,,,,,,,,,,,,,,0,,,,,,,,,,,,,,,,,,,,,,,,,,,,,,
TRACHIXMN,TRANS-CHINA INTERNATIONAL (HK) CO. LTD.,Company,,CNXMN,TRACHIXMN,,Commercial,,All Territories,,,,,,,,,,,,,,,,,,,,TRACHIXMN,,,,,,,,,,,,,,,,,,,0,,,,,,,,,,,,,,,,,,,,,,,,,,,,,,
EURCHAPEN,EUROTRANS CHARTERS SDN BHD,Company,,MYPEN,EURCHAPEN,,Commercial,,All Territories,,,,,,,,,,,,,,,,,,,,EURCHAPEN,,,,,,,,,,,,,,,,,,,0,,,,,,,,,,,,,,,,,,,,,,,,,,,,,,
ACMCARSIN,ACME CARGO EXPRESS PTE LTD SEA OFFIC,Company,,SGSIN,ACMCARSIN,,Commercial,,All Territories,,,,,,,,,,,,,,,,,,,,ACMCARSIN,,,,,,,,,,,,,,,,,,,0,,,,,,,,,,,,,,,,,,,,,,,,,,,,,,
WARYUDSUB,PT. WARSUDHI YUDHA PUTRA,Company,,IDSUB,WARYUDSUB,,Commercial,,All Territories,,,,,,,,,,,,,,,,,,,,WARYUDSUB,,,+62313553873,wypsby@aido.net.id,,,,,,,,,,,,,,,0,,,,,,,,,,,,,,,,,,,,,,,,,,,,,,
LSILOGDUB,LSI LOGISTICS SOLUTIONS IRELAND LTD,Company,,IEDUB,LSILOGDUB,,Commercial,,All Territories,,,,,,,,,,,,,,,,,,,,LSILOGDUB,,,,,,,,,,,,,,,,,,,0,,,,,,,,,,,,,,,,,,,,,,,,,,,,,,
SHABASSHA,"SHANGHAI BA-SHI YUEXIN LOGISTICS DEVELOPMENT CO.,LTD.",Company,,CNSHA,SHABASSHA,,Commercial,,All Territories,,,,,,,,,,,,,,,,,,,,SHABASSHA,,,,,,,,,,,,,,,,,,,0,,,,,,,,,,,,,,,,,,,,,,,,,,,,,,
GRAINTTUN,GRAVELEAU INTERNATIONAL,Company,,TNTUN,GRAINTTUN,,Commercial,,All Territories,,,,,,,,,,,,,,,,,,,,GRAINTTUN,,,,,,,,,,,,,,,,,,,0,,,,,,,,,,,,,,,,,,,,,,,,,,,,,,
UNIDESSEP,UNITED DESPATCH AGENT SDN BHD,Company,,MYSEP,UNIDESSEP,,Commercial,,All Territories,,,,,,,,,,,,,,,,,,,,UNIDESSEP,,,,,,,,,,,,,,,,,,,0,,,,,,,,,,,,,,,,,,,,,,,,,,,,,,
MGLGLOPKG,MGL GLOBAL LOGISTICS SDN. BHD,Company,,MYPKG,MGLGLOPKG,,Commercial,,All Territories,,,,,,,,,,,,,,,,,,,,MGLGLOPKG,,,,,,,,,,,,,,,,,,,0,,,,,,,,,,,,,,,,,,,,,,,,,,,,,,
MIDAMEHOU,"MID-AMERICA OVERSEAS, INC.",Company,,USHOU,MIDAMEHOU,,Commercial,,All Territories,,,,,,,,,,,,,,,,,,,,MIDAMEHOU,,,,,,,,,,,,,,,,,,,0,,,,,,,,,,,,,,,,,,,,,,,,,,,,,,
WORMSMLEH,WORMS SM,Company,,FRLEH,WORMSMLEH,,Commercial,,All Territories,,,,,,,,,,,,,,,,,,,,WORMSMLEH,,,,,,,,,,,,,,,,,,,0,,,,,,,,,,,,,,,,,,,,,,,,,,,,,,
HUDRHOAFE,HUDIG & VEDER FORWARDING B.V.,Company,,NLRHO,HUDRHOAFE,,Commercial,,All Territories,,,,,,,,,,,,,,,,,,,,HUDRHOAFE,,,,,,,,,,,,,,,,,,,0,,,,,,,,,,,,,,,,,,,,,,,,,,,,,,
SHETOPILSZX,SHENZHEN TOP FORTUNE INTERNATIONAL LOGISTICS LTD.,Company,,CNSZX,SHETOPILSZX,,Commercial,,All Territories,,,,,,,,,,,,,,,,,www.tplocean.com,,,SHETOPILSZX,,,,shipping@tplocean.com,,,,,,,,,,,,,,,0,,,,,,,,,,,,,,,,,,,,,,,,,,,,,,
GRAINTNTE,GRAVELEAU INT'L / DACHSER FRANCE,Company,,FRNTE,GRAINTNTE,,Commercial,,All Territories,,,,,,,,,,,,,,,,,www.dachser.fr,,,GRAINTNTE,,,,airseanantes@graveleau.com,,,,,,,,,,,,,,,0,,,,,,,,,,,,,,,,,,,,,,,,,,,,,,
INTAGESIN,INTERGROUP AGENCIES PTE LTD.,Company,,SGSIN,INTAGESIN,,Commercial,,All Territories,,,,,,,,,,,,,,,,,,,,INTAGESIN,,,,,,,,,,,,,,,,,,,0,,,,,,,,,,,,,,,,,,,,,,,,,,,,,,
PACEXPICD,PACE EXPRESS TRAVELS AND CARGO PVT LTD,Company,,INICD,PACEXPICD,,Commercial,,All Territories,,,,,,,,,,,,,,,,,,,,PACEXPICD,,,,,,,,,,,,,,,,,,,0,,,,,,,,,,,,,,,,,,,,,,,,,,,,,,
ARIGLOSFO,ARIES GLOBAL LOGISTICS,Company,,USSFO,ARIGLOSFO,,Commercial,,All Territories,,,,,,,,,,,,,,,,,,,,ARIGLOSFO,,,,,,,,,,,,,,,,,,,0,,,,,,,,,,,,,,,,,,,,,,,,,,,,,,
NOALOGSRG,PT. NOATUM LOGISTICS INDONESIA,Company,,IDSRG,NOALOGSRG,,Commercial,,All Territories,,,,,,,,,,,,,,,,,,,,NOALOGSRG,,,,,,,,,,,,,,,,,,,0,,,,,,,,,,,,,,,,,,,,,,,,,,,,,,
GINLOGSHK,GINTER LOGISTICS SERVICE CO LTD,Company,,CNSHK,GINLOGSHK,,Commercial,,All Territories,,,,,,,,,,,,,,,,,,,,GINLOGSHK,,,,,,,,,,,,,,,,,,,0,,,,,,,,,,,,,,,,,,,,,,,,,,,,,,
NOALOGMUN,NOATUM LOGISTICS INDIA PVT LTD,Company,,INMUN,NOALOGMUN,,Commercial,,All Territories,,,,,,,,,,,,,,,,,,,,NOALOGMUN,,,,,,,,,,,,,,,,,,,0,,,,,,,,,,,,,,,,,,,,,,,,,,,,,,
MAIUSAHOU,MAINFREIGHT USA (FORMERLY TARGET LOGISTIC SVCS),Company,,USHOU,MAIUSAHOU,,Commercial,,All Territories,,,,,,,,,,,,,,,,,,,,MAIUSAHOU,,,,iah.international@mainfreightusa.com,,,,,,,,,,,,,,,0,,,,,,,,,,,,,,,,,,,,,,,,,,,,,,
UNIGLOBKK,"UNICORN GLOBAL LOGISTICS CO., LTD",Company,,THBKK,UNIGLOBKK,,Commercial,,All Territories,,,,,,,,,,,,,,,,,www.unicorngloballogistics.com,,,UNIGLOBKK,,,,,,,,,,,,,,,,,,,0,,,,,,,,,,,,,,,,,,,,,,,,,,,,,,
UNIUNIMFM,UNITED UNION CORPORATION  LTD,Company,,MOMFM,UNIUNIMFM,,Commercial,,All Territories,,,,,,,,,,,,,,,,,,,,UNIUNIMFM,,,,uuc@macau.ctm.net,,,,,,,,,,,,,,,0,,,,,,,,,,,,,,,,,,,,,,,,,,,,,,
RIMLOGHKG,RIM LOGISTICS,Company,,HKHKG,RIMLOGHKG,,Commercial,,All Territories,,,,,,,,,,,,,,,,,,,,RIMLOGHKG,,,,,,,,,,,,,,,,,,,0,,,,,,,,,,,,,,,,,,,,,,,,,,,,,,
UNIFREZIC,UNIMASTER FREIGHT EXPRESS,Company,,ROZIC,UNIFREZIC,,Commercial,,All Territories,,,,,,,,,,,,,,,,,www.unimasters.com,,,UNIFREZIC,,,,road.romania@unimasters.com,,,,,,,,,,,,,,,0,,,,,,,,,,,,,,,,,,,,,,,,,,,,,,
FOCGLOHAN,"FOCO GLOBAL LOGISTICS CO.,LTD",Company,,VNHAN,FOCGLOHAN,,Commercial,,All Territories,,,,,,,,,,,,,,,,,,,,FOCGLOHAN,,,,,,,,,,,,,,,,,,,0,,,,,,,,,,,,,,,,,,,,,,,,,,,,,,
EXFZETATL,EXFREIGHT ZETA LLC,Company,,USATL,EXFZETATL,,Commercial,,All Territories,,,,,,,,,,,,,,,,,,,,EXFZETATL,,,,,,,,,,,,,,,,,,,0,,,,,,,,,,,,,,,,,,,,,,,,,,,,,,
GACCARKHI,GAC CARGO SYSTEMS PAKISTAN (PVT) LTD.,Company,,PKKHI,GACCARKHI,,Commercial,,All Territories,,,,,,,,,,,,,,,,,,,,GACCARKHI,,,,,,,,,,,,,,,,,,,0,,,,,,,,,,,,,,,,,,,,,,,,,,,,,,
HARINTDLC,HARMONY INTERNATIONAL FORWARDING,Company,,CNDLC,HARINTDLC,,Commercial,,All Territories,,,,,,,,,,,,,,,,,,,,HARINTDLC,,,,,,,,,,,,,,,,,,,0,,,,,,,,,,,,,,,,,,,,,,,,,,,,,,
ASSGLOORD,ASSOCIATED GLOBAL SYSEM,Company,,USORD,ASSGLOORD,,Commercial,,All Territories,,,,,,,,,,,,,,,,,,,,ASSGLOORD,,,,,,,,,,,,,,,,,,,0,,,,,,,,,,,,,,,,,,,,,,,,,,,,,,
INTFORSEL,"INTERNATIONAL FORWARDING CO., LTD.",Company,,KRSEL,INTFORSEL,,Commercial,,All Territories,,,,,,,,,,,,,,,,,,,,INTFORSEL,,,,,,,,,,,,,,,,,,,0,,,,,,,,,,,,,,,,,,,,,,,,,,,,,,
BENINTBWI,"BENNETT INTERNATIONAL TRANSPORT, LLC",Company,,USBAL,BENINTBWI,,Commercial,,All Territories,,,,,,,,,,,,,,,,,,,,BENINTBWI,,,,leanne.cappuccino@bennettig.com,,,,,,,,,,,,,,,0,,,,,,,,,,,,,,,,,,,,,,,,,,,,,,
HENLOGZRH,HENUS LOGISTICS,Company,,CHZRH,HENLOGZRH,,Commercial,,All Territories,,,,,,,,,,,,,,,,,,,,HENLOGZRH,,,,Meieli.Haggard@ch.rhenus.com,,,,,,,,,,,,,,,0,,,,,,,,,,,,,,,,,,,,,,,,,,,,,,
INTGSAKUL,INTER GSA FREIGHT SERVICES SDN BHD,Company,,MYKUL,INTGSAKUL,,Commercial,,All Territories,,,,,,,,,,,,,,,,,,,,INTGSAKUL,,,,,,,,,,,,,,,,,,,0,,,,,,,,,,,,,,,,,,,,,,,,,,,,,,
UCLLOGFPMAA,UCL LOGISTICS FREIGHT PRIVATE LIMITED,Company,,INMAA,UCLLOGFPMAA,,Commercial,,All Territories,,,,,,,,,,,,,,,,,www.expofreight.com,,,UCLLOGFPMAA,,,,,,,,,,,,,,,,,,,0,,,,,,,,,,,,,,,,,,,,,,,,,,,,,,
GUCKORICN,GUCHANG KOREA CO. LTD.,Company,,KRICN,GUCKORICN,,Commercial,,All Territories,,,,,,,,,,,,,,,,,,,,GUCKORICN,,,+821050481982,pyh@yaheng-sh.com,,,,,,,,,,,,,,,0,,,,,,,,,,,,,,,,,,,,,,,,,,,,,,
SDTLOGIST,SDT LOGISTICS INT'L TRANSPORTATION,Company,,TRIST,SDTLOGIST,,Commercial,,All Territories,,,,,,,,,,,,,,,,,,,,SDTLOGIST,,,+905324847156,,,,,,,,,,,,,,,,0,,,,,,,,,,,,,,,,,,,,,,,,,,,,,,
JYUTXGAFE,"JYU FONG MACHINERY CO., LTD.",Company,,TWTXG,JYUTXGAFE,,Commercial,,All Territories,,,,,,,,,,,,,,,,,,,,JYUTXGAFE,,,,jyufong@gmail.com,,,,,,,,,,,,,,,0,,,,,,,,,,,,,,,,,,,,,,,,,,,,,,
CARPARBKK,CARGO-PARTNER LOGISTICS LTD.,Company,,THBKK,CARPARBKK,,Commercial,,All Territories,,,,,,,,,,,,,,,,,www.cargo-partner.com,,,CARPARBKK,,,+66902518902,jariyaporn.waekaji@cargo-partner.com,,,,,,,,,,,,,,,0,,,,,,,,,,,,,,,,,,,,,,,,,,,,,,
SCAAGEPKG,SCANCHART AGENCIES SDN BHD,Company,,MYPKG,SCAAGEPKG,,Commercial,,All Territories,,,,,,,,,,,,,,,,,,,,SCAAGEPKG,,,,,,,,,,,,,,,,,,,0,,,,,,,,,,,,,,,,,,,,,,,,,,,,,,
CLAXVPAFE,CLAMAGERAN FOIREXPO,Company,,FRVIL,CLAXVPAFE,,Commercial,,All Territories,,,,,,,,,,,,,,,,,,,,CLAXVPAFE,,,,export@clamageran.fr,,,,,,,,,,,,,,,0,,,,,,,,,,,,,,,,,,,,,,,,,,,,,,
NINHUAXMN,NINGBO HUANJI INT'L LOGISTICS CO. LTD.,Company,,CNXMN,NINHUAXMN,,Commercial,,All Territories,,,,,,,,,,,,,,,,,,,,NINHUAXMN,,,,xm@nb-hj.com,,,,,,,,,,,,,,,0,,,,,,,,,,,,,,,,,,,,,,,,,,,,,,
MBPROJNSA,MB PROJECTS AND LOGISTICS (INDIA) PRIVATE LIMITED,Company,,INNSA,MBPROJNSA,,Commercial,,All Territories,,,,,,,,,,,,,,,,,,,,MBPROJNSA,,,,,,,,,,,,,,,,,,,0,,,,,,,,,,,,,,,,,,,,,,,,,,,,,,
GMCAIRTPE,GMC AIR EXPRESS INC,Company,,TWTPE,GMCAIRTPE,,Commercial,,All Territories,,,,,,,,,,,,,,,,,,,,GMCAIRTPE,,,,,,,,,,,,,,,,,,,0,,,,,,,,,,,,,,,,,,,,,,,,,,,,,,
KUHNAGBRE,KUHENE & NAGEL (AG & CO),Company,,DEBRE,KUHNAGBRE,,Commercial,,All Territories,,,,,,,,,,,,,,,,,,,,KUHNAGBRE,,,,,,,,,,,,,,,,,,,0,,,,,,,,,,,,,,,,,,,,,,,,,,,,,,
SCHCIEGVA,SCHNEIDER + CIE SA,Company,,CHGVA,SCHCIEGVA,,Commercial,,All Territories,,,,,,,,,,,,,,,,,,,,SCHCIEGVA,,,,,,,,,,,,,,,,,,,0,,,,,,,,,,,,,,,,,,,,,,,,,,,,,,
NOVTRAIZRH,NOVA TRAFFIC  INTERNATIONAL FORWARDING,Company,,CHZRH,NOVTRAIZRH,,Commercial,,All Territories,,,,,,,,,,,,,,,,,,,,NOVTRAIZRH,,,,info@novatraffic.ch,,,,,,,,,,,,,,,0,,,,,,,,,,,,,,,,,,,,,,,,,,,,,,
ENTTRABKK,ENTERPRISE TRANSPORT INTL. CO. LTD.,Company,,THBKK,ENTTRABKK,,Commercial,,All Territories,,,,,,,,,,,,,,,,,,,,ENTTRABKK,,,,eti@enterprise.co.th,,,,,,,,,,,,,,,0,,,,,,,,,,,,,,,,,,,,,,,,,,,,,,
ASFELLOSL,A/S FELLESTRANSPORT,Company,,NOOSL,ASFELLOSL,,Commercial,,All Territories,,,,,,,,,,,,,,,,,www.fellestransport.no,,,ASFELLOSL,,,,,,,,,,,,,,,,,,,0,,,,,,,,,,,,,,,,,,,,,,,,,,,,,,
ALLFREBRU,ALL FREIGHT LOGISTICS NV,Company,,BEBRU,ALLFREBRU,,Commercial,,All Territories,,,,,,,,,,,,,,,,,,,,ALLFREBRU,,,,,,,,,,,,,,,,,,,0,,,,,,,,,,,,,,,,,,,,,,,,,,,,,,
TAELOGSHA,"TAE LOGISTICS CO., LTD.",Company,,CNSHA,TAELOGSHA,,Commercial,,All Territories,,,,,,,,,,,,,,,,,,,,TAELOGSHA,,,,,,,,,,,,,,,,,,,0,,,,,,,,,,,,,,,,,,,,,,,,,,,,,,
ALLCONSAO,ALL CONTINENTS LOGISTICA INTERNACIONAL LTD.,Company,,BRSAO,ALLCONSAO,,Commercial,,All Territories,,,,,,,,,,,,,,,,,,,,ALLCONSAO,,,,,,,,,,,,,,,,,,,0,,,,,,,,,,,,,,,,,,,,,,,,,,,,,,
FLEXPOFLSFO,FLEXPORT INC.,Company,,USSFO,FLEXPOFLSFO,,Commercial,,All Territories,,,,,,,,,,,,,,,,,,,,FLEXPOFLSFO,,,,,,,,,,,,,,,,,,,0,,,,,,,,,,,,,,,,,,,,,,,,,,,,,,
MAXFORKHH,"MAXLINES FORWARDER CO., LTD.",Company,,TWKHH,MAXFORKHH,,Commercial,,All Territories,,,,,,,,,,,,,,,,,,,,MAXFORKHH,,,,,,,,,,,,,,,,,,,0,,,,,,,,,,,,,,,,,,,,,,,,,,,,,,
WHIEMEMIL,WHIRLPOOL EMEA SPA,Company,,ITMIL,WHIEMEMIL,,Commercial,,All Territories,,,,,,,,,,,,,,,,,,,,WHIEMEMIL,,,,,,,,,,,,,,,,,,,0,,,,,,,,,,,,,,,,,,,,,,,,,,,,,,
KAMINTDLX,KAMINO INTERNATIONAL TRANSPORT INC.,Company,,USDLX,KAMINTDLX,,Commercial,,All Territories,,,,,,,,,,,,,,,,,,,,KAMINTDLX,,,,,,,,,,,,,,,,,,,0,,,,,,,,,,,,,,,,,,,,,,,,,,,,,,
INTOVEKTN,INTRALOG OVERSEAS AG,Company,,CHKTN,INTOVEKTN,,Commercial,,All Territories,,,,,,,,,,,,,,,,,www.intralog.ch,,,INTOVEKTN,,,,afehr@intralog.ch,,,,,,,,,,,,,,,0,,,,,,,,,,,,,,,,,,,,,,,,,,,,,,
APCASITPE,"APC ASIA PACIFIC CARGO (H.K.) LTD, TAIWAN BRANCH",Company,,TWTPE,APCASITPE,,Commercial,,All Territories,,,,,,,,,,,,,,,,,,,,APCASITPE,,,+886936229888,rick.wang@apclogistics.com,,,,,,,,,,,,,,,0,,,,,,,,,,,,,,,,,,,,,,,,,,,,,,
RAPFORSIN,RAPPORT FORWARDING PTE LTD,Company,,SGSIN,RAPFORSIN,,Commercial,,All Territories,,,,,,,,,,,,,,,,,,,,RAPFORSIN,,,,,,,,,,,,,,,,,,,0,,,,,,,,,,,,,,,,,,,,,,,,,,,,,,
PTAPERJKT,PT.AMASNUSA PERSADA,Company,,IDJKT,PTAPERJKT,,Commercial,,All Territories,,,,,,,,,,,,,,,,,,,,PTAPERJKT,,,,cncjkt@poboxes.com,,,,,,,,,,,,,,,0,,,,,,,,,,,,,,,,,,,,,,,,,,,,,,
HAINGBAFE,HAITIAN HUAYUAN MACHINERY CO. LTD.,Company,,CNNGB,HAINGBAFE,,Commercial,,All Territories,,,,,,,,,,,,,,,,,,,,HAINGBAFE,,,,,,,,,,,,,,,,,,,0,,,,,,,,,,,,,,,,,,,,,,,,,,,,,,
MORCARJNB,MORGAN CARGO (PTY) LTD,Company,,ZAJNB,MORCARJNB,,Commercial,,All Territories,,,,,,,,,,,,,,,,,,,,MORCARJNB,,,,,,,,,,,,,,,,,,,0,,,,,,,,,,,,,,,,,,,,,,,,,,,,,,
FOPSHIVN3,FOPPIANI SHIPPING & LOGISTICS,Company,,USVN3,FOPSHIVN3,,Commercial,,All Territories,,,,,,,,,,,,,,,,,,,,FOPSHIVN3,,,,,,,,,,,,,,,,,,,0,,,,,,,,,,,,,,,,,,,,,,,,,,,,,,
RELFRELHE,RELIANCE FREIGHT & LOGISTICS,Company,,PKLHE,RELFRELHE,,Commercial,,All Territories,,,,,,,,,,,,,,,,,,,,RELFRELHE,,,,,,,,,,,,,,,,,,,0,,,,,,,,,,,,,,,,,,,,,,,,,,,,,,
JOYGLOSEL,"JOYSPEED GLOBAL CARGO (CHINA) CO.,LTD. KOREA OFFIC",Company,,KRSEL,JOYGLOSEL,,Commercial,,All Territories,,,,,,,,,,,,,,,,,,,,JOYGLOSEL,,,,sunny.kim@joyspeed.com,,,,,,,,,,,,,,,0,,,,,,,,,,,,,,,,,,,,,,,,,,,,,,
PWPARTTLL,PW PARTNERS OU,Company,,EETLL,PWPARTTLL,,Commercial,,All Territories,,,,,,,,,,,,,,,,,,,,PWPARTTLL,,,,,,,,,,,,,,,,,,,0,,,,,,,,,,,,,,,,,,,,,,,,,,,,,,
INDTRARGN,"INDO TRANS LOGISTICS (MYANMAR) CO., LTD",Company,,MMRGN,INDTRARGN,,Commercial,,All Territories,,,,,,,,,,,,,,,,,,,,INDTRARGN,,,,,,,,,,,,,,,,,,,0,,,,,,,,,,,,,,,,,,,,,,,,,,,,,,
EMBFREHAM,EMBASSY FREIGHT SERVICES EUROPE,Company,,DEHAM,EMBFREHAM,,Commercial,,All Territories,,,,,,,,,,,,,,,,,,,,EMBFREHAM,,,,,,,,,,,,,,,,,,,0,,,,,,,,,,,,,,,,,,,,,,,,,,,,,,
BEIAPCTAO,BEIJING APC INT'L FORWARDING CO.LTD,Company,,CNTAO,BEIAPCTAO,,Commercial,,All Territories,,,,,,,,,,,,,,,,,,,,BEIAPCTAO,,,+8613705324832,nj.zhang@apcbj.com.cn,,,,,,,,,,,,,,,0,,,,,,,,,,,,,,,,,,,,,,,,,,,,,,
GONDRAANR,GONDRAND ANTWERPEN,Company,,BEANR,GONDRAANR,,Commercial,,All Territories,,,,,,,,,,,,,,,,,,,,GONDRAANR,,,,,,,,,,,,,,,,,,,0,,,,,,,,,,,,,,,,,,,,,,,,,,,,,,
EXPBLQAFE,EXPOTRANS SRL,Company,,ITBLQ,EXPBLQAFE,,Commercial,,All Territories,,,,,,,,,,,,,,,,,,,,EXPBLQAFE,,,,cs2.t5@expotrans.it,,,,,,,,,,,,,,,0,,,,,,,,,,,,,,,,,,,,,,,,,,,,,,
NEWOVELAX,"NEWTRANS OVERSEAS, INC.",Company,,USLAX,NEWOVELAX,,Commercial,,All Territories,,,,,,,,,,,,,,,,,,,,NEWOVELAX,,,,walter@newtransoverseas.com,,,,,,,,,,,,,,,0,,,,,,,,,,,,,,,,,,,,,,,,,,,,,,
WILGCLHAM,WILHELM G. CLASEN GMBH & CO. KG,Company,,DEHAM,WILGCLHAM,,Commercial,,All Territories,,,,,,,,,,,,,,,,,,,,WILGCLHAM,,,,,,,,,,,,,,,,,,,0,,,,,,,,,,,,,,,,,,,,,,,,,,,,,,
SHAPUDSHA,SHANGHAI PUDONG INT'L TRANSPORTATION CO.,Company,,CNSHA,SHAPUDSHA,,Commercial,,All Territories,,,,,,,,,,,,,,,,,,,,SHAPUDSHA,,,,,,,,,,,,,,,,,,,0,,,,,,,,,,,,,,,,,,,,,,,,,,,,,,
FLAASIBJS,FLASH ASIA INTERNATIONAL FORWARDING,Company,,CNBJS,FLAASIBJS,,Commercial,,All Territories,,,,,,,,,,,,,,,,,,,,FLAASIBJS,,,,,,,,,,,,,,,,,,,0,,,,,,,,,,,,,,,,,,,,,,,,,,,,,,
TWILASAFE,TWI GROUP INC.,Company,,USLAS,TWILASAFE,,Commercial,,All Territories,,,,,,,,,,,,,,,,,,,,TWILASAFE,,,+17026919000,,,,,,,,,,,,,,,,0,,,,,,,,,,,,,,,,,,,,,,,,,,,,,,
FIBLOGBKK,"FIBS LOGISTICS CO., LTD.",Company,,THBKK,FIBLOGBKK,,Commercial,,All Territories,,,,,,,,,,,,,,,,,,,,FIBLOGBKK,,,+66889899198,pui.butchan@fibs-logistics.com,,,,,,,,,,,,,,,0,,,,,,,,,,,,,,,,,,,,,,,,,,,,,,
AVICCHJNB,AVIOCEAN CC / HEAD OFFICE,Company,,ZAJNB,AVICCHJNB,,Commercial,,All Territories,,,,,,,,,,,,,,,,,,,,AVICCHJNB,,,,bernie@aviocean.co.za,,,,,,,,,,,,,,,0,,,,,,,,,,,,,,,,,,,,,,,,,,,,,,
POWNTCAFE,POWERTECH AUTOMATION INC.,Company,,TWNTC,POWNTCAFE,,Commercial,,All Territories,,,,,,,,,,,,,,,,,,,,POWNTCAFE,,,+886286675223,sally@powertech.tw,,,,,,,,,,,,,,,0,,,,,,,,,,,,,,,,,,,,,,,,,,,,,,
GLKAYSFRA,GL KAYSER SPEDITEUR SEIT 1787 GMBH&CO KG,Company,,DEFRA,GLKAYSFRA,,Commercial,,All Territories,,,,,,,,,,,,,,,,,,,,GLKAYSFRA,,,,see contacts,,,,,,,,,,,,,,,0,,,,,,,,,,,,,,,,,,,,,,,,,,,,,,
WORALPHKG,WORLD ALPHA LIMITED,Company,,HKHKG,WORALPHKG,,Commercial,,All Territories,,,,,,,,,,,,,,,,,,,,WORALPHKG,,,,,,,,,,,,,,,,,,,0,,,,,,,,,,,,,,,,,,,,,,,,,,,,,,
ASEAIRTPE,"ASE AIR SEA EXPRESS (H.K) LTD., TAIWAN BRANCH",Company,,TWTPE,ASEAIRTPE,,Commercial,,All Territories,,,,,,,,,,,,,,,,,,,,ASEAIRTPE,,,,,,,,,,,,,,,,,,,0,,,,,,,,,,,,,,,,,,,,,,,,,,,,,,
GOLPHOPKG,GOLDEN PHOENIX EXPRESS SDN BHD,Company,,MYPKG,GOLPHOPKG,,Commercial,,All Territories,,,,,,,,,,,,,,,,,,,,GOLPHOPKG,,,,,,,,,,,,,,,,,,,0,,,,,,,,,,,,,,,,,,,,,,,,,,,,,,
ALLFRELON,ALLPORT FREIGHT LTD.,Company,,GBLON,ALLFRELON,,Commercial,,All Territories,,,,,,,,,,,,,,,,,,,,ALLFRELON,,,,,,,,,,,,,,,,,,,0,,,,,,,,,,,,,,,,,,,,,,,,,,,,,,
TRATAINRT,TRANS-TAIHEIYO CORPORATION,Company,,JPTYO,TRATAINRT,,Commercial,,All Territories,,,,,,,,,,,,,,,,,,,,TRATAINRT,,,,,,,,,,,,,,,,,,,0,,,,,,,,,,,,,,,,,,,,,,,,,,,,,,
CROTRAVIE,CROSS TRADE SPEDITIONS,Company,,ATVIE,CROTRAVIE,,Commercial,,All Territories,,,,,,,,,,,,,,,,,,,,CROTRAVIE,,,,,,,,,,,,,,,,,,,0,,,,,,,,,,,,,,,,,,,,,,,,,,,,,,
FULLOG,FULTER LOGISTICS COSTA RICA S.A.,Company,,CRSJO,FULLOG,,Commercial,,All Territories,,,,,,,,,,,,,,,,,,,,FULLOG,,,,,,,,,,,,,,,,,,,0,,,,,,,,,,,,,,,,,,,,,,,,,,,,,,
MODCRESHK,MODERN CREATOR INT'L CO. LTD.,Company,,CNSHK,MODCRESHK,,Commercial,,All Territories,,,,,,,,,,,,,,,,,,,,MODCRESHK,,,,,,,,,,,,,,,,,,,0,,,,,,,,,,,,,,,,,,,,,,,,,,,,,,
PRIFREJKT1,PT. PRIME FREIGHT INDONESIA,Company,,IDJKT,PRIFREJKT1,,Commercial,,All Territories,,,,,,,,,,,,,,,,,,,,PRIFREJKT1,,,,,,,,,,,,,,,,,,,0,,,,,,,,,,,,,,,,,,,,,,,,,,,,,,
NAVLOGNSV,NAVIGATOR LOGISTICS PVT. LTD.,Company,,INNSV,NAVLOGNSV,,Commercial,,All Territories,,,,,,,,,,,,,,,,,,,,NAVLOGNSV,,,,export@navigatorslogistics.com,,,,,,,,,,,,,,,0,,,,,,,,,,,,,,,,,,,,,,,,,,,,,,
ARASHIDOH,ARABITAL SHIPPING,Company,,QADOH,ARASHIDOH,,Commercial,,All Territories,,,,,,,,,,,,,,,,,,,,ARASHIDOH,,,,,,,,,,,,,,,,,,,0,,,,,,,,,,,,,,,,,,,,,,,,,,,,,,
FILOMAMIL,FILOMATTO SRL,Company,,ITMIL,FILOMAMIL,,Commercial,,All Territories,,,,,,,,,,,,,,,,,,,,FILOMAMIL,,,,filomattosrl@yahoo.it,,,,,,,,,,,,,,,0,,,,,,,,,,,,,,,,,,,,,,,,,,,,,,
MOVSYSSGN,MOVEMAX SYSTEM VIETNAM,Company,,VNSGN,MOVSYSSGN,,Commercial,,All Territories,,,,,,,,,,,,,,,,,,,,MOVSYSSGN,,,,,,,,,,,,,,,,,,,0,,,,,,,,,,,,,,,,,,,,,,,,,,,,,,
ASECONRTM,ASECO CONTAINER SERVICES BV,Company,,NLRTM,ASECONRTM,,Commercial,,All Territories,,,,,,,,,,,,,,,,,www.aseco-nl.com,,,ASECONRTM,,,,,,,,,,,,,,,,,,,0,,,,,,,,,,,,,,,,,,,,,,,,,,,,,,
QUICARTXL,QUICK CARGO SERVICE GMBH,Company,,DETXL,QUICARTXL,,Commercial,,All Territories,,,,,,,,,,,,,,,,,,,,QUICARTXL,,,,,,,,,,,,,,,,,,,0,,,,,,,,,,,,,,,,,,,,,,,,,,,,,,
GLOCARTSN,GLOBE CARGO LOGISTICS (CHINA) LTD. TIANJIN OFFICE,Company,,CNTSN,GLOCARTSN,,Commercial,,All Territories,,,,,,,,,,,,,,,,,,,,GLOCARTSN,,,,,,,,,,,,,,,,,,,0,,,,,,,,,,,,,,,,,,,,,,,,,,,,,,
STASHIHPH,"STARLINE SHIPPING AGENCIES CO., LTD",Company,,VNHPH,STASHIHPH,,Commercial,,All Territories,,,,,,,,,,,,,,,,,,,,STASHIHPH,,,,documentation_hanoi@slaaviet.com,,,,,,,,,,,,,,,0,,,,,,,,,,,,,,,,,,,,,,,,,,,,,,
SKYCAREZE,SKY CARGO SRL,Company,,ARBUE,SKYCAREZE,,Commercial,,All Territories,,,,,,,,,,,,,,,,,,,,SKYCAREZE,,,,,,,,,,,,,,,,,,,0,,,,,,,,,,,,,,,,,,,,,,,,,,,,,,
IBERSLVLC,IBEROFORWARDERS S L,Company,,ESVLC,IBERSLVLC,,Commercial,,All Territories,,,,,,,,,,,,,,,,,,,,IBERSLVLC,,,,,,,,,,,,,,,,,,,0,,,,,,,,,,,,,,,,,,,,,,,,,,,,,,
PACGLOHKG,PACIFIC GLOBAL ASSOCIATION,Company,,HKHKG,PACGLOHKG,,Commercial,,All Territories,,,,,,,,,,,,,,,,,,,,PACGLOHKG,,,,winnie@pacificglobal.com,,,,,,,,,,,,,,,0,,,,,,,,,,,,,,,,,,,,,,,,,,,,,,
JESAUTCEB,JESSA AUTO SURPLUS CORPORATION,Company,,PHCEB,JESAUTCEB,,Commercial,,All Territories,,,,,,,,,,,,,,,,,,,,JESAUTCEB,,,,,,,,,,,,,,,,,,,0,,,,,,,,,,,,,,,,,,,,,,,,,,,,,,
IMADIGTYO,IMAGICA DIGIX INC,Company,,JPTYO,IMADIGTYO,,Commercial,,All Territories,,,,,,,,,,,,,,,,,,,,IMADIGTYO,,,,,,,,,,,,,,,,,,,0,,,,,,,,,,,,,,,,,,,,,,,,,,,,,,
ABCEURVIE,ABC EUROPEAN AIR & CARGO DIST. TRANSPORT GMBH,Company,,ATVIE,ABCEURVIE,,Commercial,,All Territories,,,,,,,,,,,,,,,,,,,,ABCEURVIE,,,,georg.rieschl@abc-airsea.com,,,,,,,,,,,,,,,0,,,,,,,,,,,,,,,,,,,,,,,,,,,,,,
NINUNISHG,NINGBO UNION PORT INTERNATIONAL LOGISTICS CO. LTD,Company,,CNSHG,NINUNISHG,,Commercial,,All Territories,,,,,,,,,,,,,,,,,,,,NINUNISHG,,,,,,,,,,,,,,,,,,,0,,,,,,,,,,,,,,,,,,,,,,,,,,,,,,
CAVINTYYZ,CAVALIER INTERNATIONAL,Company,,CAYYZ,CAVINTYYZ,,Commercial,,All Territories,,,,,,,,,,,,,,,,,,,,CAVINTYYZ,,,,,,,,,,,,,,,,,,,0,,,,,,,,,,,,,,,,,,,,,,,,,,,,,,
CONCARBOG,CONSOL CARGO,Company,,COBOG,CONCARBOG,,Commercial,,All Territories,,,,,,,,,,,,,,,,,www.consolcargo.com,,,CONCARBOG,,,,coordinacion@consolcargo.com,,,,,,,,,,,,,,,0,,,,,,,,,,,,,,,,,,,,,,,,,,,,,,
STRLSABRE,STRECK-LS AIRCARGO GMBH,Company,,DEBRE,STRLSABRE,,Commercial,,All Territories,,,,,,,,,,,,,,,,,,,,STRLSABRE,,,,,,,,,,,,,,,,,,,0,,,,,,,,,,,,,,,,,,,,,,,,,,,,,,
TRANSOSEA,"TRANSOPTIMA, INC.",Company,,USSEA,TRANSOSEA,,Commercial,,All Territories,,,,,,,,,,,,,,,,,,,,TRANSOSEA,,,,,,,,,,,,,,,,,,,0,,,,,,,,,,,,,,,,,,,,,,,,,,,,,,
UNIHKGAFE,UNITEX EXPO SOLUTION LIMITED,Company,,HKHKG,UNIHKGAFE,,Commercial,,All Territories,,,,,,,,,,,,,,,,,,,,UNIHKGAFE,,,,,,,,,,,,,,,,,,,0,,,,,,,,,,,,,,,,,,,,,,,,,,,,,,
ROCFREDAC,ROCK FREIGHT SYSTEMS LTD,Company,,BDDAC,ROCFREDAC,,Commercial,,All Territories,,,,,,,,,,,,,,,,,,,,ROCFREDAC,,,,,,,,,,,,,,,,,,,0,,,,,,,,,,,,,,,,,,,,,,,,,,,,,,
LONSAISZX,LONG SAIL INTERNATIONAL LOGISTICS,Company,,CNSZX,LONSAISZX,,Commercial,,All Territories,,,,,,,,,,,,,,,,,,,,LONSAISZX,,,,,,,,,,,,,,,,,,,0,,,,,,,,,,,,,,,,,,,,,,,,,,,,,,
DEUZOLTCI,DEUXMILLES ZOLI & TRANSPORT S.L.,Company,,ESTCI,DEUZOLTCI,,Commercial,,All Territories,,,,,,,,,,,,,,,,,,,,DEUZOLTCI,,,,,,,,,,,,,,,,,,,0,,,,,,,,,,,,,,,,,,,,,,,,,,,,,,
AIRFREBOM,AIRMARINE FREIGHT SERVICES PVT. LTD.,Company,,INBOM,AIRFREBOM,,Commercial,,All Territories,,,,,,,,,,,,,,,,,,,,AIRFREBOM,,,,,,,,,,,,,,,,,,,0,,,,,,,,,,,,,,,,,,,,,,,,,,,,,,
DOLLOGKWN,DOLPHIN LOGISTICS CO. LTD.,Company,,HKKWN,DOLLOGKWN,,Commercial,,All Territories,,,,,,,,,,,,,,,,,,,,DOLLOGKWN,,,,,,,,,,,,,,,,,,,0,,,,,,,,,,,,,,,,,,,,,,,,,,,,,,
HECNOR,HECKSHER NORWAY,Company,,NOOSL,HECNOR,,Commercial,,All Territories,,,,,,,,,,,,,,,,,,,,HECNOR,,,,,,,,,,,,,,,,,,,0,,,,,,,,,,,,,,,,,,,,,,,,,,,,,,
TCIINTXTN,TCI INTERNATIONAL LOGISTICS,Company,,FRTOG,TCIINTXTN,,Commercial,,All Territories,,,,,,,,,,,,,,,,,,,,TCIINTXTN,,,,,,,,,,,,,,,,,,,0,,,,,,,,,,,,,,,,,,,,,,,,,,,,,,
ALICUSCEB,ALIN CUSTOMS BROKERAGE,Company,,PHCEB,ALICUSCEB,,Commercial,,All Territories,,,,,,,,,,,,,,,,,,,,ALICUSCEB,,,,,,,,,,,,,,,,,,,0,,,,,,,,,,,,,,,,,,,,,,,,,,,,,,
PHICARDVO,PHIL. CARS SALES AND RENTAL SERVICES GENERAL CORP.,Company,,PHDVO,PHICARDVO,,Commercial,,All Territories,,,,,,,,,,,,,,,,,,,,PHICARDVO,,,,,,,,,,,,,,,,,,,0,,,,,,,,,,,,,,,,,,,,,,,,,,,,,,
FASGLOTPE,"FAST GLOBAL LOGISTICS CO., LTD",Company,,TWTPE,FASGLOTPE,,Commercial,,All Territories,,,,,,,,,,,,,,,,,,,,FASGLOTPE,,,,,,,,,,,,,,,,,,,0,,,,,,,,,,,,,,,,,,,,,,,,,,,,,,
UNISTAHKG,"UNI-STAR INTERNATIONAL FREIGHT FORWARDING (HK) CO., LIMITED",Company,,HKHKG,UNISTAHKG,,Commercial,,All Territories,,,,,,,,,,,,,,,,,,,,UNISTAHKG,,,,,,,,,,,,,,,,,,,0,,,,,,,,,,,,,,,,,,,,,,,,,,,,,,
STEFREISL,STEIN FREIGHT LOJISTIK A.S.,Company,,TRIST,STEFREISL,,Commercial,,All Territories,,,,,,,,,,,,,,,,,,,,STEFREISL,,,,,,,,,,,,,,,,,,,0,,,,,,,,,,,,,,,,,,,,,,,,,,,,,,
QUALOGITJ1,QUANTUM LOGISTICAL LTDA,Company,,BRITJ,QUALOGITJ1,,Commercial,,All Territories,,,,,,,,,,,,,,,,,,,,QUALOGITJ1,,,,,,,,,,,,,,,,,,,0,,,,,,,,,,,,,,,,,,,,,,,,,,,,,,
NINOCESZX,"NINE OCEAN INTERNATIONAL LOGISTICS CO., LTD",Company,,CNSZX,NINOCESZX,,Commercial,,All Territories,,,,,,,,,,,,,,,,,,,,NINOCESZX,,,,,,,,,,,,,,,,,,,0,,,,,,,,,,,,,,,,,,,,,,,,,,,,,,
COSJOISGN,COSFI JOINT VENTURE COMPANY,Company,,VNSGN,COSJOISGN,,Commercial,,All Territories,,,,,,,,,,,,,,,,,,,,COSJOISGN,,,,,,,,,,,,,,,,,,,0,,,,,,,,,,,,,,,,,,,,,,,,,,,,,,
MARLOJANK,MARS LOJISTIK ULUSLARARASı TASıMACILIK DEP. DAG.,Company,,TRANK,MARLOJANK,,Commercial,,All Territories,,,,,,,,,,,,,,,,,,,,MARLOJANK,,,,,,,,,,,,,,,,,,,0,,,,,,,,,,,,,,,,,,,,,,,,,,,,,,
HARLINCMB,HARBOUR LINES (PVT) LTD.,Company,,LKCMB,HARLINCMB,,Commercial,,All Territories,,,,,,,,,,,,,,,,,,,,HARLINCMB,,,,,,,,,,,,,,,,,,,0,,,,,,,,,,,,,,,,,,,,,,,,,,,,,,
KAMINTZRH,KAMINO INTERNATION TRANSPORTE A.G,Company,,CHZRH,KAMINTZRH,,Commercial,,All Territories,,,,,,,,,,,,,,,,,,,,KAMINTZRH,,,,,,,,,,,,,,,,,,,0,,,,,,,,,,,,,,,,,,,,,,,,,,,,,,
RITCARAMS,RITRA CARGO HOLLAND BV,Company,,NLAMS,RITCARAMS,,Commercial,,All Territories,,,,,,,,,,,,,,,,,,,,RITCARAMS,,,,,,,,,,,,,,,,,,,0,,,,,,,,,,,,,,,,,,,,,,,,,,,,,,
SATLOGHKG,SATNAV LOGISTICS LIMITED,Company,,HKHKG,SATLOGHKG,,Commercial,,All Territories,,,,,,,,,,,,,,,,,,,,SATLOGHKG,,,,,,,,,,,,,,,,,,,0,,,,,,,,,,,,,,,,,,,,,,,,,,,,,,
BONFINAFE,BONDS FINE ART LOGISTICS COMPANY LIMITED,Company,,HKHKG,BONFINAFE,,Commercial,,All Territories,,,,,,,,,,,,,,,,,,,,BONFINAFE,,,,joey.leung@bondsfineart.com,,,,,,,,,,,,,,,0,,,,,,,,,,,,,,,,,,,,,,,,,,,,,,
SHABEYSHA,SHANGHAI BEYOND SHIPPING CO. LTD.,Company,,CNSHA,SHABEYSHA,,Commercial,,All Territories,,,,,,,,,,,,,,,,,,,,SHABEYSHA,,,,outseadept@beyond-sh.com,,,,,,,,,,,,,,,0,,,,,,,,,,,,,,,,,,,,,,,,,,,,,,
MASPANPTY,MASTERLINE GROUP - PANAMA,Company,,PAPTY,MASPANPTY,,Commercial,,All Territories,,,,,,,,,,,,,,,,,,,,MASPANPTY,,,,,,,,,,,,,,,,,,,0,,,,,,,,,,,,,,,,,,,,,,,,,,,,,,
TRALINSIN,TRANS-LINK EXPRESS PTE. LTD.,Company,,SGSIN,TRALINSIN,,Commercial,,All Territories,,,,,,,,,,,,,,,,,,,,TRALINSIN,,,,translink_sgp@translink.com.sg,,,,,,,,,,,,,,,0,,,,,,,,,,,,,,,,,,,,,,,,,,,,,,
ALROBBDXB,AL ROBBAN SHIPPING AND FREIGHT SEVICE LLC,Company,,AEDXB,ALROBBDXB,,Commercial,,All Territories,,,,,,,,,,,,,,,,,,,,ALROBBDXB,,,,,,,,,,,,,,,,,,,0,,,,,,,,,,,,,,,,,,,,,,,,,,,,,,
NAVFORKWN,"NAVIGATOR FORWARDING CO., LTD.",Company,,HKKWN,NAVFORKWN,,Commercial,,All Territories,,,,,,,,,,,,,,,,,,,,NAVFORKWN,,,,,,,,,,,,,,,,,,,0,,,,,,,,,,,,,,,,,,,,,,,,,,,,,,
GUAWENCAN,GUANGZHOU WENHANG INT'L LOGISTICS CO. LTD.,Company,,CNCAN,GUAWENCAN,,Commercial,,All Territories,,,,,,,,,,,,,,,,,,,,GUAWENCAN,,,,,,,,,,,,,,,,,,,0,,,,,,,,,,,,,,,,,,,,,,,,,,,,,,
EXPOTRROM,EXPOTRANS SRL,Company,,ITROM,EXPOTRROM,,Commercial,,All Territories,,,,,,,,,,,,,,,,,,,,EXPOTRROM,,,,,,,,,,,,,,,,,,,0,,,,,,,,,,,,,,,,,,,,,,,,,,,,,,
ASGUSAMSP,ASG USA,Company,,USMSP,ASGUSAMSP,,Commercial,,All Territories,,,,,,,,,,,,,,,,,,,,ASGUSAMSP,,,,,,,,,,,,,,,,,,,0,,,,,,,,,,,,,,,,,,,,,,,,,,,,,,
CAYOPECAD,CAYCO - OPERADOR LOGISTICO,Company,,ESCAD,CAYOPECAD,,Commercial,,All Territories,,,,,,,,,,,,,,,,,,,,CAYOPECAD,,,,,,,,,,,,,,,,,,,0,,,,,,,,,,,,,,,,,,,,,,,,,,,,,,
CROVANTPE,"CROWN VAN LINES CO., LTD.",Company,,TWTPE,CROVANTPE,,Commercial,,All Territories,,,,,,,,,,,,,,,,,,,,CROVANTPE,,,,tessa@crownvan.com,,,,,,,,,,,,,,,0,,,,,,,,,,,,,,,,,,,,,,,,,,,,,,
SENINTSCL,SENATOR INTERNATIONAL CHILE S.A.,Company,,CLSCL,SENINTSCL,,Commercial,,All Territories,,,,,,,,,,,,,,,,,,,,SENINTSCL,,,,,,,,,,,,,,,,,,,0,,,,,,,,,,,,,,,,,,,,,,,,,,,,,,
KROINTHOU,KRONOZ INTERNACIONAL INC,Company,,USHOU,KROINTHOU,,Commercial,,All Territories,,,,,,,,,,,,,,,,,,,,KROINTHOU,,,,,,,,,,,,,,,,,,,0,,,,,,,,,,,,,,,,,,,,,,,,,,,,,,
WARYUDBKA,PT WARSUDHI YUDHA PUTRA,Company,,IDBKA,WARYUDBKA,,Commercial,,All Territories,,,,,,,,,,,,,,,,,,,,WARYUDBKA,,,+62218820642,,,,,,,,,,,,,,,,0,,,,,,,,,,,,,,,,,,,,,,,,,,,,,,
CHRMAISYD,CHROBIDRW (MAILING ADDRESS),Company,,AUSYD,CHRMAISYD,,Commercial,,All Territories,,,,,,,,,,,,,,,,,,,,CHRMAISYD,,,,,,,,,,,,,,,,,,,0,,,,,,,,,,,,,,,,,,,,,,,,,,,,,,
ALBGMBMAI,ALBATRANS GMBH,Company,,DEMAI,ALBGMBMAI,,Commercial,,All Territories,,,,,,,,,,,,,,,,,,,,ALBGMBMAI,,,,info@albatrans.de.com,,,,,,,,,,,,,,,0,,,,,,,,,,,,,,,,,,,,,,,,,,,,,,
NAMYOUSEL,"NAM YOUNG SHIPPING CO., LTD",Company,,KRSEL,NAMYOUSEL,,Commercial,,All Territories,,,,,,,,,,,,,,,,,,,,NAMYOUSEL,,,,,,,,,,,,,,,,,,,0,,,,,,,,,,,,,,,,,,,,,,,,,,,,,,
BRPARTITJ,BR PARTNERS LOGISTICA INTERNATIONAL LTDA,Company,,BRITJ,BRPARTITJ,,Commercial,,All Territories,,,,,,,,,,,,,,,,,,,,BRPARTITJ,,,,,,,,,,,,,,,,,,,0,,,,,,,,,,,,,,,,,,,,,,,,,,,,,,
DIAFORLON,DIAMOND FORWARDING LTD.,Company,,GBLON,DIAFORLON,,Commercial,,All Territories,,,,,,,,,,,,,,,,,,,,DIAFORLON,,,,smathieson@diamondair.net,,,,,,,,,,,,,,,0,,,,,,,,,,,,,,,,,,,,,,,,,,,,,,
DIDIGLSZX,"DI DI GLOBAL LOGISTICS CO.,LTD",Company,,CNSNZ,DIDIGLSZX,,Commercial,,All Territories,,,,,,,,,,,,,,,,,www.didi-global.com.cn,,,DIDIGLSZX,,,+8615980531369,shelley.chen@didi-global.net,,,,,,,,,,,,,,,0,,,,,,,,,,,,,,,,,,,,,,,,,,,,,,
BTGLWDAFE,BTG MESSE- SPEDITION GMBH,Company,,DELWD,BTGLWDAFE,,Commercial,,All Territories,,,,,,,,,,,,,,,,,,,,BTGLWDAFE,,,,dirk.kastenhofer@btg.de,,,,,,,,,,,,,,,0,,,,,,,,,,,,,,,,,,,,,,,,,,,,,,
SBSWORLON,SBS WORLDWIDE LTD.,Company,,GBLON,SBSWORLON,,Commercial,,All Territories,,,,,,,,,,,,,,,,,,,,SBSWORLON,,,+442076175095,,,,,,,,,,,,,,,,0,,,,,,,,,,,,,,,,,,,,,,,,,,,,,,
EXPFREBOM,EXPO FREIGHT PRIVATE LTD.,Company,,INBOM,EXPFREBOM,,Commercial,,All Territories,,,,,,,,,,,,,,,,,,,,EXPFREBOM,,,,ucl.bom@ucl-india.com,,,,,,,,,,,,,,,0,,,,,,,,,,,,,,,,,,,,,,,,,,,,,,
BOTINTFOS,"BOT INTERNATIONAL LOGISTICS CO., LTD",Company,,CNFOS,BOTINTFOS,,Commercial,,All Territories,,,,,,,,,,,,,,,,,,,,BOTINTFOS,,,,,,,,,,,,,,,,,,,0,,,,,,,,,,,,,,,,,,,,,,,,,,,,,,
HONLANZUH,"HONOUR LANE SHIPPING LTD - ZHUHAI, CHINA",Company,,CNZUH,HONLANZUH,,Commercial,,All Territories,,,,,,,,,,,,,,,,,,,,HONLANZUH,,,,,,,,,,,,,,,,,,,0,,,,,,,,,,,,,,,,,,,,,,,,,,,,,,
RYDCUSAKL,RYDERS CUSTOMS & FORWARDING LTD.,Company,,NZAKL,RYDCUSAKL,,Commercial,,All Territories,,,,,,,,,,,,,,,,,,,,RYDCUSAKL,,,,,,,,,,,,,,,,,,,0,,,,,,,,,,,,,,,,,,,,,,,,,,,,,,
VINTRASZX,VINFLAIR TRANSPORT LTD SHENZHEN OFFICE,Company,,CNSNZ,VINTRASZX,,Commercial,,All Territories,,,,,,,,,,,,,,,,,,,,VINTRASZX,,,,,,,,,,,,,,,,,,,0,,,,,,,,,,,,,,,,,,,,,,,,,,,,,,
INTFRESWK,INTERNATIONAL FREIGHT COMPANY,Company,,KWSWK,INTFRESWK,,Commercial,,All Territories,,,,,,,,,,,,,,,,,,,,INTFRESWK,,,,sales@aaaifc.com,,,,,,,,,,,,,,,0,,,,,,,,,,,,,,,,,,,,,,,,,,,,,,
MARHAVHAY,MARS HAVA VE DENIZ KARGO TASIMACILIGI A.S.,Company,,TRHAY,MARHAVHAY,,Commercial,,All Territories,,,,,,,,,,,,,,,,,,,,MARHAVHAY,,,,,,,,,,,,,,,,,,,0,,,,,,,,,,,,,,,,,,,,,,,,,,,,,,
STALOGSUB,PT. STARLINE LOGISTICS,Company,,IDSUB,STALOGSUB,,Commercial,,All Territories,,,,,,,,,,,,,,,,,,,,STALOGSUB,,,,,,,,,,,,,,,,,,,0,,,,,,,,,,,,,,,,,,,,,,,,,,,,,,
ALBATRMDZ,ALBATRANS,Company,,ARMDZ,ALBATRMDZ,,Commercial,,All Territories,,,,,,,,,,,,,,,,,,,,ALBATRMDZ,,,,,,,,,,,,,,,,,,,0,,,,,,,,,,,,,,,,,,,,,,,,,,,,,,
HONLANSHA,HONOUR LANE SHIPPING -SHNAGHAI BRANCH,Company,,CNSHA,HONLANSHA,,Commercial,,All Territories,,,,,,,,,,,,,,,,,,,,HONLANSHA,,,,,,,,,,,,,,,,,,,0,,,,,,,,,,,,,,,,,,,,,,,,,,,,,,
BANINTSHA,BANSARD INTERNATIONAL,Company,,CNSHA,BANINTSHA,,Commercial,,All Territories,,,,,,,,,,,,,,,,,,,,BANINTSHA,,,,,,,,,,,,,,,,,,,0,,,,,,,,,,,,,,,,,,,,,,,,,,,,,,
MIDAMELFSFO,"MID-AMERICA OVERSEAS,INC.(OFF/WAREHSE)",Company,,USSFO,MIDAMELFSFO,,Commercial,,All Territories,,,,,,,,,,,,,,,,,,,,MIDAMELFSFO,,,,mao_sfo@maoinc.com,,,,,,,,,,,,,,,0,,,,,,,,,,,,,,,,,,,,,,,,,,,,,,
EVEBRIDOH,EVER BRITE SHIPPING & LOGISTICS CO,Company,,QADOH,EVEBRIDOH,,Commercial,,All Territories,,,,,,,,,,,,,,,,,,,,EVEBRIDOH,,,+97455617580,marketing@everbriteqatar.com,,,,,,,,,,,,,,,0,,,,,,,,,,,,,,,,,,,,,,,,,,,,,,
JIAEVESZX,JIANGSU EVER-OK INT'L FORWARDING CO LTD,Company,,CNSZX,JIAEVESZX,,Commercial,,All Territories,,,,,,,,,,,,,,,,,,,,JIAEVESZX,,,,,,,,,,,,,,,,,,,0,,,,,,,,,,,,,,,,,,,,,,,,,,,,,,
ATEAIRBRE,ATEGE AIR/SEA,Company,,DEBRE,ATEAIRBRE,,Commercial,,All Territories,,,,,,,,,,,,,,,,,,,,ATEAIRBRE,,,,rainer.drechsler@atege.e-mail.com,,,,,,,,,,,,,,,0,,,,,,,,,,,,,,,,,,,,,,,,,,,,,,
ASIOCESIN,ASIA OCEANIC CONTAINER LINE,Company,,SGSIN,ASIOCESIN,,Commercial,,All Territories,,,,,,,,,,,,,,,,,,,,ASIOCESIN,,,,seok.omm@aocl.com.sg,,,,,,,,,,,,,,,0,,,,,,,,,,,,,,,,,,,,,,,,,,,,,,
VIAMATNYC,VIA MAT INTERNATIONAL (USA) INC.,Company,,USNYC,VIAMATNYC,,Commercial,,All Territories,,,,,,,,,,,,,,,,,,,,VIAMATNYC,,,,,,,,,,,,,,,,,,,0,,,,,,,,,,,,,,,,,,,,,,,,,,,,,,
KARGROBRE,KARL GROSS INTL SPEDITION GMBH,Company,,DEBRE,KARGROBRE,,Commercial,,All Territories,,,,,,,,,,,,,,,,,,,,KARGROBRE,,,,Info@KarlGross.de,,,,,,,,,,,,,,,0,,,,,,,,,,,,,,,,,,,,,,,,,,,,,,
PEGGLONRT,"PEGASUS GLOBAL EXPRESS CO., LTD",Company,,JPNRT,PEGGLONRT,,Commercial,,All Territories,,,,,,,,,,,,,,,,,www.pegasus-group.com,,,PEGGLONRT,,,+81335226056,,,,,,,,,,,,,,,,0,,,,,,,,,,,,,,,,,,,,,,,,,,,,,,
GLOCARSZX,GLOBE CARGO LOGISTICS (SHENZHEN),Company,,CNSZX,GLOCARSZX,,Commercial,,All Territories,,,,,,,,,,,,,,,,,,,,GLOCARSZX,,,,,,,,,,,,,,,,,,,0,,,,,,,,,,,,,,,,,,,,,,,,,,,,,,
MISLOGTSN,MIS LOGISTICS (TIANJIN) CO. LTD.,Company,,CNTSN,MISLOGTSN,,Commercial,,All Territories,,,,,,,,,,,,,,,,,,,,MISLOGTSN,,,+862223324032,home@tsn.intergroup.biz,,,,,,,,,,,,,,,0,,,,,,,,,,,,,,,,,,,,,,,,,,,,,,
UNILOGSEL,UNITED LOGISTICS SDN BHD,Company,,MYSEL,UNILOGSEL,,Commercial,,All Territories,,,,,,,,,,,,,,,,,,,,UNILOGSEL,,,,,,,,,,,,,,,,,,,0,,,,,,,,,,,,,,,,,,,,,,,,,,,,,,
SANINTCAN,SANCO INTERNATIONAL LOGISTICS LTD. GUANGZHOU,Company,,CNGGZ,SANINTCAN,,Commercial,,All Territories,,,,,,,,,,,,,,,,,,,,SANINTCAN,,,,,,,,,,,,,,,,,,,0,,,,,,,,,,,,,,,,,,,,,,,,,,,,,,
SUPTRAHKG,SUPERSPEED TRANSPORTATION LTD.,Company,,HKHKG,SUPTRAHKG,,Commercial,,All Territories,,,,,,,,,,,,,,,,,,,,SUPTRAHKG,,,852-9091-806,ssphkg3@citimail.com,,,,,,,,,,,,,,,0,,,,,,,,,,,,,,,,,,,,,,,,,,,,,,
NEXSRLVCE,NEXT SRL,Company,,ITVCE,NEXSRLVCE,,Commercial,,All Territories,,,,,,,,,,,,,,,,,,,,NEXSRLVCE,,,,,,,,,,,,,,,,,,,0,,,,,,,,,,,,,,,,,,,,,,,,,,,,,,
SFTGONLES,S.F.T. GONRAND FRERES,Company,,FRLES,SFTGONLES,,Commercial,,All Territories,,,,,,,,,,,,,,,,,,,,SFTGONLES,,,,,,,,,,,,,,,,,,,0,,,,,,,,,,,,,,,,,,,,,,,,,,,,,,
TOPWORSEL,TOPLAS WORLD LOGISTICS,Company,,KRSEL,TOPWORSEL,,Commercial,,All Territories,,,,,,,,,,,,,,,,,,,,TOPWORSEL,,,,,,,,,,,,,,,,,,,0,,,,,,,,,,,,,,,,,,,,,,,,,,,,,,
ANKINTSUM,"ANKER INTERNATIONAL, LLC",Company,,USSUM,ANKINTSUM,,Commercial,,All Territories,,,,,,,,,,,,,,,,,,,,ANKINTSUM,,,,,,,,,,,,,,,,,,,0,,,,,,,,,,,,,,,,,,,,,,,,,,,,,,
STULOGBRE,STUTE LOGISTICS GMBH,Company,,DEBRE,STULOGBRE,,Commercial,,All Territories,,,,,,,,,,,,,,,,,www.stute.de,,,STULOGBRE,,,,info@stute.de,,,,,,,,,,,,,,,0,,,,,,,,,,,,,,,,,,,,,,,,,,,,,,
ITENLCOSO,ITELLA NLC (RUSSIA),Company,,RUOSO,ITENLCOSO,,Commercial,,All Territories,,,,,,,,,,,,,,,,,,,,ITENLCOSO,,,,,,,,,,,,,,,,,,,0,,,,,,,,,,,,,,,,,,,,,,,,,,,,,,
CHRPERAFE,CH ROBINSON,Company,,AUPER,CHRPERAFE,,Commercial,,All Territories,,,,,,,,,,,,,,,,,,,,CHRPERAFE,,,,steve.taurua@chrobinson.com,,,,,,,,,,,,,,,0,,,,,,,,,,,,,,,,,,,,,,,,,,,,,,
NABSINAFE,NABTESCO MARINE SERVICE (S) PTE LTD,Company,,SGSIN,NABSINAFE,,Commercial,,All Territories,,,,,,,,,,,,,,,,,,,,NABSINAFE,,,,,,,,,,,,,,,,,,,0,,,,,,,,,,,,,,,,,,,,,,,,,,,,,,
UNILOGBLR,UNITEX LOGISTICS INDIA PVT. LTD,Company,,INBLR,UNILOGBLR,,Commercial,,All Territories,,,,,,,,,,,,,,,,,,,,UNILOGBLR,,,,,,,,,,,,,,,,,,,0,,,,,,,,,,,,,,,,,,,,,,,,,,,,,,
MAPINTLON,MAPCARGO INTERNATIONAL LTD.,Company,,GBLON,MAPINTLON,,Commercial,,All Territories,,,,,,,,,,,,,,,,,,,,MAPINTLON,,,,,,,,,,,,,,,,,,,0,,,,,,,,,,,,,,,,,,,,,,,,,,,,,,
DACHSECGN,DACHSER SE,Company,,DECGN,DACHSECGN,,Commercial,,All Territories,,,,,,,,,,,,,,,,,,,,DACHSECGN,,,,Timo.Pauls@dachser.com,,,,,,,,,,,,,,,0,,,,,,,,,,,,,,,,,,,,,,,,,,,,,,
NAFFCOJEA,NAFFCO,Company,,AEJEA,NAFFCOJEA,,Commercial,,All Territories,,,,,,,,,,,,,,,,,,,,NAFFCOJEA,,,,myra@naffco.com,,,,,,,,,,,,,,,0,,,,,,,,,,,,,,,,,,,,,,,,,,,,,,
UNIAIRDUB,UNITED AIR & SEA FREIGHT SERVICES LIMITED,Company,,IEDUB,UNIAIRDUB,,Commercial,,All Territories,,,,,,,,,,,,,,,,,,,,UNIAIRDUB,,,,,,,,,,,,,,,,,,,0,,,,,,,,,,,,,,,,,,,,,,,,,,,,,,
RISLOGDLC,RISINGSUN LOGISTICS (DALIAN) CO. LTD.,Company,,CNDLC,RISLOGDLC,,Commercial,,All Territories,,,,,,,,,,,,,,,,,,,,RISLOGDLC,,,,,,,,,,,,,,,,,,,0,,,,,,,,,,,,,,,,,,,,,,,,,,,,,,
TOPSPEBKK,TOP SPEED AGENCIES (THAILAND) LTD,Company,,THBKK,TOPSPEBKK,,Commercial,,All Territories,,,,,,,,,,,,,,,,,,,,TOPSPEBKK,,,,,,,,,,,,,,,,,,,0,,,,,,,,,,,,,,,,,,,,,,,,,,,,,,
JOEFASPKG,JOE FAST LOGISTICS (M) SDN BHD,Company,,MYPKG,JOEFASPKG,,Commercial,,All Territories,,,,,,,,,,,,,,,,,,,,JOEFASPKG,,,+60123759132,,,,,,,,,,,,,,,,0,,,,,,,,,,,,,,,,,,,,,,,,,,,,,,
ALBSPAFNZ,ALBATRANS S.P.A.,Company,,ITFNZ,ALBSPAFNZ,,Commercial,,All Territories,,,,,,,,,,,,,,,,,,,,ALBSPAFNZ,,,,alba30@albatrans.com,,,,,,,,,,,,,,,0,,,,,,,,,,,,,,,,,,,,,,,,,,,,,,
TARLOGHKG,TARGET LOGISTICS SERVICES,Company,,HKHKG,TARLOGHKG,,Commercial,,All Territories,,,,,,,,,,,,,,,,,,,,TARLOGHKG,,,,hkg.sales@targetlogistics.com,,,,,,,,,,,,,,,0,,,,,,,,,,,,,,,,,,,,,,,,,,,,,,
HONCENHKG,HONGKONG CENTURY EXPRESS FT LOGISTICS CO,Company,,HKHKG,HONCENHKG,,Commercial,,All Territories,,,,,,,,,,,,,,,,,,,,HONCENHKG,,,,,,,,,,,,,,,,,,,0,,,,,,,,,,,,,,,,,,,,,,,,,,,,,,
PTSUMMJKT,PT SUMBER MITRA SAMUDERA,Company,,IDJKT,PTSUMMJKT,,Commercial,,All Territories,,,,,,,,,,,,,,,,,,,,PTSUMMJKT,,,,smsind@indosat.net.id,,,,,,,,,,,,,,,0,,,,,,,,,,,,,,,,,,,,,,,,,,,,,,
EXHEXHAFE,EXHILOG – EXHIBITIONS & PROJECTS,Company,,ILTLV,EXHEXHAFE,,Commercial,,All Territories,,,,,,,,,,,,,,,,,,,,EXHEXHAFE,,,,revital.h@exhilog.com,,,,,,,,,,,,,,,0,,,,,,,,,,,,,,,,,,,,,,,,,,,,,,
ISAINTPJA,ISA INTERGROUP AGENCIES (MALAYSIA) SDN BHD,Company,,MYPJA,ISAINTPJA,,Commercial,,All Territories,,,,,,,,,,,,,,,,,,,,ISAINTPJA,,,,,,,,,,,,,,,,,,,0,,,,,,,,,,,,,,,,,,,,,,,,,,,,,,
STIGONBRU,S.T.I GONDRAND FRERES SA/NV,Company,,BEBRU,STIGONBRU,,Commercial,,All Territories,,,,,,,,,,,,,,,,,,,,STIGONBRU,,,,,,,,,,,,,,,,,,,0,,,,,,,,,,,,,,,,,,,,,,,,,,,,,,
RCRMARCEB,RCR MARKETING,Company,,PHCEB,RCRMARCEB,,Commercial,,All Territories,,,,,,,,,,,,,,,,,,,,RCRMARCEB,,,,,,,,,,,,,,,,,,,0,,,,,,,,,,,,,,,,,,,,,,,,,,,,,,
NANHONSHA,NANJING HONGKANG INT'L. FREIGHT LTD. SHANGHAI BRAN,Company,,CNSHA,NANHONSHA,,Commercial,,All Territories,,,,,,,,,,,,,,,,,,,,NANHONSHA,,,,,,,,,,,,,,,,,,,0,,,,,,,,,,,,,,,,,,,,,,,,,,,,,,
SUPCARSGN,"SUPER CARGO SERVICE CO., LTD",Company,,VNSGN,SUPCARSGN,,Commercial,,All Territories,,,,,,,,,,,,,,,,,,,,SUPCARSGN,,,,,,,,,,,,,,,,,,,0,,,,,,,,,,,,,,,,,,,,,,,,,,,,,,
LKGLOBPGU,LK GLOBAL SHIPPINGS (M) SDN BHD,Company,,MYPGU,LKGLOBPGU,,Commercial,,All Territories,,,,,,,,,,,,,,,,,,,,LKGLOBPGU,,,,,,,,,,,,,,,,,,,0,,,,,,,,,,,,,,,,,,,,,,,,,,,,,,
JCLTRAHKG,JCL TRANSPORT AND LOGISTICS LTD.,Company,,HKHKG,JCLTRAHKG,,Commercial,,All Territories,,,,,,,,,,,,,,,,,,,,JCLTRAHKG,,,,,,,,,,,,,,,,,,,0,,,,,,,,,,,,,,,,,,,,,,,,,,,,,,
CHIRAISHA,CHINA RAILWAY EXPRESS,Company,,CNSHA,CHIRAISHA,,Commercial,,All Territories,,,,,,,,,,,,,,,,,,,,CHIRAISHA,,,,,,,,,,,,,,,,,,,0,,,,,,,,,,,,,,,,,,,,,,,,,,,,,,
ASECONDUR,ASECO CONTAINER SERVICES (PTY) LTD,Company,,ZADUR,ASECONDUR,,Commercial,,All Territories,,,,,,,,,,,,,,,,,,,,ASECONDUR,,,,,,,,,,,,,,,,,,,0,,,,,,,,,,,,,,,,,,,,,,,,,,,,,,
TRICARCAI,TRISTAR CARGO SYSTEM CARGO AGENTS &,Company,,EGCAI,TRICARCAI,,Commercial,,All Territories,,,,,,,,,,,,,,,,,www.tristarcargo.com,,,TRICARCAI,,,,,,,,,,,,,,,,,,,0,,,,,,,,,,,,,,,,,,,,,,,,,,,,,,
MIDAMESHA,MID-AMERICA OVERSEAS (CHINA),Company,,CNSHA,MIDAMESHA,,Commercial,,All Territories,,,,,,,,,,,,,,,,,,,,MIDAMESHA,,,,mao_sha@maoinc.com,,,,,,,,,,,,,,,0,,,,,,,,,,,,,,,,,,,,,,,,,,,,,,
NOALOGPEN,NOATUM LOGISTICS MALAYSIA SDN BHD,Company,,MYPEN,NOALOGPEN,,Commercial,,All Territories,,,,,,,,,,,,,,,,,,,,NOALOGPEN,,,,,,,,,,,,,,,,,,,0,,,,,,,,,,,,,,,,,,,,,,,,,,,,,,
SCHENKDXB,SCHENKER LLC,Company,,AEDXB,SCHENKDXB,,Commercial,,All Territories,,,,,,,,,,,,,,,,,,,,SCHENKDXB,,,,ranim.adib@dbschenker.com,,,,,,,,,,,,,,,0,,,,,,,,,,,,,,,,,,,,,,,,,,,,,,
MATINTCDG,MATHEZ INTERNATIONAL FREIGHT FORWARDER,Company,,FRCDG,MATINTCDG,,Commercial,,All Territories,,,,,,,,,,,,,,,,,,,,MATINTCDG,,,,,,,,,,,,,,,,,,,0,,,,,,,,,,,,,,,,,,,,,,,,,,,,,,
CLASQUITA,CLASQUIN ITALIA S.R.L.,Company,,ITMIL,CLASQUITA,,Commercial,,All Territories,,,,,,,,,,,,,,,,,,,,CLASQUITA,,,,adelaide.forcella@mil.clasquin.com,,,,,,,,,,,,,,,0,,,,,,,,,,,,,,,,,,,,,,,,,,,,,,
DYNSHIKHI,DYNAMIC SHIPPING AGENCIES (PVT.) LIMITED,Company,,PKKHI,DYNSHIKHI,,Commercial,,All Territories,,,,,,,,,,,,,,,,,,,,DYNSHIKHI,,,,,,,,,,,,,,,,,,,0,,,,,,,,,,,,,,,,,,,,,,,,,,,,,,
COSSRLVCE,COSMOS SRL,Company,,ITVCE,COSSRLVCE,,Commercial,,All Territories,,,,,,,,,,,,,,,,,,,,COSSRLVCE,,,,,,,,,,,,,,,,,,,0,,,,,,,,,,,,,,,,,,,,,,,,,,,,,,
AWOGLONJG,AWOT GLOBAL CORPORATION NANJING BRANCH,Company,,CNNJG,AWOGLONJG,,Commercial,,All Territories,,,,,,,,,,,,,,,,,,,,AWOGLONJG,,,,,,,,,,,,,,,,,,,0,,,,,,,,,,,,,,,,,,,,,,,,,,,,,,
ALPHATODS,ALPHATRANS LTD.,Company,,UAODS,ALPHATODS,,Commercial,,All Territories,,,,,,,,,,,,,,,,,,,,ALPHATODS,,,,kharlan@alphatrans.ua,,,,,,,,,,,,,,,0,,,,,,,,,,,,,,,,,,,,,,,,,,,,,,
SHAUNITSHA,SHANGHAI UNITED INT'L FREIGHT CO. LTD,Company,,CNSHA,SHAUNITSHA,,Commercial,,All Territories,,,,,,,,,,,,,,,,,,,,SHAUNITSHA,,,,,,,,,,,,,,,,,,,0,,,,,,,,,,,,,,,,,,,,,,,,,,,,,,
INTNEDAMS,INTERTRANS NEDERLAND BV,Company,,NLAMS,INTNEDAMS,,Commercial,,All Territories,,,,,,,,,,,,,,,,,,,,INTNEDAMS,,,,,,,,,,,,,,,,,,,0,,,,,,,,,,,,,,,,,,,,,,,,,,,,,,
DONNAMSEL,DONG NAM EXPRESS LTD OB/ GREENFOX CO LTD,Company,,KRSEL,DONNAMSEL,,Commercial,,All Territories,,,,,,,,,,,,,,,,,,,,DONNAMSEL,,,,,,,,,,,,,,,,,,,0,,,,,,,,,,,,,,,,,,,,,,,,,,,,,,
HPLOGISGN,HP LOGISTICS JSC HCM BRANCH,Company,,VNSGN,HPLOGISGN,,Commercial,,All Territories,,,,,,,,,,,,,,,,,,,,HPLOGISGN,,,,,,,,,,,,,,,,,,,0,,,,,,,,,,,,,,,,,,,,,,,,,,,,,,
TAICONAFE,TAIPEI CONTEMPORARY ART CENTER,Company,,TWTPE,TAICONAFE,,Commercial,,All Territories,,,,,,,,,,,,,,,,,,,,TAICONAFE,,,,office@tcac.tw,,,,,,,,,,,,,,,0,,,,,,,,,,,,,,,,,,,,,,,,,,,,,,
FSLLOGPKG,FSL LOGISTICS (M) SDN BHD - MALAYSIA,Company,,MYPKG,FSLLOGPKG,,Commercial,,All Territories,,,,,,,,,,,,,,,,,,,,FSLLOGPKG,,,,,,,,,,,,,,,,,,,0,,,,,,,,,,,,,,,,,,,,,,,,,,,,,,
TOPPRONGB,TOP PROCARGO CO. LTD.,Company,,CNNBO,TOPPRONGB,,Commercial,,All Territories,,,,,,,,,,,,,,,,,,,,TOPPRONGB,,,,,,,,,,,,,,,,,,,0,,,,,,,,,,,,,,,,,,,,,,,,,,,,,,
MIDAMEEWR,"MID-AMERICA OVERSEAS, INC.(NYC/NEWARK)",Company,,USEWR,MIDAMEEWR,,Commercial,,All Territories,,,,,,,,,,,,,,,,,,,,MIDAMEEWR,,,,mao_ewr@maoinc.com,,,,,,,,,,,,,,,0,,,,,,,,,,,,,,,,,,,,,,,,,,,,,,
KUHNAGMUC,KÜHNE + NAGEL (AG & CO.) KG,Company,,DEMUC,KUHNAGMUC,,Commercial,,All Territories,,,,,,,,,,,,,,,,,,,,KUHNAGMUC,,,,,,,,,,,,,,,,,,,0,,,,,,,,,,,,,,,,,,,,,,,,,,,,,,
WINCOLSGN,"WINDLOGS CO.,LTD",Company,,VNSGN,WINCOLSGN,,Commercial,,All Territories,,,,,,,,,,,,,,,,,,,,WINCOLSGN,,,,,,,,,,,,,,,,,,,0,,,,,,,,,,,,,,,,,,,,,,,,,,,,,,
TIMLOGSEK,TIM LOGISTICS (M) SDN BHD,Company,,MYSEK,TIMLOGSEK,,Commercial,,All Territories,,,,,,,,,,,,,,,,,,,,TIMLOGSEK,,,,,,,,,,,,,,,,,,,0,,,,,,,,,,,,,,,,,,,,,,,,,,,,,,
VANIBELIS,"VANESP IBERICA -TRANSITARIOS, S.A",Company,,PTLIS,VANIBELIS,,Commercial,,All Territories,,,,,,,,,,,,,,,,,www.vanesp.com,,,VANIBELIS,,,,info.iberica@canesp.com,,,,,,,,,,,,,,,0,,,,,,,,,,,,,,,,,,,,,,,,,,,,,,
TRAGLOBCN,TRANSCOMA GLOBAL LOGISTICS S.A,Company,,ESBCN,TRAGLOBCN,,Commercial,,All Territories,,,,,,,,,,,,,,,,,,,,TRAGLOBCN,,,,,,,,,,,,,,,,,,,0,,,,,,,,,,,,,,,,,,,,,,,,,,,,,,
SAVDELMEL,SAVINO DEL BENE AUSTRALIA PTY LTD,Company,,AUMEL,SAVDELMEL,,Commercial,,All Territories,,,,,,,,,,,,,,,,,,,,SAVDELMEL,,,,,,,,,,,,,,,,,,,0,,,,,,,,,,,,,,,,,,,,,,,,,,,,,,
RESFRESIN,RESOURCES FREIGHT PTE LTD.,Company,,SGSIN,RESFRESIN,,Commercial,,All Territories,,,,,,,,,,,,,,,,,,,,RESFRESIN,,,,,,,,,,,,,,,,,,,0,,,,,,,,,,,,,,,,,,,,,,,,,,,,,,
KAMINTBOS,KAMINO INTERNATIONAL TRANSPORT INC.,Company,,USBOS,KAMINTBOS,,Commercial,,All Territories,,,,,,,,,,,,,,,,,,,,KAMINTBOS,,,,,,,,,,,,,,,,,,,0,,,,,,,,,,,,,,,,,,,,,,,,,,,,,,
SEALOGXMN,SEAWAY LOGISTICS LTD. XIAMEN,Company,,CNXMN,SEALOGXMN,,Commercial,,All Territories,,,,,,,,,,,,,,,,,www.xmseawayz.com.cn,,,SEALOGXMN,,,+865923861132,,,,,,,,,,,,,,,,0,,,,,,,,,,,,,,,,,,,,,,,,,,,,,,
KAMINTSZX,KAMINO INTERNATIONAL TRANSPORT LTD.,Company,,CNSZX,KAMINTSZX,,Commercial,,All Territories,,,,,,,,,,,,,,,,,,,,KAMINTSZX,,,,,,,,,,,,,,,,,,,0,,,,,,,,,,,,,,,,,,,,,,,,,,,,,,
SEATRAHAM,SEABRIDGE TRANSPORT GMBH,Company,,DEHAM,SEATRAHAM,,Commercial,,All Territories,,,,,,,,,,,,,,,,,,,,SEATRAHAM,,,,hagedorn@seabridge.de,,,,,,,,,,,,,,,0,,,,,,,,,,,,,,,,,,,,,,,,,,,,,,
ASECONOSL,ASECO CONTAINER SERVICES AS,Company,,NOOSL,ASECONOSL,,Commercial,,All Territories,,,,,,,,,,,,,,,,,,,,ASECONOSL,,,,,,,,,,,,,,,,,,,0,,,,,,,,,,,,,,,,,,,,,,,,,,,,,,
MONVGLSIN,MONDIALE VGL SINGAPORE PTE LTD,Company,,SGSIN,MONVGLSIN,,Commercial,,All Territories,,,,,,,,,,,,,,,,,,,,MONVGLSIN,,,,,,,,,,,,,,,,,,,0,,,,,,,,,,,,,,,,,,,,,,,,,,,,,,
UNILOGMAA,UNITEX LOGISTICS INDIA PVT LTD.,Company,,INMAA,UNILOGMAA,,Commercial,,All Territories,,,,,,,,,,,,,,,,,,,,UNILOGMAA,,,,bdd1.maa@unitexlogistics.in,,,,,,,,,,,,,,,0,,,,,,,,,,,,,,,,,,,,,,,,,,,,,,
OSSWORSYD,OSS WORLD WIDE MOVERS PTY LTD,Company,,AUSYD,OSSWORSYD,,Commercial,,All Territories,,,,,,,,,,,,,,,,,,,,OSSWORSYD,,,,imports@ossworldwide.com,,,,,,,,,,,,,,,0,,,,,,,,,,,,,,,,,,,,,,,,,,,,,,
TOWAIRNRT,TOWA AIR TRANSPORT SYSTEM LTD.,Company,,JPTYO,TOWAIRNRT,,Commercial,,All Territories,,,,,,,,,,,,,,,,,,,,TOWAIRNRT,,,,,,,,,,,,,,,,,,,0,,,,,,,,,,,,,,,,,,,,,,,,,,,,,,
HONLANCAN,HONOUR LANE SHIPPING LTD - GUANZHOU,Company,,CNCAN,HONLANCAN,,Commercial,,All Territories,,,,,,,,,,,,,,,,,,,,HONLANCAN,,,,,,,,,,,,,,,,,,,0,,,,,,,,,,,,,,,,,,,,,,,,,,,,,,
UCLLOGCMB,UCL LOGISTICS ( PVT) LTD,Company,,LKCMB,UCLLOGCMB,,Commercial,,All Territories,,,,,,,,,,,,,,,,,http://www.ucllogistics.com,,,UCLLOGCMB,,,,,,,,,,,,,,,,,,,0,,,,,,,,,,,,,,,,,,,,,,,,,,,,,,
SEAGSAATH,SEAGULL S.A.,Company,,GRATH,SEAGSAATH,,Commercial,,All Territories,,,,,,,,,,,,,,,,,www.seagull-worldwide.com,,,SEAGSAATH,,,,tzygogiannis@seagull.gr,,,,,,,,,,,,,,,0,,,,,,,,,,,,,,,,,,,,,,,,,,,,,,
SHAINTTAO,SHARP INTERNATIONAL CARGO SERVICES LTD,Company,,CNTAO,SHAINTTAO,,Commercial,,All Territories,,,,,,,,,,,,,,,,,,,,SHAINTTAO,,,,linda@sisharp.com.cn,,,,,,,,,,,,,,,0,,,,,,,,,,,,,,,,,,,,,,,,,,,,,,
PEICONWUX,PEIKKO CONSTRUCTION ACCESSORIES (ZHANGJIAGANG),Company,,CNWUX,PEICONWUX,,Commercial,,All Territories,,,,,,,,,,,,,,,,,,,,PEICONWUX,,,,,,,,,,,,,,,,,,,0,,,,,,,,,,,,,,,,,,,,,,,,,,,,,,
SPEINTVIE,SPETRANS INTERNATIONALE TRANSPORTE,Company,,ATVIE,SPEINTVIE,,Commercial,,All Territories,,,,,,,,,,,,,,,,,,,,SPEINTVIE,,,,,,,,,,,,,,,,,,,0,,,,,,,,,,,,,,,,,,,,,,,,,,,,,,
INTEXHGVA,INTERNATIONAL EXHIBITION LOGISTICS ASSOCIATION,Company,,CHGVA,INTEXHGVA,,Commercial,,All Territories,,,,,,,,,,,,,,,,,,,,INTEXHGVA,,,,,,,,,,,,,,,,,,,0,,,,,,,,,,,,,,,,,,,,,,,,,,,,,,
EURSHIMAN,EUROPRIM SHIPPING SRL,Company,,ROMAN,EURSHIMAN,,Commercial,,All Territories,,,,,,,,,,,,,,,,,,,,EURSHIMAN,,,,,,,,,,,,,,,,,,,0,,,,,,,,,,,,,,,,,,,,,,,,,,,,,,
YCHLOGYHKG,YCH LOGISTICS (HONG KONG) LTD | YCH GROUP,Company,,HKHKG,YCHLOGYHKG,,Commercial,,All Territories,,,,,,,,,,,,,,,,,,,,YCHLOGYHKG,,,,,,,,,,,,,,,,,,,0,,,,,,,,,,,,,,,,,,,,,,,,,,,,,,
GONFRELIL,GONDRAND FRERES,Company,,FRLIL,GONFRELIL,,Commercial,,All Territories,,,,,,,,,,,,,,,,,,,,GONFRELIL,,,,,,,,,,,,,,,,,,,0,,,,,,,,,,,,,,,,,,,,,,,,,,,,,,
LIOLOGSHA,LIONS LOGISTICS LIMITED,Company,,CNSHA,LIOLOGSHA,,Commercial,,All Territories,,,,,,,,,,,,,,,,,,,,LIOLOGSHA,,,,,,,,,,,,,,,,,,,0,,,,,,,,,,,,,,,,,,,,,,,,,,,,,,
NAVCARFOA,NAVISER CARGO C.A,Company,,USFOA,NAVCARFOA,,Commercial,,All Territories,,,,,,,,,,,,,,,,,,,,NAVCARFOA,,,,info@naviser.net,,,,,,,,,,,,,,,0,,,,,,,,,,,,,,,,,,,,,,,,,,,,,,
HEMINTCMB,HEMAS INTERNATIONAL FREIGHT,Company,,LKCMB,HEMINTCMB,,Commercial,,All Territories,,,,,,,,,,,,,,,,,,,,HEMINTCMB,,,,,,,,,,,,,,,,,,,0,,,,,,,,,,,,,,,,,,,,,,,,,,,,,,
STRTRAMUC,STRECK TRANSPORT GMBH,Company,,DEMUC,STRTRAMUC,,Commercial,,All Territories,,,,,,,,,,,,,,,,,,,,STRTRAMUC,,,,,,,,,,,,,,,,,,,0,,,,,,,,,,,,,,,,,,,,,,,,,,,,,,
APTSINAFE,APT SHOWFREIGHT (S) PTE LTD,Company,,SGSIN,APTSINAFE,,Commercial,,All Territories,,,,,,,,,,,,,,,,,,,,APTSINAFE,,,,,,,,,,,,,,,,,,,0,,,,,,,,,,,,,,,,,,,,,,,,,,,,,,
LAGLOGVIE,LAGERMAX LOGISTICS AUSTRIA GMBH,Company,,ATVDD,LAGLOGVIE,,Commercial,,All Territories,,,,,,,,,,,,,,,,,WWW.LAGERMAX.AT,,,LAGLOGVIE,,,,,,,,,,,,,,,,,,,0,,,,,,,,,,,,,,,,,,,,,,,,,,,,,,
DALEPODLC,DALIAN EPOCH LOGISTICS,Company,,CNDLC,DALEPODLC,,Commercial,,All Territories,,,,,,,,,,,,,,,,,,,,DALEPODLC,,,,,,,,,,,,,,,,,,,0,,,,,,,,,,,,,,,,,,,,,,,,,,,,,,
RANAGESSZ2,RANUR AGENCIAMENTO DE CARGAS E TRANSPOR,Company,,BRSSZ,RANAGESSZ2,,Commercial,,All Territories,,,,,,,,,,,,,,,,,,,,RANAGESSZ2,,,,,,,,,,,,,,,,,,,0,,,,,,,,,,,,,,,,,,,,,,,,,,,,,,
QUAPAPDVO,QUANTA PAPER CORPORATION,Company,,PHDVO,QUAPAPDVO,,Commercial,,All Territories,,,,,,,,,,,,,,,,,,,,QUAPAPDVO,,,,,,,,,,,,,,,,,,,0,,,,,,,,,,,,,,,,,,,,,,,,,,,,,,
AMCARGBIO,"A.M. CARGO SHIPPING, S.L.",Company,,ESBIO,AMCARGBIO,,Commercial,,All Territories,,,,,,,,,,,,,,,,,,,,AMCARGBIO,,,,,,,,,,,,,,,,,,,0,,,,,,,,,,,,,,,,,,,,,,,,,,,,,,
MIDAMEPIT,"MID-AMERICA OVERSEAS, INC.(PITTSBURGH)",Company,,USPIT,MIDAMEPIT,,Commercial,,All Territories,,,,,,,,,,,,,,,,,,,,MIDAMEPIT,,,,mao_pit@maoinc.com,,,,,,,,,,,,,,,0,,,,,,,,,,,,,,,,,,,,,,,,,,,,,,
REALOGHGH,REALCO LOGISTICS LTD,Company,,CNHGH,REALOGHGH,,Commercial,,All Territories,,,,,,,,,,,,,,,,,,,,REALOGHGH,,,,,,,,,,,,,,,,,,,0,,,,,,,,,,,,,,,,,,,,,,,,,,,,,,
SENINTATL,SENATOR INTERNATIONAL FREIGHT FORWARDING LLC,Company,,USATL,SENINTATL,,Commercial,,All Territories,,,,,,,,,,,,,,,,,,,,SENINTATL,,,,,,,,,,,,,,,,,,,0,,,,,,,,,,,,,,,,,,,,,,,,,,,,,,
ZHOALLZSN,"ZHONGSHAN ALLTOP LIGHTING CO., LTD.",Company,,CNZSN,ZHOALLZSN,,Commercial,,All Territories,,,,,,,,,,,,,,,,,,,,ZHOALLZSN,,,,,,,,,,,,,,,,,,,0,,,,,,,,,,,,,,,,,,,,,,,,,,,,,,
ALBSARBOD,ALBATRANS SARL,Company,,FRBOD,ALBSARBOD,,Commercial,,All Territories,,,,,,,,,,,,,,,,,,,,ALBSARBOD,,,,alba.bod@albatrans.com,,,,,,,,,,,,,,,0,,,,,,,,,,,,,,,,,,,,,,,,,,,,,,
KMGINTSGN,"KMG INTERNATIONAL CO., LTD",Company,,VNSGN,KMGINTSGN,,Commercial,,All Territories,,,,,,,,,,,,,,,,,,,,KMGINTSGN,,,,,,,,,,,,,,,,,,,0,,,,,,,,,,,,,,,,,,,,,,,,,,,,,,
NOGINTTLV,"NOGA INTERNATIONAL FORWARDING, LTD.",Company,,ILTLV,NOGINTTLV,,Commercial,,All Territories,,,,,,,,,,,,,,,,,,,,NOGINTTLV,,,,,,,,,,,,,,,,,,,0,,,,,,,,,,,,,,,,,,,,,,,,,,,,,,
EXPFRESGN,EXPOLANKA FREIGHT (VIETNAM) LTD.,Company,,VNSGN,EXPFRESGN,,Commercial,,All Territories,,,,,,,,,,,,,,,,,,,,EXPFRESGN,,,,,,,,,,,,,,,,,,,0,,,,,,,,,,,,,,,,,,,,,,,,,,,,,,
REASCMCAN,"REALOGISTICS SCM (GUANGZHOU) CO.,LTD",Company,,CNGGZ,REASCMCAN,,Commercial,,All Territories,,,,,,,,,,,,,,,,,,,,REASCMCAN,,,,,,,,,,,,,,,,,,,0,,,,,,,,,,,,,,,,,,,,,,,,,,,,,,
BALVARAFE,BALEV EOOD,Company,,BGVAR,BALVARAFE,,Commercial,,All Territories,,,,,,,,,,,,,,,,,,,,BALVARAFE,,,,k.krasimov@areon-fresh.com,,,,,,,,,,,,,,,0,,,,,,,,,,,,,,,,,,,,,,,,,,,,,,
PTAGLOSUB,PT.ANUGERAH GLORY LESTARI,Company,,IDSUB,PTAGLOSUB,,Commercial,,All Territories,,,,,,,,,,,,,,,,,,,,PTAGLOSUB,,,,,,,,,,,,,,,,,,,0,,,,,,,,,,,,,,,,,,,,,,,,,,,,,,
MLMILLRTM,ML MILESTONE LOGISTICS B.V.,Company,,NLRTM,MLMILLRTM,,Commercial,,All Territories,,,,,,,,,,,,,,,,,www.milestonelogistics.nl,,,MLMILLRTM,,,,ocean@milestonelogistics.nl,,,,,,,,,,,,,,,0,,,,,,,,,,,,,,,,,,,,,,,,,,,,,,
TRILOGNSA,TRIPATH LOGISTICS PVT LTD,Company,,INNSA,TRILOGNSA,,Commercial,,All Territories,,,,,,,,,,,,,,,,,,,,TRILOGNSA,,,+919829214384,rajendra@jpr.tripathlogistics.com,,,,,,,,,,,,,,,0,,,,,,,,,,,,,,,,,,,,,,,,,,,,,,
STUSHIDUR,STURROCK SHIPPING (PTY) LTD.,Company,,ZADUR,STUSHIDUR,,Commercial,,All Territories,,,,,,,,,,,,,,,,,www.sturrockshipping.co.za,,,STUSHIDUR,,,,shipping@db.sturrock.co.za,,,,,,,,,,,,,,,0,,,,,,,,,,,,,,,,,,,,,,,,,,,,,,
NOVZARZAZ,NOVOCARGO ZARAGOZA S.A,Company,,ESZAZ,NOVZARZAZ,,Commercial,,All Territories,,,,,,,,,,,,,,,,,,,,NOVZARZAZ,,,,,,,,,,,,,,,,,,,0,,,,,,,,,,,,,,,,,,,,,,,,,,,,,,
UNILOGBOM,UNITEX LOGISTICS INDIA PVT. LTD.,Company,,INBOM,UNILOGBOM,,Commercial,,All Territories,,,,,,,,,,,,,,,,,,,,UNILOGBOM,,,+912241020571,,,,,,,,,,,,,,,,0,,,,,,,,,,,,,,,,,,,,,,,,,,,,,,
FRELLCQUE,FREIGHTCAN LLC,Company,,CAQUE,FRELLCQUE,,Commercial,,All Territories,,,,,,,,,,,,,,,,,,,,FRELLCQUE,,,,,,,,,,,,,,,,,,,0,,,,,,,,,,,,,,,,,,,,,,,,,,,,,,
FTGTRAAFE,FTGV TRANSPORT LOGISTICS CARGO,Company,,MXMEX,FTGTRAAFE,,Commercial,,All Territories,,,,,,,,,,,,,,,,,,,,FTGTRAAFE,,,,Cesar Santiago <direccion@fttransport.com.mx>,,,,,,,,,,,,,,,0,,,,,,,,,,,,,,,,,,,,,,,,,,,,,,
PRICUSTOR,PRIMEX CUSTOMS AND LOGISTICS INC.,Company,,CATOR,PRICUSTOR,,Commercial,,All Territories,,,,,,,,,,,,,,,,,,,,PRICUSTOR,,,,info@primexlogistics.com,,,,,,,,,,,,,,,0,,,,,,,,,,,,,,,,,,,,,,,,,,,,,,
GRAGOUCDG,GRAVELEAU GOUSSAINVILLE INTER,Company,,FRCDG,GRAGOUCDG,,Commercial,,All Territories,,,,,,,,,,,,,,,,,,,,GRAGOUCDG,,,,,,,,,,,,,,,,,,,0,,,,,,,,,,,,,,,,,,,,,,,,,,,,,,
FORTHKHKG,FORTO (HK) LIMITED,Company,,HKHKG,FORTHKHKG,,Commercial,,All Territories,,,,,,,,,,,,,,,,,,,,FORTHKHKG,,,,,,,,,,,,,,,,,,,0,,,,,,,,,,,,,,,,,,,,,,,,,,,,,,
SIMSEASIN,SIMMONS (SEA) PTE LTD,Company,,SGSIN,SIMSEASIN,,Commercial,,All Territories,,,,,,,,,,,,,,,,,www.simmons.com.sg,,,SIMSEASIN,,,+6562909237,marvin.bainto@simmons.com.sg,,,,,,,,,,,,,,,0,,,,,,,,,,,,,,,,,,,,,,,,,,,,,,
SEAPORLES,SEA PORT HUB,Company,,GBLBA,SEAPORLES,,Commercial,,All Territories,,,,,,,,,,,,,,,,,,,,SEAPORLES,,,,,,,,,,,,,,,,,,,0,,,,,,,,,,,,,,,,,,,,,,,,,,,,,,
WORFREFRA,WORLD FREIGHT GMBH INTERNATIONAL SPEDITION,Company,,DEFRA,WORFREFRA,,Commercial,,All Territories,,,,,,,,,,,,,,,,,,,,WORFREFRA,,,,,,,,,,,,,,,,,,,0,,,,,,,,,,,,,,,,,,,,,,,,,,,,,,
NEWLOGSSZ,N.E.W.S. LOGISTICS EIRELI,Company,,BRSSZ,NEWLOGSSZ,,Commercial,,All Territories,,,,,,,,,,,,,,,,,,,,NEWLOGSSZ,,,,,,,,,,,,,,,,,,,0,,,,,,,,,,,,,,,,,,,,,,,,,,,,,,
AIRSEAASHA,AIR SEA WORLDWIDE LOGISTICS LTD.,Company,,CNSHA,AIRSEAASHA,,Commercial,,All Territories,,,,,,,,,,,,,,,,,,,,AIRSEAASHA,,,,,,,,,,,,,,,,,,,0,,,,,,,,,,,,,,,,,,,,,,,,,,,,,,
GALLEHLEH,GALAX (LEHAVRE OCEAN),Company,,FRLEH,GALLEHLEH,,Commercial,,All Territories,,,,,,,,,,,,,,,,,,,,GALLEHLEH,,,,lehavre@galax.fr,,,,,,,,,,,,,,,0,,,,,,,,,,,,,,,,,,,,,,,,,,,,,,
APCREAKHH,APC-REALCO LTD/KAOSHIUNG BRANCH,Company,,TWKHH,APCREAKHH,,Commercial,,All Territories,,,,,,,,,,,,,,,,,,,,APCREAKHH,,,,kaohsiung@realco.com.tw,,,,,,,,,,,,,,,0,,,,,,,,,,,,,,,,,,,,,,,,,,,,,,
AIRCITKWN,AIR-CITY CO. LTD.(INTERNATIONAL AIR &,Company,,HKKWN,AIRCITKWN,,Commercial,,All Territories,,,,,,,,,,,,,,,,,,,,AIRCITKWN,,,,hk@aircity.com,,,,,,,,,,,,,,,0,,,,,,,,,,,,,,,,,,,,,,,,,,,,,,
APTBKKAFE,APT SHOWFREIGHT (THAILAND) LIMITED,Company,,THBKK,APTBKKAFE,,Commercial,,All Territories,,,,,,,,,,,,,,,,,,,,APTBKKAFE,,,,apiwat@aptshowfreight.com,,,,,,,,,,,,,,,0,,,,,,,,,,,,,,,,,,,,,,,,,,,,,,
SHESZXAFE,"SHENZHEN UNITOP LOGISTICS CO., LTD",Company,,CNSZX,SHESZXAFE,,Commercial,,All Territories,,,,,,,,,,,,,,,,,,,,SHESZXAFE,,,+8613922896225,pic1_expo@unitoplogistics.com,,,,,,,,,,,,,,,0,,,,,,,,,,,,,,,,,,,,,,,,,,,,,,
INDUSTSIN,INDUSTRYPLUS PTE LTD.,Company,,SGSIN,INDUSTSIN,,Commercial,,All Territories,,,,,,,,,,,,,,,,,,,,INDUSTSIN,,,+ 65 7506764,pc@industryplus.com.sg,,,,,,,,,,,,,,,0,,,,,,,,,,,,,,,,,,,,,,,,,,,,,,
AIRSEASHA,AIR SEA TRANPORT INC.,Company,,CNSHA,AIRSEASHA,,Commercial,,All Territories,,,,,,,,,,,,,,,,,,,,AIRSEASHA,,,,,,,,,,,,,,,,,,,0,,,,,,,,,,,,,,,,,,,,,,,,,,,,,,
FRESYSDEL,FREIGHT SYSTEMS (INDIA) PVT. LTD.,Company,,INDEL,FRESYSDEL,,Commercial,,All Territories,,,,,,,,,,,,,,,,,www.freightsystems.com,,,FRESYSDEL,,,,,,,,,,,,,,,,,,,0,,,,,,,,,,,,,,,,,,,,,,,,,,,,,,
PTWELIJKT,PT WELGROW INDOPERSADA,Company,,IDJKT,PTWELIJKT,,Commercial,,All Territories,,,,,,,,,,,,,,,,,,,,PTWELIJKT,,,,sales@welgrow.co.id,,,,,,,,,,,,,,,0,,,,,,,,,,,,,,,,,,,,,,,,,,,,,,
GONFREMPL,GONDRAND FRERES,Company,,FRMPL,GONFREMPL,,Commercial,,All Territories,,,,,,,,,,,,,,,,,,,,GONFREMPL,,,,gondrand.mpl@compuserve.com,,,,,,,,,,,,,,,0,,,,,,,,,,,,,,,,,,,,,,,,,,,,,,
HONLANTAO,HONOUR LANE SHIPPING -QINGDAO BRANCH,Company,,CNTAO,HONLANTAO,,Commercial,,All Territories,,,,,,,,,,,,,,,,,,,,HONLANTAO,,,,,,,,,,,,,,,,,,,0,,,,,,,,,,,,,,,,,,,,,,,,,,,,,,
TORTRALIS,"TORRESTIR TRANSITARIOS, LTA",Company,,PTLIS,TORTRALIS,,Commercial,,All Territories,,,,,,,,,,,,,,,,,,,,TORTRALIS,,,,,,,,,,,,,,,,,,,0,,,,,,,,,,,,,,,,,,,,,,,,,,,,,,
IMPSPODUI,IMPECO SPORT & EVENT LOGISTICS BV,Company,,NLDUI,IMPSPODUI,,Commercial,,All Territories,,,,,,,,,,,,,,,,,,,,IMPSPODUI,,,,jarno@impeco.nl,,,,,,,,,,,,,,,0,,,,,,,,,,,,,,,,,,,,,,,,,,,,,,
ASEAIRHKG,ASE AIR SEA EXPRESS (H.K) LTD.,Company,,HKHKG,ASEAIRHKG,,Commercial,,All Territories,,,,,,,,,,,,,,,,,,,,ASEAIRHKG,,,+224 3-5752,,,,,,,,,,,,,,,,0,,,,,,,,,,,,,,,,,,,,,,,,,,,,,,
GMCOCETPE,GMC OCEAN SERVICES LTD.,Company,,TWTPE,GMCOCETPE,,Commercial,,All Territories,,,,,,,,,,,,,,,,,,,,GMCOCETPE,,,,,,,,,,,,,,,,,,,0,,,,,,,,,,,,,,,,,,,,,,,,,,,,,,
SUPAIRYVR,SUPERIOR AIR FREIGHT,Company,,CAYVR,SUPAIRYVR,,Commercial,,All Territories,,,,,,,,,,,,,,,,,,,,SUPAIRYVR,,,,,,,,,,,,,,,,,,,0,,,,,,,,,,,,,,,,,,,,,,,,,,,,,,
AWOGLOSIN,AWOT GLOBAL LOGISTICS (S) PTE LTD,Company,,SGSIN,AWOGLOSIN,,Commercial,,All Territories,,,,,,,,,,,,,,,,,,,,AWOGLOSIN,,,,daphne_lek@awotglobal.com,,,,,,,,,,,,,,,0,,,,,,,,,,,,,,,,,,,,,,,,,,,,,,
UCLLOGPLMAA,UCL LOGISTICS PRIVATE LIMITED,Company,,INMAA,UCLLOGPLMAA,,Commercial,,All Territories,,,,,,,,,,,,,,,,,,,,UCLLOGPLMAA,,,,,,,,,,,,,,,,,,,0,,,,,,,,,,,,,,,,,,,,,,,,,,,,,,
SAIMARSGN,SAIGON MARITIME COMPANY,Company,,VNSGN,SAIMARSGN,,Commercial,,All Territories,,,,,,,,,,,,,,,,,,,,SAIMARSGN,,,,cargo.smc@vinalines.com.vn,,,,,,,,,,,,,,,0,,,,,,,,,,,,,,,,,,,,,,,,,,,,,,
HANEXPCEB,HANKYU HANSHIN EXPRESS PHILIPPINES INC,Company,,PHCEB,HANEXPCEB,,Commercial,,All Territories,,,,,,,,,,,,,,,,,,,,HANEXPCEB,,,,,,,,,,,,,,,,,,,0,,,,,,,,,,,,,,,,,,,,,,,,,,,,,,
HELLOGATH,HELLAS LOGISTICS S.A.,Company,,GRATH,HELLOGATH,,Commercial,,All Territories,,,,,,,,,,,,,,,,,,,,HELLOGATH,,,,thpetrak-hellaslog@athensairport.gr,,,,,,,,,,,,,,,0,,,,,,,,,,,,,,,,,,,,,,,,,,,,,,
CTSLOGSPN,CTSI LOGISTICS INC.,Company,,MPSPN,CTSLOGSPN,,Commercial,,All Territories,,,,,,,,,,,,,,,,,,,,CTSLOGSPN,,,,,,,,,,,,,,,,,,,0,,,,,,,,,,,,,,,,,,,,,,,,,,,,,,
UNIINTNAY,UNITEX INT'L LOGISTICS (BEIJING) LTD,Company,,CNBJS,UNIINTNAY,,Commercial,,All Territories,,,,,,,,,,,,,,,,,,,,UNIINTNAY,,,,,,,,,,,,,,,,,,,0,,,,,,,,,,,,,,,,,,,,,,,,,,,,,,
SHAORITAO,SHANGHAI ORIENT INTERGROUP INT'L TRANSPORTATION,Company,,CNTAO,SHAORITAO,,Commercial,,All Territories,,,,,,,,,,,,,,,,,,,,SHAORITAO,,,+8653280909167,,,,,,,,,,,,,,,,0,,,,,,,,,,,,,,,,,,,,,,,,,,,,,,
ASGAIRSTO,"ASG AIR & SEA AB, - HEAD/AIR CARGO OFF",Company,,SESTO,ASGAIRSTO,,Commercial,,All Territories,,,,,,,,,,,,,,,,,,,,ASGAIRSTO,,,,,,,,,,,,,,,,,,,0,,,,,,,,,,,,,,,,,,,,,,,,,,,,,,
SPISERHKG,SPIRITCHINA SERVICES LTD.,Company,,HKHKG,SPISERHKG,,Commercial,,All Territories,,,,,,,,,,,,,,,,,www.spiritworld.gr,,,SPISERHKG,,,,,,,,,,,,,,,,,,,0,,,,,,,,,,,,,,,,,,,,,,,,,,,,,,
GOLLOGSHA,GOLINE LOGISTICS (SHANGHAI) INC.,Company,,CNSHA,GOLLOGSHA,,Commercial,,All Territories,,,,,,,,,,,,,,,,,,,,GOLLOGSHA,,,+8613524848698,michael.wei@goline.com.cn,,,,,,,,,,,,,,,0,,,,,,,,,,,,,,,,,,,,,,,,,,,,,,
WPMGLOPKG,WPM GLOBAL LOGISTICS SDN BHD,Company,,MYPKG,WPMGLOPKG,,Commercial,,All Territories,,,,,,,,,,,,,,,,,www.wpmglobal.com.my,,,WPMGLOPKG,,,,wpm@wpmglobal.com.my,,,,,,,,,,,,,,,0,,,,,,,,,,,,,,,,,,,,,,,,,,,,,,
SOLEXPHKG,SOLAR EXPRESS LTD,Company,,HKHKG,SOLEXPHKG,,Commercial,,All Territories,,,,,,,,,,,,,,,,,,,,SOLEXPHKG,,,,mgt@solarhkg.com,,,,,,,,,,,,,,,0,,,,,,,,,,,,,,,,,,,,,,,,,,,,,,
KITCPKFRA,KITZINGER & CP. (GMBH & CO KG),Company,,DEFRA,KITCPKFRA,,Commercial,,All Territories,,,,,,,,,,,,,,,,,,,,KITCPKFRA,,,,,,,,,,,,,,,,,,,0,,,,,,,,,,,,,,,,,,,,,,,,,,,,,,
GROAIRMUC,GROSSMANN AIRFREIGHT INT'L SPEDITION,Company,,DEMUC,GROAIRMUC,,Commercial,,All Territories,,,,,,,,,,,,,,,,,,,,GROAIRMUC,,,www.grossmann-muc.de,info@grossmann-muc.de,,,,,,,,,,,,,,,0,,,,,,,,,,,,,,,,,,,,,,,,,,,,,,
ALLWAYSHA,"ALL-THE-WAY EXPRESS(SHANGHAI) CO.,LTD",Company,,CNSHA,ALLWAYSHA,,Commercial,,All Territories,,,,,,,,,,,,,,,,,,,,ALLWAYSHA,,,,,,,,,,,,,,,,,,,0,,,,,,,,,,,,,,,,,,,,,,,,,,,,,,
WINBEATPE,"WIN BEAR LOGISTICS CO., LTD.",Company,,TWTPE,WINBEATPE,,Commercial,,All Territories,,,,,,,,,,,,,,,,,http://www.win-bear.com.tw,,,WINBEATPE,,,,mandy@win-bear.com.tw,,,,,,,,,,,,,,,0,,,,,,,,,,,,,,,,,,,,,,,,,,,,,,
SHACHUSHGAFE,SHANGHAI CHUNG HEE INTERNATIONAL CARGO TRANSPORT,Company,,CNSHG,SHACHUSHGAFE,,Commercial,,All Territories,,,,,,,,,,,,,,,,,,,,SHACHUSHGAFE,,,,,,,,,,,,,,,,,,,0,,,,,,,,,,,,,,,,,,,,,,,,,,,,,,
QCSQUIKRJ,QCS-QUICK CARGO SERVICE SLOVENIA,Company,,SIKRJ,QCSQUIKRJ,,Commercial,,All Territories,,,,,,,,,,,,,,,,,,,,QCSQUIKRJ,,,,,,,,,,,,,,,,,,,0,,,,,,,,,,,,,,,,,,,,,,,,,,,,,,
UNIINTSZX,UNITEX INT'L FORWARDING (GUANGZHOU) LTD.,Company,,CNSZX,UNIINTSZX,,Commercial,,All Territories,,,,,,,,,,,,,,,,,www.unitex168.com,,,UNIINTSZX,,,,shenzhen@uif.com.hk,,,,,,,,,,,,,,,0,,,,,,,,,,,,,,,,,,,,,,,,,,,,,,
GRECHITPE,GREAT CHINA TRANSPORTATION CO.LTD.,Company,,TWTPE,GRECHITPE,,Commercial,,All Territories,,,,,,,,,,,,,,,,,,,,GRECHITPE,,,,info@greatchinatransportation.com.tw,,,,,,,,,,,,,,,0,,,,,,,,,,,,,,,,,,,,,,,,,,,,,,
IBERSABCN,IBERCONDOR S.A.,Company,,ESBCN,IBERSABCN,,Commercial,,All Territories,,,,,,,,,,,,,,,,,,,,IBERSABCN,,,,,,,,,,,,,,,,,,,0,,,,,,,,,,,,,,,,,,,,,,,,,,,,,,
MYSWATCEB,MYSTIC WATER PHILIPPINESE INC.,Company,,PHCEB,MYSWATCEB,,Commercial,,All Territories,,,,,,,,,,,,,,,,,,,,MYSWATCEB,,,,,,,,,,,,,,,,,,,0,,,,,,,,,,,,,,,,,,,,,,,,,,,,,,
DSVSAMMHT,DSV SAMSON TRANSPORT CO. LTD/LHR AIRPORT,Company,,GBMHT,DSVSAMMHT,,Commercial,,All Territories,,,,,,,,,,,,,,,,,,,,DSVSAMMHT,,,,mwebb@dsvsamson.co.uk,,,,,,,,,,,,,,,0,,,,,,,,,,,,,,,,,,,,,,,,,,,,,,
TRAXIAFUJ,TRANSPED (XIAMEN) CO. LTD.,Company,,CNFUJ,TRAXIAFUJ,,Commercial,,All Territories,,,,,,,,,,,,,,,,,,,,TRAXIAFUJ,,,,,,,,,,,,,,,,,,,0,,,,,,,,,,,,,,,,,,,,,,,,,,,,,,
GUAGOLAFE,"GUANGXI GOLDEN GLOBAL EXHIBITION CO.,LTD",Company,,CNNNG,GUAGOLAFE,,Commercial,,All Territories,,,,,,,,,,,,,,,,,,,,GUAGOLAFE,,,+867715317040,ggechn@gmail.com,,,,,,,,,,,,,,,0,,,,,,,,,,,,,,,,,,,,,,,,,,,,,,
TRASHIHKG,TRANSCON SHIPPING COMPANY LTD,Company,,HKHKG,TRASHIHKG,,Commercial,,All Territories,,,,,,,,,,,,,,,,,,,,TRASHIHKG,,,,,,,,,,,,,,,,,,,0,,,,,,,,,,,,,,,,,,,,,,,,,,,,,,
FIBPROJKT,PT FIBS PROJECT MANAGEMENT,Company,,IDJKT,FIBPROJKT,,Commercial,,All Territories,,,,,,,,,,,,,,,,,,,,FIBPROJKT,,,,,,,,,,,,,,,,,,,0,,,,,,,,,,,,,,,,,,,,,,,,,,,,,,
MASTRASEL,"MASSTAR TRANSPORTS, INC (MORRISON PARTNR",Company,,KRSEL,MASTRASEL,,Commercial,,All Territories,,,,,,,,,,,,,,,,,,,,MASTRASEL,,,,see contacts,,,,,,,,,,,,,,,0,,,,,,,,,,,,,,,,,,,,,,,,,,,,,,
GENWORMEL,GENERATION WORLDWIDE LOGISTICS,Company,,AUMEL,GENWORMEL,,Commercial,,All Territories,,,,,,,,,,,,,,,,,,,,GENWORMEL,,,,,,,,,,,,,,,,,,,0,,,,,,,,,,,,,,,,,,,,,,,,,,,,,,
NINDISPVG,NINGBO DISCOVERY INTERNATIONAL LOGISTICS LOGISTICS CO. LTD,Company,,CNPVG,NINDISPVG,,Commercial,,All Territories,,,,,,,,,,,,,,,,,,,,NINDISPVG,,,,lucymao@cargodiscovery.com,,,,,,,,,,,,,,,0,,,,,,,,,,,,,,,,,,,,,,,,,,,,,,
ABCINTLAX,ABCO INTERNATIONAL FREIGHT (USA) INC.,Company,,USLAX,ABCINTLAX,,Commercial,,All Territories,,,,,,,,,,,,,,,,,,,,ABCINTLAX,,,,,,,,,,,,,,,,,,,0,,,,,,,,,,,,,,,,,,,,,,,,,,,,,,
GESBHXAFE,GES GLOBAL EXPERIENCE SPECIALISTS (GES) LTD,Company,,GBBHM,GESBHXAFE,,Commercial,,All Territories,,,,,,,,,,,,,,,,,,,,GESBHXAFE,,,+447587772897,MDonnelly@ges.com,,,,,,,,,,,,,,,0,,,,,,,,,,,,,,,,,,,,,,,,,,,,,,
PILAIRBKK,PILOT AIR CARGO CO. LTD.,Company,,THBKK,PILAIRBKK,,Commercial,,All Territories,,,,,,,,,,,,,,,,,,,,PILAIRBKK,,,,anavin@pilotbkk.com,,,,,,,,,,,,,,,0,,,,,,,,,,,,,,,,,,,,,,,,,,,,,,
EXPSINAFE,EXPOTRANS PTE LTD,Company,,SGSIN,EXPSINAFE,,Commercial,,All Territories,,,,,,,,,,,,,,,,,www.expotrans.sg,,,EXPSINAFE,,,+6597654403,jessie.ong@expotrans.net,,,,,,,,,,,,,,,0,,,,,,,,,,,,,,,,,,,,,,,,,,,,,,
SZEAINSZX,"SZ E&A INT'L LOGISTICS CO., LTD.",Company,,CNSZX,SZEAINSZX,,Commercial,,All Territories,,,,,,,,,,,,,,,,,,,,SZEAINSZX,,,+8613590492337,,,,,,,,,,,,,,,,0,,,,,,,,,,,,,,,,,,,,,,,,,,,,,,
TNTSKYBAH,TNT SKYPACK INT'L,Company,,BHBAH,TNTSKYBAH,,Commercial,,All Territories,,,,,,,,,,,,,,,,,,,,TNTSKYBAH,,,,,,,,,,,,,,,,,,,0,,,,,,,,,,,,,,,,,,,,,,,,,,,,,,
DALDATDDDLC,DALIAN DAT IAN INT’L. TRANSPORTATION CO LTD.,Company,,CNDLC,DALDATDDDLC,,Commercial,,All Territories,,,,,,,,,,,,,,,,,,,,DALDATDDDLC,,,,,,,,,,,,,,,,,,,0,,,,,,,,,,,,,,,,,,,,,,,,,,,,,,
CARGOBZRH,CARGOBAY LTD,Company,,CHZRH,CARGOBZRH,,Commercial,,All Territories,,,,,,,,,,,,,,,,,,,,CARGOBZRH,,,,,,,,,,,,,,,,,,,0,,,,,,,,,,,,,,,,,,,,,,,,,,,,,,
ALITAITPE,"ALISPED TAIWAN CO., LTD.",Company,,TWTPE,ALITAITPE,,Commercial,,All Territories,,,,,,,,,,,,,,,,,,,,ALITAITPE,,,,,,,,,,,,,,,,,,,0,,,,,,,,,,,,,,,,,,,,,,,,,,,,,,
ALTLOGSGN,ALTUS LOGISTICS (VIETNAM) LTD.,Company,,VNSGN,ALTLOGSGN,,Commercial,,All Territories,,,,,,,,,,,,,,,,,,,,ALTLOGSGN,,,+84918695085,altus.sgn@altusholdings.com,,,,,,,,,,,,,,,0,,,,,,,,,,,,,,,,,,,,,,,,,,,,,,
GRILOGSAH,GRIFFIN LTD. LOGISTICS DIVISION,Company,,YESAH,GRILOGSAH,,Commercial,,All Territories,,,,,,,,,,,,,,,,,,,,GRILOGSAH,,,,info@GriffinLogistics.com,,,,,,,,,,,,,,,0,,,,,,,,,,,,,,,,,,,,,,,,,,,,,,
ADODVICEB,ADONIS D. VILLARTE,Company,,PHCEB,ADODVICEB,,Commercial,,All Territories,,,,,,,,,,,,,,,,,,,,ADODVICEB,,,,,,,,,,,,,,,,,,,0,,,,,,,,,,,,,,,,,,,,,,,,,,,,,,
NORFREXMN,NORDEN FREIGHT SYSTEM CO. LTD OP DEPT.,Company,,CNXMN,NORFREXMN,,Commercial,,All Territories,,,,,,,,,,,,,,,,,www.nordenfreight.com,,,NORFREXMN,,,,,,,,,,,,,,,,,,,0,,,,,,,,,,,,,,,,,,,,,,,,,,,,,,
TALAIRDUS,TALOGIS AIR & SEA GMBH,Company,,DEDUS,TALAIRDUS,,Commercial,,All Territories,,,,,,,,,,,,,,,,,,,,TALAIRDUS,,,+491726964083,Steffen.Hillmann@TALOGIS.DE,,,,,,,,,,,,,,,0,,,,,,,,,,,,,,,,,,,,,,,,,,,,,,
APTSHOSHAAFE,"APT SHOWFREIGHT SHANGHAI CO.,LTD",Company,,CNSHA,APTSHOSHAAFE,,Commercial,,All Territories,,,,,,,,,,,,,,,,,,,,APTSHOSHAAFE,,,,Jennings.Xu@aptshowfreight.com,,,,,,,,,,,,,,,0,,,,,,,,,,,,,,,,,,,,,,,,,,,,,,
HTGLOBSHA,H&T GLOBAL LOGISTICS C/O KIMWARD LOGISTICS,Company,,CNSHA,HTGLOBSHA,,Commercial,,All Territories,,,,,,,,,,,,,,,,,,,,HTGLOBSHA,,,,,,,,,,,,,,,,,,,0,,,,,,,,,,,,,,,,,,,,,,,,,,,,,,
FRESYSJEA,FREIGHT SYSTEMS CO. LTD (LLC),Company,,AEJEA,FRESYSJEA,,Commercial,,All Territories,,,,,,,,,,,,,,,,,,,,FRESYSJEA,,,,,,,,,,,,,,,,,,,0,,,,,,,,,,,,,,,,,,,,,,,,,,,,,,
MIDAMECSN,"MID-AMERICA OVERSEAS, INC.",Company,,USCSN,MIDAMECSN,,Commercial,,All Territories,,,,,,,,,,,,,,,,,,,,MIDAMECSN,,,,,,,,,,,,,,,,,,,0,,,,,,,,,,,,,,,,,,,,,,,,,,,,,,
KRONOZMEX,KRONOZ,Company,,MXMEX,KRONOZMEX,,Commercial,,All Territories,,,,,,,,,,,,,,,,,,,,KRONOZMEX,,,+529993149460,,,,,,,,,,,,,,,,0,,,,,,,,,,,,,,,,,,,,,,,,,,,,,,
UNILOGPNQ,UNITEX LOGISTICS INDIA  PVT. LTD.,Company,,INPNQ,UNILOGPNQ,,Commercial,,All Territories,,,,,,,,,,,,,,,,,,,,UNILOGPNQ,,,,,,,,,,,,,,,,,,,0,,,,,,,,,,,,,,,,,,,,,,,,,,,,,,
AWOGLOROQ,AWOT GLOBAL CORPORATION ZHONGSHAN BRANCH,Company,,CNROQ,AWOGLOROQ,,Commercial,,All Territories,,,,,,,,,,,,,,,,,,,,AWOGLOROQ,,,,,,,,,,,,,,,,,,,0,,,,,,,,,,,,,,,,,,,,,,,,,,,,,,
BELFOOCEB,BELCRIS FOODS,Company,,PHCEB,BELFOOCEB,,Commercial,,All Territories,,,,,,,,,,,,,,,,,,,,BELFOOCEB,,,,,,,,,,,,,,,,,,,0,,,,,,,,,,,,,,,,,,,,,,,,,,,,,,
KHILOGXMN,KHI LOGISTICS (CHINA) LIMITED,Company,,CNXMN,KHILOGXMN,,Commercial,,All Territories,,,,,,,,,,,,,,,,,,,,KHILOGXMN,,,,,,,,,,,,,,,,,,,0,,,,,,,,,,,,,,,,,,,,,,,,,,,,,,
SHELONLGSZX,SHENZHEN LONG SAIL INT'L LOGISTICS,Company,,CNSZX,SHELONLGSZX,,Commercial,,All Territories,,,,,,,,,,,,,,,,,,,,SHELONLGSZX,,,,,,,,,,,,,,,,,,,0,,,,,,,,,,,,,,,,,,,,,,,,,,,,,,
HORWORNAY,"HORIZON WORLDWIDE LOGISTICS CO., LTD",Company,,CNBJS,HORWORNAY,,Commercial,,All Territories,,,,,,,,,,,,,,,,,,,,HORWORNAY,,,,,,,,,,,,,,,,,,,0,,,,,,,,,,,,,,,,,,,,,,,,,,,,,,
DONREVCEB,DON REVY PHILIPPINES INC,Company,,PHCEB,DONREVCEB,,Commercial,,All Territories,,,,,,,,,,,,,,,,,,,,DONREVCEB,,,,,,,,,,,,,,,,,,,0,,,,,,,,,,,,,,,,,,,,,,,,,,,,,,
KITBEAMNL,KITCHEN BEAUTY MARKETING CORPORATION,Company,,PHMNL,KITBEAMNL,,Commercial,,All Territories,,,,,,,,,,,,,,,,,,,,KITBEAMNL,,,,,,,,,,,,,,,,,,,0,,,,,,,,,,,,,,,,,,,,,,,,,,,,,,
YAMTRASIN,YAMATO TRANSPORT (S) PTE LTD.,Company,,SGSIN,YAMTRASIN,,Commercial,,All Territories,,,,,,,,,,,,,,,,,,,,YAMTRASIN,,,,audrey.lam@yamatosingapore.com,,,,,,,,,,,,,,,0,,,,,,,,,,,,,,,,,,,,,,,,,,,,,,
GDFITIPKG,GD FIT INTERNATIONAL (M) SDN BHD,Company,,MYPKG,GDFITIPKG,,Commercial,,All Territories,,,,,,,,,,,,,,,,,,,,GDFITIPKG,,,,,,,,,,,,,,,,,,,0,,,,,,,,,,,,,,,,,,,,,,,,,,,,,,
PTCOSIJKT,PT COSLINK INDONESIA,Company,,IDJKT,PTCOSIJKT,,Commercial,,All Territories,,,,,,,,,,,,,,,,,,,,PTCOSIJKT,,,,cisvc@bcn.net.id,,,,,,,,,,,,,,,0,,,,,,,,,,,,,,,,,,,,,,,,,,,,,,
UNIFRESOF,UNIMASTER FREIGHT EXPRESS (SOFIA),Company,,BGSOF,UNIFRESOF,,Commercial,,All Territories,,,,,,,,,,,,,,,,,www.unimaster.com,,,UNIFRESOF,,,,road@unimaster.com,,,,,,,,,,,,,,,0,,,,,,,,,,,,,,,,,,,,,,,,,,,,,,
EASCARPKG,EASTERN CARGO EXPRESS (M) SDN BHD,Company,,MYPKG,EASCARPKG,,Commercial,,All Territories,,,,,,,,,,,,,,,,,www.eastern-cargo.com.my,,,EASCARPKG,,,+60356320420,,,,,,,,,,,,,,,,0,,,,,,,,,,,,,,,,,,,,,,,,,,,,,,
HORISAATT,HORIZON SA,Company,,GRATT,HORISAATT,,Commercial,,All Territories,,,,,,,,,,,,,,,,,,,,HORISAATT,,,,,,,,,,,,,,,,,,,0,,,,,,,,,,,,,,,,,,,,,,,,,,,,,,
AUSSHISYD,AUSTRALIAN SHIPPING PTY LTD,Company,,AUSYD,AUSSHISYD,,Commercial,,All Territories,,,,,,,,,,,,,,,,,,,,AUSSHISYD,,,,,,,,,,,,,,,,,,,0,,,,,,,,,,,,,,,,,,,,,,,,,,,,,,
MATTRABSL,MAT TRANSPORT LTD (SEAFREIGHT),Company,,CHBSL,MATTRABSL,,Commercial,,All Territories,,,,,,,,,,,,,,,,,,,,MATTRABSL,,,,mat.seafreight@viamat.com,,,,,,,,,,,,,,,0,,,,,,,,,,,,,,,,,,,,,,,,,,,,,,
PTSENAJKT,PT. SENATOR INTERNATIONAL (INDONESIA),Company,,IDJKT,PTSENAJKT,,Commercial,,All Territories,,,,,,,,,,,,,,,,,,,,PTSENAJKT,,,,jakarta@senator-international.com,,,,,,,,,,,,,,,0,,,,,,,,,,,,,,,,,,,,,,,,,,,,,,
SITLOGSEL,"SITC LOGISTICS KOREA CO., LTD",Company,,KRSEL,SITLOGSEL,,Commercial,,All Territories,,,,,,,,,,,,,,,,,,,,SITLOGSEL,,,,,,,,,,,,,,,,,,,0,,,,,,,,,,,,,,,,,,,,,,,,,,,,,,
CARMOVHAM,CARGO MOVERS GMBH,Company,,DEHAM,CARMOVHAM,,Commercial,,All Territories,,,,,,,,,,,,,,,,,,,,CARMOVHAM,,,,,,,,,,,,,,,,,,,0,,,,,,,,,,,,,,,,,,,,,,,,,,,,,,
LAGLOGSNE,LAGERMAX LOGISTICS SLOVAKIA  S.R.O.,Company,,SKSNE,LAGLOGSNE,,Commercial,,All Territories,,,,,,,,,,,,,,,,,www.lagermax.sk,,,LAGLOGSNE,,,,andrej.babsky@lagermax.sk,,,,,,,,,,,,,,,0,,,,,,,,,,,,,,,,,,,,,,,,,,,,,,
BTGSPEWNF,BTG SPEDITION UND LOGISTIK GMBH,Company,,ATWNF,BTGSPEWNF,,Commercial,,All Territories,,,,,,,,,,,,,,,,,,,,BTGSPEWNF,,,,,,,,,,,,,,,,,,,0,,,,,,,,,,,,,,,,,,,,,,,,,,,,,,
CLASQUCDG,CLASQUIN CDG,Company,,FRCDG,CLASQUCDG,,Commercial,,All Territories,,,,,,,,,,,,,,,,,www.clasquin.com,,,CLASQUCDG,,,+33686262200,npa.tls@clasquin.com,,,,,,,,,,,,,,,0,,,,,,,,,,,,,,,,,,,,,,,,,,,,,,
FAMIMPCEB,FAMOUSTRADE IMPORT EXCHANGE,Company,,PHCEB,FAMIMPCEB,,Commercial,,All Territories,,,,,,,,,,,,,,,,,,,,FAMIMPCEB,,,,,,,,,,,,,,,,,,,0,,,,,,,,,,,,,,,,,,,,,,,,,,,,,,
BALCARCHC,"BALANCE CARGO ""PRECISION FREIGHT SOLUTIONS""",Company,,NZCHC,BALCARCHC,,Commercial,,All Territories,,,,,,,,,,,,,,,,,,,,BALCARCHC,,,,,,,,,,,,,,,,,,,0,,,,,,,,,,,,,,,,,,,,,,,,,,,,,,
PATINTCAN,PATENT INT'L LOGISTICS(SHENZHEN) CO LTD,Company,,CNCAN,PATINTCAN,,Commercial,,All Territories,,,,,,,,,,,,,,,,,,,,PATINTCAN,,,,,,,,,,,,,,,,,,,0,,,,,,,,,,,,,,,,,,,,,,,,,,,,,,
COMGLOBNE,COMPLETE GLOBAL SOLUTIONS,Company,,AUBNE,COMGLOBNE,,Commercial,,All Territories,,,,,,,,,,,,,,,,,,,,COMGLOBNE,,,,complete@cgs.net.au,,,,,,,,,,,,,,,0,,,,,,,,,,,,,,,,,,,,,,,,,,,,,,
DAVKIRTAS,DAVID KIRKHAM,Company,,UZTAS,DAVKIRTAS,,Commercial,,All Territories,,,,,,,,,,,,,,,,,,,,DAVKIRTAS,,,,,,,,,,,,,,,,,,,0,,,,,,,,,,,,,,,,,,,,,,,,,,,,,,
NATCARCGP,NATIONAL CARGO SERVICES,Company,,BDCGP,NATCARCGP,,Commercial,,All Territories,,,,,,,,,,,,,,,,,,,,NATCARCGP,,,,,,,,,,,,,,,,,,,0,,,,,,,,,,,,,,,,,,,,,,,,,,,,,,
SILSEAHAN,SILVER SEA TRANSPORT,Company,,VNHAN,SILSEAHAN,,Commercial,,All Territories,,,,,,,,,,,,,,,,,,,,SILSEAHAN,,,,nga.dt@silversea.com.vn,,,,,,,,,,,,,,,0,,,,,,,,,,,,,,,,,,,,,,,,,,,,,,
KAMINTNAG,KAMINO INTERNATIONAL LOGISTICS PVT LTD.,Company,,INNAG,KAMINTNAG,,Commercial,,All Territories,,,,,,,,,,,,,,,,,www.kamino.com,,,KAMINTNAG,,,,nagpur@kamino.com,,,,,,,,,,,,,,,0,,,,,,,,,,,,,,,,,,,,,,,,,,,,,,
LANSHICMB1,LANKA SHIPPING & LOGISTICS (PVT) LTD,Company,,LKCMB,LANSHICMB1,,Commercial,,All Territories,,,,,,,,,,,,,,,,,,,,LANSHICMB1,,,,,,,,,,,,,,,,,,,0,,,,,,,,,,,,,,,,,,,,,,,,,,,,,,
SEAINTCEB,"SEAJET INTERNATIONAL FORWARDERS, INC.",Company,,PHCEB,SEAINTCEB,,Commercial,,All Territories,,,,,,,,,,,,,,,,,,,,SEAINTCEB,,,,,,,,,,,,,,,,,,,0,,,,,,,,,,,,,,,,,,,,,,,,,,,,,,
TRAARGBUE,TRANSCARGO ARGENTINA SA,Company,,ARBUE,TRAARGBUE,,Commercial,,All Territories,,,,,,,,,,,,,,,,,,,,TRAARGBUE,,,,info@transcargoarg.com.ar,,,,,,,,,,,,,,,0,,,,,,,,,,,,,,,,,,,,,,,,,,,,,,
SAGNORLEH,SAGATRANS NORD/EST,Company,,FRLEH,SAGNORLEH,,Commercial,,All Territories,,,,,,,,,,,,,,,,,,,,SAGNORLEH,,,,,,,,,,,,,,,,,,,0,,,,,,,,,,,,,,,,,,,,,,,,,,,,,,
EXPLOGSEL,EXPRESS LOGISTICS PROVIDER (ELP WORLD),Company,,KRSEL,EXPLOGSEL,,Commercial,,All Territories,,,,,,,,,,,,,,,,,,,,EXPLOGSEL,,,,elpworld@elpworld.co.kr,,,,,,,,,,,,,,,0,,,,,,,,,,,,,,,,,,,,,,,,,,,,,,
UNILOGHOL1,UNIVERSE LOGISTICS LTD,Company,,ILHOL,UNILOGHOL1,,Commercial,,All Territories,,,,,,,,,,,,,,,,,,,,UNILOGHOL1,,,,,,,,,,,,,,,,,,,0,,,,,,,,,,,,,,,,,,,,,,,,,,,,,,
TIBPORLIS,TIBA PORTUGAL T.I (PORTO),Company,,PTLIS,TIBPORLIS,,Commercial,,All Territories,,,,,,,,,,,,,,,,,,,,TIBPORLIS,,,,,,,,,,,,,,,,,,,0,,,,,,,,,,,,,,,,,,,,,,,,,,,,,,
LSFORWSEL,"LS FORWARDING CO., LTD.",Company,,KRSEL,LSFORWSEL,,Commercial,,All Territories,,,,,,,,,,,,,,,,,,,,LSFORWSEL,,,,,,,,,,,,,,,,,,,0,,,,,,,,,,,,,,,,,,,,,,,,,,,,,,
AOFCARTPE,"AOF CARGO LOGISTICS CO., LTD",Company,,TWTPE,AOFCARTPE,,Commercial,,All Territories,,,,,,,,,,,,,,,,,,,,AOFCARTPE,,,,,,,,,,,,,,,,,,,0,,,,,,,,,,,,,,,,,,,,,,,,,,,,,,
SKYLOGSGN,SKY LOGISTICS SERVICES CO LTD.,Company,,VNSGN,SKYLOGSGN,,Commercial,,All Territories,,,,,,,,,,,,,,,,,,,,SKYLOGSGN,,,,sky@skylogisticservices.com,,,,,,,,,,,,,,,0,,,,,,,,,,,,,,,,,,,,,,,,,,,,,,
VATLOGRTM,VAT LOGISTICS (ZWIJNDRECHT) BV,Company,,NLRTM,VATLOGRTM,,Commercial,,All Territories,,,,,,,,,,,,,,,,,,,,VATLOGRTM,,,,info@vatlogistics.nl,,,,,,,,,,,,,,,0,,,,,,,,,,,,,,,,,,,,,,,,,,,,,,
3ASERCHAN,3A SERVICES CO.LTD./HEAD OFFICE,Company,,VNHAN,3ASERCHAN,,Commercial,,All Territories,,,,,,,,,,,,,,,,,,,,3ASERCHAN,,,,brighttiger@hn.vnn.vn,,,,,,,,,,,,,,,0,,,,,,,,,,,,,,,,,,,,,,,,,,,,,,
GLEINTSIN,GLE INTEGRATED PTE LTD,Company,,SGSIN,GLEINTSIN,,Commercial,,All Territories,,,,,,,,,,,,,,,,,,,,GLEINTSIN,,,,,,,,,,,,,,,,,,,0,,,,,,,,,,,,,,,,,,,,,,,,,,,,,,
SINLOGSHA,SINOLINK LOGISTICS CO. LTD.,Company,,CNSHA,SINLOGSHA,,Commercial,,All Territories,,,,,,,,,,,,,,,,,,,,SINLOGSHA,,,,bryan.xu-sha@sinolinklog.com,,,,,,,,,,,,,,,0,,,,,,,,,,,,,,,,,,,,,,,,,,,,,,
EASINTSHA,"EASTRONG INTERNATIONAL LOGISTICS CO., LTD.",Company,,CNSHA,EASINTSHA,,Commercial,,All Territories,,,,,,,,,,,,,,,,,,,,EASINTSHA,,,,,,,,,,,,,,,,,,,0,,,,,,,,,,,,,,,,,,,,,,,,,,,,,,
SHAEASSHA3,SHANGHAI EASY WIN LOGISTICS SERVICE CORP LTD,Company,,CNSHA,SHAEASSHA3,,Commercial,,All Territories,,,,,,,,,,,,,,,,,,,,SHAEASSHA3,,,,,,,,,,,,,,,,,,,0,,,,,,,,,,,,,,,,,,,,,,,,,,,,,,
INTSHIOSL,INTERGROUP SHIPPING NORWAY AS,Company,,NOOSL,INTSHIOSL,,Commercial,,All Territories,,,,,,,,,,,,,,,,,,,,INTSHIOSL,,,,,,,,,,,,,,,,,,,0,,,,,,,,,,,,,,,,,,,,,,,,,,,,,,
MTMFREMVO,M&TM FREIGHT,Company,,RUMVO,MTMFREMVO,,Commercial,,All Territories,,,,,,,,,,,,,,,,,,,,MTMFREMVO,,,,office@mtm-net.ru,,,,,,,,,,,,,,,0,,,,,,,,,,,,,,,,,,,,,,,,,,,,,,
WAPLOGSIN,WAP LOGISTICS (S) PTE LTD,Company,,SGSIN,WAPLOGSIN,,Commercial,,All Territories,,,,,,,,,,,,,,,,,,,,WAPLOGSIN,,,,,,,,,,,,,,,,,,,0,,,,,,,,,,,,,,,,,,,,,,,,,,,,,,
PAXGLOPUS,PAX GLOBAL CARGO INC.,Company,,KRPUS,PAXGLOPUS,,Commercial,,All Territories,,,,,,,,,,,,,,,,,,,,PAXGLOPUS,,,,,,,,,,,,,,,,,,,0,,,,,,,,,,,,,,,,,,,,,,,,,,,,,,
KLINETMNL,"K-LINE (TRANSMAR AGENCIES, INC.)",Company,,PHMNL,KLINETMNL,,Commercial,,All Territories,,,,,,,,,,,,,,,,,,,,KLINETMNL,,,,,,,,,,,,,,,,,,,0,,,,,,,,,,,,,,,,,,,,,,,,,,,,,,
FIREXPSEL,FIRST EXPRESS INTERNATIONAL,Company,,KRSEL,FIREXPSEL,,Commercial,,All Territories,,,,,,,,,,,,,,,,,,,,FIREXPSEL,,,,,,,,,,,,,,,,,,,0,,,,,,,,,,,,,,,,,,,,,,,,,,,,,,
AWOGLOHKG,AWOT GLOBAL EXPRESS (HK) LTD,Company,,HKHKG,AWOGLOHKG,,Commercial,,All Territories,,,,,,,,,,,,,,,,,,,,AWOGLOHKG,,,+85235425012,,,,,,,,,,,,,,,,0,,,,,,,,,,,,,,,,,,,,,,,,,,,,,,
KAMINTLAX,KAMINO INTERNATIONALTRANSPORT DBA,Company,,USLAX,KAMINTLAX,,Commercial,,All Territories,,,,,,,,,,,,,,,,,www.kamino.com,,,KAMINTLAX,,,,,,,,,,,,,,,,,,,0,,,,,,,,,,,,,,,,,,,,,,,,,,,,,,
DYNINTBKK,"DYNAMIC INTERTRANSPORT CO., LTD.",Company,,THBKK,DYNINTBKK,,Commercial,,All Territories,,,,,,,,,,,,,,,,,,,,DYNINTBKK,,,,,,,,,,,,,,,,,,,0,,,,,,,,,,,,,,,,,,,,,,,,,,,,,,
EMBFREIST,EMBASSY FREIGHT SERVICES TURKEY,Company,,TRIST,EMBFREIST,,Commercial,,All Territories,,,,,,,,,,,,,,,,,www.embassy.com.tr,,,EMBFREIST,,,,,,,,,,,,,,,,,,,0,,,,,,,,,,,,,,,,,,,,,,,,,,,,,,
NINHUAFOC,NINGBO HUANJI INT'L LOGISTICS CO. LTD,Company,,CNFOC,NINHUAFOC,,Commercial,,All Territories,,,,,,,,,,,,,,,,,,,,NINHUAFOC,,,,fz@nb-hj.com,,,,,,,,,,,,,,,0,,,,,,,,,,,,,,,,,,,,,,,,,,,,,,
UNIINTNYC,UNITRANS INT'L LOGISTICS,Company,,USNYC,UNIINTNYC,,Commercial,,All Territories,,,,,,,,,,,,,,,,,,,,UNIINTNYC,,,,,,,,,,,,,,,,,,,0,,,,,,,,,,,,,,,,,,,,,,,,,,,,,,
PRIWORGSO,PRIORITY WORLDWIDE SERVICES,Company,,USGSO,PRIWORGSO,,Commercial,,All Territories,,,,,,,,,,,,,,,,,,,,PRIWORGSO,,,,imports@priorityworldwide.com,,,,,,,,,,,,,,,0,,,,,,,,,,,,,,,,,,,,,,,,,,,,,,
BANINTFOS,BANSARD INTERNATIONAL (MARSEILLE OFFICE),Company,,FRFOS,BANINTFOS,,Commercial,,All Territories,,,,,,,,,,,,,,,,,www.bansard.com,,,BANINTFOS,,,,covanessian@BANSARD.COM,,,,,,,,,,,,,,,0,,,,,,,,,,,,,,,,,,,,,,,,,,,,,,
PRLOGCLAX,P&R LOGISTICS CORP.,Company,,USLAX,PRLOGCLAX,,Commercial,,All Territories,,,,,,,,,,,,,,,,,,,,PRLOGCLAX,,,,,,,,,,,,,,,,,,,0,,,,,,,,,,,,,,,,,,,,,,,,,,,,,,
GTOGLOYVR,GTO GLOBAL LOGISTICS INC.,Company,,CAYVR,GTOGLOYVR,,Commercial,,All Territories,,,,,,,,,,,,,,,,,,,,GTOGLOYVR,,,,,,,,,,,,,,,,,,,0,,,,,,,,,,,,,,,,,,,,,,,,,,,,,,
OLITRALIS,OLICARGO TRANSITARIO LDA. (HEAD OFFICE),Company,,PTLIS,OLITRALIS,,Commercial,,All Territories,,,,,,,,,,,,,,,,,,,,OLITRALIS,,,,,,,,,,,,,,,,,,,0,,,,,,,,,,,,,,,,,,,,,,,,,,,,,,
SZINTESZX,S&Z INTERNATIONAL LOGISTICS SERVICE,Company,,CNSZX,SZINTESZX,,Commercial,,All Territories,,,,,,,,,,,,,,,,,,,,SZINTESZX,,,,,,,,,,,,,,,,,,,0,,,,,,,,,,,,,,,,,,,,,,,,,,,,,,
MOBANTSZX,"MOBI ANTENNA TECHNOLOGIES (SHENZHEN) CO., LTD",Company,,CNSZX,MOBANTSZX,,Commercial,,All Territories,,,,,,,,,,,,,,,,,,,,MOBANTSZX,,,,,,,,,,,,,,,,,,,0,,,,,,,,,,,,,,,,,,,,,,,,,,,,,,
SEANETSIN,SEA-NET CARGO EXPRESS (S) PTE LTD,Company,,SGSIN,SEANETSIN,,Commercial,,All Territories,,,,,,,,,,,,,,,,,www.seanet.com.sg,,,SEANETSIN,,,,,,,,,,,,,,,,,,,0,,,,,,,,,,,,,,,,,,,,,,,,,,,,,,
AUSSHIMNL,AUSTRAL SHIPS,Company,,PHCEB,AUSSHIMNL,,Commercial,,All Territories,,,,,,,,,,,,,,,,,,,,AUSSHIMNL,,,,,,,,,,,,,,,,,,,0,,,,,,,,,,,,,,,,,,,,,,,,,,,,,,
ALBATRBTN,ALBATRANS INC.,Company,,USBTN,ALBATRBTN,,Commercial,,All Territories,,,,,,,,,,,,,,,,,,,,ALBATRBTN,,,,,,,,,,,,,,,,,,,0,,,,,,,,,,,,,,,,,,,,,,,,,,,,,,
MILFRERTM,MILESTONE FRESH B.V.,Company,,NLRTM,MILFRERTM,,Commercial,,All Territories,,,,,,,,,,,,,,,,,,,,MILFRERTM,,,,,,,,,,,,,,,,,,,0,,,,,,,,,,,,,,,,,,,,,,,,,,,,,,
SKYINTBKK,"SKY INTERFREIGHT CO., LTD.",Company,,THBKK,SKYINTBKK,,Commercial,,All Territories,,,,,,,,,,,,,,,,,www.skyinterfreight.com,,,SKYINTBKK,,,,operations@skyinterfreight.com,,,,,,,,,,,,,,,0,,,,,,,,,,,,,,,,,,,,,,,,,,,,,,
MIDAMECHI,"MID-AMERICA OVERSEAS, INC.",Company,,USCHI,MIDAMECHI,,Commercial,,All Territories,,,,,,,,,,,,,,,,,,,,MIDAMECHI,,,,mao_ord@maoinc.com,,,,,,,,,,,,,,,0,,,,,,,,,,,,,,,,,,,,,,,,,,,,,,
MULTHKHKG,MULTIFREIGHT (H.K.) LTD.,Company,,HKHKG,MULTHKHKG,,Commercial,,All Territories,,,,,,,,,,,,,,,,,,,,MULTHKHKG,,,,,,,,,,,,,,,,,,,0,,,,,,,,,,,,,,,,,,,,,,,,,,,,,,
CATGROMIL,CAT GROUPE ITALIA SRL,Company,,ITMIL,CATGROMIL,,Commercial,,All Territories,,,,,,,,,,,,,,,,,,,,CATGROMIL,,,,,,,,,,,,,,,,,,,0,,,,,,,,,,,,,,,,,,,,,,,,,,,,,,
ALISPAAMG,ALISPED S.P.A,Company,,ITAMG,ALISPAAMG,,Commercial,,All Territories,,,,,,,,,,,,,,,,,,,,ALISPAAMG,,,,,,,,,,,,,,,,,,,0,,,,,,,,,,,,,,,,,,,,,,,,,,,,,,
REALOGMTTSN,REALCO LOGISTICS LTD.,Company,,CNTSN,REALOGMTTSN,,Commercial,,All Territories,,,,,,,,,,,,,,,,,www.realcolog.com,,,REALOGMTTSN,,,+8613820294377,arthurshang.tsn@realcolog.com,,,,,,,,,,,,,,,0,,,,,,,,,,,,,,,,,,,,,,,,,,,,,,
HANSEASEL,HANKYONG SEA & AIR CO. LTD.,Company,,KRSEL,HANSEASEL,,Commercial,,All Territories,,,,,,,,,,,,,,,,,,,,HANSEASEL,,,,logitec@hankyong.com,,,,,,,,,,,,,,,0,,,,,,,,,,,,,,,,,,,,,,,,,,,,,,
INTESA_ES,INTERTRANSIT S.A.,Company,,ESBCN,INTESA_ES,,Commercial,,All Territories,,,,,,,,,,,,,,,,,,,,INTESA_ES,,,,,,,,,,,,,,,,,,,0,,,,,,,,,,,,,,,,,,,,,,,,,,,,,,
YANTOPTAO,YANTAI TOPTECH LTD.,Company,,CNQIN,YANTOPTAO,,Commercial,,All Territories,,,,,,,,,,,,,,,,,,,,YANTOPTAO,,,,,,,,,,,,,,,,,,,0,,,,,,,,,,,,,,,,,,,,,,,,,,,,,,
PHIFAUQZV,PHILIPPE FAUVEDER & CIE,Company,,FRROI,PHIFAUQZV,,Commercial,,All Territories,,,,,,,,,,,,,,,,,,,,PHIFAUQZV,,,,,,,,,,,,,,,,,,,0,,,,,,,,,,,,,,,,,,,,,,,,,,,,,,
DFDLOGMER,DFD LOGISTICS,Company,,TRMER,DFDLOGMER,,Commercial,,All Territories,,,,,,,,,,,,,,,,,www.dfdlogistics.com,,,DFDLOGMER,,,+905498061692,emele@dfdlogistics.com,,,,,,,,,,,,,,,0,,,,,,,,,,,,,,,,,,,,,,,,,,,,,,
SHAMAOSHA,SHANGHAI MAOHONG INTERNATIONAL TRANSPORTATION,Company,,CNSHA,SHAMAOSHA,,Commercial,,All Territories,,,,,,,,,,,,,,,,,,,,SHAMAOSHA,,,,,,,,,,,,,,,,,,,0,,,,,,,,,,,,,,,,,,,,,,,,,,,,,,
TRAFRESBKUL,TRANSOCEAN FREIGHT SERVICES SDN BHD,Company,,MYKUL,TRAFRESBKUL,,Commercial,,All Territories,,,,,,,,,,,,,,,,,,,,TRAFRESBKUL,,,,,,,,,,,,,,,,,,,0,,,,,,,,,,,,,,,,,,,,,,,,,,,,,,
PAXLOGPUS,PAX LOGISTICS CO LTD.,Company,,KRPUS,PAXLOGPUS,,Commercial,,All Territories,,,,,,,,,,,,,,,,,,,,PAXLOGPUS,,,+821093257988,,,,,,,,,,,,,,,,0,,,,,,,,,,,,,,,,,,,,,,,,,,,,,,
UNIINTUKB,"UNITE INTERNATIONAL FREIGHT AGENCY CO., LTD",Company,,JPUKB,UNIINTUKB,,Commercial,,All Territories,,,,,,,,,,,,,,,,,,,,UNIINTUKB,,,,,,,,,,,,,,,,,,,0,,,,,,,,,,,,,,,,,,,,,,,,,,,,,,
SKESHEBNE,SKELTON SHERBORNE,Company,,AUBNE,SKESHEBNE,,Commercial,,All Territories,,,,,,,,,,,,,,,,,,,,SKESHEBNE,,,,,,,,,,,,,,,,,,,0,,,,,,,,,,,,,,,,,,,,,,,,,,,,,,
MAIUSANYC,MAINFREIGHT USA (FORMERLY TARGET LOGISTICS SVCS),Company,,USNYC,MAIUSANYC,,Commercial,,All Territories,,,,,,,,,,,,,,,,,,,,MAIUSANYC,,,,,,,,,,,,,,,,,,,0,,,,,,,,,,,,,,,,,,,,,,,,,,,,,,
SMAIMEBKK,SMART IMEX MARINE CO. TLD,Company,,THBKK,SMAIMEBKK,,Commercial,,All Territories,,,,,,,,,,,,,,,,,,,,SMAIMEBKK,,,,smartim@cscoms.com,,,,,,,,,,,,,,,0,,,,,,,,,,,,,,,,,,,,,,,,,,,,,,
JUBTRUCEB,JUBAY TRUCKING SERVICES,Company,,PHCEB,JUBTRUCEB,,Commercial,,All Territories,,,,,,,,,,,,,,,,,,,,JUBTRUCEB,,,,,,,,,,,,,,,,,,,0,,,,,,,,,,,,,,,,,,,,,,,,,,,,,,
OPSBGAAFE,O.P.S.I. SCS LTD.,Company,,ILBGA,OPSBGAAFE,,Commercial,,All Territories,,,,,,,,,,,,,,,,,,,,OPSBGAAFE,,,,noap@ups.co.il,,,,,,,,,,,,,,,0,,,,,,,,,,,,,,,,,,,,,,,,,,,,,,
KORTOTSEL,"KOREA TOTAL LOGISTICS CO., LTD.",Company,,KRSEL,KORTOTSEL,,Commercial,,All Territories,,,,,,,,,,,,,,,,,,,,KORTOTSEL,,,,,,,,,,,,,,,,,,,0,,,,,,,,,,,,,,,,,,,,,,,,,,,,,,
GRECARSFT,GREEN CARRIER SWEDEN AB,Company,,SESFT,GRECARSFT,,Commercial,,All Territories,,,,,,,,,,,,,,,,,,,,GRECARSFT,,,,,,,,,,,,,,,,,,,0,,,,,,,,,,,,,,,,,,,,,,,,,,,,,,
ORYSGNAFE,"ORYX TRADING CO., LTD.",Company,,VNSGN,ORYSGNAFE,,Commercial,,All Territories,,,,,,,,,,,,,,,,,,,,ORYSGNAFE,,,+84839142733,hanhuynh@otco.com.vn,,,,,,,,,,,,,,,0,,,,,,,,,,,,,,,,,,,,,,,,,,,,,,
KINWELSZX,"KING WELL EXPRESS, INC.",Company,,CNSZX,KINWELSZX,,Commercial,,All Territories,,,,,,,,,,,,,,,,,,,,KINWELSZX,,,,kwsz@kingwellsz.com,,,,,,,,,,,,,,,0,,,,,,,,,,,,,,,,,,,,,,,,,,,,,,
EFLINTDUB,EFL INTERNATIONAL DISTRIBUTION LTD,Company,,IEDUB,EFLINTDUB,,Commercial,,All Territories,,,,,,,,,,,,,,,,,,,,EFLINTDUB,,,,,,,,,,,,,,,,,,,0,,,,,,,,,,,,,,,,,,,,,,,,,,,,,,
MATTRAOGI,MAT TRANSPORT AG,Company,,CHOGI,MATTRAOGI,,Commercial,,All Territories,,,,,,,,,,,,,,,,,,,,MATTRAOGI,,,,,,,,,,,,,,,,,,,0,,,,,,,,,,,,,,,,,,,,,,,,,,,,,,
STRTRADUS,STRECK TRANSPORT GMBH,Company,,DEDUS,STRTRADUS,,Commercial,,All Territories,,,,,,,,,,,,,,,,,,,,STRTRADUS,,,,,,,,,,,,,,,,,,,0,,,,,,,,,,,,,,,,,,,,,,,,,,,,,,
ASECODUB,ASECO IRELAND LIMITED,Company,,IEDUB,ASECODUB,,Commercial,,All Territories,,,,,,,,,,,,,,,,,,,,ASECODUB,,,,,,,,,,,,,,,,,,,0,,,,,,,,,,,,,,,,,,,,,,,,,,,,,,
CERTESCAS,CERAMICAS TESANY S L,Company,,ESCAS,CERTESCAS,,Commercial,,All Territories,,,,,,,,,,,,,,,,,,,,CERTESCAS,,,,,,,,,,,,,,,,,,,0,,,,,,,,,,,,,,,,,,,,,,,,,,,,,,
WTLINTCMB,WTL INTERNATIONAL (PVT) LTD.,Company,,LKCMB,WTLINTCMB,,Commercial,,All Territories,,,,,,,,,,,,,,,,,,,,WTLINTCMB,,,+94773444693,,,,,,,,,,,,,,,,0,,,,,,,,,,,,,,,,,,,,,,,,,,,,,,
AGISINAFE,AGILITY FAIRS & EVENTS LOGISTICS PTE LTD,Company,,SGSIN,AGISINAFE,,Commercial,,All Territories,,,,,,,,,,,,,,,,,,,,AGISINAFE,,,,MNg@agility.com,,,,,,,,,,,,,,,0,,,,,,,,,,,,,,,,,,,,,,,,,,,,,,
PAXGLOSEL,"PAX GLOBAL CARGO, INC.",Company,,KRSEL,PAXGLOSEL,,Commercial,,All Territories,,,,,,,,,,,,,,,,,,,,PAXGLOSEL,,,,pax@paxglobalcargo.com,,,,,,,,,,,,,,,0,,,,,,,,,,,,,,,,,,,,,,,,,,,,,,
KANNINKHH,KANG NIN INDUSTRIAL CO LTD,Company,,TWKHH,KANNINKHH,,Commercial,,All Territories,,,,,,,,,,,,,,,,,,,,KANNINKHH,,,,,,,,,,,,,,,,,,,0,,,,,,,,,,,,,,,,,,,,,,,,,,,,,,
DIMOTRNCE,DIMOTRANS,Company,,FRNCE,DIMOTRNCE,,Commercial,,All Territories,,,,,,,,,,,,,,,,,,,,DIMOTRNCE,,,,shan@dimotrans-group.com,,,,,,,,,,,,,,,0,,,,,,,,,,,,,,,,,,,,,,,,,,,,,,
ARGFORFXT,ARGONAUT FORWARDING LIMITED,Company,,GBFXT,ARGFORFXT,,Commercial,,All Territories,,,,,,,,,,,,,,,,,,,,ARGFORFXT,,,,,,,,,,,,,,,,,,,0,,,,,,,,,,,,,,,,,,,,,,,,,,,,,,
BEELOGSGN,BEE LOGISTICS CORPORATION,Company,,VNSGN,BEELOGSGN,,Commercial,,All Territories,,,,,,,,,,,,,,,,,www.beelogistics.com,,,BEELOGSGN,,,,sally.vnsgn@beelogistics.com,,,,,,,,,,,,,,,0,,,,,,,,,,,,,,,,,,,,,,,,,,,,,,
REPSTEALG,REPRESENTACOES STEIMETZ GROSS LTDA,Company,,BRALG,REPSTEALG,,Commercial,,All Territories,,,,,,,,,,,,,,,,,,,,REPSTEALG,,,,,,,,,,,,,,,,,,,0,,,,,,,,,,,,,,,,,,,,,,,,,,,,,,
INTSHIBLA,INTERGROUP SHIPPING (WA) PTY LTD,Company,,AUBLA,INTSHIBLA,,Commercial,,All Territories,,,,,,,,,,,,,,,,,,,,INTSHIBLA,,,,intergroupwa@intergroupwa.com.au,,,,,,,,,,,,,,,0,,,,,,,,,,,,,,,,,,,,,,,,,,,,,,
PTBADGJKT,PT. BADGER LOGISTICS SUKSES,Company,,IDJKT,PTBADGJKT,,Commercial,,All Territories,,,,,,,,,,,,,,,,,,,,PTBADGJKT,,,,jakarta@badger.com.sg,,,,,,,,,,,,,,,0,,,,,,,,,,,,,,,,,,,,,,,,,,,,,,
PTCENLJKT,PT. CENTRAL LINTAS CONTINENT,Company,,IDJKT,PTCENLJKT,,Commercial,,All Territories,,,,,,,,,,,,,,,,,www.clc-indonesia.com,,,PTCENLJKT,,,,info@clc-indoensia.com,,,,,,,,,,,,,,,0,,,,,,,,,,,,,,,,,,,,,,,,,,,,,,
SIAILOBKK,SIAM I-LOGISTICS LTD.,Company,,THBKK,SIAILOBKK,,Commercial,,All Territories,,,,,,,,,,,,,,,,,,,,SIAILOBKK,,,,see contacts,,,,,,,,,,,,,,,0,,,,,,,,,,,,,,,,,,,,,,,,,,,,,,
TAUELSEL,TAUEL CO. LTD.,Company,,KRSEL,TAUELSEL,,Commercial,,All Territories,,,,,,,,,,,,,,,,,,,,TAUELSEL,,,,taeul@taeul.biz,,,,,,,,,,,,,,,0,,,,,,,,,,,,,,,,,,,,,,,,,,,,,,
CLASQUNAN,CLASQUIN NANTES,Company,,FRNTE,CLASQUNAN,,Commercial,,All Territories,,,,,,,,,,,,,,,,,,,,CLASQUNAN,,,,,,,,,,,,,,,,,,,0,,,,,,,,,,,,,,,,,,,,,,,,,,,,,,
INTSHIPHKG,INTERGROUP SHIPPING (ASIA) LTD.,Company,,HKHKG,INTSHIPHKG,,Commercial,,All Territories,,,,,,,,,,,,,,,,,,,,INTSHIPHKG,,,,home@hkg.intergroup.biz,,,,,,,,,,,,,,,0,,,,,,,,,,,,,,,,,,,,,,,,,,,,,,
ATLFREPKG,ATLANTIC FREIGHT SERVICES,Company,,MYPKG,ATLFREPKG,,Commercial,,All Territories,,,,,,,,,,,,,,,,,,,,ATLFREPKG,,,,atlan@tm.net.my,,,,,,,,,,,,,,,0,,,,,,,,,,,,,,,,,,,,,,,,,,,,,,
SCHAGIRTH,"SCHENKER & CO. AG, INTERN. FORWARDER",Company,,ATRTH,SCHAGIRTH,,Commercial,,All Territories,,,,,,,,,,,,,,,,,,,,SCHAGIRTH,,,,,,,,,,,,,,,,,,,0,,,,,,,,,,,,,,,,,,,,,,,,,,,,,,
HORSAISKG,HORIZON S.A INTERNATIONAL TRANSPORTS,Company,,GRSKG,HORSAISKG,,Commercial,,All Territories,,,,,,,,,,,,,,,,,,,,HORSAISKG,,,,horinord@otenet.gr,,,,,,,,,,,,,,,0,,,,,,,,,,,,,,,,,,,,,,,,,,,,,,
ITELOGCPH,"ITELLA LOGSITICS A/S, (DENMARK)",Company,,DKCPH,ITELOGCPH,,Commercial,,All Territories,,,,,,,,,,,,,,,,,,,,ITELOGCPH,,,,,,,,,,,,,,,,,,,0,,,,,,,,,,,,,,,,,,,,,,,,,,,,,,
KNOGLOFUK,"KNOT GLOBAL HOLDINGS CO., LTD.",Company,,JPFUK,KNOGLOFUK,,Commercial,,All Territories,,,,,,,,,,,,,,,,,,,,KNOGLOFUK,,,,,,,,,,,,,,,,,,,0,,,,,,,,,,,,,,,,,,,,,,,,,,,,,,
ULFRIGHAM,UL FRIGOSERVICE GMBH & CO. KG,Company,,DEHAM,ULFRIGHAM,,Commercial,,All Territories,,,,,,,,,,,,,,,,,,,,ULFRIGHAM,,,,joerg.schlueter@uhlhorn.de,,,,,,,,,,,,,,,0,,,,,,,,,,,,,,,,,,,,,,,,,,,,,,
FRESYSDAC,"FREIGHT SYSTEMS CO, LTD.",Company,,BDDAC,FRESYSDAC,,Commercial,,All Territories,,,,,,,,,,,,,,,,,,,,FRESYSDAC,,,,,,,,,,,,,,,,,,,0,,,,,,,,,,,,,,,,,,,,,,,,,,,,,,
SBSWORLAX,SBS WORLDWIDE INC.,Company,,USLAX,SBSWORLAX,,Commercial,,All Territories,,,,,,,,,,,,,,,,,http://sbsworldwide.com,,,SBSWORLAX,,,,lax@sbsworldwide.com,,,,,,,,,,,,,,,0,,,,,,,,,,,,,,,,,,,,,,,,,,,,,,
RANLOGSAO,RANUR LOGISTICS LTDA,Company,,BRSAO,RANLOGSAO,,Commercial,,All Territories,,,,,,,,,,,,,,,,,,,,RANLOGSAO,,,,,,,,,,,,,,,,,,,0,,,,,,,,,,,,,,,,,,,,,,,,,,,,,,
ALITRAGOA,ALITRANS SRL,Company,,ITGOA,ALITRAGOA,,Commercial,,All Territories,,,,,,,,,,,,,,,,,,,,ALITRAGOA,,,,,,,,,,,,,,,,,,,0,,,,,,,,,,,,,,,,,,,,,,,,,,,,,,
VIEPROSGN,"VIET NAM PROJECTS TRANSPORT CO., LTD",Company,,VNSGN,VIEPROSGN,,Commercial,,All Territories,,,,,,,,,,,,,,,,,,,,VIEPROSGN,,,,,,,,,,,,,,,,,,,0,,,,,,,,,,,,,,,,,,,,,,,,,,,,,,
FMOVERHAM,FM OVERSEAS DEUTSCHLAND GMBH,Company,,DEHAM,FMOVERHAM,,Commercial,,All Territories,,,,,,,,,,,,,,,,,,,,FMOVERHAM,,,,,,,,,,,,,,,,,,,0,,,,,,,,,,,,,,,,,,,,,,,,,,,,,,
FERDIOVCE,FEREXPORT SAS DI ORIANO MABELINNI & CO.,Company,,ITVCE,FERDIOVCE,,Commercial,,All Territories,,,,,,,,,,,,,,,,,,,,FERDIOVCE,,,,,,,,,,,,,,,,,,,0,,,,,,,,,,,,,,,,,,,,,,,,,,,,,,
FRESYSLUH,FREIGHT SYSTEMS (INDIA) (P) LTD,Company,,INLUH,FRESYSLUH,,Commercial,,All Territories,,,,,,,,,,,,,,,,,,,,FRESYSLUH,,,,,,,,,,,,,,,,,,,0,,,,,,,,,,,,,,,,,,,,,,,,,,,,,,
LENEXPLAX,"LENNEX EXPRESS, INC.",Company,,USLAX,LENEXPLAX,,Commercial,,All Territories,,,,,,,,,,,,,,,,,,,,LENEXPLAX,,,,,,,,,,,,,,,,,,,0,,,,,,,,,,,,,,,,,,,,,,,,,,,,,,
EAGALLSHA,EAGLE ALLIANCE INTERNATIONAL,Company,,CNSHA,EAGALLSHA,,Commercial,,All Territories,,,,,,,,,,,,,,,,,,,,EAGALLSHA,,,,,,,,,,,,,,,,,,,0,,,,,,,,,,,,,,,,,,,,,,,,,,,,,,
INTSPAVDN,INTERCOSPED S.P.A (VIADANA),Company,,ITVDN,INTSPAVDN,,Commercial,,All Territories,,,,,,,,,,,,,,,,,,,,INTSPAVDN,,,,,,,,,,,,,,,,,,,0,,,,,,,,,,,,,,,,,,,,,,,,,,,,,,
FAUPHELEH,FAUVEDER PH ET CIE A MONTOIR,Company,,FRLEH,FAUPHELEH,,Commercial,,All Territories,,,,,,,,,,,,,,,,,,,,FAUPHELEH,,,,,,,,,,,,,,,,,,,0,,,,,,,,,,,,,,,,,,,,,,,,,,,,,,
RIMLOGLAX,RIM LOGISTICS LTD,Company,,USLAX,RIMLOGLAX,,Commercial,,All Territories,,,,,,,,,,,,,,,,,,,,RIMLOGLAX,,,,,,,,,,,,,,,,,,,0,,,,,,,,,,,,,,,,,,,,,,,,,,,,,,
GONDUKPME,GONDRAND UK,Company,,GBPME,GONDUKPME,,Commercial,,All Territories,,,,,,,,,,,,,,,,,,,,GONDUKPME,,,,,,,,,,,,,,,,,,,0,,,,,,,,,,,,,,,,,,,,,,,,,,,,,,
KECTRALEI,KEC TRANSITOS NAVIGACIAO LTDA.,Company,,PTLEI,KECTRALEI,,Commercial,,All Territories,,,,,,,,,,,,,,,,,,,,KECTRALEI,,,,,,,,,,,,,,,,,,,0,,,,,,,,,,,,,,,,,,,,,,,,,,,,,,
CLASQUQIN,CLASQUIN SHANGHAI LTD QINGDAO,Company,,CNTXG,CLASQUQIN,,Commercial,,All Territories,,,,,,,,,,,,,,,,,,,,CLASQUQIN,,,,,,,,,,,,,,,,,,,0,,,,,,,,,,,,,,,,,,,,,,,,,,,,,,
DJEXPHHKG,"DJ EXPRESS (HK) CO., LTD.",Company,,HKHKG,DJEXPHHKG,,Commercial,,All Territories,,,,,,,,,,,,,,,,,,,,DJEXPHHKG,,,,djhkg@netvigator.com,,,,,,,,,,,,,,,0,,,,,,,,,,,,,,,,,,,,,,,,,,,,,,
KORFREXMN,KORCHINA FREIGHT (MAINLAND) LTD.,Company,,CNXMN,KORFREXMN,,Commercial,,All Territories,,,,,,,,,,,,,,,,,,,,KORFREXMN,,,,,,,,,,,,,,,,,,,0,,,,,,,,,,,,,,,,,,,,,,,,,,,,,,
GUANFEHUA,GUANGZHOU GUANFENG INT'L LOGISTICS CO. LTD.,Company,,CNHUA,GUANFEHUA,,Commercial,,All Territories,,,,,,,,,,,,,,,,,,,,GUANFEHUA,,,,,,,,,,,,,,,,,,,0,,,,,,,,,,,,,,,,,,,,,,,,,,,,,,
AIRCATFRA,AIR CAT,Company,,DEFRA,AIRCATFRA,,Commercial,,All Territories,,,,,,,,,,,,,,,,,,,,AIRCATFRA,,,,cat_singapore@pacific.net.sg,,,,,,,,,,,,,,,0,,,,,,,,,,,,,,,,,,,,,,,,,,,,,,
APCREATXG,APC-REALCO LTD.,Company,,TWTXG,APCREATXG,,Commercial,,All Territories,,,,,,,,,,,,,,,,,,,,APCREATXG,,,,taichung@realco.com.tw,,,,,,,,,,,,,,,0,,,,,,,,,,,,,,,,,,,,,,,,,,,,,,
TAIAIRTYO,TAIUN AIRFREIGHT SERVICE,Company,,JPTYO,TAIAIRTYO,,Commercial,,All Territories,,,,,,,,,,,,,,,,,,,,TAIAIRTYO,,,,,,,,,,,,,,,,,,,0,,,,,,,,,,,,,,,,,,,,,,,,,,,,,,
ATLCONJKT,ATLAS CONTAINER LINES CO. LTD.,Company,,IDJKT,ATLCONJKT,,Commercial,,All Territories,,,,,,,,,,,,,,,,,,,,ATLCONJKT,,,,atlascontainer@indo.net,,,,,,,,,,,,,,,0,,,,,,,,,,,,,,,,,,,,,,,,,,,,,,
SYMEXPTPE,"SYMATRANS EXPRESS CO., LTD",Company,,TWTPE,SYMEXPTPE,,Commercial,,All Territories,,,,,,,,,,,,,,,,,,,,SYMEXPTPE,,,,,,,,,,,,,,,,,,,0,,,,,,,,,,,,,,,,,,,,,,,,,,,,,,
RONYAEASH,RON YAEL CREATIVE COMMUNICATIONS LTD.,Company,,ILASH,RONYAEASH,,Commercial,,All Territories,,,,,,,,,,,,,,,,,,,,RONYAEASH,,,,yael.ronbirman@gmail.com,,,,,,,,,,,,,,,0,,,,,,,,,,,,,,,,,,,,,,,,,,,,,,
AVAMEDNFF,AVANTE MEDICAL SURGICAL,Company,,USNFF,AVAMEDNFF,,Commercial,,All Territories,,,,,,,,,,,,,,,,,,,,AVAMEDNFF,,,,,,,,,,,,,,,,,,,0,,,,,,,,,,,,,,,,,,,,,,,,,,,,,,
NINTRANBO,NINGBO TRANS FAR EAST LOGISTICS CO LTD,Company,,CNNBO,NINTRANBO,,Commercial,,All Territories,,,,,,,,,,,,,,,,,,,,NINTRANBO,,,,TransFarEast@163.com,,,,,,,,,,,,,,,0,,,,,,,,,,,,,,,,,,,,,,,,,,,,,,
AVEGLOSEP,AVEON GLOBAL TRANSPORTS SDN BHD,Company,,MYSEP,AVEGLOSEP,,Commercial,,All Territories,,,,,,,,,,,,,,,,,,,,AVEGLOSEP,,,,,,,,,,,,,,,,,,,0,,,,,,,,,,,,,,,,,,,,,,,,,,,,,,
LOGPLUKLA,LOGISTICS PLUS SDN BHD,Company,,MYKLA,LOGPLUKLA,,Commercial,,All Territories,,,,,,,,,,,,,,,,,,,,LOGPLUKLA,,,,,,,,,,,,,,,,,,,0,,,,,,,,,,,,,,,,,,,,,,,,,,,,,,
SHAZANSHA,"SHANGHAI ZANMEI INTERNATIONAL LOGISTICS CO.,LTD",Company,,CNSHA,SHAZANSHA,,Commercial,,All Territories,,,,,,,,,,,,,,,,,,,,SHAZANSHA,,,,,,,,,,,,,,,,,,,0,,,,,,,,,,,,,,,,,,,,,,,,,,,,,,
DIMLEHLEH,DIMOTRANS LE HARVE,Company,,FRLEH,DIMLEHLEH,,Commercial,,All Territories,,,,,,,,,,,,,,,,,,,,DIMLEHLEH,,,,,,,,,,,,,,,,,,,0,,,,,,,,,,,,,,,,,,,,,,,,,,,,,,
DMFINTDUB,DMF INTERNATIONAL LTD.,Company,,IEDUB,DMFINTDUB,,Commercial,,All Territories,,,,,,,,,,,,,,,,,,,,DMFINTDUB,,,,dmf@iol.ie,,,,,,,,,,,,,,,0,,,,,,,,,,,,,,,,,,,,,,,,,,,,,,
ALPCOOJPU,PT. ALPINE COOL UTAMA,Company,,IDJPU,ALPCOOJPU,,Commercial,,All Territories,,,,,,,,,,,,,,,,,,,,ALPCOOJPU,,,,,,,,,,,,,,,,,,,0,,,,,,,,,,,,,,,,,,,,,,,,,,,,,,
ORMESAROM,ORMESANI SRL,Company,,ITROM,ORMESAROM,,Commercial,,All Territories,,,,,,,,,,,,,,,,,,,,ORMESAROM,,,,valeria.alongi@ormesani.it,,,,,,,,,,,,,,,0,,,,,,,,,,,,,,,,,,,,,,,,,,,,,,
GLOINTYYZ,GLOBO INTERNATIONAL,Company,,CAYYZ,GLOINTYYZ,,Commercial,,All Territories,,,,,,,,,,,,,,,,,,,,GLOINTYYZ,,,,flexport@globointl.com,,,,,,,,,,,,,,,0,,,,,,,,,,,,,,,,,,,,,,,,,,,,,,
OMNINTYUL,OMNITRANS INTERNATIONAL,Company,,CAYUL,OMNINTYUL,,Commercial,,All Territories,,,,,,,,,,,,,,,,,,,,OMNINTYUL,,,,,,,,,,,,,,,,,,,0,,,,,,,,,,,,,,,,,,,,,,,,,,,,,,
BLUWATBCN,BLUE WATER SHIPPING S.A.,Company,,ESBCN,BLUWATBCN,,Commercial,,All Territories,,,,,,,,,,,,,,,,,,,,BLUWATBCN,,,,jhernandez@bws.es,,,,,,,,,,,,,,,0,,,,,,,,,,,,,,,,,,,,,,,,,,,,,,
UNIWINXMN,UNITED WIN LOGISTICS COMPANY,Company,,CNXMN,UNIWINXMN,,Commercial,,All Territories,,,,,,,,,,,,,,,,,,,,UNIWINXMN,,,,,,,,,,,,,,,,,,,0,,,,,,,,,,,,,,,,,,,,,,,,,,,,,,
TCBDUB,TCB GROUP,Company,,IEDUB,TCBDUB,,Commercial,,All Territories,,,,,,,,,,,,,,,,,,,,TCBDUB,,,,,,,,,,,,,,,,,,,0,,,,,,,,,,,,,,,,,,,,,,,,,,,,,,
CORINTSZX,CORWIN INTERNATIONAL LOGISTICS CORP.,Company,,CNSZX,CORINTSZX,,Commercial,,All Territories,,,,,,,,,,,,,,,,,,,,CORINTSZX,,,,,,,,,,,,,,,,,,,0,,,,,,,,,,,,,,,,,,,,,,,,,,,,,,
OCEBLIMNL,OCEAN BLITZ LOGISTICS INT’L INC,Company,,PHMNL,OCEBLIMNL,,Commercial,,All Territories,,,,,,,,,,,,,,,,,,,,OCEBLIMNL,,,,,,,,,,,,,,,,,,,0,,,,,,,,,,,,,,,,,,,,,,,,,,,,,,
SISLOGNKN,SIS LOGISTIK GMBH HANNOVER,Company,,DENKN,SISLOGNKN,,Commercial,,All Territories,,,,,,,,,,,,,,,,,,,,SISLOGNKN,,,,,,,,,,,,,,,,,,,0,,,,,,,,,,,,,,,,,,,,,,,,,,,,,,
FERLOGHKG,FERRARI LOGISTICS (ASIA) LTD.,Company,,HKHKG,FERLOGHKG,,Commercial,,All Territories,,,,,,,,,,,,,,,,,,,,FERLOGHKG,,,,,,,,,,,,,,,,,,,0,,,,,,,,,,,,,,,,,,,,,,,,,,,,,,
3ASERCSGN,3A SERVICES CO.LTD.,Company,,VNSGN,3ASERCSGN,,Commercial,,All Territories,,,,,,,,,,,,,,,,,,,,3ASERCSGN,,,,brighttiger@hcm.fpt.vn,,,,,,,,,,,,,,,0,,,,,,,,,,,,,,,,,,,,,,,,,,,,,,
UNILOGVAR,UNIMASTERS LOGISTICS SCS LTD,Company,,BGVAR,UNILOGVAR,,Commercial,,All Territories,,,,,,,,,,,,,,,,,www.unimasters.com,,,UNILOGVAR,,,,sales@unimasters.com,,,,,,,,,,,,,,,0,,,,,,,,,,,,,,,,,,,,,,,,,,,,,,
SAGFORSAI,SAGEMAR FORWARDING SA,Company,,CLSAI,SAGFORSAI,,Commercial,,All Territories,,,,,,,,,,,,,,,,,,,,SAGFORSAI,,,,,,,,,,,,,,,,,,,0,,,,,,,,,,,,,,,,,,,,,,,,,,,,,,
BLUEBJAFE,BLUE WATER SHIPPING A/S,Company,,DKEBJ,BLUEBJAFE,,Commercial,,All Territories,,,,,,,,,,,,,,,,,,,,BLUEBJAFE,,,+4551299807,lark@bws.dk,,,,,,,,,,,,,,,0,,,,,,,,,,,,,,,,,,,,,,,,,,,,,,
TUVRHEBKK,TUV RHEINLAND THAILAND LTD.,Company,,THBKK,TUVRHEBKK,,Commercial,,All Territories,,,,,,,,,,,,,,,,,,,,TUVRHEBKK,,,,,,,,,,,,,,,,,,,0,,,,,,,,,,,,,,,,,,,,,,,,,,,,,,
FRESYSHYD,FREIGHT SYSTEMS INDIA PVT LTD,Company,,INHYD,FRESYSHYD,,Commercial,,All Territories,,,,,,,,,,,,,,,,,,,,FRESYSHYD,,,,,,,,,,,,,,,,,,,0,,,,,,,,,,,,,,,,,,,,,,,,,,,,,,
ARRFREXMN,ARROW FREIGHT SERVICES (XIAMEN) LTD.,Company,,CNXMN,ARRFREXMN,,Commercial,,All Territories,,,,,,,,,,,,,,,,,,,,ARRFREXMN,,,,,,,,,,,,,,,,,,,0,,,,,,,,,,,,,,,,,,,,,,,,,,,,,,
ANDLOGSCL,ANDES LOGISTICS DE CHILE SA,Company,,CLSCL,ANDLOGSCL,,Commercial,,All Territories,,,,,,,,,,,,,,,,,,,,ANDLOGSCL,,,,,,,,,,,,,,,,,,,0,,,,,,,,,,,,,,,,,,,,,,,,,,,,,,
SHILOGLAX,SHIPIT LOGISTICS,Company,,USLAX,SHILOGLAX,,Commercial,,All Territories,,,,,,,,,,,,,,,,,,,,SHILOGLAX,,,,,,,,,,,,,,,,,,,0,,,,,,,,,,,,,,,,,,,,,,,,,,,,,,
QCSQUIAMS,QCS - QUICK CARGO SERVICE BV,Company,,NLAMS,QCSQUIAMS,,Commercial,,All Territories,,,,,,,,,,,,,,,,,,,,QCSQUIAMS,,,,,,,,,,,,,,,,,,,0,,,,,,,,,,,,,,,,,,,,,,,,,,,,,,
THIPHUSGN,"THIEN PHUC CO., LTD",Company,,VNSGN,THIPHUSGN,,Commercial,,All Territories,,,,,,,,,,,,,,,,,,,,THIPHUSGN,,,,,,,,,,,,,,,,,,,0,,,,,,,,,,,,,,,,,,,,,,,,,,,,,,
AELBERHKG,AEL BERKMAN,Company,,HKHKG,AELBERHKG,,Commercial,,All Territories,,,,,,,,,,,,,,,,,,,,AELBERHKG,,,,,,,,,,,,,,,,,,,0,,,,,,,,,,,,,,,,,,,,,,,,,,,,,,
DTCHINSHA,DT CHINA (SHANGHAI) LTD. SHENZHEN BRANCH,Company,,CNSGH,DTCHINSHA,,Commercial,,All Territories,,,,,,,,,,,,,,,,,,,,DTCHINSHA,,,,,,,,,,,,,,,,,,,0,,,,,,,,,,,,,,,,,,,,,,,,,,,,,,
IFEGLOLHR,IFE GLOBAL LOGISTICS (AIRFREIGHT) LTD,Company,,GBLHR,IFEGLOLHR,,Commercial,,All Territories,,,,,,,,,,,,,,,,,,,,IFEGLOLHR,,,,,,,,,,,,,,,,,,,0,,,,,,,,,,,,,,,,,,,,,,,,,,,,,,
LYNINTSEA,LYNDEN INTERNATIONAL,Company,,USSEA,LYNINTSEA,,Commercial,,All Territories,,,,,,,,,,,,,,,,,www.lynden.com/lint,,,LYNINTSEA,,,+12062454783,dgotham@lynden.com,,,,,,,,,,,,,,,0,,,,,,,,,,,,,,,,,,,,,,,,,,,,,,
CAREXPSPN,"CARGO EXPRESS (SAIPAN),INC.",Company,,MPSPN,CAREXPSPN,,Commercial,,All Territories,,,,,,,,,,,,,,,,,,,,CAREXPSPN,,,+16702871940,melanie_galapon@cargoexpressi.com,,,,,,,,,,,,,,,0,,,,,,,,,,,,,,,,,,,,,,,,,,,,,,
MYATOURGN,MYANMAR TOURISM MARKETING,Company,,MMRGN,MYATOURGN,,Commercial,,All Territories,,,,,,,,,,,,,,,,,,,,MYATOURGN,,,+959977204460,marketing.mgr@tourismmyanmar.org,,,,,,,,,,,,,,,0,,,,,,,,,,,,,,,,,,,,,,,,,,,,,,
AIRPHICEB,AIRSPEED PHILIPPINES INC.,Company,,PHCEB,AIRPHICEB,,Commercial,,All Territories,,,,,,,,,,,,,,,,,,,,AIRPHICEB,,,,,,,,,,,,,,,,,,,0,,,,,,,,,,,,,,,,,,,,,,,,,,,,,,
MOVINTSYD,MOVEMENTS INTERNATIONAL MOVERS PTY. LTD.,Company,,AUSYD,MOVINTSYD,,Commercial,,All Territories,,,,,,,,,,,,,,,,,,,,MOVINTSYD,,,,karen.taylor@mim.net.au,,,,,,,,,,,,,,,0,,,,,,,,,,,,,,,,,,,,,,,,,,,,,,
SHASEAGUA,SHANGHAI SEASHORE INTL LOGISTICS CO. LTD,Company,,CNGUA,SHASEAGUA,,Commercial,,All Territories,,,,,,,,,,,,,,,,,,,,SHASEAGUA,,,,,,,,,,,,,,,,,,,0,,,,,,,,,,,,,,,,,,,,,,,,,,,,,,
CENEXPTAO,CENTURY EXPRESS LOGISTICS CO LTD (QINGDAO)),Company,,CNTAO,CENEXPTAO,,Commercial,,All Territories,,,,,,,,,,,,,,,,,,,,CENEXPTAO,,,,,,,,,,,,,,,,,,,0,,,,,,,,,,,,,,,,,,,,,,,,,,,,,,
PTICONBLW,PT. ICON FREIGHT INDONESIA,Company,,IDBLW,PTICONBLW,,Commercial,,All Territories,,,,,,,,,,,,,,,,,,,,PTICONBLW,,,,,,,,,,,,,,,,,,,0,,,,,,,,,,,,,,,,,,,,,,,,,,,,,,
MOVSYSBKK,MOVEMAX SYSTEM  LOGISTICS CO. LTD.,Company,,THBKK,MOVSYSBKK,,Commercial,,All Territories,,,,,,,,,,,,,,,,,,,,MOVSYSBKK,,,+66863672675,,,,,,,,,,,,,,,,0,,,,,,,,,,,,,,,,,,,,,,,,,,,,,,
REALOGNAY,REALCO LOGISTICS LTD. BEIJING OFFICE,Company,,CNBJS,REALOGNAY,,Commercial,,All Territories,,,,,,,,,,,,,,,,,www.realcolog.com,,,REALOGNAY,,,+8613691077626,connyguo.bjs@realcolog.com,,,,,,,,,,,,,,,0,,,,,,,,,,,,,,,,,,,,,,,,,,,,,,
SURTECCEB,SURFACE TECHNOLOGY INTERNATIONAL PHILIPPINES INC,Company,,PHCEB,SURTECCEB,,Commercial,,All Territories,,,,,,,,,,,,,,,,,,,,SURTECCEB,,,,,,,,,,,,,,,,,,,0,,,,,,,,,,,,,,,,,,,,,,,,,,,,,,
MAVSYSSOU,MAVENIR SYSTEMS LTD,Company,,GBSOU,MAVSYSSOU,,Commercial,,All Territories,,,,,,,,,,,,,,,,,,,,MAVSYSSOU,,,,,,,,,,,,,,,,,,,0,,,,,,,,,,,,,,,,,,,,,,,,,,,,,,
CPSMODSAO,CPS MODALY LOGISTICS(AGENT:BR LINKS INTL,Company,,BRSAO,CPSMODSAO,,Commercial,,All Territories,,,,,,,,,,,,,,,,,,,,CPSMODSAO,,,,,,,,,,,,,,,,,,,0,,,,,,,,,,,,,,,,,,,,,,,,,,,,,,
ONWCONHKG,ONWIN CONTAINER LINE LTD.,Company,,HKHKG,ONWCONHKG,,Commercial,,All Territories,,,,,,,,,,,,,,,,,,,,ONWCONHKG,,,,,,,,,,,,,,,,,,,0,,,,,,,,,,,,,,,,,,,,,,,,,,,,,,
REALOGXMN,REALCO  LOGISTICS LTD,Company,,CNXMN,REALOGXMN,,Commercial,,All Territories,,,,,,,,,,,,,,,,,,,,REALOGXMN,,,,,,,,,,,,,,,,,,,0,,,,,,,,,,,,,,,,,,,,,,,,,,,,,,
SECLOGJEA,SECURE LOGISTICS & FREIGHT SOLUTIONS LLC,Company,,AEJEA,SECLOGJEA,,Commercial,,All Territories,,,,,,,,,,,,,,,,,,,,SECLOGJEA,,,,,,,,,,,,,,,,,,,0,,,,,,,,,,,,,,,,,,,,,,,,,,,,,,
FUCHUNTNN,"FU CHUN SHIN MACHINERY MANUFACTURE CO., LTD.",Company,,TWTNN,FUCHUNTNN,,Commercial,,All Territories,,,,,,,,,,,,,,,,,,,,FUCHUNTNN,,,,,,,,,,,,,,,,,,,0,,,,,,,,,,,,,,,,,,,,,,,,,,,,,,
KUTFORRUH,KUTBI FOR INT'L BUSINESS INTERNATIONAL FREIGHT FORWARDERS SAUDI ARABI,Company,,SARUH,KUTFORRUH,,Commercial,,All Territories,,,,,,,,,,,,,,,,,www.kib-sa.com,,,KUTFORRUH,,,,operation@kib-riyadh.com.sa,,,,,,,,,,,,,,,0,,,,,,,,,,,,,,,,,,,,,,,,,,,,,,
EXFREILAX,EX-FREIGHT ZETA INC.,Company,,USLAX,EXFREILAX,,Commercial,,All Territories,,,,,,,,,,,,,,,,,,,,EXFREILAX,,,,,,,,,,,,,,,,,,,0,,,,,,,,,,,,,,,,,,,,,,,,,,,,,,
LOGSERAOI,LOG SERVICE INTERNATIONAL SRL,Company,,ITAOI,LOGSERAOI,,Commercial,,All Territories,,,,,,,,,,,,,,,,,,,,LOGSERAOI,,,,,,,,,,,,,,,,,,,0,,,,,,,,,,,,,,,,,,,,,,,,,,,,,,
HONLANZSN,HONOUR LANE SHPPING LTD.-ZHONGSHAN,Company,,CNZSN,HONLANZSN,,Commercial,,All Territories,,,,,,,,,,,,,,,,,,,,HONLANZSN,,,,zhongshan@hlsholding.com.cn,,,,,,,,,,,,,,,0,,,,,,,,,,,,,,,,,,,,,,,,,,,,,,
AAINTEILG,A&A INTERNATIONAL GROUP LLC,Company,,USILG,AAINTEILG,,Commercial,,All Territories,,,,,,,,,,,,,,,,,,,,AAINTEILG,,,,,,,,,,,,,,,,,,,0,,,,,,,,,,,,,,,,,,,,,,,,,,,,,,
AERBKKAFE,"AEROCEAN LOGISTICS CO., LTD.",Company,,THBKK,AERBKKAFE,,Commercial,,All Territories,,,,,,,,,,,,,,,,,,,,AERBKKAFE,,,,waraporn@aerocean.co.th,,,,,,,,,,,,,,,0,,,,,,,,,,,,,,,,,,,,,,,,,,,,,,
AMBKULAFE,AMB TARSUS EXHIBITIONS SDN BHD,Company,,MYKUL,AMBKULAFE,,Commercial,,All Territories,,,,,,,,,,,,,,,,,,,,AMBKULAFE,,,,arief@ambtarsus.com,,,,,,,,,,,,,,,0,,,,,,,,,,,,,,,,,,,,,,,,,,,,,,
APAEXPAFE,APAC EXPO PTE LTD,Company,,SGSIN,APAEXPAFE,,Commercial,,All Territories,,,,,,,,,,,,,,,,,www.adas.ph,,,APAEXPAFE,,,+6562914129,accounts@adas.ph,,,,,,,,,,,,,,,0,,,,,,,,,,,,,,,,,,,,,,,,,,,,,,
BANLOGBKK,"BANDAI LOGIPAL (THAILAND) CO., LTD.",Company,,THBKK,BANLOGBKK,,Commercial,,All Territories,,,,,,,,,,,,,,,,,,,,BANLOGBKK,,,,sasithorn@blpinc-th.com,,,,,,,,,,,,,,,0,,,,,,,,,,,,,,,,,,,,,,,,,,,,,,
BTGPFNAFE,BTG SUISSE LTD.,Company,,CHPFN,BTGPFNAFE,,Commercial,,All Territories,,,,,,,,,,,,,,,,,,,,BTGPFNAFE,,,,events@btg-suisse.ch,,,,,,,,,,,,,,,0,,,,,,,,,,,,,,,,,,,,,,,,,,,,,,
CESBLUVCE,CESPED BLU S.R.L.,Company,,ITVCE,CESBLUVCE,,Commercial,,All Territories,,,,,,,,,,,,,,,,,,,,CESBLUVCE,,,,,,,,,,,,,,,,,,,0,,,,,,,,,,,,,,,,,,,,,,,,,,,,,,
COMELETPE,"COMPUNIC ELECTRONICS CO., LTD",Company,,TWTPE,COMELETPE,,Commercial,,All Territories,,,,,,,,,,,,,,,,,,,,COMELETPE,,,,,,,,,,,,,,,,,,,0,,,,,,,,,,,,,,,,,,,,,,,,,,,,,,
CORDIVCEB,CORNERSTONE DIVERSIFIED GOODS TRADING INC,Company,,PHCEB,CORDIVCEB,,Commercial,,All Territories,,,,,,,,,,,,,,,,,,,,CORDIVCEB,,,,,,,,,,,,,,,,,,,0,,,,,,,,,,,,,,,,,,,,,,,,,,,,,,
DAIINTBIN,"DAINAN INTERNATIONAL, INC.",Company,,PHBIN,DAIINTBIN,,Commercial,,All Territories,,,,,,,,,,,,,,,,,,,,DAIINTBIN,,,,,,,,,,,,,,,,,,,0,,,,,,,,,,,,,,,,,,,,,,,,,,,,,,
DEGRUIRTM,DE GRUIJTER & CO. (ROYAL DUTCH MOVERS),Company,,NLRTM,DEGRUIRTM,,Commercial,,All Territories,,,,,,,,,,,,,,,,,,,,DEGRUIRTM,,,,,,,,,,,,,,,,,,,0,,,,,,,,,,,,,,,,,,,,,,,,,,,,,,
GLOUNIIST,GLOBELINK UNIMAR LOJISTIK A.S.,Company,,TRIST,GLOUNIIST,,Commercial,,All Territories,,,,,,,,,,,,,,,,,,,,GLOUNIIST,,,,Can.ozer@globelink-unimar.com,,,,,,,,,,,,,,,0,,,,,,,,,,,,,,,,,,,,,,,,,,,,,,
HELSINAFE,HELUTRANS ARTMOVE (S) PTE LTD,Company,,SGSIN,HELSINAFE,,Commercial,,All Territories,,,,,,,,,,,,,,,,,,,,HELSINAFE,,,,idang@helutrans.com,,,,,,,,,,,,,,,0,,,,,,,,,,,,,,,,,,,,,,,,,,,,,,
IRAHAMBND,IRAN HAMAHANG BAR SHIPPING & INTERNATIONAL,Company,,IRBND,IRAHAMBND,,Commercial,,All Territories,,,,,,,,,,,,,,,,,www.hamahangtransport.com,,,IRAHAMBND,,,,,,,,,,,,,,,,,,,0,,,,,,,,,,,,,,,,,,,,,,,,,,,,,,
KOWEMOBTG,KOWA-EMORI PHILIPPINES INC.,Company,,PHBTG,KOWEMOBTG,,Commercial,,All Territories,,,,,,,,,,,,,,,,,,,,KOWEMOBTG,,,,,,,,,,,,,,,,,,,0,,,,,,,,,,,,,,,,,,,,,,,,,,,,,,
MASBOLSRZ,MASTERLINE GROUP - BOLIVIA,Company,,BOSRZ,MASBOLSRZ,,Commercial,,All Territories,,,,,,,,,,,,,,,,,,,,MASBOLSRZ,,,,,,,,,,,,,,,,,,,0,,,,,,,,,,,,,,,,,,,,,,,,,,,,,,
MMCENTVAG,MM SERVICE CENTER AB,Company,,SEVAG,MMCENTVAG,,Commercial,,All Territories,,,,,,,,,,,,,,,,,,,,MMCENTVAG,,,,,,,,,,,,,,,,,,,0,,,,,,,,,,,,,,,,,,,,,,,,,,,,,,
NOBIAGFRA,NOBILE AG,Company,,DEFRA,NOBIAGFRA,,Commercial,,All Territories,,,,,,,,,,,,,,,,,,,,NOBIAGFRA,,,,,,,,,,,,,,,,,,,0,,,,,,,,,,,,,,,,,,,,,,,,,,,,,,
OCEAIRBKK,"OCEAN AIR INTERNATIONAL CO., LTD",Company,,THBKK,OCEAIRBKK,,Commercial,,All Territories,,,,,,,,,,,,,,,,,,,,OCEAIRBKK,,,,,,,,,,,,,,,,,,,0,,,,,,,,,,,,,,,,,,,,,,,,,,,,,,
PANCENPGU,PAN CENTURY EDIBLE OILS SDN BHD,Company,,MYPGU,PANCENPGU,,Commercial,,All Territories,,,,,,,,,,,,,,,,,,,,PANCENPGU,,,,,,,,,,,,,,,,,,,0,,,,,,,,,,,,,,,,,,,,,,,,,,,,,,
PECLAXAFE,PECO CONTROLS CORP.,Company,,USLAX,PECLAXAFE,,Commercial,,All Territories,,,,,,,,,,,,,,,,,,,,PECLAXAFE,,,+639177065454,jay.magpulong@peco-inspx.com,,,,,,,,,,,,,,,0,,,,,,,,,,,,,,,,,,,,,,,,,,,,,,
YUDEKSJKT,PT. YUDHANUSA EKSPRESINDO CARAKA,Company,,IDJKT,YUDEKSJKT,,Commercial,,All Territories,,,,,,,,,,,,,,,,,,,,YUDEKSJKT,,,,yec@yudhanusa.co.id,,,,,,,,,,,,,,,0,,,,,,,,,,,,,,,,,,,,,,,,,,,,,,
RICJNBAFE,RICHARD HARPER LOGISTICS (PTY) LTD,Company,,ZAJNB,RICJNBAFE,,Commercial,,All Territories,,,,,,,,,,,,,,,,,www.harperlogistics.com,,,RICJNBAFE,,,+27829001653,richard@harperlogistics.co.za,,,,,,,,,,,,,,,0,,,,,,,,,,,,,,,,,,,,,,,,,,,,,,
SIMASSSSZ,"SIMETRANS – ASSESSORIA ADUANEIRA, DESPACHO E TRANS",Company,,BRSSZ,SIMASSSSZ,,Commercial,,All Territories,,,,,,,,,,,,,,,,,www.simetrans.com.br,,,SIMASSSSZ,,,,,,,,,,,,,,,,,,,0,,,,,,,,,,,,,,,,,,,,,,,,,,,,,,
STOGGNAFE,STOP INDIA,Company,,INGGN,STOGGNAFE,,Commercial,,All Territories,,,,,,,,,,,,,,,,,www.stopindia.com,,,STOGGNAFE,,,,stop.india@hotmail.com,,,,,,,,,,,,,,,0,,,,,,,,,,,,,,,,,,,,,,,,,,,,,,
SUNRENTIW,SUNBELT RENTALS INC.,Company,,USTIW,SUNRENTIW,,Commercial,,All Territories,,,,,,,,,,,,,,,,,,,,SUNRENTIW,,,+19527075187,,,,,,,,,,,,,,,,0,,,,,,,,,,,,,,,,,,,,,,,,,,,,,,
TRAAIRAFE,TRANSIT AIR CARGO INC. SINGAPORE PTE LTD.,Company,,SGSIN,TRAAIRAFE,,Commercial,,All Territories,,,,,,,,,,,,,,,,,,,,TRAAIRAFE,,,,info@tacs.com.sg,,,,,,,,,,,,,,,0,,,,,,,,,,,,,,,,,,,,,,,,,,,,,,
WUHFIBWUH,WUHAN FIBERHOME INTERNATIONAL TECH. CO LTD,Company,,CNWUH,WUHFIBWUH,,Commercial,,All Territories,,,,,,,,,,,,,,,,,,,,WUHFIBWUH,,,,,,,,,,,,,,,,,,,0,,,,,,,,,,,,,,,,,,,,,,,,,,,,,,
GTEESXAFE,GT EXHIBITIONS LTD,Company,,GBESX,GTEESXAFE,,Commercial,,All Territories,,,,,,,,,,,,,,,,,,,,GTEESXAFE,,,,kathrynhaley@gtexhibitions.com,,,,,,,,,,,,,,,0,,,,,,,,,,,,,,,,,,,,,,,,,,,,,,
PEAOCEAMA,PEARL OCEAN SHIPPING SERVICE W.L.L,Company,,BHAMA,PEAOCEAMA,,Commercial,,All Territories,,,,,,,,,,,,,,,,,,,,PEAOCEAMA,,,+97339913792,shameem.abdulla@pearlshipping.net,,,,,,,,,,,,,,,0,,,,,,,,,,,,,,,,,,,,,,,,,,,,,,
GLOEXPVIE,GLOBAL EXPRESS AUSTRIA GMBH,Company,,ATVDD,GLOEXPVIE,,Commercial,,All Territories,,,,,,,,,,,,,,,,,,,,GLOEXPVIE,,,,,,,,,,,,,,,,,,,0,,,,,,,,,,,,,,,,,,,,,,,,,,,,,,
BALCONVNO,"BALTIC CONSOL LINE, UAB",Company,,LTVNO,BALCONVNO,,Commercial,,All Territories,,,,,,,,,,,,,,,,,,,,BALCONVNO,,,+37068523644,LCL@bcline.eu,,,,,,,,,,,,,,,0,,,,,,,,,,,,,,,,,,,,,,,,,,,,,,
ANJYIJZHE,ANJI YIJIE FURNITURE CO LTD,Company,,CNZHE,ANJYIJZHE,,Commercial,,All Territories,,,,,,,,,,,,,,,,,www.comfortsitting.com,,,ANJYIJZHE,,,,,,,,,,,,,,,,,,,0,,,,,,,,,,,,,,,,,,,,,,,,,,,,,,
KONBTBAFE,KONAMI AUSTRALIA PTY LTD,Company,,AUBTB,KONBTBAFE,,Commercial,,All Territories,,,,,,,,,,,,,,,,,,,,KONBTBAFE,,,,goto0707@konamigaming.com,,,,,,,,,,,,,,,0,,,,,,,,,,,,,,,,,,,,,,,,,,,,,,
WRIEURROR,WRIST EUROPE (AALBORG),Company,,DKROR,WRIEURROR,,Commercial,,All Territories,,,,,,,,,,,,,,,,,,,,WRIEURROR,,,,Alba@albaship.dk,,,,,,,,,,,,,,,0,,,,,,,,,,,,,,,,,,,,,,,,,,,,,,
WATFARTOR,WATERBURY FARREL MAGNUM INTEGRATED TECHNOLOGIES,Company,,CATOR,WATFARTOR,,Commercial,,All Territories,,,,,,,,,,,,,,,,,,,,WATFARTOR,,,+19054550422,boris.radovanovic@mit-world.com,,,,,,,,,,,,,,,0,,,,,,,,,,,,,,,,,,,,,,,,,,,,,,
FAIRLOIEV,FAIRLOGICS LTD,Company,,UAIEV,FAIRLOIEV,,Commercial,,All Territories,,,,,,,,,,,,,,,,,,,,FAIRLOIEV,,,,yurchenko@fairlogics.com.ua,,,,,,,,,,,,,,,0,,,,,,,,,,,,,,,,,,,,,,,,,,,,,,
KONNRTAFE,"KONICA MINOLTA, INC.",Company,,JPTYO,KONNRTAFE,,Commercial,,All Territories,,,,,,,,,,,,,,,,,,,,KONNRTAFE,,,,,,,,,,,,,,,,,,,0,,,,,,,,,,,,,,,,,,,,,,,,,,,,,,
SENINTCAL,SENATOR INTERNATIONAL FREIGHT FORWARDING LLC,Company,,USCAL,SENINTCAL,,Commercial,,All Territories,,,,,,,,,,,,,,,,,,,,SENINTCAL,,,,,,,,,,,,,,,,,,,0,,,,,,,,,,,,,,,,,,,,,,,,,,,,,,
PINNYCAFE,PINTO ART INC.,Company,,USNYC,PINNYCAFE,,Commercial,,All Territories,,,,,,,,,,,,,,,,,,,,PINNYCAFE,,,,luca@pintoart.org,,,,,,,,,,,,,,,0,,,,,,,,,,,,,,,,,,,,,,,,,,,,,,
LOGISPAFE,LOGISPACK A&S INC,Company,,KRICN,LOGISPAFE,,Commercial,,All Territories,,,,,,,,,,,,,,,,,www.logispack.co.kr,,,LOGISPAFE,,,,min@logispack.co.kr,,,,,,,,,,,,,,,0,,,,,,,,,,,,,,,,,,,,,,,,,,,,,,
LYNLOGBAL,LYNDEN LOGISTICS INC,Company,,USBAL,LYNLOGBAL,,Commercial,,All Territories,,,,,,,,,,,,,,,,,,,,LYNLOGBAL,,,,barbaras@lynden.com,,,,,,,,,,,,,,,0,,,,,,,,,,,,,,,,,,,,,,,,,,,,,,
PROUNIAFE,PROMETEO SRL UNIPERSONALE,Company,,ITTDT,PROUNIAFE,,Commercial,,All Territories,,,,,,,,,,,,,,,,,,,,PROUNIAFE,,,,info@prometeogroup.com,,,,,,,,,,,,,,,0,,,,,,,,,,,,,,,,,,,,,,,,,,,,,,
CLASQUKOR,CLASQUIN KOREA CO. LTD.,Company,,KRSEL,CLASQUKOR,,Commercial,,All Territories,,,,,,,,,,,,,,,,,,,,CLASQUKOR,,,,,,,,,,,,,,,,,,,0,,,,,,,,,,,,,,,,,,,,,,,,,,,,,,
ICETRAWAW,ICE TRANSPORT POLAND SP Z OO,Company,,PLWAW,ICETRAWAW,,Commercial,,All Territories,,,,,,,,,,,,,,,,,,,,ICETRAWAW,,,,gliadis@nosta.de,,,,,,,,,,,,,,,0,,,,,,,,,,,,,,,,,,,,,,,,,,,,,,
AIRGLOSIN,AIRROWES GLOBAL PTE. LTD.,Company,,SGSIN,AIRGLOSIN,,Commercial,,All Territories,,,,,,,,,,,,,,,,,,,,AIRGLOSIN,,,,,,,,,,,,,,,,,,,0,,,,,,,,,,,,,,,,,,,,,,,,,,,,,,
HESGLODEN,"HESTRA GLOVES LLC, USA",Company,,USDEN,HESGLODEN,,Commercial,,All Territories,,,,,,,,,,,,,,,,,,,,HESGLODEN,,,,,,,,,,,,,,,,,,,0,,,,,,,,,,,,,,,,,,,,,,,,,,,,,,
TRANSWTPE,"TRANSWORLD EXPRESS CO., LTD",Company,,TWTPE,TRANSWTPE,,Commercial,,All Territories,,,,,,,,,,,,,,,,,,,,TRANSWTPE,,,+886978668262,anthony@transworldexpress.com.tw,,,,,,,,,,,,,,,0,,,,,,,,,,,,,,,,,,,,,,,,,,,,,,
DONCHIGUT,"DONGGUAN CHINA SEA INTL SUPPLY CHAIN CO.,LTD.",Company,,CNGUT,DONCHIGUT,,Commercial,,All Territories,,,,,,,,,,,,,,,,,,,,DONCHIGUT,,,+8618929170295,evadeng@chinaseadg.com,,,,,,,,,,,,,,,0,,,,,,,,,,,,,,,,,,,,,,,,,,,,,,
ARAGALAFE,ARARIO GALLERY,Company,,CNSHA,ARAGALAFE,,Commercial,,All Territories,,,,,,,,,,,,,,,,,,,,ARAGALAFE,,,,ws.choi@ararioshanghai.com,,,,,,,,,,,,,,,0,,,,,,,,,,,,,,,,,,,,,,,,,,,,,,
CENCARNFK,CENTRAL CARGO NORTH AMERICA INC.,Company,,USNFK,CENCARNFK,,Commercial,,All Territories,,,,,,,,,,,,,,,,,,,,CENCARNFK,,,,,,,,,,,,,,,,,,,0,,,,,,,,,,,,,,,,,,,,,,,,,,,,,,
BANBKKAFE,"BANGKOK ART BIENNALE MANAGEMENT CO., LTD.",Company,,THBKK,BANBKKAFE,,Commercial,,All Territories,,,,,,,,,,,,,,,,,,,,BANBKKAFE,,,,,,,,,,,,,,,,,,,0,,,,,,,,,,,,,,,,,,,,,,,,,,,,,,
PROLOGSZX,"PROAIR LOGISTICS CO., LTD.",Company,,CNSZX,PROLOGSZX,,Commercial,,All Territories,,,,,,,,,,,,,,,,,,,,PROLOGSZX,,,+8618823884332,,,,,,,,,,,,,,,,0,,,,,,,,,,,,,,,,,,,,,,,,,,,,,,
GLOTPEAFE,GLORY TRANSWELL CORP,Company,,TWTPE,GLOTPEAFE,,Commercial,,All Territories,,,,,,,,,,,,,,,,,,,,GLOTPEAFE,,,,mavis@glorytc.com.tw,,,,,,,,,,,,,,,0,,,,,,,,,,,,,,,,,,,,,,,,,,,,,,
ALISPESPE,ALISPED SPA,Company,,ITSPE,ALISPESPE,,Commercial,,All Territories,,,,,,,,,,,,,,,,,,,,ALISPESPE,,,,,,,,,,,,,,,,,,,0,,,,,,,,,,,,,,,,,,,,,,,,,,,,,,
JCMSYSITM,"JCM SYSTEMS CO., LTD.",Company,,JPOSA,JCMSYSITM,,Commercial,,All Territories,,,,,,,,,,,,,,,,,,,,JCMSYSITM,,,,,,,,,,,,,,,,,,,0,,,,,,,,,,,,,,,,,,,,,,,,,,,,,,
PIEPROAMS,PIELKENROOD PROJECTS BV,Company,,NLAMS,PIEPROAMS,,Commercial,,All Territories,,,,,,,,,,,,,,,,,,,,PIEPROAMS,,,,,,,,,,,,,,,,,,,0,,,,,,,,,,,,,,,,,,,,,,,,,,,,,,
FSPLOGAFE,FSP LOGISTICS,Company,,TRANK,FSPLOGAFE,,Commercial,,All Territories,,,,,,,,,,,,,,,,,,,,FSPLOGAFE,,,,,,,,,,,,,,,,,,,0,,,,,,,,,,,,,,,,,,,,,,,,,,,,,,
PENFREKRS,PENTAGON FREIGHT SERVICES AS,Company,,NOKRS,PENFREKRS,,Commercial,,All Territories,,,,,,,,,,,,,,,,,www.pentagonfreight.com,,,PENFREKRS,,,+4748107005,,,,,,,,,,,,,,,,0,,,,,,,,,,,,,,,,,,,,,,,,,,,,,,
SDPINTSHA,SDP INTERNATIONAL FREIGHT FORWARDING (SHANGHAI) CO. LTD.,Company,,CNSHA,SDPINTSHA,,Commercial,,All Territories,,,,,,,,,,,,,,,,,,,,SDPINTSHA,,,,,,,,,,,,,,,,,,,0,,,,,,,,,,,,,,,,,,,,,,,,,,,,,,
SENINTRTM,SENATOR INTERNATIONAL B.V,Company,,NLRTM,SENINTRTM,,Commercial,,All Territories,,,,,,,,,,,,,,,,,,,,SENINTRTM,,,,,,,,,,,,,,,,,,,0,,,,,,,,,,,,,,,,,,,,,,,,,,,,,,
GERWASSMN,GERHARD WASSENAAR,Company,,NLSMN,GERWASSMN,,Commercial,,All Territories,,,,,,,,,,,,,,,,,,,,GERWASSMN,,,,,,,,,,,,,,,,,,,0,,,,,,,,,,,,,,,,,,,,,,,,,,,,,,
NINTLCNGB,"NINGBO TLC ELECTRONIC INDUSTRY CO.,LTD",Company,,CNNBO,NINTLCNGB,,Commercial,,All Territories,,,,,,,,,,,,,,,,,,,,NINTLCNGB,,,,,,,,,,,,,,,,,,,0,,,,,,,,,,,,,,,,,,,,,,,,,,,,,,
TRASINAFE,TRADE LINK MEDIA PTE LTD,Company,,SGSIN,TRASINAFE,,Commercial,,All Territories,,,,,,,,,,,,,,,,,,,,TRASINAFE,,,,,,,,,,,,,,,,,,,0,,,,,,,,,,,,,,,,,,,,,,,,,,,,,,
ALIUSALAX,ALISPED USA INC.,Company,,USLAX,ALIUSALAX,,Commercial,,All Territories,,,,,,,,,,,,,,,,,,,,ALIUSALAX,,,,,,,,,,,,,,,,,,,0,,,,,,,,,,,,,,,,,,,,,,,,,,,,,,
SIANPMAFE,"SIAM WATER FLAME CO.,LTD.",Company,,THNPM,SIANPMAFE,,Commercial,,All Territories,,,,,,,,,,,,,,,,,,,,SIANPMAFE,,,,,,,,,,,,,,,,,,,0,,,,,,,,,,,,,,,,,,,,,,,,,,,,,,
ACFREISIN,A& C FREIGHT SERVICE PTE LTD,Company,,SGSIN,ACFREISIN,,Commercial,,All Territories,,,,,,,,,,,,,,,,,,,,ACFREISIN,,,,,,,,,,,,,,,,,,,0,,,,,,,,,,,,,,,,,,,,,,,,,,,,,,
MASSINAFE,MASSON MARINE PROPULSION PTE LTD,Company,,SGSIN,MASSINAFE,,Commercial,,All Territories,,,,,,,,,,,,,,,,,,,,MASSINAFE,,,,,,,,,,,,,,,,,,,0,,,,,,,,,,,,,,,,,,,,,,,,,,,,,,
MAIUSASFO,MAINFREIGHT USA,Company,,USSFO,MAIUSASFO,,Commercial,,All Territories,,,,,,,,,,,,,,,,,,,,MAIUSASFO,,,,sfo.international@targetlogistics.com,,,,,,,,,,,,,,,0,,,,,,,,,,,,,,,,,,,,,,,,,,,,,,
KTLCHISHA,"KTL CHINA CO., LTD.",Company,,CNSHA,KTLCHISHA,,Commercial,,All Territories,,,,,,,,,,,,,,,,,,,,KTLCHISHA,,,,,,,,,,,,,,,,,,,0,,,,,,,,,,,,,,,,,,,,,,,,,,,,,,
GLOAERCAL,GLOBELINK AEROCEANO COSTA RICA,Company,,CRCAL,GLOAERCAL,,Commercial,,All Territories,,,,,,,,,,,,,,,,,,,,GLOAERCAL,,,,coordinadorfcl@cr.globelink-aeroceano.com,,,,,,,,,,,,,,,0,,,,,,,,,,,,,,,,,,,,,,,,,,,,,,
ALLHEALHR,ALLIANCE HEATHROW,Company,,GBLHR,ALLHEALHR,,Commercial,,All Territories,,,,,,,,,,,,,,,,,,,,ALLHEALHR,,,,,,,,,,,,,,,,,,,0,,,,,,,,,,,,,,,,,,,,,,,,,,,,,,
CARPARHKG,CARGO-PARTNER LOGISTICS LIMITED,Company,,HKHKG,CARPARHKG,,Commercial,,All Territories,,,,,,,,,,,,,,,,,,,,CARPARHKG,,,,,,,,,,,,,,,,,,,0,,,,,,,,,,,,,,,,,,,,,,,,,,,,,,
FRIZUFGOE,FRIEDRICH ZUFALL GMBH & CO. KG,Company,,DEGOE,FRIZUFGOE,,Commercial,,All Territories,,,,,,,,,,,,,,,,,,,,FRIZUFGOE,,,,,,,,,,,,,,,,,,,0,,,,,,,,,,,,,,,,,,,,,,,,,,,,,,
GURAKLAFE,GURIT (ASIA PACIFIC) LIMITED,Company,,NZAKL,GURAKLAFE,,Commercial,,All Territories,,,,,,,,,,,,,,,,,,,,GURAKLAFE,,,,monique.norris@gurit.com,,,,,,,,,,,,,,,0,,,,,,,,,,,,,,,,,,,,,,,,,,,,,,
COCOBUNYC,COCOBURG LLC,Company,,USNYC,COCOBUNYC,,Commercial,,All Territories,,,,,,,,,,,,,,,,,,,,COCOBUNYC,,,,,,,,,,,,,,,,,,,0,,,,,,,,,,,,,,,,,,,,,,,,,,,,,,
FREEXPBOM,FREIGHT EXPRESS INTERNATIONAL PVT LTD,Company,,INBOM,FREEXPBOM,,Commercial,,All Territories,,,,,,,,,,,,,,,,,,,,FREEXPBOM,,,,intlimport2@feicargo.com,,,,,,,,,,,,,,,0,,,,,,,,,,,,,,,,,,,,,,,,,,,,,,
CHIMUSHAM,CHILLI MUSIC GMBH,Company,,DEHAM,CHIMUSHAM,,Commercial,,All Territories,,,,,,,,,,,,,,,,,,,,CHIMUSHAM,,,,,,,,,,,,,,,,,,,0,,,,,,,,,,,,,,,,,,,,,,,,,,,,,,
BIGICDAFE,BIG LOGISTICS INDIA PVT. LTD.,Company,,INICD,BIGICDAFE,,Commercial,,All Territories,,,,,,,,,,,,,,,,,,,,BIGICDAFE,,,,,,,,,,,,,,,,,,,0,,,,,,,,,,,,,,,,,,,,,,,,,,,,,,
COMPLAKUF,"COM PLANNING CO., LTD",Company,,JPKUF,COMPLAKUF,,Commercial,,All Territories,,,,,,,,,,,,,,,,,,,,COMPLAKUF,,,,,,,,,,,,,,,,,,,0,,,,,,,,,,,,,,,,,,,,,,,,,,,,,,
FLEINTSHA,"FLEXPORT INTERNATIONAL (SHANGHAI) CO., LTD",Company,,CNSGH,FLEINTSHA,,Commercial,,All Territories,,,,,,,,,,,,,,,,,,,,FLEINTSHA,,,,,,,,,,,,,,,,,,,0,,,,,,,,,,,,,,,,,,,,,,,,,,,,,,
KOBISTAFE,KOBITEK LOJISTIK SERVICES,Company,,TRIST,KOBISTAFE,,Commercial,,All Territories,,,,,,,,,,,,,,,,,,,,KOBISTAFE,,,+905331235101,,,,,,,,,,,,,,,,0,,,,,,,,,,,,,,,,,,,,,,,,,,,,,,
PMLEXPKHH,"PML EXPRESS CO., LTD.",Company,,TWKHH,PMLEXPKHH,,Commercial,,All Territories,,,,,,,,,,,,,,,,,,,,PMLEXPKHH,,,,,,,,,,,,,,,,,,,0,,,,,,,,,,,,,,,,,,,,,,,,,,,,,,
BESSHIBDA,"BEST SHIPPING, INC",Company,,BMBDA,BESSHIBDA,,Commercial,,All Territories,,,,,,,,,,,,,,,,,,,,BESSHIBDA,,,,,,,,,,,,,,,,,,,0,,,,,,,,,,,,,,,,,,,,,,,,,,,,,,
HARRISRCR,HARRIS CORPORATION,Company,,USRCR,HARRISRCR,,Commercial,,All Territories,,,,,,,,,,,,,,,,,,,,HARRISRCR,,,,,,,,,,,,,,,,,,,0,,,,,,,,,,,,,,,,,,,,,,,,,,,,,,
MITFAMSIN,MITRA FAMOSA INTERNATIONAL PRIVATE LIMITED,Company,,SGSIN,MITFAMSIN,,Commercial,,All Territories,,,,,,,,,,,,,,,,,,,,MITFAMSIN,,,,,,,,,,,,,,,,,,,0,,,,,,,,,,,,,,,,,,,,,,,,,,,,,,
CULINTSFO,CULMEN INTERNATIONAL,Company,,USSFO,CULINTSFO,,Commercial,,All Territories,,,,,,,,,,,,,,,,,,,,CULINTSFO,,,,,,,,,,,,,,,,,,,0,,,,,,,,,,,,,,,,,,,,,,,,,,,,,,
HENCOSSJO,"HENCO COSTA RICA FSS, S.A.",Company,,CRSJO,HENCOSSJO,,Commercial,,All Territories,,,,,,,,,,,,,,,,,,,,HENCOSSJO,,,,,,,,,,,,,,,,,,,0,,,,,,,,,,,,,,,,,,,,,,,,,,,,,,
ZHOUNIAFE,ZHONGZHAN UNION INTERNATIONAL,Company,,CNBJS,ZHOUNIAFE,,Commercial,,All Territories,,,,,,,,,,,,,,,,,,,,ZHOUNIAFE,,,,cuitiefeng@zhongzhanunion.com,,,,,,,,,,,,,,,0,,,,,,,,,,,,,,,,,,,,,,,,,,,,,,
METCUSLAX,METRO CUSTOMS BROKERS,Company,,USLAX,METCUSLAX,,Commercial,,All Territories,,,,,,,,,,,,,,,,,,,,METCUSLAX,,,,,,,,,,,,,,,,,,,0,,,,,,,,,,,,,,,,,,,,,,,,,,,,,,
INTJKTAFE,PT. INTERNATIONAL MOVERS STORAGE,Company,,IDJKT,INTJKTAFE,,Commercial,,All Territories,,,,,,,,,,,,,,,,,,,,INTJKTAFE,,,,,,,,,,,,,,,,,,,0,,,,,,,,,,,,,,,,,,,,,,,,,,,,,,
SHI3DTAFE,"SHINING 3D (HK) CO., LTD",Company,,HKHKG,SHI3DTAFE,,Commercial,,All Territories,,,,,,,,,,,,,,,,,,,,SHI3DTAFE,,,,kiki@shining3d.com,,,,,,,,,,,,,,,0,,,,,,,,,,,,,,,,,,,,,,,,,,,,,,
UNITEXKWN,UNIFIELD TEXTILES LIMITED,Company,,HKKWN,UNITEXKWN,,Commercial,,All Territories,,,,,,,,,,,,,,,,,,,,UNITEXKWN,,,,,,,,,,,,,,,,,,,0,,,,,,,,,,,,,,,,,,,,,,,,,,,,,,
BCSHKGAFE,BC SYMA EXHIBITION CONTRACTORS,Company,,HKHKG,BCSHKGAFE,,Commercial,,All Territories,,,,,,,,,,,,,,,,,,,,BCSHKGAFE,,,,czarina.cheung@symaasia.com,,,,,,,,,,,,,,,0,,,,,,,,,,,,,,,,,,,,,,,,,,,,,,
NISNRTAFE,NISSIN CORPORATION,Company,,JPTYO,NISNRTAFE,,Commercial,,All Territories,,,,,,,,,,,,,,,,,,,,NISNRTAFE,,,,h_tanabe@nissin-tw.com,,,,,,,,,,,,,,,0,,,,,,,,,,,,,,,,,,,,,,,,,,,,,,
SHEBOSAFE,"SHENZHEN BOSTER INT'L LOGISTICS CO.,LTD",Company,,CNSNZ,SHEBOSAFE,,Commercial,,All Territories,,,,,,,,,,,,,,,,,,,,SHEBOSAFE,,,+8613662215374,pic_expo@szboster.com,,,,,,,,,,,,,,,0,,,,,,,,,,,,,,,,,,,,,,,,,,,,,,
ORCSHIMAA,ORCHID SHIPPING PRIVATE LIMITED,Company,,INMAA,ORCSHIMAA,,Commercial,,All Territories,,,,,,,,,,,,,,,,,,,,ORCSHIMAA,,,,,,,,,,,,,,,,,,,0,,,,,,,,,,,,,,,,,,,,,,,,,,,,,,
BELIMEBKK,BELLDAS IMEX CO LTD,Company,,THBKK,BELIMEBKK,,Commercial,,All Territories,,,,,,,,,,,,,,,,,,,,BELIMEBKK,,,,,,,,,,,,,,,,,,,0,,,,,,,,,,,,,,,,,,,,,,,,,,,,,,
PHOINTHKG,PHOENIX INTERNATIONAL CORP. LIMITED,Company,,HKHKG,PHOINTHKG,,Commercial,,All Territories,,,,,,,,,,,,,,,,,,,,PHOINTHKG,,,,,,,,,,,,,,,,,,,0,,,,,,,,,,,,,,,,,,,,,,,,,,,,,,
EXPATHAFE,EXPRESS PUBLISHING S.A.,Company,,GRATH,EXPATHAFE,,Commercial,,All Territories,,,,,,,,,,,,,,,,,,,,EXPATHAFE,,,,pantelis@expresspublishing.gr,,,,,,,,,,,,,,,0,,,,,,,,,,,,,,,,,,,,,,,,,,,,,,
AGEUNISCL,AGENCIAS UNIVERSALES S.A.,Company,,CLSCL,AGEUNISCL,,Commercial,,All Territories,,,,,,,,,,,,,,,,,,,,AGEUNISCL,,,,,,,,,,,,,,,,,,,0,,,,,,,,,,,,,,,,,,,,,,,,,,,,,,
FIOOMNVCE,FIORINI OMNIA SERVICE SRL,Company,,ITVCE,FIOOMNVCE,,Commercial,,All Territories,,,,,,,,,,,,,,,,,,,,FIOOMNVCE,,,,luigi.bagatella@fiorini-sped.it,,,,,,,,,,,,,,,0,,,,,,,,,,,,,,,,,,,,,,,,,,,,,,
ECOSHISGN,"ECONO SHIPPING VINA CO., LTD",Company,,VNSGN,ECOSHISGN,,Commercial,,All Territories,,,,,,,,,,,,,,,,,,,,ECOSHISGN,,,,,,,,,,,,,,,,,,,0,,,,,,,,,,,,,,,,,,,,,,,,,,,,,,
EASLOGPVG,"EASYWAY LOGISTICS CO., LTD.",Company,,CNPVG,EASLOGPVG,,Commercial,,All Territories,,,,,,,,,,,,,,,,,,,,EASLOGPVG,,,+8613761432127,,,,,,,,,,,,,,,,0,,,,,,,,,,,,,,,,,,,,,,,,,,,,,,
LYNINTLAX,LYNDEN INTERNATIONAL,Company,,USLAX,LYNINTLAX,,Commercial,,All Territories,,,,,,,,,,,,,,,,,,,,LYNINTLAX,,,,dgotham@lynden.com,,,,,,,,,,,,,,,0,,,,,,,,,,,,,,,,,,,,,,,,,,,,,,
PERSIARIX,PERUZA SIA,Company,,LVRIX,PERSIARIX,,Commercial,,All Territories,,,,,,,,,,,,,,,,,,,,PERSIARIX,,,,,,,,,,,,,,,,,,,0,,,,,,,,,,,,,,,,,,,,,,,,,,,,,,
OTOOTOAFE,OTOKAR OTOMOTIV VE SAVUNMA SANAYI A.S.,Company,,TRANK,OTOOTOAFE,,Commercial,,All Territories,,,,,,,,,,,,,,,,,,,,OTOOTOAFE,,,,,,,,,,,,,,,,,,,0,,,,,,,,,,,,,,,,,,,,,,,,,,,,,,
NOALOGBLR,NOATUM LOGISTICS INDIA PRIVATE LIMITED,Company,,INBLR,NOALOGBLR,,Commercial,,All Territories,,,,,,,,,,,,,,,,,,,,NOALOGBLR,,,,,,,,,,,,,,,,,,,0,,,,,,,,,,,,,,,,,,,,,,,,,,,,,,
HELLAMEL,HELLA AUSTRALIA PTY. LTD.,Company,,AUMEL,HELLAMEL,,Commercial,,All Territories,,,,,,,,,,,,,,,,,,,,HELLAMEL,,,,,,,,,,,,,,,,,,,0,,,,,,,,,,,,,,,,,,,,,,,,,,,,,,
ONEGLOSHQ,ONE GLOBAL LOGISTICS,Company,,AUSHQ,ONEGLOSHQ,,Commercial,,All Territories,,,,,,,,,,,,,,,,,,,,ONEGLOSHQ,,,,,,,,,,,,,,,,,,,0,,,,,,,,,,,,,,,,,,,,,,,,,,,,,,
SHORELPHI,SHORELINE N.V.,Company,,SXPHI,SHORELPHI,,Commercial,,All Territories,,,,,,,,,,,,,,,,,,,,SHORELPHI,,,,,,,,,,,,,,,,,,,0,,,,,,,,,,,,,,,,,,,,,,,,,,,,,,
MONTILLAX,MONTERREY TILE COMPANY,Company,,USLAX,MONTILLAX,,Commercial,,All Territories,,,,,,,,,,,,,,,,,,,,MONTILLAX,,,,,,,,,,,,,,,,,,,0,,,,,,,,,,,,,,,,,,,,,,,,,,,,,,
LESCADJED,LES CADEAUX,Company,,SAJED,LESCADJED,,Commercial,,All Territories,,,,,,,,,,,,,,,,,,,,LESCADJED,,,,,,,,,,,,,,,,,,,0,,,,,,,,,,,,,,,,,,,,,,,,,,,,,,
MILIMPMNL,MILEHIGH IMPORT AND EXPORT INCORPORATED,Company,,PHMNL,MILIMPMNL,,Commercial,,All Territories,,,,,,,,,,,,,,,,,,,,MILIMPMNL,,,,,,,,,,,,,,,,,,,0,,,,,,,,,,,,,,,,,,,,,,,,,,,,,,
WFSEURCDG,WFS EUROPE,Company,,FRCDG,WFSEURCDG,,Commercial,,All Territories,,,,,,,,,,,,,,,,,,,,WFSEURCDG,,,,,,,,,,,,,,,,,,,0,,,,,,,,,,,,,,,,,,,,,,,,,,,,,,
LEOGLOAFE,LEO GLOBAL LOGISTICS PUBLIC COMPANY LIMITED,Company,,THBKK,LEOGLOAFE,,Commercial,,All Territories,,,,,,,,,,,,,,,,,www.leogloballogistics.com,,,LEOGLOAFE,,,+66804414559,lerdbudsaya@leogloballogistics.com,,,,,,,,,,,,,,,0,,,,,,,,,,,,,,,,,,,,,,,,,,,,,,
MORSZVAFE,"MORGAN MOLTEN METAL SYSTEMS (SUZHOU) CO., LTD",Company,,CNSZH,MORSZVAFE,,Commercial,,All Territories,,,,,,,,,,,,,,,,,,,,MORSZVAFE,,,,,,,,,,,,,,,,,,,0,,,,,,,,,,,,,,,,,,,,,,,,,,,,,,
PANAIRTPE,"PANDA AIR EXPRESS CO., LTD",Company,,TWTPE,PANAIRTPE,,Commercial,,All Territories,,,,,,,,,,,,,,,,,,,,PANAIRTPE,,,+886227720999,,,,,,,,,,,,,,,,0,,,,,,,,,,,,,,,,,,,,,,,,,,,,,,
NEWINDOSA,"NEWLONG INDUSTRIAL CO., LTD",Company,,JPOSA,NEWINDOSA,,Commercial,,All Territories,,,,,,,,,,,,,,,,,,,,NEWINDOSA,,,,,,,,,,,,,,,,,,,0,,,,,,,,,,,,,,,,,,,,,,,,,,,,,,
DAHERAFE,DAHER,Company,,FRCDG,DAHERAFE,,Commercial,,All Territories,,,,,,,,,,,,,,,,,,,,DAHERAFE,,,,r.sanctorum@daher.com,,,,,,,,,,,,,,,0,,,,,,,,,,,,,,,,,,,,,,,,,,,,,,
CFCFFLNYC,CFC FFL NEW JERSEY,Company,,USNYC,CFCFFLNYC,,Commercial,,All Territories,,,,,,,,,,,,,,,,,,,,CFCFFLNYC,,,,,,,,,,,,,,,,,,,0,,,,,,,,,,,,,,,,,,,,,,,,,,,,,,
PETHANAFE,PETER KOMPALLA,Company,,VNHAN,PETHANAFE,,Commercial,,All Territories,,,,,,,,,,,,,,,,,,,,PETHANAFE,,,,,,,,,,,,,,,,,,,0,,,,,,,,,,,,,,,,,,,,,,,,,,,,,,
SHAQINAFE,SHANDONG SOUND METALS & MACHINERY INC.,Company,,CNQIN,SHAQINAFE,,Commercial,,All Territories,,,,,,,,,,,,,,,,,,,,SHAQINAFE,,,,xdhan@sdsmi.com,,,,,,,,,,,,,,,0,,,,,,,,,,,,,,,,,,,,,,,,,,,,,,
GOFAIRHRP,GOFOWARD AIRSEA,Company,,DKHRP,GOFAIRHRP,,Commercial,,All Territories,,,,,,,,,,,,,,,,,,,,GOFAIRHRP,,,,as@goforward.dk,,,,,,,,,,,,,,,0,,,,,,,,,,,,,,,,,,,,,,,,,,,,,,
DAISCIAFE,"DAIHAN SCIENTIFIC CO., LTD",Company,,KRSEL,DAISCIAFE,,Commercial,,All Territories,,,,,,,,,,,,,,,,,,,,DAISCIAFE,,,,,,,,,,,,,,,,,,,0,,,,,,,,,,,,,,,,,,,,,,,,,,,,,,
CLESINAFE,CLEARPACK SINGAPORE PTE LTD.,Company,,SGSIN,CLESINAFE,,Commercial,,All Territories,,,,,,,,,,,,,,,,,,,,CLESINAFE,,,,,,,,,,,,,,,,,,,0,,,,,,,,,,,,,,,,,,,,,,,,,,,,,,
DECMEDATM,DECOEXSA MEDITERRANEO S.A.,Company,,MXATM,DECMEDATM,,Commercial,,All Territories,,,,,,,,,,,,,,,,,,,,DECMEDATM,,,,,,,,,,,,,,,,,,,0,,,,,,,,,,,,,,,,,,,,,,,,,,,,,,
SINEVEAFE,SINO-EVER INTERNATIONAL LOGISTICS (SHENZHEN) LIMITED,Company,,CNSNZ,SINEVEAFE,,Commercial,,All Territories,,,,,,,,,,,,,,,,,www.sino-ever.com,,,SINEVEAFE,,,+8613715087008,jackie.shi@sino-ever.com,,,,,,,,,,,,,,,0,,,,,,,,,,,,,,,,,,,,,,,,,,,,,,
WALINTAMS,WALKER INTERNATIONAL TRANSPORTATION (NETHERLANDS) B.V.,Company,,NLAMS,WALINTAMS,,Commercial,,All Territories,,,,,,,,,,,,,,,,,,,,WALINTAMS,,,,WLeeflang@witlogistics.com,,,,,,,,,,,,,,,0,,,,,,,,,,,,,,,,,,,,,,,,,,,,,,
LEWSINAFE,LEWA- NIKKISO SINGAPORE PTE LTD.,Company,,SGSIN,LEWSINAFE,,Commercial,,All Territories,,,,,,,,,,,,,,,,,,,,LEWSINAFE,,,,,,,,,,,,,,,,,,,0,,,,,,,,,,,,,,,,,,,,,,,,,,,,,,
HEBCHEAFE,"HEBEI CHENGZHU MACHINERY GROUP CO., LTD.",Company,,CNHEB,HEBCHEAFE,,Commercial,,All Territories,,,,,,,,,,,,,,,,,,,,HEBCHEAFE,,,,keith_wang@ymail.com,,,,,,,,,,,,,,,0,,,,,,,,,,,,,,,,,,,,,,,,,,,,,,
EQLINEMLE,EQ LINES GROUP,Company,,MVMLE,EQLINEMLE,,Commercial,,All Territories,,,,,,,,,,,,,,,,,,,,EQLINEMLE,,,,,,,,,,,,,,,,,,,0,,,,,,,,,,,,,,,,,,,,,,,,,,,,,,
CHIGLOSHA,"CHIREY GLOBAL LOGISTICS（CHINA） CO.,LTD",Company,,CNSHA,CHIGLOSHA,,Commercial,,All Territories,,,,,,,,,,,,,,,,,,,,CHIGLOSHA,,,,,,,,,,,,,,,,,,,0,,,,,,,,,,,,,,,,,,,,,,,,,,,,,,
PERMATKHH,PERFECT MATCH LOGISTICS CO. LTD.,Company,,TWKHH,PERMATKHH,,Commercial,,All Territories,,,,,,,,,,,,,,,,,,,,PERMATKHH,,,,,,,,,,,,,,,,,,,0,,,,,,,,,,,,,,,,,,,,,,,,,,,,,,
ALISPERMI,ALISPED S.P.A.,Company,,ITRMI,ALISPERMI,,Commercial,,All Territories,,,,,,,,,,,,,,,,,,,,ALISPERMI,,,,,,,,,,,,,,,,,,,0,,,,,,,,,,,,,,,,,,,,,,,,,,,,,,
NAVIAMEL,NAVIA PTY LTD,Company,,AUMEL,NAVIAMEL,,Commercial,,All Territories,,,,,,,,,,,,,,,,,,,,NAVIAMEL,,,,,,,,,,,,,,,,,,,0,,,,,,,,,,,,,,,,,,,,,,,,,,,,,,
TEMAIRBNI,TEMP AIR INC,Company,,USBNI,TEMAIRBNI,,Commercial,,All Territories,,,,,,,,,,,,,,,,,,,,TEMAIRBNI,,,,,,,,,,,,,,,,,,,0,,,,,,,,,,,,,,,,,,,,,,,,,,,,,,
GPSGLOAFE,GPS GLOBAL,Company,,NLALB,GPSGLOAFE,,Commercial,,All Territories,,,,,,,,,,,,,,,,,,,,GPSGLOAFE,,,+31630384190,,,,,,,,,,,,,,,,0,,,,,,,,,,,,,,,,,,,,,,,,,,,,,,
SHAAKEHKG,SHANE AKEROYD COLLECTION,Company,,HKHKG,SHAAKEHKG,,Commercial,,All Territories,,,,,,,,,,,,,,,,,,,,SHAAKEHKG,,,,,,,,,,,,,,,,,,,0,,,,,,,,,,,,,,,,,,,,,,,,,,,,,,
PLAYBIMPK,PLAYBILL PTY LTD,Company,,AUMPK,PLAYBIMPK,,Commercial,,All Territories,,,,,,,,,,,,,,,,,,,,PLAYBIMPK,,,,,,,,,,,,,,,,,,,0,,,,,,,,,,,,,,,,,,,,,,,,,,,,,,
SHYLOGROZ,SHYPPLE LOGISTICS B.V.,Company,,NLROZ,SHYLOGROZ,,Commercial,,All Territories,,,,,,,,,,,,,,,,,,,,SHYLOGROZ,,,,,,,,,,,,,,,,,,,0,,,,,,,,,,,,,,,,,,,,,,,,,,,,,,
FOSFOSAFE,"FOSHAN HUIBAISHENG LASER TECHNOLOGY CO., LTD",Company,,CNFOS,FOSFOSAFE,,Commercial,,All Territories,,,,,,,,,,,,,,,,,,,,FOSFOSAFE,,,+8618922460101,,,,,,,,,,,,,,,,0,,,,,,,,,,,,,,,,,,,,,,,,,,,,,,
ABLPERAFE,ABLE PERFECT SDN BHD,Company,,MYPKG,ABLPERAFE,,Commercial,,All Territories,,,,,,,,,,,,,,,,,,,,ABLPERAFE,,,+60143917933,,,,,,,,,,,,,,,,0,,,,,,,,,,,,,,,,,,,,,,,,,,,,,,
MODROLIXM,MODINAGAR ROLLS LIMITED,Company,,INIXM,MODROLIXM,,Commercial,,All Territories,,,,,,,,,,,,,,,,,,,,MODROLIXM,,,,,,,,,,,,,,,,,,,0,,,,,,,,,,,,,,,,,,,,,,,,,,,,,,
FORLOGBER1,FORTO LOGISTICS SE & CO. KG,Company,,DEBER,FORLOGBER1,,Commercial,,All Territories,,,,,,,,,,,,,,,,,,,,FORLOGBER1,,,,,,,,,,,,,,,,,,,0,,,,,,,,,,,,,,,,,,,,,,,,,,,,,,
ROXTECAFE,ROXTEC SINGAPORE PTE LTD,Company,,SGSIN,ROXTECAFE,,Commercial,,All Territories,,,,,,,,,,,,,,,,,,,,ROXTECAFE,,,+6593285919,samantha.tan@roxtec.com,,,,,,,,,,,,,,,0,,,,,,,,,,,,,,,,,,,,,,,,,,,,,,
EXCLOGSGN,EXCELLENCE LOGISTICS CO. LTD,Company,,VNSGN,EXCLOGSGN,,Commercial,,All Territories,,,,,,,,,,,,,,,,,,,,EXCLOGSGN,,,+85570933939,,,,,,,,,,,,,,,,0,,,,,,,,,,,,,,,,,,,,,,,,,,,,,,
SKIANSPKG,S. KIAN SENG SDN BHD,Company,,MYPKG,SKIANSPKG,,Commercial,,All Territories,,,,,,,,,,,,,,,,,,,,SKIANSPKG,,,,,,,,,,,,,,,,,,,0,,,,,,,,,,,,,,,,,,,,,,,,,,,,,,
ISRLODAFE,ISRAEL CARGO LOGISTICS (ICL) LTD.,Company,,ILLOD,ISRLODAFE,,Commercial,,All Territories,,,,,,,,,,,,,,,,,,,,ISRLODAFE,,,+972542655417,Meital@ilcargo.com,,,,,,,,,,,,,,,0,,,,,,,,,,,,,,,,,,,,,,,,,,,,,,
DTGRUE_US,D.T. GRUELLE COMPANY GROUP LLC,Company,,USCPP,DTGRUE_US,,Commercial,,All Territories,,,,,,,,,,,,,,,,,,,,DTGRUE_US,,,,dtg@dtgruelle.com,,,,,,,,,,,,,,,0,,,,,,,,,,,,,,,,,,,,,,,,,,,,,,
SHEJSLAFE,"SHENZHEN JS LOGISTICS CO., LTD",Company,,CNSNZ,SHEJSLAFE,,Commercial,,All Territories,,,,,,,,,,,,,,,,,www.justsend-logistics.com,,,SHEJSLAFE,,,,,,,,,,,,,,,,,,,0,,,,,,,,,,,,,,,,,,,,,,,,,,,,,,
SEAGULPIR,SEAGULL S.A.,Company,,GRPIR,SEAGULPIR,,Commercial,,All Territories,,,,,,,,,,,,,,,,,,,,SEAGULPIR,,,,aaivazian@seagull.gr,,,,,,,,,,,,,,,0,,,,,,,,,,,,,,,,,,,,,,,,,,,,,,
ENSILISIN,ENSILIO,Company,,SGSIN,ENSILISIN,,Commercial,,All Territories,,,,,,,,,,,,,,,,,,,,ENSILISIN,,,,,,,,,,,,,,,,,,,0,,,,,,,,,,,,,,,,,,,,,,,,,,,,,,
SHEQIASAFE,"SHENZHEN QIANZHOU SUPPLY CHAIN CO.,LTD",Company,,CNSZX,SHEQIASAFE,,Commercial,,All Territories,,,,,,,,,,,,,,,,,,,,SHEQIASAFE,,,,405081186@qq.com,,,,,,,,,,,,,,,0,,,,,,,,,,,,,,,,,,,,,,,,,,,,,,
HOOSINAFE,MR HOON WEE NING,Company,,SGSIN,HOOSINAFE,,Commercial,,All Territories,,,,,,,,,,,,,,,,,,,,HOOSINAFE,,,,wnhoon@gmail.com,,,,,,,,,,,,,,,0,,,,,,,,,,,,,,,,,,,,,,,,,,,,,,
SHETXGAFE,"SHENG YU MACHINERY CO., LTD.",Company,,TWTXG,SHETXGAFE,,Commercial,,All Territories,,,,,,,,,,,,,,,,,,,,SHETXGAFE,,,,,,,,,,,,,,,,,,,0,,,,,,,,,,,,,,,,,,,,,,,,,,,,,,
BEIDTWPEK,BEIJING DTW INTERNATIONAL TRANSPORTATION CO.LTD,Company,,CNPEK,BEIDTWPEK,,Commercial,,All Territories,,,,,,,,,,,,,,,,,,,,BEIDTWPEK,,,,li.y@dtw.com.cn,,,,,,,,,,,,,,,0,,,,,,,,,,,,,,,,,,,,,,,,,,,,,,
TRUENTMDW,"TRUONG ENTERPRISES, INC.",Company,,USCHI,TRUENTMDW,,Commercial,,All Territories,,,,,,,,,,,,,,,,,,,,TRUENTMDW,,,+17739091668,xliu@truongent.com,,,,,,,,,,,,,,,0,,,,,,,,,,,,,,,,,,,,,,,,,,,,,,
HAWFRELHR,HAWK FREIGHT LOGISTICS,Company,,GBLHR,HAWFRELHR,,Commercial,,All Territories,,,,,,,,,,,,,,,,,,,,HAWFRELHR,,,,,,,,,,,,,,,,,,,0,,,,,,,,,,,,,,,,,,,,,,,,,,,,,,
ITLUSALAX,"ITL USA, INC.",Company,,USLAX,ITLUSALAX,,Commercial,,All Territories,,,,,,,,,,,,,,,,,,,,ITLUSALAX,,,,,,,,,,,,,,,,,,,0,,,,,,,,,,,,,,,,,,,,,,,,,,,,,,
FREGTMHAM,FREIGHTHUB GTMBH,Company,,DEHAM,FREGTMHAM,,Commercial,,All Territories,,,,,,,,,,,,,,,,,,,,FREGTMHAM,,,,,,,,,,,,,,,,,,,0,,,,,,,,,,,,,,,,,,,,,,,,,,,,,,
HANSGRSIN,HANSGROHE PTE,Company,,SGSIN,HANSGRSIN,,Commercial,,All Territories,,,,,,,,,,,,,,,,,,,,HANSGRSIN,,,,,,,,,,,,,,,,,,,0,,,,,,,,,,,,,,,,,,,,,,,,,,,,,,
SHASADAFE,"SHANDONG WEIDA HEAVY INDUSTRIES CO., LTD",Company,,CNSAD,SHASADAFE,,Commercial,,All Territories,,,,,,,,,,,,,,,,,,,,SHASADAFE,,,,ROWENA@WEIDA-MC.COM,,,,,,,,,,,,,,,0,,,,,,,,,,,,,,,,,,,,,,,,,,,,,,
SENINTYTO1,SENATOR INTERNATIONAL INC,Company,,CATOR,SENINTYTO1,,Commercial,,All Territories,,,,,,,,,,,,,,,,,,,,SENINTYTO1,,,,,,,,,,,,,,,,,,,0,,,,,,,,,,,,,,,,,,,,,,,,,,,,,,
TAIGEMAFE,TAIS GEMI INSA VE TEKNOLOJI A.S.,Company,,TRIST,TAIGEMAFE,,Commercial,,All Territories,,,,,,,,,,,,,,,,,,,,TAIGEMAFE,,,,,,,,,,,,,,,,,,,0,,,,,,,,,,,,,,,,,,,,,,,,,,,,,,
SUNFOUHKG,SUNPRIDE FOUNDATION,Company,,HKHKG,SUNFOUHKG,,Commercial,,All Territories,,,,,,,,,,,,,,,,,,,,SUNFOUHKG,,,,,,,,,,,,,,,,,,,0,,,,,,,,,,,,,,,,,,,,,,,,,,,,,,
BELPIEPEA,BELLA PIETRA,Company,,USPEA,BELPIEPEA,,Commercial,,All Territories,,,,,,,,,,,,,,,,,,,,BELPIEPEA,,,,,,,,,,,,,,,,,,,0,,,,,,,,,,,,,,,,,,,,,,,,,,,,,,
SISLOGAFE,SIS LOGISTICAL SYSTEM LIMITED,Company,,BDDAC,SISLOGAFE,,Commercial,,All Territories,,,,,,,,,,,,,,,,,,,,SISLOGAFE,,,+8801709636366,,,,,,,,,,,,,,,,0,,,,,,,,,,,,,,,,,,,,,,,,,,,,,,
ENIWETIAH,ENIWETOK GROUP LLC,Company,,USHOU,ENIWETIAH,,Commercial,,All Territories,,,,,,,,,,,,,,,,,,,,ENIWETIAH,,,,,,,,,,,,,,,,,,,0,,,,,,,,,,,,,,,,,,,,,,,,,,,,,,
GONROIQZV,GONDRAND ROISSY CDG,Company,,FRROI,GONROIQZV,,Commercial,,All Territories,,,,,,,,,,,,,,,,,,,,GONROIQZV,,,,,,,,,,,,,,,,,,,0,,,,,,,,,,,,,,,,,,,,,,,,,,,,,,
NOBSUPBOS,NOBLE SUPPLY AND LOGISTICS,Company,,USBOS,NOBSUPBOS,,Commercial,,All Territories,,,,,,,,,,,,,,,,,,,,NOBSUPBOS,,,,,,,,,,,,,,,,,,,0,,,,,,,,,,,,,,,,,,,,,,,,,,,,,,
PLUURUMVD,PLUSCARGO URUGUAY,Company,,UYMVD,PLUURUMVD,,Commercial,,All Territories,,,,,,,,,,,,,,,,,,,,PLUURUMVD,,,,mgonzalez@plus.gruporas.com,,,,,,,,,,,,,,,0,,,,,,,,,,,,,,,,,,,,,,,,,,,,,,
FRETRASHA,"FREJA TRANSPORT & LOGISTICS (SHANGHAI)CO.,LTD",Company,,CNSHA,FRETRASHA,,Commercial,,All Territories,,,,,,,,,,,,,,,,,,,,FRETRASHA,,,,,,,,,,,,,,,,,,,0,,,,,,,,,,,,,,,,,,,,,,,,,,,,,,
DACHSEBCN,DACHSER BARCELONA,Company,,ESBCN,DACHSEBCN,,Commercial,,All Territories,,,,,,,,,,,,,,,,,,,,DACHSEBCN,,,,,,,,,,,,,,,,,,,0,,,,,,,,,,,,,,,,,,,,,,,,,,,,,,
SCHINDAFE,SCHENKER INDIA PRIVATE LIMITED,Company,,INBOM,SCHINDAFE,,Commercial,,All Territories,,,,,,,,,,,,,,,,,,,,SCHINDAFE,,,,,,,,,,,,,,,,,,,0,,,,,,,,,,,,,,,,,,,,,,,,,,,,,,
MATMARBIO,"MATRANSA  MARITIMA TRANSOCEANICA, S.A.",Company,,ESBIO,MATMARBIO,,Commercial,,All Territories,,,,,,,,,,,,,,,,,,,,MATMARBIO,,,,,,,,,,,,,,,,,,,0,,,,,,,,,,,,,,,,,,,,,,,,,,,,,,
VIRATLHKG,VIRGO ATLANTIC INVWESTMENT LIMITED,Company,,HKHKG,VIRATLHKG,,Commercial,,All Territories,,,,,,,,,,,,,,,,,,,,VIRATLHKG,,,,,,,,,,,,,,,,,,,0,,,,,,,,,,,,,,,,,,,,,,,,,,,,,,
SABITASPE,SABA ITALIA S.R.L,Company,,ITSPE,SABITASPE,,Commercial,,All Territories,,,,,,,,,,,,,,,,,,,,SABITASPE,,,,,,,,,,,,,,,,,,,0,,,,,,,,,,,,,,,,,,,,,,,,,,,,,,
SHAMILSHG,"SHANGHAI MILKYWAY CHEMICAL LOGISTICS CO.,LTD.",Company,,CNSHG,SHAMILSHG,,Commercial,,All Territories,,,,,,,,,,,,,,,,,,,,SHAMILSHG,,,,,,,,,,,,,,,,,,,0,,,,,,,,,,,,,,,,,,,,,,,,,,,,,,
GENNOLVTO,"GENERAL NOLI SPEDIZIONI INTERNATIONALI VIA G. GASPARINI, 8",Company,,ITVTO,GENNOLVTO,,Commercial,,All Territories,,,,,,,,,,,,,,,,,www.generalnoli.com,,,GENNOLVTO,,,,roberto.artioli@generalnoli.com,,,,,,,,,,,,,,,0,,,,,,,,,,,,,,,,,,,,,,,,,,,,,,
BEATECSOU,BEACON TECHNOLOGIES LTD.,Company,,GBSOU,BEATECSOU,,Commercial,,All Territories,,,,,,,,,,,,,,,,,,,,BEATECSOU,,,,support@beacon.co.uk,,,,,,,,,,,,,,,0,,,,,,,,,,,,,,,,,,,,,,,,,,,,,,
DTGRUELAX,DT GRUELLE COMPANY,Company,,USLAX,DTGRUELAX,,Commercial,,All Territories,,,,,,,,,,,,,,,,,,,,DTGRUELAX,,,,,,,,,,,,,,,,,,,0,,,,,,,,,,,,,,,,,,,,,,,,,,,,,,
YUUTYOAFE,MR. YUUKI TERADA,Company,,JPTYO,YUUTYOAFE,,Commercial,,All Territories,,,,,,,,,,,,,,,,,,,,YUUTYOAFE,,,,,,,,,,,,,,,,,,,0,,,,,,,,,,,,,,,,,,,,,,,,,,,,,,
RAYATTAFE,RAY ATTACHMENTS,Company,,CNCZX,RAYATTAFE,,Commercial,,All Territories,,,,,,,,,,,,,,,,,,,,RAYATTAFE,,,+8615061965293,raysales5@raysteeltube.com,,,,,,,,,,,,,,,0,,,,,,,,,,,,,,,,,,,,,,,,,,,,,,
LYNINTJFK,LYNDEN INTERNATIONAL,Company,,USJFK,LYNINTJFK,,Commercial,,All Territories,,,,,,,,,,,,,,,,,,,,LYNINTJFK,,,,jpena@lynden.com,,,,,,,,,,,,,,,0,,,,,,,,,,,,,,,,,,,,,,,,,,,,,,
FALTRACEB,FALCONA TRADING,Company,,PHCEB,FALTRACEB,,Commercial,,All Territories,,,,,,,,,,,,,,,,,,,,FALTRACEB,,,,,,,,,,,,,,,,,,,0,,,,,,,,,,,,,,,,,,,,,,,,,,,,,,
MARDELVAL,"MARITIMA DEL MEDITERRANEO, SA",Company,,ESVLC,MARDELVAL,,Commercial,,All Territories,,,,,,,,,,,,,,,,,,,,MARDELVAL,,,,,,,,,,,,,,,,,,,0,,,,,,,,,,,,,,,,,,,,,,,,,,,,,,
EQLINECMB,EQ LINES PVT LTD.,Company,,LKCMB,EQLINECMB,,Commercial,,All Territories,,,,,,,,,,,,,,,,,,,,EQLINECMB,,,,,,,,,,,,,,,,,,,0,,,,,,,,,,,,,,,,,,,,,,,,,,,,,,
MILLOGBKK,"MILESTONE LOGISTICS (THAI) CO., LTD.",Company,,THBKK,MILLOGBKK,,Commercial,,All Territories,,,,,,,,,,,,,,,,,,,,MILLOGBKK,,,,,,,,,,,,,,,,,,,0,,,,,,,,,,,,,,,,,,,,,,,,,,,,,,
TRAOVEBRE,TRANSPORT OVERSEAS GROUP GMBH,Company,,DEBRE,TRAOVEBRE,,Commercial,,All Territories,,,,,,,,,,,,,,,,,,,,TRAOVEBRE,,,+4915141458699,,,,,,,,,,,,,,,,0,,,,,,,,,,,,,,,,,,,,,,,,,,,,,,
SHOSELAFE,SHOW CARGO LOGISTICS INC.,Company,,KRSEL,SHOSELAFE,,Commercial,,All Territories,,,,,,,,,,,,,,,,,,,,SHOSELAFE,,,,,,,,,,,,,,,,,,,0,,,,,,,,,,,,,,,,,,,,,,,,,,,,,,
VISMETCLT,"VISION METERING, LLC",Company,,USCLT,VISMETCLT,,Commercial,,All Territories,,,,,,,,,,,,,,,,,www.visiometering.com,,,VISMETCLT,,,,,,,,,,,,,,,,,,,0,,,,,,,,,,,,,,,,,,,,,,,,,,,,,,
NSGLOGBTZ,NSGLOG,Company,,TRBTZ,NSGLOGBTZ,,Commercial,,All Territories,,,,,,,,,,,,,,,,,,,,NSGLOGBTZ,,,+902244430403,semih.ciftci@nsglog.com,,,,,,,,,,,,,,,0,,,,,,,,,,,,,,,,,,,,,,,,,,,,,,
SHEEXCSZP,"SHENZHEN EXCELLE INT’L LOGISTICS CO.,LTD",Company,,CNSZP,SHEEXCSZP,,Commercial,,All Territories,,,,,,,,,,,,,,,,,,,,SHEEXCSZP,,,,,,,,,,,,,,,,,,,0,,,,,,,,,,,,,,,,,,,,,,,,,,,,,,
AVIUABIST,AVIALOGISTIKA UAB WULIUAIR,Company,,TRISL,AVIUABIST,,Commercial,,All Territories,,,,,,,,,,,,,,,,,,,,AVIUABIST,,,,,,,,,,,,,,,,,,,0,,,,,,,,,,,,,,,,,,,,,,,,,,,,,,
DACINDCCU,"DACHSER INDIA PRIVATE LIMITED,",Company,,INCCU,DACINDCCU,,Commercial,,All Territories,,,,,,,,,,,,,,,,,,,,DACINDCCU,,,,,,,,,,,,,,,,,,,0,,,,,,,,,,,,,,,,,,,,,,,,,,,,,,
SHAKUAAFE,"SHANGHAI KUANHONG ELECTRONIC TECHNOLOGY CO., LTD",Company,,CNSHA,SHAKUAAFE,,Commercial,,All Territories,,,,,,,,,,,,,,,,,www.dbtsourcing.com,,,SHAKUAAFE,,,+8613 8016048893,jasy.lu@dbtsourcing.com,,,,,,,,,,,,,,,0,,,,,,,,,,,,,,,,,,,,,,,,,,,,,,
TEAWORAFE,"TEAM WORK LOGISTICS CO.,LTD.",Company,,THBKK,TEAWORAFE,,Commercial,,All Territories,,,,,,,,,,,,,,,,,,,,TEAWORAFE,,,,marisa@twl.co.th,,,,,,,,,,,,,,,0,,,,,,,,,,,,,,,,,,,,,,,,,,,,,,
HANSEAAFE,"HANGZHOU SEALAND SUPPLY CHAIN MANAGEMENT CO.,LTD",Company,,CNHAZ,HANSEAAFE,,Commercial,,All Territories,,,,,,,,,,,,,,,,,,,,HANSEAAFE,,,+8613456895995,alice15-xu@sealand-scm.com,,,,,,,,,,,,,,,0,,,,,,,,,,,,,,,,,,,,,,,,,,,,,,
SINSHAAFE,SINOTRANS SHANGHAI WELL-TRANS INTERNATIONAL LOGISTICS CO. LTD,Company,,CNSHA,SINSHAAFE,,Commercial,,All Territories,,,,,,,,,,,,,,,,,www.sinotrans.com,,,SINSHAAFE,,,+8613482144031,shenjunyuan@sinotrans.com,,,,,,,,,,,,,,,0,,,,,,,,,,,,,,,,,,,,,,,,,,,,,,
CHIKHHAFE,CHIANYI TRADING COMPANY,Company,,TWKHH,CHIKHHAFE,,Commercial,,All Territories,,,,,,,,,,,,,,,,,,,,CHIKHHAFE,,,,ufjk0205@ms6.hinet.net,,,,,,,,,,,,,,,0,,,,,,,,,,,,,,,,,,,,,,,,,,,,,,
HILROCSTN,HILL ROCK LTD.,Company,,HKSTN,HILROCSTN,,Commercial,,All Territories,,,,,,,,,,,,,,,,,,,,HILROCSTN,,,,,,,,,,,,,,,,,,,0,,,,,,,,,,,,,,,,,,,,,,,,,,,,,,
AUSLOGSYD,AUSTEX LOGISTICS PTY LTD,Company,,AUSYD,AUSLOGSYD,,Commercial,,All Territories,,,,,,,,,,,,,,,,,www.austex.net.au,,,AUSLOGSYD,,,+61431691102,amanda@austex.net.au,,,,,,,,,,,,,,,0,,,,,,,,,,,,,,,,,,,,,,,,,,,,,,
ALLSHASHA,"ALLTEK COMPANY SHANGHAI, LTD.",Company,,CNSHA,ALLSHASHA,,Commercial,,All Territories,,,,,,,,,,,,,,,,,,,,ALLSHASHA,,,,,,,,,,,,,,,,,,,0,,,,,,,,,,,,,,,,,,,,,,,,,,,,,,
CITHKGAFE,CITYCARGO (H.K) LIMITED,Company,,HKHKG,CITHKGAFE,,Commercial,,All Territories,,,,,,,,,,,,,,,,,,,,CITHKGAFE,,,,andrew@citycargo.com.hk,,,,,,,,,,,,,,,0,,,,,,,,,,,,,,,,,,,,,,,,,,,,,,
ROGHKGAFE,ROGERS WORLDWIDE (HK) LIMITED,Company,,HKHKG,ROGHKGAFE,,Commercial,,All Territories,,,,,,,,,,,,,,,,,,,,ROGHKGAFE,,,+85298780665,june@rogershk.com,,,,,,,,,,,,,,,0,,,,,,,,,,,,,,,,,,,,,,,,,,,,,,
SHELIVGUA,SHENZHEN LIVALL NETWORK TECHNOLOGY CO. LTD.,Company,,CNGUA,SHELIVGUA,,Commercial,,All Territories,,,,,,,,,,,,,,,,,,,,SHELIVGUA,,,,,,,,,,,,,,,,,,,0,,,,,,,,,,,,,,,,,,,,,,,,,,,,,,
NATTAIAFE,NATIONAL TAIWAN MUSEUM OF FINE ARTS,Company,,TWTXG,NATTAIAFE,,Commercial,,All Territories,,,,,,,,,,,,,,,,,,,,NATTAIAFE,,,,,,,,,,,,,,,,,,,0,,,,,,,,,,,,,,,,,,,,,,,,,,,,,,
APCINTSHA,APC INTERNATIONAL AIR & SEA FORWARDING,Company,,CNSHA,APCINTSHA,,Commercial,,All Territories,,,,,,,,,,,,,,,,,,,,APCINTSHA,,,,,,,,,,,,,,,,,,,0,,,,,,,,,,,,,,,,,,,,,,,,,,,,,,
KASTRARUH,KASA TRADING EST,Company,,SARUH,KASTRARUH,,Commercial,,All Territories,,,,,,,,,,,,,,,,,,,,KASTRARUH,,,,,,,,,,,,,,,,,,,0,,,,,,,,,,,,,,,,,,,,,,,,,,,,,,
EXCSINAFE,EXCEED SPORTS & ENTERTAINMENT,Company,,SGSIN,EXCSINAFE,,Commercial,,All Territories,,,,,,,,,,,,,,,,,,,,EXCSINAFE,,,,,,,,,,,,,,,,,,,0,,,,,,,,,,,,,,,,,,,,,,,,,,,,,,
SEAAIR,SEA AND AIR FREIGHT LIMITED,Company,,BDDAC,SEAAIR,,Commercial,,All Territories,,,,,,,,,,,,,,,,,,,,SEAAIR,,,+8801767804235,tushar@airandseafreight.com,,,,,,,,,,,,,,,0,,,,,,,,,,,,,,,,,,,,,,,,,,,,,,
ALLOFCFXT,THE ALLIANCE GROUP OF COMPANIES,Company,,GBFXT,ALLOFCFXT,,Commercial,,All Territories,,,,,,,,,,,,,,,,,,,,ALLOFCFXT,,,,,,,,,,,,,,,,,,,0,,,,,,,,,,,,,,,,,,,,,,,,,,,,,,
WORXMNAFE,WORLD EXPRESS INTERNATIONAL LTD.,Company,,CNXMN,WORXMNAFE,,Commercial,,All Territories,,,,,,,,,,,,,,,,,,,,WORXMNAFE,,,+8613859912723,hansen@exposervice.com.cn,,,,,,,,,,,,,,,0,,,,,,,,,,,,,,,,,,,,,,,,,,,,,,
TAIECOAFE,TAIAN-ECOBAR TECHNOLOGY CO LTD,Company,,TWTPE,TAIECOAFE,,Commercial,,All Territories,,,,,,,,,,,,,,,,,,,,TAIECOAFE,,,,,,,,,,,,,,,,,,,0,,,,,,,,,,,,,,,,,,,,,,,,,,,,,,
LEMUSARAC,LEMAN USA INC,Company,,USRAC,LEMUSARAC,,Commercial,,All Territories,,,,,,,,,,,,,,,,,,,,LEMUSARAC,,,,,,,,,,,,,,,,,,,0,,,,,,,,,,,,,,,,,,,,,,,,,,,,,,
ALDGLOAFE,ALDEN GLOBAL LOJISTIK,Company,,TRANK,ALDGLOAFE,,Commercial,,All Territories,,,,,,,,,,,,,,,,,www.aldenlojistik.com,,,ALDGLOAFE,,,+905375697904,canselolmez@aldenlojistik.com,,,,,,,,,,,,,,,0,,,,,,,,,,,,,,,,,,,,,,,,,,,,,,
ADDLOGSGN,ADDICON LOGISTICS CO. LTD,Company,,VNSGN,ADDLOGSGN,,Commercial,,All Territories,,,,,,,,,,,,,,,,,,,,ADDLOGSGN,,,,,,,,,,,,,,,,,,,0,,,,,,,,,,,,,,,,,,,,,,,,,,,,,,
AIRUSACHI,"AIRTRONIC USA, INC.",Company,,USCHI,AIRUSACHI,,Commercial,,All Territories,,,,,,,,,,,,,,,,,,,,AIRUSACHI,,,,troyC@airtronics.net,,,,,,,,,,,,,,,0,,,,,,,,,,,,,,,,,,,,,,,,,,,,,,
SAUARAMKC,SAUDI ARABIAN AIRLINES,Company,,PHMKC,SAUARAMKC,,Commercial,,All Territories,,,,,,,,,,,,,,,,,,,,SAUARAMKC,,,,,,,,,,,,,,,,,,,0,,,,,,,,,,,,,,,,,,,,,,,,,,,,,,
HVOWIRSTR,H.VON WIRTH GMBH & CO.KG,Company,,DESTR,HVOWIRSTR,,Commercial,,All Territories,,,,,,,,,,,,,,,,,,,,HVOWIRSTR,,,,lbs@hvonwirth.de,,,,,,,,,,,,,,,0,,,,,,,,,,,,,,,,,,,,,,,,,,,,,,
MSNSHISIN,MSN SHIPPING AGENCIES PTE LTD,Company,,SGSIN,MSNSHISIN,,Commercial,,All Territories,,,,,,,,,,,,,,,,,,,,MSNSHISIN,,,,,,,,,,,,,,,,,,,0,,,,,,,,,,,,,,,,,,,,,,,,,,,,,,
NEWMEXMEX,NEWTRAL MEXICO SA DE CV,Company,,MXMEX,NEWMEXMEX,,Commercial,,All Territories,,,,,,,,,,,,,,,,,,,,NEWMEXMEX,,,,,,,,,,,,,,,,,,,0,,,,,,,,,,,,,,,,,,,,,,,,,,,,,,
FREMEDSFO,FRESENIUS MEDICAL CENTER,Company,,USSFO,FREMEDSFO,,Commercial,,All Territories,,,,,,,,,,,,,,,,,,,,FREMEDSFO,,,,,,,,,,,,,,,,,,,0,,,,,,,,,,,,,,,,,,,,,,,,,,,,,,
AELBERNGB,AEL-BERKMAN FORWARDING (HK) LIMITED,Company,,CNNGB,AELBERNGB,,Commercial,,All Territories,,,,,,,,,,,,,,,,,,,,AELBERNGB,,,,,,,,,,,,,,,,,,,0,,,,,,,,,,,,,,,,,,,,,,,,,,,,,,
EVEMICAFE,"EVERTZ MICROSYSTEMS, LTD.",Company,,CABRL,EVEMICAFE,,Commercial,,All Territories,,,,,,,,,,,,,,,,,,,,EVEMICAFE,,,,jgraci@evertz.com,,,,,,,,,,,,,,,0,,,,,,,,,,,,,,,,,,,,,,,,,,,,,,
PEALAMAFE,PEARL LAM GALLERIES,Company,,HKHKG,PEALAMAFE,,Commercial,,All Territories,,,,,,,,,,,,,,,,,,,,PEALAMAFE,,,,,,,,,,,,,,,,,,,0,,,,,,,,,,,,,,,,,,,,,,,,,,,,,,
TCIEXPDEL,TCI EXPRESS,Company,,INDEL,TCIEXPDEL,,Commercial,,All Territories,,,,,,,,,,,,,,,,,,,,TCIEXPDEL,,,,,,,,,,,,,,,,,,,0,,,,,,,,,,,,,,,,,,,,,,,,,,,,,,
STESPAVCE,STEFANEL S.P.A,Company,,ITVCE,STESPAVCE,,Commercial,,All Territories,,,,,,,,,,,,,,,,,,,,STESPAVCE,,,,,,,,,,,,,,,,,,,0,,,,,,,,,,,,,,,,,,,,,,,,,,,,,,
INTCARHKG,INTERNATIONAL CARE MINISTRIES,Company,,HKHKG,INTCARHKG,,Commercial,,All Territories,,,,,,,,,,,,,,,,,,,,INTCARHKG,,,,,,,,,,,,,,,,,,,0,,,,,,,,,,,,,,,,,,,,,,,,,,,,,,
NANRISSHA,"NANTONG RISING SPORTS & LEISURE GOODS CO., LTD.",Company,,CNSGH,NANRISSHA,,Commercial,,All Territories,,,,,,,,,,,,,,,,,,,,NANRISSHA,,,,,,,,,,,,,,,,,,,0,,,,,,,,,,,,,,,,,,,,,,,,,,,,,,
NOALOGPME,NOATUM LOGISTICS UK LIMITED,Company,,GBPME,NOALOGPME,,Commercial,,All Territories,,,,,,,,,,,,,,,,,,,,NOALOGPME,,,,,,,,,,,,,,,,,,,0,,,,,,,,,,,,,,,,,,,,,,,,,,,,,,
SOTRANHAN,SOTRANS HANOI,Company,,VNHAN,SOTRANHAN,,Commercial,,All Territories,,,,,,,,,,,,,,,,,,,,SOTRANHAN,,,,,,,,,,,,,,,,,,,0,,,,,,,,,,,,,,,,,,,,,,,,,,,,,,
DWIKARJKT,PT. DWITUNGGAL KARUNIA GEMILANG,Company,,IDJKT,DWIKARJKT,,Commercial,,All Territories,,,,,,,,,,,,,,,,,,,,DWIKARJKT,,,,,,,,,,,,,,,,,,,0,,,,,,,,,,,,,,,,,,,,,,,,,,,,,,
WELMIMAFE,WEL,Company,,FRMIM,WELMIMAFE,,Commercial,,All Territories,,,,,,,,,,,,,,,,,,,,WELMIMAFE,,,,,,,,,,,,,,,,,,,0,,,,,,,,,,,,,,,,,,,,,,,,,,,,,,
BRAUKOHAM,BRAUKON GMBH,Company,,DEHAM,BRAUKOHAM,,Commercial,,All Territories,,,,,,,,,,,,,,,,,,,,BRAUKOHAM,,,,,,,,,,,,,,,,,,,0,,,,,,,,,,,,,,,,,,,,,,,,,,,,,,
NEWLOGKHI,NEWS LOGISTICS,Company,,PKKHI,NEWLOGKHI,,Commercial,,All Territories,,,,,,,,,,,,,,,,,,,,NEWLOGKHI,,,,,,,,,,,,,,,,,,,0,,,,,,,,,,,,,,,,,,,,,,,,,,,,,,
CENCGOAFE,CENSTAR SCIENCE & TECHNOLOGY CORP LTD,Company,,CNZGZ,CENCGOAFE,,Commercial,,All Territories,,,,,,,,,,,,,,,,,,,,CENCGOAFE,,,,sales@censtar.com,,,,,,,,,,,,,,,0,,,,,,,,,,,,,,,,,,,,,,,,,,,,,,
MEDSANPAR,MEDECINS SANS FRONTIERES,Company,,FRPAR,MEDSANPAR,,Commercial,,All Territories,,,,,,,,,,,,,,,,,,,,MEDSANPAR,,,,,,,,,,,,,,,,,,,0,,,,,,,,,,,,,,,,,,,,,,,,,,,,,,
MEBGLOCNY,MEBS GLOBAL,Company,,USCNY,MEBGLOCNY,,Commercial,,All Territories,,,,,,,,,,,,,,,,,,,,MEBGLOCNY,,,,,,,,,,,,,,,,,,,0,,,,,,,,,,,,,,,,,,,,,,,,,,,,,,
SKILANAFE,SKIOLD LANDMECO,Company,,DKOLG,SKILANAFE,,Commercial,,All Territories,,,,,,,,,,,,,,,,,www.landmeco.com,,,SKILANAFE,,,+4575245511,pernille@landmeco.dk,,,,,,,,,,,,,,,0,,,,,,,,,,,,,,,,,,,,,,,,,,,,,,
CHRMEYDXB,MS. CHRISTINE MEYER,Company,,AEDXB,CHRMEYDXB,,Commercial,,All Territories,,,,,,,,,,,,,,,,,,,,CHRMEYDXB,,,,,,,,,,,,,,,,,,,0,,,,,,,,,,,,,,,,,,,,,,,,,,,,,,
SOHFREAFE,SOHAM FREIGHT SERVICE PVT.LTD.,Company,,INMUN,SOHFREAFE,,Commercial,,All Territories,,,,,,,,,,,,,,,,,www.sohamfreight.com,,,SOHFREAFE,,,+917567508888,soham@sohamfreight.com,,,,,,,,,,,,,,,0,,,,,,,,,,,,,,,,,,,,,,,,,,,,,,
NFSAIRAMS,NFS AIRFREIGHT B.V.,Company,,NLAMS,NFSAIRAMS,,Commercial,,All Territories,,,,,,,,,,,,,,,,,,,,NFSAIRAMS,,,,,,,,,,,,,,,,,,,0,,,,,,,,,,,,,,,,,,,,,,,,,,,,,,
IVFCPHAFE,IVF TECH APS,Company,,DKCPH,IVFCPHAFE,,Commercial,,All Territories,,,,,,,,,,,,,,,,,,,,IVFCPHAFE,,,,,,,,,,,,,,,,,,,0,,,,,,,,,,,,,,,,,,,,,,,,,,,,,,
AMEEXPLGB,AMERICAN EXPORT LINES,Company,,USLGB,AMEEXPLGB,,Commercial,,All Territories,,,,,,,,,,,,,,,,,,,,AMEEXPLGB,,,,,,,,,,,,,,,,,,,0,,,,,,,,,,,,,,,,,,,,,,,,,,,,,,
SSASWESIN,SSAB SWEDISH STEEL PTE LTD,Company,,SGSIN,SSASWESIN,,Commercial,,All Territories,,,,,,,,,,,,,,,,,,,,SSASWESIN,,,+6596981640,koonbk@ssab.com,,,,,,,,,,,,,,,0,,,,,,,,,,,,,,,,,,,,,,,,,,,,,,
EXPHAMAFE,EXPOLOGISTIK GMBH,Company,,DEHAM,EXPHAMAFE,,Commercial,,All Territories,,,,,,,,,,,,,,,,,,,,EXPHAMAFE,,,+49 1577386700,daniel.oelgemoeller@expologistik.com,,,,,,,,,,,,,,,0,,,,,,,,,,,,,,,,,,,,,,,,,,,,,,
LEMCHISHA,LEMAN CHINA CO. LTD. - NINGBO BRANCH,Company,,CNSHA,LEMCHISHA,,Commercial,,All Territories,,,,,,,,,,,,,,,,,,,,LEMCHISHA,,,,,,,,,,,,,,,,,,,0,,,,,,,,,,,,,,,,,,,,,,,,,,,,,,
USAPAMPEN,USAHA PAMMEK SDN BHD,Company,,MYPEN,USAPAMPEN,,Commercial,,All Territories,,,,,,,,,,,,,,,,,,,,USAPAMPEN,,,,,,,,,,,,,,,,,,,0,,,,,,,,,,,,,,,,,,,,,,,,,,,,,,
STADRSAFE,STAATLICHE KUNSTSAMMLUNGEN DRESDEN,Company,,DEDRS,STADRSAFE,,Commercial,,All Territories,,,,,,,,,,,,,,,,,,,,STADRSAFE,,,,Lisa.Seltmann@skd.museum,,,,,,,,,,,,,,,0,,,,,,,,,,,,,,,,,,,,,,,,,,,,,,
ANCEXPORD,ANCHOR EXPRESS INC,Company,,USORD,ANCEXPORD,,Commercial,,All Territories,,,,,,,,,,,,,,,,,,,,ANCEXPORD,,,,,,,,,,,,,,,,,,,0,,,,,,,,,,,,,,,,,,,,,,,,,,,,,,
DHLFREAFE,DHL FREIGHT TURKEY,Company,,TRIST,DHLFREAFE,,Commercial,,All Territories,,,,,,,,,,,,,,,,,,,,DHLFREAFE,,,,Ismail.Con@dhl.com,,,,,,,,,,,,,,,0,,,,,,,,,,,,,,,,,,,,,,,,,,,,,,
UNIASIHKG,"UNITED ASIAN LOGISTICS (HK) CO., LTD.",Company,,HKHKG,UNIASIHKG,,Commercial,,All Territories,,,,,,,,,,,,,,,,,,,,UNIASIHKG,,,,,,,,,,,,,,,,,,,0,,,,,,,,,,,,,,,,,,,,,,,,,,,,,,
SOKTPEAFE,SOKA ART GALLERY,Company,,TWTPE,SOKTPEAFE,,Commercial,,All Territories,,,,,,,,,,,,,,,,,www.soka-art.com,,,SOKTPEAFE,,,+886921163295,aileen.wu1009@gmail.com,,,,,,,,,,,,,,,0,,,,,,,,,,,,,,,,,,,,,,,,,,,,,,
MASINTAFE,MASTERPIECE INTERNATIONAL,Company,,USLAX,MASINTAFE,,Commercial,,All Territories,,,,,,,,,,,,,,,,,www.masterpieceintl.com,,,MASINTAFE,,,,lax@masterpieceintl.com,,,,,,,,,,,,,,,0,,,,,,,,,,,,,,,,,,,,,,,,,,,,,,
INTDFTAFE,INTERFLOW LOGISTICS LTD.,Company,,IEDFT,INTDFTAFE,,Commercial,,All Territories,,,,,,,,,,,,,,,,,,,,INTDFTAFE,,,,terence.cullinan@interflow.ie,,,,,,,,,,,,,,,0,,,,,,,,,,,,,,,,,,,,,,,,,,,,,,
MESALMKWI,MESHARI ALMEKAIMI,Company,,KWKWI,MESALMKWI,,Commercial,,All Territories,,,,,,,,,,,,,,,,,,,,MESALMKWI,,,,,,,,,,,,,,,,,,,0,,,,,,,,,,,,,,,,,,,,,,,,,,,,,,
BUHLAGUZW,BUHLER AG,Company,,CHUZW,BUHLAGUZW,,Commercial,,All Territories,,,,,,,,,,,,,,,,,,,,BUHLAGUZW,,,,,,,,,,,,,,,,,,,0,,,,,,,,,,,,,,,,,,,,,,,,,,,,,,
CELASIAFE,CELLEBRITE ASIA PACIFIC PTE. LTD.,Company,,SGSIN,CELASIAFE,,Commercial,,All Territories,,,,,,,,,,,,,,,,,,,,CELASIAFE,,,,Jolene.Tay@cellebrite.com,,,,,,,,,,,,,,,0,,,,,,,,,,,,,,,,,,,,,,,,,,,,,,
ASAULUIST,ASAV ULUSLARARASI NAK VE TIC A.S.,Company,,TRIST,ASAULUIST,,Commercial,,All Territories,,,,,,,,,,,,,,,,,,,,ASAULUIST,,,,,,,,,,,,,,,,,,,0,,,,,,,,,,,,,,,,,,,,,,,,,,,,,,
OCRSPACRE,OCRIM SPA,Company,,ITCRE,OCRSPACRE,,Commercial,,All Territories,,,,,,,,,,,,,,,,,,,,OCRSPACRE,,,,,,,,,,,,,,,,,,,0,,,,,,,,,,,,,,,,,,,,,,,,,,,,,,
BESCOOTPE,"BEST COOPERATION ENTERPRISE CO., LTD.",Company,,TWTPE,BESCOOTPE,,Commercial,,All Territories,,,,,,,,,,,,,,,,,,,,BESCOOTPE,,,,,,,,,,,,,,,,,,,0,,,,,,,,,,,,,,,,,,,,,,,,,,,,,,
PLUBRASAO,PLUSCARGO BRASIL,Company,,BRSAO,PLUBRASAO,,Commercial,,All Territories,,,,,,,,,,,,,,,,,www.pluscargo.com.br,,,PLUBRASAO,,,,airpricing@pluscargo.com.br,,,,,,,,,,,,,,,0,,,,,,,,,,,,,,,,,,,,,,,,,,,,,,
RERDELAFE,R.E. ROGERS INDIA PVT. LTD.,Company,,INDEL,RERDELAFE,,Commercial,,All Territories,,,,,,,,,,,,,,,,,www.rogersworldwideindia.com,,,RERDELAFE,,,+911126949802,sachin@rogersworldwideindia.com,,,,,,,,,,,,,,,0,,,,,,,,,,,,,,,,,,,,,,,,,,,,,,
KNETINBKK,K-NET INTERNATIONAL LTD. PART,Company,,THBKK,KNETINBKK,,Commercial,,All Territories,,,,,,,,,,,,,,,,,,,,KNETINBKK,,,,,,,,,,,,,,,,,,,0,,,,,,,,,,,,,,,,,,,,,,,,,,,,,,
MONVGLGOA,MONDIALE VGL S.P.A,Company,,ITGOA,MONVGLGOA,,Commercial,,All Territories,,,,,,,,,,,,,,,,,,,,MONVGLGOA,,,,,,,,,,,,,,,,,,,0,,,,,,,,,,,,,,,,,,,,,,,,,,,,,,
FINLINMEX,FINE LINE SA/PLUSCARGO TRANSPORTE MEXICANA,Company,,MXMEX,FINLINMEX,,Commercial,,All Territories,,,,,,,,,,,,,,,,,,,,FINLINMEX,,,,erika@pluscargomexico.com.mx,,,,,,,,,,,,,,,0,,,,,,,,,,,,,,,,,,,,,,,,,,,,,,
HORENTMDW,HORIZON ENTERTAINMNET CARGO,Company,,USCHI,HORENTMDW,,Commercial,,All Territories,,,,,,,,,,,,,,,,,,,,HORENTMDW,,,+18475935900,jeff@hecargo.com,,,,,,,,,,,,,,,0,,,,,,,,,,,,,,,,,,,,,,,,,,,,,,
RETSINAFE,RETRO-MAX PTE LTD,Company,,SGSIN,RETSINAFE,,Commercial,,All Territories,,,,,,,,,,,,,,,,,,,,RETSINAFE,,,,,,,,,,,,,,,,,,,0,,,,,,,,,,,,,,,,,,,,,,,,,,,,,,
SISINTAQJ,"SISTEMAS INTEGRADOS LOGISTICOS, S.A. DE C.V.",Company,,SVAQJ,SISINTAQJ,,Commercial,,All Territories,,,,,,,,,,,,,,,,,,,,SISINTAQJ,,,,,,,,,,,,,,,,,,,0,,,,,,,,,,,,,,,,,,,,,,,,,,,,,,
ISGHEANDA,ISGEC HEAVY ENGINEERING LTD.,Company,,INNDA,ISGHEANDA,,Commercial,,All Territories,,,,,,,,,,,,,,,,,,,,ISGHEANDA,,,+919818821428,vikasgandhi@isgecmail.com,,,,,,,,,,,,,,,0,,,,,,,,,,,,,,,,,,,,,,,,,,,,,,
SUKMANMSL,SUKUP MANUFACTURING COMPANY,Company,,USSHF,SUKMANMSL,,Commercial,,All Territories,,,,,,,,,,,,,,,,,,,,SUKMANMSL,,,,,,,,,,,,,,,,,,,0,,,,,,,,,,,,,,,,,,,,,,,,,,,,,,
BIREKEOSL,BIRGER EKERHOLT,Company,,NOOSL,BIREKEOSL,,Commercial,,All Territories,,,,,,,,,,,,,,,,,,,,BIREKEOSL,,,,,,,,,,,,,,,,,,,0,,,,,,,,,,,,,,,,,,,,,,,,,,,,,,
WORFUEMNL,WORLD FUEL SERVICES (SINGAPORE) PTE LTD. - PHILIPPINES BRANCH,Company,,PHMNL,WORFUEMNL,,Commercial,,All Territories,,,,,,,,,,,,,,,,,,,,WORFUEMNL,,,+447341560263,dwallace@world-kinect.com,,,,,,,,,,,,,,,0,,,,,,,,,,,,,,,,,,,,,,,,,,,,,,
HANINDLHKG,HANCOLE INDUSTRIES LIMITED,Company,,HKHKG,HANINDLHKG,,Commercial,,All Territories,,,,,,,,,,,,,,,,,,,,HANINDLHKG,,,,,,,,,,,,,,,,,,,0,,,,,,,,,,,,,,,,,,,,,,,,,,,,,,
VATDELAFE,VATS LOGISTICS,Company,,INDEL,VATDELAFE,,Commercial,,All Territories,,,,,,,,,,,,,,,,,,,,VATDELAFE,,,+919711399721,deepu_jhagra@yahoo.co.in,,,,,,,,,,,,,,,0,,,,,,,,,,,,,,,,,,,,,,,,,,,,,,
ANJYINZHE,ANJI YINAFU HOME SUPPLIES CO LTD,Company,,CNZHE,ANJYINZHE,,Commercial,,All Territories,,,,,,,,,,,,,,,,,www.ajynf.com,,,ANJYINZHE,,,,,,,,,,,,,,,,,,,0,,,,,,,,,,,,,,,,,,,,,,,,,,,,,,
CANNUCCKR,CANADIAN NUCLEAR LABORATORIES,Company,,CACKR,CANNUCCKR,,Commercial,,All Territories,,,,,,,,,,,,,,,,,,,,CANNUCCKR,,,,,,,,,,,,,,,,,,,0,,,,,,,,,,,,,,,,,,,,,,,,,,,,,,
MYFBJSAFE,"MYFREIGHT INTERNATIONAL LOGISTICS CO., LTD",Company,,CNBJS,MYFBJSAFE,,Commercial,,All Territories,,,,,,,,,,,,,,,,,,,,MYFBJSAFE,,,,jeafar@myfreight.com.cn,,,,,,,,,,,,,,,0,,,,,,,,,,,,,,,,,,,,,,,,,,,,,,
BSMBNPAFE,BS MARINE INTERNATIONAL CO. LTD.,Company,,KRBNP,BSMBNPAFE,,Commercial,,All Territories,,,,,,,,,,,,,,,,,,,,BSMBNPAFE,,,,,,,,,,,,,,,,,,,0,,,,,,,,,,,,,,,,,,,,,,,,,,,,,,
MARHAVIST,MARS HAVA VE DENIZ KARGO TASIMACILIGI A.S,Company,,TRIST,MARHAVIST,,Commercial,,All Territories,,,,,,,,,,,,,,,,,,,,MARHAVIST,,,,,,,,,,,,,,,,,,,0,,,,,,,,,,,,,,,,,,,,,,,,,,,,,,
LKGLOBKUL,LK GLOBAL PRO SHIPPINGS (M) SDN BHD,Company,,MYKUL,LKGLOBKUL,,Commercial,,All Territories,,,,,,,,,,,,,,,,,,,,LKGLOBKUL,,,,,,,,,,,,,,,,,,,0,,,,,,,,,,,,,,,,,,,,,,,,,,,,,,
ALLWAYVCP,ALL THE WAY AGENCIAMENTO DE CARGAS INTERNACIONAIS S/S LTDA,Company,,BRVCP,ALLWAYVCP,,Commercial,,All Territories,,,,,,,,,,,,,,,,,,,,ALLWAYVCP,,,,,,,,,,,,,,,,,,,0,,,,,,,,,,,,,,,,,,,,,,,,,,,,,,
STEHANGUT,STEEL-HAND INDUSTRY DEVELOPMENT CO LTD,Company,,CNGUT,STEHANGUT,,Commercial,,All Territories,,,,,,,,,,,,,,,,,,,,STEHANGUT,,,,,,,,,,,,,,,,,,,0,,,,,,,,,,,,,,,,,,,,,,,,,,,,,,
TRASHIOMA,"TRANSCON SHIPPING CO., INC.",Company,,USOMA,TRASHIOMA,,Commercial,,All Territories,,,,,,,,,,,,,,,,,,,,TRASHIOMA,,,,,,,,,,,,,,,,,,,0,,,,,,,,,,,,,,,,,,,,,,,,,,,,,,
MELLOGHAN,MELODY LOGISTICS CO. LTD.,Company,,VNHAN,MELLOGHAN,,Commercial,,All Territories,,,,,,,,,,,,,,,,,,,,MELLOGHAN,,,,,,,,,,,,,,,,,,,0,,,,,,,,,,,,,,,,,,,,,,,,,,,,,,
CONINTMKT,CONDUX INTERNATIONAL INC.,Company,,USMKT,CONINTMKT,,Commercial,,All Territories,,,,,,,,,,,,,,,,,,,,CONINTMKT,,,,johnh@condux.com,,,,,,,,,,,,,,,0,,,,,,,,,,,,,,,,,,,,,,,,,,,,,,
FELOXIFRA,FELOXITY GMBH & CO. KG,Company,,DEFRA,FELOXIFRA,,Commercial,,All Territories,,,,,,,,,,,,,,,,,,,,FELOXIFRA,,,,,,,,,,,,,,,,,,,0,,,,,,,,,,,,,,,,,,,,,,,,,,,,,,
SOJPLANRT,SOJITZ PLA-NET CORPORATION,Company,,JPTYO,SOJPLANRT,,Commercial,,All Territories,,,,,,,,,,,,,,,,,,,,SOJPLANRT,,,,,,,,,,,,,,,,,,,0,,,,,,,,,,,,,,,,,,,,,,,,,,,,,,
LOGICAAMS,LOGICALL GROUP B.V,Company,,NLAMS,LOGICAAMS,,Commercial,,All Territories,,,,,,,,,,,,,,,,,,,,LOGICAAMS,,,,,,,,,,,,,,,,,,,0,,,,,,,,,,,,,,,,,,,,,,,,,,,,,,
TEXTURKWH,TEXTURE INC.,Company,,USKWH,TEXTURKWH,,Commercial,,All Territories,,,,,,,,,,,,,,,,,,,,TEXTURKWH,,,,,,,,,,,,,,,,,,,0,,,,,,,,,,,,,,,,,,,,,,,,,,,,,,
FREINDCEB,FRECALUCK INDUSTRIES,Company,,PHCEB,FREINDCEB,,Commercial,,All Territories,,,,,,,,,,,,,,,,,,,,FREINDCEB,,,,,,,,,,,,,,,,,,,0,,,,,,,,,,,,,,,,,,,,,,,,,,,,,,
DTGRUECLE,DT GRUELLE COMPANY GROUP LLC,Company,,USCLE,DTGRUECLE,,Commercial,,All Territories,,,,,,,,,,,,,,,,,,,,DTGRUECLE,,,,jessica@dtgruelle.com,,,,,,,,,,,,,,,0,,,,,,,,,,,,,,,,,,,,,,,,,,,,,,
FRETRAAAR,FREJA TRANSPORT & LOGISTICS A/S,Company,,DKAAR,FRETRAAAR,,Commercial,,All Territories,,,,,,,,,,,,,,,,,,,,FRETRAAAR,,,,,,,,,,,,,,,,,,,0,,,,,,,,,,,,,,,,,,,,,,,,,,,,,,
MRFINTSZX,MRF INTERNATIONAL FORWARDING CO. LTD.,Company,,CNSNZ,MRFINTSZX,,Commercial,,All Territories,,,,,,,,,,,,,,,,,http://www.mrflogistics.com,,,MRFINTSZX,,,+8613724290487,lizzy_szx@mrflogistics.com,,,,,,,,,,,,,,,0,,,,,,,,,,,,,,,,,,,,,,,,,,,,,,
SENINTMUC,SENATOR INTERNATIONAL SPEDITION GMBH,Company,,DEMUC,SENINTMUC,,Commercial,,All Territories,,,,,,,,,,,,,,,,,,,,SENINTMUC,,,,,,,,,,,,,,,,,,,0,,,,,,,,,,,,,,,,,,,,,,,,,,,,,,
HEIHOPHAM,HEINRICH HOPPE GMBH SPEDITION + LOGISTIK,Company,,DEHAM,HEIHOPHAM,,Commercial,,All Territories,,,,,,,,,,,,,,,,,,,,HEIHOPHAM,,,,,,,,,,,,,,,,,,,0,,,,,,,,,,,,,,,,,,,,,,,,,,,,,,
GENNOLMDW,GENERAL NOLI USA INC- CHICAGO,Company,,USCHI,GENNOLMDW,,Commercial,,All Territories,,,,,,,,,,,,,,,,,,,,GENNOLMDW,,,,,,,,,,,,,,,,,,,0,,,,,,,,,,,,,,,,,,,,,,,,,,,,,,
GUAFOSFOS,GUANGDONG FOSHAN IMP & EXP CO. LTD.,Company,,CNFOS,GUAFOSFOS,,Commercial,,All Territories,,,,,,,,,,,,,,,,,,,,GUAFOSFOS,,,,,,,,,,,,,,,,,,,0,,,,,,,,,,,,,,,,,,,,,,,,,,,,,,
IVOVIVMIL,IVOCLAR VIVADENT MANUFACTURING SRL,Company,,ITMIL,IVOVIVMIL,,Commercial,,All Territories,,,,,,,,,,,,,,,,,,,,IVOVIVMIL,,,,,,,,,,,,,,,,,,,0,,,,,,,,,,,,,,,,,,,,,,,,,,,,,,
SHEMAXHKG,"SHENZHEN MAXSPEED LOGISTICS CO., LTD.",Company,,HKHKG,SHEMAXHKG,,Commercial,,All Territories,,,,,,,,,,,,,,,,,www.szmaxspeed.com,,,SHEMAXHKG,,,13060895685,expo_op3@szmaxspeed.com,,,,,,,,,,,,,,,0,,,,,,,,,,,,,,,,,,,,,,,,,,,,,,
HANYEUHKG,"HANG YEUNG TRANSPORTATION, CO.",Company,,HKHKG,HANYEUHKG,,Commercial,,All Territories,,,,,,,,,,,,,,,,,,,,HANYEUHKG,,,,,,,,,,,,,,,,,,,0,,,,,,,,,,,,,,,,,,,,,,,,,,,,,,
SOJITZNRT,SOJITZ CORPORATION,Company,,JPTYO,SOJITZNRT,,Commercial,,All Territories,,,,,,,,,,,,,,,,,,,,SOJITZNRT,,,,,,,,,,,,,,,,,,,0,,,,,,,,,,,,,,,,,,,,,,,,,,,,,,
SEACOASFO,SEA COAT TECHNOLOGY LLC,Company,,USSFO,SEACOASFO,,Commercial,,All Territories,,,,,,,,,,,,,,,,,,,,SEACOASFO,,,,,,,,,,,,,,,,,,,0,,,,,,,,,,,,,,,,,,,,,,,,,,,,,,
GLOSPEAFE,GLOBAL SPECIALISED SERVICES PTE LTD,Company,,SGSIN,GLOSPEAFE,,Commercial,,All Territories,,,,,,,,,,,,,,,,,,,,GLOSPEAFE,,,,laiweemeng@globalss.com.sg,,,,,,,,,,,,,,,0,,,,,,,,,,,,,,,,,,,,,,,,,,,,,,
MULTITNRT,MULTITRANS LTD.,Company,,JPTYO,MULTITNRT,,Commercial,,All Territories,,,,,,,,,,,,,,,,,,,,MULTITNRT,,,,,,,,,,,,,,,,,,,0,,,,,,,,,,,,,,,,,,,,,,,,,,,,,,
SENINTCAN,SENATOR INTERNATIONAL FREIGHT FORWARDING (SHENZHEN) CO. LTD.,Company,,CNCAN,SENINTCAN,,Commercial,,All Territories,,,,,,,,,,,,,,,,,,,,SENINTCAN,,,,,,,,,,,,,,,,,,,0,,,,,,,,,,,,,,,,,,,,,,,,,,,,,,
TRATPEAFE,TRANSWORLD EXPRESS CO LTD (AIRFREIGHT),Company,,TWTPE,TRATPEAFE,,Commercial,,All Territories,,,,,,,,,,,,,,,,,,,,TRATPEAFE,,,,sunny@transworldexpress.com.tw,,,,,,,,,,,,,,,0,,,,,,,,,,,,,,,,,,,,,,,,,,,,,,
TECHNOCHB,"TECHNOS CO, LTD",Company,,JPCHB,TECHNOCHB,,Commercial,,All Territories,,,,,,,,,,,,,,,,,,,,TECHNOCHB,,,,c.sato@e-technos.jp,,,,,,,,,,,,,,,0,,,,,,,,,,,,,,,,,,,,,,,,,,,,,,
FAMCARGRU,FAM CARGO BR LOGISTICA INTERNACIONAL LTDA,Company,,BRGRU,FAMCARGRU,,Commercial,,All Territories,,,,,,,,,,,,,,,,,,,,FAMCARGRU,,,,,,,,,,,,,,,,,,,0,,,,,,,,,,,,,,,,,,,,,,,,,,,,,,
DASARTAFE,DASAN ART,Company,,KRSEL,DASARTAFE,,Commercial,,All Territories,,,,,,,,,,,,,,,,,,,,DASARTAFE,,,+821042279000,john@dasanart.com,,,,,,,,,,,,,,,0,,,,,,,,,,,,,,,,,,,,,,,,,,,,,,
JOHJOHPJA,JOHNSON & JOHNSON MALASIA,Company,,MYPJA,JOHJOHPJA,,Commercial,,All Territories,,,,,,,,,,,,,,,,,,,,JOHJOHPJA,,,,,,,,,,,,,,,,,,,0,,,,,,,,,,,,,,,,,,,,,,,,,,,,,,
FURELEYOK,"FURUKAWA ELECTRIC CO.,LTD.",Company,,JPYOK,FURELEYOK,,Commercial,,All Territories,,,,,,,,,,,,,,,,,,,,FURELEYOK,,,,,,,,,,,,,,,,,,,0,,,,,,,,,,,,,,,,,,,,,,,,,,,,,,
HARKANAFE,HARUHIKO KANEKO,Company,,JPOKA,HARKANAFE,,Commercial,,All Territories,,,,,,,,,,,,,,,,,,,,HARKANAFE,,,,,,,,,,,,,,,,,,,0,,,,,,,,,,,,,,,,,,,,,,,,,,,,,,
MPINTESGN,"M & P INTERNATIONAL CO., LTD.",Company,,VNSGN,MPINTESGN,,Commercial,,All Territories,,,,,,,,,,,,,,,,,,,,MPINTESGN,,,+842835136368,cs07@mpivn.com,,,,,,,,,,,,,,,0,,,,,,,,,,,,,,,,,,,,,,,,,,,,,,
MAJBKIAFE,MAJU KEKAL FORWARDING AGENCY,Company,,MYBKI,MAJBKIAFE,,Commercial,,All Territories,,,,,,,,,,,,,,,,,,,,MAJBKIAFE,,,+60128281398,,,,,,,,,,,,,,,,0,,,,,,,,,,,,,,,,,,,,,,,,,,,,,,
ATSINTCDG,ATS INTERNATIONAL,Company,,FRCDG,ATSINTCDG,,Commercial,,All Territories,,,,,,,,,,,,,,,,,,,,ATSINTCDG,,,,,,,,,,,,,,,,,,,0,,,,,,,,,,,,,,,,,,,,,,,,,,,,,,
USEMBAJMNL,US EMBASSY MANILA,Company,,PHMNL,USEMBAJMNL,,Commercial,,All Territories,,,,,,,,,,,,,,,,,,,,USEMBAJMNL,,,+639172422562,,,,,,,,,,,,,,,,0,,,,,,,,,,,,,,,,,,,,,,,,,,,,,,
HOLUGOAFE,HOLOGRAM INDUSTRIES,Company,,FRUGO,HOLUGOAFE,,Commercial,,All Territories,,,,,,,,,,,,,,,,,,,,HOLUGOAFE,,,,,,,,,,,,,,,,,,,0,,,,,,,,,,,,,,,,,,,,,,,,,,,,,,
ALCSINAFE,ALCON GLOBAL LOGISTICS PTE LTD,Company,,SGSIN,ALCSINAFE,,Commercial,,All Territories,,,,,,,,,,,,,,,,,,,,ALCSINAFE,,,,tracy.ling@alconglobal.com.sg,,,,,,,,,,,,,,,0,,,,,,,,,,,,,,,,,,,,,,,,,,,,,,
HUBDISSIN,HUB DISTRIBUTORS SERVICES PTE LTD,Company,,SGSIN,HUBDISSIN,,Commercial,,All Territories,,,,,,,,,,,,,,,,,,,,HUBDISSIN,,,,Pei Yu LIM <peiyu@hubdistributors.com>,,,,,,,,,,,,,,,0,,,,,,,,,,,,,,,,,,,,,,,,,,,,,,
BESSMASZX,"BESAFE SMART LOGISTICS CO., LTD",Company,,CNSZX,BESSMASZX,,Commercial,,All Territories,,,,,,,,,,,,,,,,,,,,BESSMASZX,,,+8613510454132,annie@besafesz.com,,,,,,,,,,,,,,,0,,,,,,,,,,,,,,,,,,,,,,,,,,,,,,
PROMIIAFE,PRO MESSE-SERVICE GMBH,Company,,DEMII,PROMIIAFE,,Commercial,,All Territories,,,,,,,,,,,,,,,,,,,,PROMIIAFE,,,,t.kieweg@pro-messe.de,,,,,,,,,,,,,,,0,,,,,,,,,,,,,,,,,,,,,,,,,,,,,,
VECTORGOA,VECTOR SPA,Company,,ITGOA,VECTORGOA,,Commercial,,All Territories,,,,,,,,,,,,,,,,,,,,VECTORGOA,,,,,,,,,,,,,,,,,,,0,,,,,,,,,,,,,,,,,,,,,,,,,,,,,,
NGLNAVHAM,NGL NAVIGATOR GLOBAL LOGISTICS GMBH,Company,,DEHAM,NGLNAVHAM,,Commercial,,All Territories,,,,,,,,,,,,,,,,,,,,NGLNAVHAM,,,+4915164598003,nicolas.hermann@ngl-germany.eu,,,,,,,,,,,,,,,0,,,,,,,,,,,,,,,,,,,,,,,,,,,,,,
DYNCUSSFO,DYNASTY CUSTOMS BROKER INC,Company,,USSFO,DYNCUSSFO,,Commercial,,All Territories,,,,,,,,,,,,,,,,,,,,DYNCUSSFO,,,,,,,,,,,,,,,,,,,0,,,,,,,,,,,,,,,,,,,,,,,,,,,,,,
NOALOGSGN,NOATUM LOGISTICS VIETNAM CO. LTD.,Company,,VNSGN,NOALOGSGN,,Commercial,,All Territories,,,,,,,,,,,,,,,,,,,,NOALOGSGN,,,,,,,,,,,,,,,,,,,0,,,,,,,,,,,,,,,,,,,,,,,,,,,,,,
QUASEACDG,QUALITAIR AND SEA,Company,,FRCDG,QUASEACDG,,Commercial,,All Territories,,,,,,,,,,,,,,,,,,,,QUASEACDG,,,,,,,,,,,,,,,,,,,0,,,,,,,,,,,,,,,,,,,,,,,,,,,,,,
BOWJKTAFE,BOWO LOGISTICS - PT BOWO LINTAS DWIPA,Company,,IDJKT,BOWJKTAFE,,Commercial,,All Territories,,,,,,,,,,,,,,,,,,,,BOWJKTAFE,,,,,,,,,,,,,,,,,,,0,,,,,,,,,,,,,,,,,,,,,,,,,,,,,,
ADVSUPAFE,ADVANCE SUPPORT JAPAN INC.,Company,,JPTYO,ADVSUPAFE,,Commercial,,All Territories,,,,,,,,,,,,,,,,,,,,ADVSUPAFE,,,,yamamoto_s@a-s-j.jp,,,,,,,,,,,,,,,0,,,,,,,,,,,,,,,,,,,,,,,,,,,,,,
ICLISRDFW,ICL - ISRAEL CARGO LOGISTICS LTD.,Company,,ILASH,ICLISRDFW,,Commercial,,All Territories,,,,,,,,,,,,,,,,,,,,ICLISRDFW,,,,,,,,,,,,,,,,,,,0,,,,,,,,,,,,,,,,,,,,,,,,,,,,,,
FEIGLOBOM,FEI GLOBAL PROJECTS PVT LTD,Company,,INBOM,FEIGLOBOM,,Commercial,,All Territories,,,,,,,,,,,,,,,,,,,,FEIGLOBOM,,,,Intlexports.air@feicargo.com,,,,,,,,,,,,,,,0,,,,,,,,,,,,,,,,,,,,,,,,,,,,,,
YAMYOKAFE,YAMADA SHARYO CO. LTD.,Company,,JPYOK,YAMYOKAFE,,Commercial,,All Territories,,,,,,,,,,,,,,,,,,,,YAMYOKAFE,,,,overseas@yamada-co.jp,,,,,,,,,,,,,,,0,,,,,,,,,,,,,,,,,,,,,,,,,,,,,,
TRAINDHYD,TRANSMEC (INDIA) PVT LTD.,Company,,INHYD,TRAINDHYD,,Commercial,,All Territories,,,,,,,,,,,,,,,,,,,,TRAINDHYD,,,,,,,,,,,,,,,,,,,0,,,,,,,,,,,,,,,,,,,,,,,,,,,,,,
DHLISTAFE,DHL FREIGHT TRADE FAIRS & EVENTS LOGISTICS,Company,,TRISL,DHLISTAFE,,Commercial,,All Territories,,,,,,,,,,,,,,,,,www.dhl.com.tr,,,DHLISTAFE,,,,Ismail.Con@dhl.com,,,,,,,,,,,,,,,0,,,,,,,,,,,,,,,,,,,,,,,,,,,,,,
ANDLOGBUN,ANDES LOGISTICS COLOMBIA,Company,,COBUN,ANDLOGBUN,,Commercial,,All Territories,,,,,,,,,,,,,,,,,,,,ANDLOGBUN,,,+573227509948,,,,,,,,,,,,,,,,0,,,,,,,,,,,,,,,,,,,,,,,,,,,,,,
MIQLOGSIN,MIQ LOGISTICS SINGAPORE PTE LTD.,Company,,SGSIN,MIQLOGSIN,,Commercial,,All Territories,,,,,,,,,,,,,,,,,,,,MIQLOGSIN,,,,,,,,,,,,,,,,,,,0,,,,,,,,,,,,,,,,,,,,,,,,,,,,,,
PANALOSIN,PANALOGS PTE LTD,Company,,SGSIN,PANALOSIN,,Commercial,,All Territories,,,,,,,,,,,,,,,,,,,,PANALOSIN,,,,,,,,,,,,,,,,,,,0,,,,,,,,,,,,,,,,,,,,,,,,,,,,,,
CESBLUUDI,CESPED BLU S.R.L.,Company,,BRUDI,CESBLUUDI,,Commercial,,All Territories,,,,,,,,,,,,,,,,,,,,CESBLUUDI,,,,,,,,,,,,,,,,,,,0,,,,,,,,,,,,,,,,,,,,,,,,,,,,,,
HANHONZRH,HANS HONGLER AG,Company,,CHZRH,HANHONZRH,,Commercial,,All Territories,,,,,,,,,,,,,,,,,,,,HANHONZRH,,,,,,,,,,,,,,,,,,,0,,,,,,,,,,,,,,,,,,,,,,,,,,,,,,
AIRSEAROM,AIR SEA MALL SRL,Company,,ITROM,AIRSEAROM,,Commercial,,All Territories,,,,,,,,,,,,,,,,,,,,AIRSEAROM,,,,,,,,,,,,,,,,,,,0,,,,,,,,,,,,,,,,,,,,,,,,,,,,,,
ASTLOGAFE,AST LOGISTICS SDN BHD,Company,,MYKUL,ASTLOGAFE,,Commercial,,All Territories,,,,,,,,,,,,,,,,,,,,ASTLOGAFE,,,,mustapa@astlog.com.my,,,,,,,,,,,,,,,0,,,,,,,,,,,,,,,,,,,,,,,,,,,,,,
PRELMSAFE,PREYES LIMITED,Company,,CYLMS,PRELMSAFE,,Commercial,,All Territories,,,,,,,,,,,,,,,,,,,,PRELMSAFE,,,,kurochkin@expo-logistcis.ru,,,,,,,,,,,,,,,0,,,,,,,,,,,,,,,,,,,,,,,,,,,,,,
SENINTFSZX,SENATOR INTERNATIONAL FREIGHT FORWARDING (SHENZHEN),Company,,CNSNZ,SENINTFSZX,,Commercial,,All Territories,,,,,,,,,,,,,,,,,,,,SENINTFSZX,,,,,,,,,,,,,,,,,,,0,,,,,,,,,,,,,,,,,,,,,,,,,,,,,,
WOLHELAFE,WOLTTI GROUP,Company,,FIHEL,WOLHELAFE,,Commercial,,All Territories,,,,,,,,,,,,,,,,,,,,WOLHELAFE,,,,jesse.kori@wolttigroup.fi,,,,,,,,,,,,,,,0,,,,,,,,,,,,,,,,,,,,,,,,,,,,,,
SEKLOGAFE,SEKO LOGISTICS MIA,Company,,USORD,SEKLOGAFE,,Commercial,,All Territories,,,,,,,,,,,,,,,,,,,,SEKLOGAFE,,,,,,,,,,,,,,,,,,,0,,,,,,,,,,,,,,,,,,,,,,,,,,,,,,
MULTIVSIN,MULTIVAC PTE. LTD.,Company,,SGSIN,MULTIVSIN,,Commercial,,All Territories,,,,,,,,,,,,,,,,,,,,MULTIVSIN,,,,wilfried.streubel@sg.multivac.com,,,,,,,,,,,,,,,0,,,,,,,,,,,,,,,,,,,,,,,,,,,,,,
SCHTRAMEX,SCHRYVER TRANSPORTES Y LOGISTICA SA DE CV,Company,,MXMEX,SCHTRAMEX,,Commercial,,All Territories,,,,,,,,,,,,,,,,,,,,SCHTRAMEX,,,,,,,,,,,,,,,,,,,0,,,,,,,,,,,,,,,,,,,,,,,,,,,,,,
STRTRANNUE,STRECK TRANSPORTGES MBH,Company,,DENUE,STRTRANNUE,,Commercial,,All Territories,,,,,,,,,,,,,,,,,,,,STRTRANNUE,,,,,,,,,,,,,,,,,,,0,,,,,,,,,,,,,,,,,,,,,,,,,,,,,,
PLUCARGRU,PLUS CARGO,Company,,BRGRU,PLUCARGRU,,Commercial,,All Territories,,,,,,,,,,,,,,,,,,,,PLUCARGRU,,,,,,,,,,,,,,,,,,,0,,,,,,,,,,,,,,,,,,,,,,,,,,,,,,
ILLHKGAFE,ILLKID PRODUCTIONZ LIMITED,Company,,HKHKG,ILLHKGAFE,,Commercial,,All Territories,,,,,,,,,,,,,,,,,,,,ILLHKGAFE,,,,ian@the3125c.com,,,,,,,,,,,,,,,0,,,,,,,,,,,,,,,,,,,,,,,,,,,,,,
CARYULAFE,CARGOLUTION INC.,Company,,CADOR,CARYULAFE,,Commercial,,All Territories,,,,,,,,,,,,,,,,,,,,CARYULAFE,,,,junior@cargolution.com,,,,,,,,,,,,,,,0,,,,,,,,,,,,,,,,,,,,,,,,,,,,,,
OMNCONLGB,OMNI CONNECTION INTERNATIONAL INC.,Company,,USLGB,OMNCONLGB,,Commercial,,All Territories,,,,,,,,,,,,,,,,,,,,OMNCONLGB,,,,,,,,,,,,,,,,,,,0,,,,,,,,,,,,,,,,,,,,,,,,,,,,,,
RMPRINZRH,RM PRINT GMBH,Company,,CHZRH,RMPRINZRH,,Commercial,,All Territories,,,,,,,,,,,,,,,,,,,,RMPRINZRH,,,,,,,,,,,,,,,,,,,0,,,,,,,,,,,,,,,,,,,,,,,,,,,,,,
HEBHEBAFE,"HEBEI XIAOJIN MACHINERY MANUFACTURING, INC",Company,,CNHEB,HEBHEBAFE,,Commercial,,All Territories,,,,,,,,,,,,,,,,,,,,HEBHEBAFE,,,,,,,,,,,,,,,,,,,0,,,,,,,,,,,,,,,,,,,,,,,,,,,,,,
CARMASVIE,CARGO-MASTER SRL,Company,,ATVIE,CARMASVIE,,Commercial,,All Territories,,,,,,,,,,,,,,,,,,,,CARMASVIE,,,,,,,,,,,,,,,,,,,0,,,,,,,,,,,,,,,,,,,,,,,,,,,,,,
OLAFOORUH,OLAYAN FOOD SERVICES COMPANY,Company,,SARUH,OLAFOORUH,,Commercial,,All Territories,,,,,,,,,,,,,,,,,,,,OLAFOORUH,,,,,,,,,,,,,,,,,,,0,,,,,,,,,,,,,,,,,,,,,,,,,,,,,,
COMLOGBCN,COMAREFX LOGISTICA DE FERIAS S.L.,Company,,ESBCN,COMLOGBCN,,Commercial,,All Territories,,,,,,,,,,,,,,,,,,,,COMLOGBCN,,,,pcoma@comarfex.com,,,,,,,,,,,,,,,0,,,,,,,,,,,,,,,,,,,,,,,,,,,,,,
CENTRAMXP,CENTRALCARGO SRL,Company,,ITMXP,CENTRAMXP,,Commercial,,All Territories,,,,,,,,,,,,,,,,,,,,CENTRAMXP,,,,michela.pieri@centralcargo.it,,,,,,,,,,,,,,,0,,,,,,,,,,,,,,,,,,,,,,,,,,,,,,
DELTRABEG,DELTA TRANSPORTNI SISTEM – DTS,Company,,RSBEG,DELTRABEG,,Commercial,,All Territories,,,,,,,,,,,,,,,,,,,,DELTRABEG,,,,,,,,,,,,,,,,,,,0,,,,,,,,,,,,,,,,,,,,,,,,,,,,,,
FAISOLAFE,FAIR SOLUTION PARTNER (FSP) LOGISTICS,Company,,TRANK,FAISOLAFE,,Commercial,,All Territories,,,,,,,,,,,,,,,,,,,,FAISOLAFE,,,,,,,,,,,,,,,,,,,0,,,,,,,,,,,,,,,,,,,,,,,,,,,,,,
ANDLOGLIM,ANDES LOGISTICS DEL PERU S.A.C.,Company,,PELIM,ANDLOGLIM,,Commercial,,All Territories,,,,,,,,,,,,,,,,,http://www.andeslogistics.com/,,,ANDLOGLIM,,,,,,,,,,,,,,,,,,,0,,,,,,,,,,,,,,,,,,,,,,,,,,,,,,
ARTICNAFE,"ART SQUARE MOVING CO., LTD",Company,,KRICN,ARTICNAFE,,Commercial,,All Territories,,,,,,,,,,,,,,,,,,,,ARTICNAFE,,,,,,,,,,,,,,,,,,,0,,,,,,,,,,,,,,,,,,,,,,,,,,,,,,
WIZLOGBOM,WIZ LOGTEC INDIA PRIVATE LIMITED,Company,,INBOM,WIZLOGBOM,,Commercial,,All Territories,,,,,,,,,,,,,,,,,,,,WIZLOGBOM,,,+919769408555,ganesh.sawant@wizfreight.com,,,,,,,,,,,,,,,0,,,,,,,,,,,,,,,,,,,,,,,,,,,,,,
4DSYSTSYD,4D SYSTEMS PTY LTD,Company,,AUSYD,4DSYSTSYD,,Commercial,,All Territories,,,,,,,,,,,,,,,,,,,,4DSYSTSYD,,,,,,,,,,,,,,,,,,,0,,,,,,,,,,,,,,,,,,,,,,,,,,,,,,
SKYGLOKCO,SKY G LOGISTICS LTD.,Company,,HKKCO,SKYGLOKCO,,Commercial,,All Territories,,,,,,,,,,,,,,,,,,,,SKYGLOKCO,,,,,,,,,,,,,,,,,,,0,,,,,,,,,,,,,,,,,,,,,,,,,,,,,,
KOUFUCTPE,"KOU FU COLOR PRINTING CO., LTD",Company,,TWTPE,KOUFUCTPE,,Commercial,,All Territories,,,,,,,,,,,,,,,,,,,,KOUFUCTPE,,,,,,,,,,,,,,,,,,,0,,,,,,,,,,,,,,,,,,,,,,,,,,,,,,
NAVLOGJFM,NAVIGATOR LOGISTICS PTY LTD,Company,,AUFRE,NAVLOGJFM,,Commercial,,All Territories,,,,,,,,,,,,,,,,,,,,NAVLOGJFM,,,,,,,,,,,,,,,,,,,0,,,,,,,,,,,,,,,,,,,,,,,,,,,,,,
CJLSELAFE,CJ LOGISTICS,Company,,KRSEL,CJLSELAFE,,Commercial,,All Territories,,,,,,,,,,,,,,,,,,,,CJLSELAFE,,,+821039531027,hyunsoo.kang@cj.net,,,,,,,,,,,,,,,0,,,,,,,,,,,,,,,,,,,,,,,,,,,,,,
PRIJASJKT,PT. PRIMA JASINDO BAHARI,Company,,IDJKT,PRIJASJKT,,Commercial,,All Territories,,,,,,,,,,,,,,,,,,,,PRIJASJKT,,,,,,,,,,,,,,,,,,,0,,,,,,,,,,,,,,,,,,,,,,,,,,,,,,
AGISEKAFE,AGILITY LOGISTICS SDN BHD,Company,,MYSEK,AGISEKAFE,,Commercial,,All Territories,,,,,,,,,,,,,,,,,,,,AGISEKAFE,,,,,,,,,,,,,,,,,,,0,,,,,,,,,,,,,,,,,,,,,,,,,,,,,,
RATECHOC,RATEC GMBH,Company,,DEHOC,RATECHOC,,Commercial,,All Territories,,,,,,,,,,,,,,,,,,,,RATECHOC,,,,,,,,,,,,,,,,,,,0,,,,,,,,,,,,,,,,,,,,,,,,,,,,,,
GLOICDAFE,THE GLOBAL SOLUTIONS,Company,,INICD,GLOICDAFE,,Commercial,,All Territories,,,,,,,,,,,,,,,,,,,,GLOICDAFE,,,,,,,,,,,,,,,,,,,0,,,,,,,,,,,,,,,,,,,,,,,,,,,,,,
QUABIOBOM,QUANTUM BIOTECH,Company,,INBOM,QUABIOBOM,,Commercial,,All Territories,,,,,,,,,,,,,,,,,,,,QUABIOBOM,,,,,,,,,,,,,,,,,,,0,,,,,,,,,,,,,,,,,,,,,,,,,,,,,,
YUAKHHAFE,"YUAN GONG ENTERPRISE CO., LTD.",Company,,TWKHH,YUAKHHAFE,,Commercial,,All Territories,,,,,,,,,,,,,,,,,,,,YUAKHHAFE,,,,infio@yg-web.com.tw,,,,,,,,,,,,,,,0,,,,,,,,,,,,,,,,,,,,,,,,,,,,,,
VERISTAFE,VERA LOGISTICS,Company,,TRIST,VERISTAFE,,Commercial,,All Territories,,,,,,,,,,,,,,,,,,,,VERISTAFE,,,+905425096324,serdar.d@veralog.com,,,,,,,,,,,,,,,0,,,,,,,,,,,,,,,,,,,,,,,,,,,,,,
SKYTPEAFE,SKYLINK LOGISTICS CO LTD,Company,,TWTPE,SKYTPEAFE,,Commercial,,All Territories,,,,,,,,,,,,,,,,,,,,SKYTPEAFE,,,,cathy@skylinklog.com,,,,,,,,,,,,,,,0,,,,,,,,,,,,,,,,,,,,,,,,,,,,,,
AEXINTAFE,"AEXTRANS INTERNATIONAL LOGISTICS CO.,LTD",Company,,CNQDG,AEXINTAFE,,Commercial,,All Territories,,,,,,,,,,,,,,,,,,,,AEXINTAFE,,,+8618669838159,tonychen@aextrans.com,,,,,,,,,,,,,,,0,,,,,,,,,,,,,,,,,,,,,,,,,,,,,,
CARGOTDOH,CARGOTRANS LLC,Company,,QADOH,CARGOTDOH,,Commercial,,All Territories,,,,,,,,,,,,,,,,,,,,CARGOTDOH,,,+97430367637,,,,,,,,,,,,,,,,0,,,,,,,,,,,,,,,,,,,,,,,,,,,,,,
TRAFINTLV,TRANSCLAL FINE ARTS LTD,Company,,ILTLV,TRAFINTLV,,Commercial,,All Territories,,,,,,,,,,,,,,,,,,,,TRAFINTLV,,,+972526845488,lily@finearts.co.il,,,,,,,,,,,,,,,0,,,,,,,,,,,,,,,,,,,,,,,,,,,,,,
ORABCNAFE,ORANGE-LINE EUROPA SLU,Company,,ESBCN,ORABCNAFE,,Commercial,,All Territories,,,,,,,,,,,,,,,,,,,,ORABCNAFE,,,+34645084040,alex@orange-line.biz,,,,,,,,,,,,,,,0,,,,,,,,,,,,,,,,,,,,,,,,,,,,,,
UPYOUNAFE,UP YOUNG CORNERSTONE CORP.,Company,,TWNTC,UPYOUNAFE,,Commercial,,All Territories,,,,,,,,,,,,,,,,,,,,UPYOUNAFE,,,,,,,,,,,,,,,,,,,0,,,,,,,,,,,,,,,,,,,,,,,,,,,,,,
INTSHAAFE,INTERNATIONAL ART SERVICES (M) SDN BHD,Company,,MYSHA,INTSHAAFE,,Commercial,,All Territories,,,,,,,,,,,,,,,,,,,,INTSHAAFE,,,,,,,,,,,,,,,,,,,0,,,,,,,,,,,,,,,,,,,,,,,,,,,,,,
SPEDELAFE,SPEDITION INDIA (FAIRS & EVENTS),Company,,INDEL,SPEDELAFE,,Commercial,,All Territories,,,,,,,,,,,,,,,,,,,,SPEDELAFE,,,+919811039237,exhibitions.kamal@speditionindia.com,,,,,,,,,,,,,,,0,,,,,,,,,,,,,,,,,,,,,,,,,,,,,,
ADVAIRPRG,ADVANCED AIRSEA S.R.O.,Company,,CZPRG,ADVAIRPRG,,Commercial,,All Territories,,,,,,,,,,,,,,,,,,,,ADVAIRPRG,,,,,,,,,,,,,,,,,,,0,,,,,,,,,,,,,,,,,,,,,,,,,,,,,,
INFCARDLU,INFINITY CARGO LOGISTICS CHINA LIMITED BEIJING,Company,,CNDAL,INFCARDLU,,Commercial,,All Territories,,,,,,,,,,,,,,,,,,,,INFCARDLU,,,,,,,,,,,,,,,,,,,0,,,,,,,,,,,,,,,,,,,,,,,,,,,,,,
NVDASIHKG,NVD ASIA LOGISTICS HONG KONG LIMITED,Company,,HKHKG,NVDASIHKG,,Commercial,,All Territories,,,,,,,,,,,,,,,,,,,,NVDASIHKG,,,,,,,,,,,,,,,,,,,0,,,,,,,,,,,,,,,,,,,,,,,,,,,,,,
SHEFENLSZX,SHENZHEN FENGDA LOGISTICS INTERNATIONAL LTD,Company,,CNSNZ,SHEFENLSZX,,Commercial,,All Territories,,,,,,,,,,,,,,,,,,,,SHEFENLSZX,,,,,,,,,,,,,,,,,,,0,,,,,,,,,,,,,,,,,,,,,,,,,,,,,,
CONALLMEL,CONSOL ALLIANCE,Company,,AUMEL,CONALLMEL,,Commercial,,All Territories,,,,,,,,,,,,,,,,,,,,CONALLMEL,,,,,,,,,,,,,,,,,,,0,,,,,,,,,,,,,,,,,,,,,,,,,,,,,,
WOODLALHR,WOODLAND GROUP,Company,,GBLHR,WOODLALHR,,Commercial,,All Territories,,,,,,,,,,,,,,,,,,,,WOODLALHR,,,,,,,,,,,,,,,,,,,0,,,,,,,,,,,,,,,,,,,,,,,,,,,,,,
SILEXPSIN,SILK EXPRESS FREIGHT PTE LTD,Company,,SGSIN,SILEXPSIN,,Commercial,,All Territories,,,,,,,,,,,,,,,,,,,,SILEXPSIN,,,,,,,,,,,,,,,,,,,0,,,,,,,,,,,,,,,,,,,,,,,,,,,,,,
NSTAPPHKG,NST APPAREL HONGKONG LTD,Company,,HKHKG,NSTAPPHKG,,Commercial,,All Territories,,,,,,,,,,,,,,,,,,,,NSTAPPHKG,,,,,,,,,,,,,,,,,,,0,,,,,,,,,,,,,,,,,,,,,,,,,,,,,,
ASIHKGAFE,ASIA LINE GROUP LTD,Company,,HKHKG,ASIHKGAFE,,Commercial,,All Territories,,,,,,,,,,,,,,,,,,,,ASIHKGAFE,,,,stacy@asialineltd.com,,,,,,,,,,,,,,,0,,,,,,,,,,,,,,,,,,,,,,,,,,,,,,
WHITEYLBJ,WHITEYBOARD INC.,Company,,USLBJ,WHITEYLBJ,,Commercial,,All Territories,,,,,,,,,,,,,,,,,,,,WHITEYLBJ,,,,,,,,,,,,,,,,,,,0,,,,,,,,,,,,,,,,,,,,,,,,,,,,,,
MOTSUPBEY,MOTION SUPPLY CHAIN SAL (OFFSHORE),Company,,LBBEY,MOTSUPBEY,,Commercial,,All Territories,,,,,,,,,,,,,,,,,,,,MOTSUPBEY,,,,,,,,,,,,,,,,,,,0,,,,,,,,,,,,,,,,,,,,,,,,,,,,,,
ONSMELAFE,ON SHOW SOLUTION PTY LTD,Company,,AUMEL,ONSMELAFE,,Commercial,,All Territories,,,,,,,,,,,,,,,,,,,,ONSMELAFE,,,+61473899050,angelo@on-show.com.au,,,,,,,,,,,,,,,0,,,,,,,,,,,,,,,,,,,,,,,,,,,,,,
TIGUSAJFK,TIGERS (USA) GLOBAL LOGISTICS INC.,Company,,USJFK,TIGUSAJFK,,Commercial,,All Territories,,,,,,,,,,,,,,,,,www.go2tigers.com,,,TIGUSAJFK,,,,Carla.Ellis@go2tigers.com,,,,,,,,,,,,,,,0,,,,,,,,,,,,,,,,,,,,,,,,,,,,,,
TOPEXPTPE,TOP EXPRESS INC.,Company,,TWTPE,TOPEXPTPE,,Commercial,,All Territories,,,,,,,,,,,,,,,,,,,,TOPEXPTPE,,,,sean-tpe@topgroupgcr.com,,,,,,,,,,,,,,,0,,,,,,,,,,,,,,,,,,,,,,,,,,,,,,
DSVLHRAFE,DSV SOLUTIONS LTD,Company,,GBLHR,DSVLHRAFE,,Commercial,,All Territories,,,,,,,,,,,,,,,,,,,,DSVLHRAFE,,,,carl.gilvray@dsv.com,,,,,,,,,,,,,,,0,,,,,,,,,,,,,,,,,,,,,,,,,,,,,,
KWILOGTAO,KWISE LOGISTICS(SHANDONG)CO.LTD,Company,,CNQIN,KWILOGTAO,,Commercial,,All Territories,,,,,,,,,,,,,,,,,,,,KWILOGTAO,,,,cs3.sha@kwise-log.com,,,,,,,,,,,,,,,0,,,,,,,,,,,,,,,,,,,,,,,,,,,,,,
BALEXHAFE,BALTRANS EXHIBITION & REMOVAL LTD.,Company,,HKHKG,BALEXHAFE,,Commercial,,All Territories,,,,,,,,,,,,,,,,,,,,BALEXHAFE,,,,pauline.leung@exhibition.baltrans.com,,,,,,,,,,,,,,,0,,,,,,,,,,,,,,,,,,,,,,,,,,,,,,
WORCARBAH,WORLD CARGO LOGISTICS LTD,Company,,BHBAH,WORCARBAH,,Commercial,,All Territories,,,,,,,,,,,,,,,,,,,,WORCARBAH,,,,,,,,,,,,,,,,,,,0,,,,,,,,,,,,,,,,,,,,,,,,,,,,,,
KARGROSGN,"KARL GROSS LOGISTICS VIETNAM CO., LTD",Company,,VNSGN,KARGROSGN,,Commercial,,All Territories,,,,,,,,,,,,,,,,,,,,KARGROSGN,,,,,,,,,,,,,,,,,,,0,,,,,,,,,,,,,,,,,,,,,,,,,,,,,,
BASKNAAFE,BASILUR TEA EXPORT (PVT) LTD.,Company,,LKKNA,BASKNAAFE,,Commercial,,All Territories,,,,,,,,,,,,,,,,,,,,BASKNAAFE,,,,info@basilurtea.com,,,,,,,,,,,,,,,0,,,,,,,,,,,,,,,,,,,,,,,,,,,,,,
OCELOGLMS,OCEANIC LOGISTICS LTD,Company,,CYLMS,OCELOGLMS,,Commercial,,All Territories,,,,,,,,,,,,,,,,,,,,OCELOGLMS,,,,,,,,,,,,,,,,,,,0,,,,,,,,,,,,,,,,,,,,,,,,,,,,,,
TRANETMDW,"TRANSFORMERS NETWORK, INC. DBA PHOENIX INTERNATIONAL FREIGHT SERVICES, INC.",Company,,USCHI,TRANETMDW,,Commercial,,All Territories,,,,,,,,,,,,,,,,,,,,TRANETMDW,,,,impdocus@phoenixintlinc.com,,,,,,,,,,,,,,,0,,,,,,,,,,,,,,,,,,,,,,,,,,,,,,
AICINCTYN,AIC INC.,Company,,TWTYN,AICINCTYN,,Commercial,,All Territories,,,,,,,,,,,,,,,,,,,,AICINCTYN,,,,,,,,,,,,,,,,,,,0,,,,,,,,,,,,,,,,,,,,,,,,,,,,,,
LALITAAFE,LALIZAS ITALIA SRL.,Company,,GRPIR,LALITAAFE,,Commercial,,All Territories,,,,,,,,,,,,,,,,,,,,LALITAAFE,,,,design3@lalizas.com,,,,,,,,,,,,,,,0,,,,,,,,,,,,,,,,,,,,,,,,,,,,,,
JAPIBAAFE,JAPAN VENTURE INCORPORATED,Company,,JPIBA,JAPIBAAFE,,Commercial,,All Territories,,,,,,,,,,,,,,,,,,,,JAPIBAAFE,,,,,,,,,,,,,,,,,,,0,,,,,,,,,,,,,,,,,,,,,,,,,,,,,,
KEMFARAFE,KEMET FAR EAST PTE LTD,Company,,SGSIN,KEMFARAFE,,Commercial,,All Territories,,,,,,,,,,,,,,,,,,,,KEMFARAFE,,,,peifen@kemet.com.sg,,,,,,,,,,,,,,,0,,,,,,,,,,,,,,,,,,,,,,,,,,,,,,
IVOVIVSTR,IVOCLAR VIVADENT GMBH,Company,,DESTR,IVOVIVSTR,,Commercial,,All Territories,,,,,,,,,,,,,,,,,,,,IVOVIVSTR,,,,,,,,,,,,,,,,,,,0,,,,,,,,,,,,,,,,,,,,,,,,,,,,,,
SURLOGJKT,PT. SURYAMAS LOGISTIK,Company,,IDJKT,SURLOGJKT,,Commercial,,All Territories,,,,,,,,,,,,,,,,,,,,SURLOGJKT,,,,,,,,,,,,,,,,,,,0,,,,,,,,,,,,,,,,,,,,,,,,,,,,,,
FREINZ,FREIGHTWORKS NZ LIMITED,Company,,NZAKL,FREINZ,,Commercial,,All Territories,,,,,,,,,,,,,,,,,,,,FREINZ,,,,,,,,,,,,,,,,,,,0,,,,,,,,,,,,,,,,,,,,,,,,,,,,,,
IELBKAAFE,IELT LTD.,Company,,RUBKA,IELBKAAFE,,Commercial,,All Territories,,,,,,,,,,,,,,,,,,,,IELBKAAFE,,,,kurochkin@expo-logistics.ru,,,,,,,,,,,,,,,0,,,,,,,,,,,,,,,,,,,,,,,,,,,,,,
MIMHXAFE,MIM-MUSICAL INSTRUMENT MUSEUM,Company,,USPHX,MIMHXAFE,,Commercial,,All Territories,,,,,,,,,,,,,,,,,,,,MIMHXAFE,,,,linda.kirsh@MIM.org,,,,,,,,,,,,,,,0,,,,,,,,,,,,,,,,,,,,,,,,,,,,,,
PAXPUSAFE,"PAX SOLUTION CO., LTD.",Company,,KRPUS,PAXPUSAFE,,Commercial,,All Territories,,,,,,,,,,,,,,,,,,,,PAXPUSAFE,,,+82269253839,wendy@paxsolution.co.kr,,,,,,,,,,,,,,,0,,,,,,,,,,,,,,,,,,,,,,,,,,,,,,
MITELEAFE,MITSUBISHI ELECTRIC CORPORATION,Company,,JPTYO,MITELEAFE,,Commercial,,All Territories,,,,,,,,,,,,,,,,,,,,MITELEAFE,,,,,,,,,,,,,,,,,,,0,,,,,,,,,,,,,,,,,,,,,,,,,,,,,,
DRELOGANT,DREWES LOGISTICS BV,Company,,BEANT,DRELOGANT,,Commercial,,All Territories,,,,,,,,,,,,,,,,,,,,DRELOGANT,,,,Sylke.Lenders@drewes-group.com,,,,,,,,,,,,,,,0,,,,,,,,,,,,,,,,,,,,,,,,,,,,,,
FRELOGAMS,FREGAT LOGISTICS BV,Company,,NLAMS,FRELOGAMS,,Commercial,,All Territories,,,,,,,,,,,,,,,,,,,,FRELOGAMS,,,,,,,,,,,,,,,,,,,0,,,,,,,,,,,,,,,,,,,,,,,,,,,,,,
CHALOGAFE,"CHATTA LOGISTICS CO.,LTD.",Company,,THBKK,CHALOGAFE,,Commercial,,All Territories,,,,,,,,,,,,,,,,,,,,CHALOGAFE,,,+66828944742,jenjira.k@chattalogistics.com,,,,,,,,,,,,,,,0,,,,,,,,,,,,,,,,,,,,,,,,,,,,,,
SHIZHEAFE,"SHINING 3D TECH CO., LTD.",Company,,CNZHE,SHIZHEAFE,,Commercial,,All Territories,,,,,,,,,,,,,,,,,,,,SHIZHEAFE,,,,,,,,,,,,,,,,,,,0,,,,,,,,,,,,,,,,,,,,,,,,,,,,,,
LUMLIGCAN,"LUMBENCY LIGHTING(GZ)CO.,LTD",Company,,CNGGZ,LUMLIGCAN,,Commercial,,All Territories,,,,,,,,,,,,,,,,,,,,LUMLIGCAN,,,,,,,,,,,,,,,,,,,0,,,,,,,,,,,,,,,,,,,,,,,,,,,,,,
MIRSELAFE,MIRIM EXHIBITIONS & FAIRS,Company,,KRSEL,MIRSELAFE,,Commercial,,All Territories,,,,,,,,,,,,,,,,,,,,MIRSELAFE,,,+821092826879,amy@mirimenf.com,,,,,,,,,,,,,,,0,,,,,,,,,,,,,,,,,,,,,,,,,,,,,,
TRANETWKZ,"TRANSFORMERS NETWORK, INC.",Company,,USWKZ,TRANETWKZ,,Commercial,,All Territories,,,,,,,,,,,,,,,,,,,,TRANETWKZ,,,,usimdoc@tnetworkinc.com,,,,,,,,,,,,,,,0,,,,,,,,,,,,,,,,,,,,,,,,,,,,,,
SIMLEARLM,"SIMPLE LEAF, INC.",Company,,USRLM,SIMLEARLM,,Commercial,,All Territories,,,,,,,,,,,,,,,,,,,,SIMLEARLM,,,,,,,,,,,,,,,,,,,0,,,,,,,,,,,,,,,,,,,,,,,,,,,,,,
FREDEFROI,FREIGHT DEFENSE SERVICES,Company,,FRROI,FREDEFROI,,Commercial,,All Territories,,,,,,,,,,,,,,,,,,,,FREDEFROI,,,+33787037955,,,,,,,,,,,,,,,,0,,,,,,,,,,,,,,,,,,,,,,,,,,,,,,
GUATEXGUT,GUANGDONG TEXTILES IMPORT & EXPORT COTTON,Company,,CNGUT,GUATEXGUT,,Commercial,,All Territories,,,,,,,,,,,,,,,,,,,,GUATEXGUT,,,,,,,,,,,,,,,,,,,0,,,,,,,,,,,,,,,,,,,,,,,,,,,,,,
LXPANTVLC,LX PANTOS SPAIN SLU,Company,,ESVLC,LXPANTVLC,,Commercial,,All Territories,,,,,,,,,,,,,,,,,,,,LXPANTVLC,,,,,,,,,,,,,,,,,,,0,,,,,,,,,,,,,,,,,,,,,,,,,,,,,,
XINCGOAFE,"XINXIANG HEXIE FEED MACHINERY MANUFACTURING CO., LTD.",Company,,CNZGZ,XINCGOAFE,,Commercial,,All Territories,,,,,,,,,,,,,,,,,www.hxfeedmill.com,,,XINCGOAFE,,,,sales05@hexiegroup.com,,,,,,,,,,,,,,,0,,,,,,,,,,,,,,,,,,,,,,,,,,,,,,
SHEDTWSZX,"SHENZHEN DTW INTERNATIONAL TRANSPORTATION CO., LTD.",Company,,CNSNZ,SHEDTWSZX,,Commercial,,All Territories,,,,,,,,,,,,,,,,,,,,SHEDTWSZX,,,+8613480937706,,,,,,,,,,,,,,,,0,,,,,,,,,,,,,,,,,,,,,,,,,,,,,,
POLKORAFE,"POL KOREA CO., LTD.",Company,,KRICN,POLKORAFE,,Commercial,,All Territories,,,,,,,,,,,,,,,,,,,,POLKORAFE,,,,billy@polkorea.co.kr,,,,,,,,,,,,,,,0,,,,,,,,,,,,,,,,,,,,,,,,,,,,,,
FOPSHIMXP,FOPPIANI SHIPPING & LOGISTICS SRL,Company,,ITMXP,FOPSHIMXP,,Commercial,,All Territories,,,,,,,,,,,,,,,,,,,,FOPSHIMXP,,,,,,,,,,,,,,,,,,,0,,,,,,,,,,,,,,,,,,,,,,,,,,,,,,
GENNOLMIL,GENERAL NOLI SPEDIZIONI INTERNAZIONALI SPA MILANO,Company,,ITMIL,GENNOLMIL,,Commercial,,All Territories,,,,,,,,,,,,,,,,,,,,GENNOLMIL,,,,,,,,,,,,,,,,,,,0,,,,,,,,,,,,,,,,,,,,,,,,,,,,,,
GPRRESMLE,GPR RESOURCES PRIVATE LIMITED,Company,,MVMLE,GPRRESMLE,,Commercial,,All Territories,,,,,,,,,,,,,,,,,,,,GPRRESMLE,,,,,,,,,,,,,,,,,,,0,,,,,,,,,,,,,,,,,,,,,,,,,,,,,,
PHOINTXMN,PHOENIX INTERNATIONAL FREIGHT SERVICES INC. XIAMEN BRANCH,Company,,CNXMN,PHOINTXMN,,Commercial,,All Territories,,,,,,,,,,,,,,,,,,,,PHOINTXMN,,,,,,,,,,,,,,,,,,,0,,,,,,,,,,,,,,,,,,,,,,,,,,,,,,
SOULOGPAC,SOURCING & LOGISTICS,Company,,PAPTY,SOULOGPAC,,Commercial,,All Territories,,,,,,,,,,,,,,,,,,,,SOULOGPAC,,,,,,,,,,,,,,,,,,,0,,,,,,,,,,,,,,,,,,,,,,,,,,,,,,
COTOPASLC,COTOPAXI,Company,,USSLC,COTOPASLC,,Commercial,,All Territories,,,,,,,,,,,,,,,,,,,,COTOPASLC,,,,,,,,,,,,,,,,,,,0,,,,,,,,,,,,,,,,,,,,,,,,,,,,,,
YEDISTAFE,YEDITEPE,Company,,TRIST,YEDISTAFE,,Commercial,,All Territories,,,,,,,,,,,,,,,,,,,,YEDISTAFE,,,,meltem.demirer@yeditepecargo.com,,,,,,,,,,,,,,,0,,,,,,,,,,,,,,,,,,,,,,,,,,,,,,
GLOTRAALA,GLOBALINK TRANSPORTATION AND LOGISTICS WORLDWIDE,Company,,KZALA,GLOTRAALA,,Commercial,,All Territories,,,,,,,,,,,,,,,,,,,,GLOTRAALA,,,,n.zhigaltsova@globalinkllc.com,,,,,,,,,,,,,,,0,,,,,,,,,,,,,,,,,,,,,,,,,,,,,,
SANOHKHKG,SANOTACT (HK) LIMITED,Company,,HKHKG,SANOHKHKG,,Commercial,,All Territories,,,,,,,,,,,,,,,,,,,,SANOHKHKG,,,,,,,,,,,,,,,,,,,0,,,,,,,,,,,,,,,,,,,,,,,,,,,,,,
VALAMSAFE,VALVERDE B.V.,Company,,NLAMS,VALAMSAFE,,Commercial,,All Territories,,,,,,,,,,,,,,,,,,,,VALAMSAFE,,,,ronald@valverde.nl,,,,,,,,,,,,,,,0,,,,,,,,,,,,,,,,,,,,,,,,,,,,,,
HEXRFSAFE,HEXAGON RAGASCO AS,Company,,NORFS,HEXRFSAFE,,Commercial,,All Territories,,,,,,,,,,,,,,,,,,,,HEXRFSAFE,,,,,,,,,,,,,,,,,,,0,,,,,,,,,,,,,,,,,,,,,,,,,,,,,,
BODSZXAFE,BODA EXPRESS LOGISTICS SHENZHEN LTD.,Company,,CNSZX,BODSZXAFE,,Commercial,,All Territories,,,,,,,,,,,,,,,,,,,,BODSZXAFE,,,,wing.zhang@boda-express.com,,,,,,,,,,,,,,,0,,,,,,,,,,,,,,,,,,,,,,,,,,,,,,
FAILOGAFE,FAIR LOGISTICS PVT LTD,Company,,INDEL,FAILOGAFE,,Commercial,,All Territories,,,,,,,,,,,,,,,,,,,,FAILOGAFE,,,+919911946833,Lawrence - Fair Logistics <ops@fairlogistic.com>,,,,,,,,,,,,,,,0,,,,,,,,,,,,,,,,,,,,,,,,,,,,,,
SHAFTZAFE,SHANGHAI FTZ INTERNATIONAL CULTURE INVESTMENT,Company,,CNSHA,SHAFTZAFE,,Commercial,,All Territories,,,,,,,,,,,,,,,,,,,,SHAFTZAFE,,,,chenhl@ftzart.com.cn,,,,,,,,,,,,,,,0,,,,,,,,,,,,,,,,,,,,,,,,,,,,,,
GLODISIAH,GLOBAL DISTRIBUTION AND LOGISTICS LLC,Company,,USHOU,GLODISIAH,,Commercial,,All Territories,,,,,,,,,,,,,,,,,,,,GLODISIAH,,,,,,,,,,,,,,,,,,,0,,,,,,,,,,,,,,,,,,,,,,,,,,,,,,
CURREYATL,CURREY AND COMPANY,Company,,USATL,CURREYATL,,Commercial,,All Territories,,,,,,,,,,,,,,,,,,,,CURREYATL,,,,,,,,,,,,,,,,,,,0,,,,,,,,,,,,,,,,,,,,,,,,,,,,,,
SFTGONLEH,S.F.T. GONDRAND FRERES,Company,,FRLEH,SFTGONLEH,,Commercial,,All Territories,,,,,,,,,,,,,,,,,,,,SFTGONLEH,,,,,,,,,,,,,,,,,,,0,,,,,,,,,,,,,,,,,,,,,,,,,,,,,,
MAGLOGTPE,"MAGICAL LOGISTIC CO., LTD.",Company,,TWTPE,MAGLOGTPE,,Commercial,,All Territories,,,,,,,,,,,,,,,,,,,,MAGLOGTPE,,,+886910939213,inp-op002@magicallogistic.com,,,,,,,,,,,,,,,0,,,,,,,,,,,,,,,,,,,,,,,,,,,,,,
STOSSEAFE,STOS INC.,Company,,KRSEL,STOSSEAFE,,Commercial,,All Territories,,,,,,,,,,,,,,,,,,,,STOSSEAFE,,,+821040565968,jake@stos.co.kr,,,,,,,,,,,,,,,0,,,,,,,,,,,,,,,,,,,,,,,,,,,,,,
CANDENBRV,CANDULOR DENTAL GMBH,Company,,DEBRV,CANDENBRV,,Commercial,,All Territories,,,,,,,,,,,,,,,,,,,,CANDENBRV,,,,,,,,,,,,,,,,,,,0,,,,,,,,,,,,,,,,,,,,,,,,,,,,,,
3FFASTBEY,3F FAST FREIGHT FORWARDERS S.A.R.L,Company,,LBBEY,3FFASTBEY,,Commercial,,All Territories,,,,,,,,,,,,,,,,,,,,3FFASTBEY,,,,ali.youssef@3fleb.com,,,,,,,,,,,,,,,0,,,,,,,,,,,,,,,,,,,,,,,,,,,,,,
MAKINTAFE,"MAKE INTERNATIONAL LOGISTICS (XIAMEN) CO.,LTD.",Company,,CNXMN,MAKINTAFE,,Commercial,,All Territories,,,,,,,,,,,,,,,,,www.make-logistics.cn,,,MAKINTAFE,,,,mandy@make-logistics.cn,,,,,,,,,,,,,,,0,,,,,,,,,,,,,,,,,,,,,,,,,,,,,,
FTLOGI,FT LOGISTICS CORPORATION,Company,,VNSGN,FTLOGI,,Commercial,,All Territories,,,,,,,,,,,,,,,,,,,,FTLOGI,,,,,,,,,,,,,,,,,,,0,,,,,,,,,,,,,,,,,,,,,,,,,,,,,,
JAPTOYAFE,JAPAN TOYOMOTO TIRE CORP.,Company,,CNBJS,JAPTOYAFE,,Commercial,,All Territories,,,,,,,,,,,,,,,,,www.tirebot.cc,,,JAPTOYAFE,,,+8613540731376,Oliverwang@tirebot.cc,,,,,,,,,,,,,,,0,,,,,,,,,,,,,,,,,,,,,,,,,,,,,,
SHEAZISZX,"SHENZHEN A&Z INTERNATIONAL LOGISTICS CO., LTD",Company,,CNSNZ,SHEAZISZX,,Commercial,,All Territories,,,,,,,,,,,,,,,,,,,,SHEAZISZX,,,,LINDA@SZAZLOGISTICS.COM,,,,,,,,,,,,,,,0,,,,,,,,,,,,,,,,,,,,,,,,,,,,,,
TRANSAOSL,TRANSASECO AS,Company,,NOOSL,TRANSAOSL,,Commercial,,All Territories,,,,,,,,,,,,,,,,,,,,TRANSAOSL,,,,,,,,,,,,,,,,,,,0,,,,,,,,,,,,,,,,,,,,,,,,,,,,,,
MERDRUTAD,MERCURY DRUGS AND HOSPITAL SUPPLIES,Company,,USTAD,MERDRUTAD,,Commercial,,All Territories,,,,,,,,,,,,,,,,,,,,MERDRUTAD,,,,,,,,,,,,,,,,,,,0,,,,,,,,,,,,,,,,,,,,,,,,,,,,,,
BELLDALCH,"BELLDAS CO., LTD",Company,,THLCH,BELLDALCH,,Commercial,,All Territories,,,,,,,,,,,,,,,,,,,,BELLDALCH,,,,,,,,,,,,,,,,,,,0,,,,,,,,,,,,,,,,,,,,,,,,,,,,,,
GUANGAFOS,GUANGAING FOSHAN PACKAGING IMP EXP CO LT,Company,,CNFOS,GUANGAFOS,,Commercial,,All Territories,,,,,,,,,,,,,,,,,,,,GUANGAFOS,,,,,,,,,,,,,,,,,,,0,,,,,,,,,,,,,,,,,,,,,,,,,,,,,,
SMKTZE2,SMKT INC,Company,,USZE2,SMKTZE2,,Commercial,,All Territories,,,,,,,,,,,,,,,,,,,,SMKTZE2,,,,,,,,,,,,,,,,,,,0,,,,,,,,,,,,,,,,,,,,,,,,,,,,,,
EGFINTSZX,"EGF INTERNATIONAL (CHINA) CO., LTD.",Company,,CNSNZ,EGFINTSZX,,Commercial,,All Territories,,,,,,,,,,,,,,,,,,,,EGFINTSZX,,,,,,,,,,,,,,,,,,,0,,,,,,,,,,,,,,,,,,,,,,,,,,,,,,
CHROBIPER,CH ROBINSON,Company,,AUPER,CHROBIPER,,Commercial,,All Territories,,,,,,,,,,,,,,,,,,,,CHROBIPER,,,,,,,,,,,,,,,,,,,0,,,,,,,,,,,,,,,,,,,,,,,,,,,,,,
SMPBOMAFE,SMPP PVT LTD,Company,,INBOM,SMPBOMAFE,,Commercial,,All Territories,,,,,,,,,,,,,,,,,,,,SMPBOMAFE,,,+639175523429,,,,,,,,,,,,,,,,0,,,,,,,,,,,,,,,,,,,,,,,,,,,,,,
MARCHRSYD,MARIA CHRISTINA GEMA ROXAS,Company,,AUSYD,MARCHRSYD,,Commercial,,All Territories,,,,,,,,,,,,,,,,,,,,MARCHRSYD,,,,,,,,,,,,,,,,,,,0,,,,,,,,,,,,,,,,,,,,,,,,,,,,,,
PRIFRELHR,PRIORITY FREIGHT LHR LIMITED,Company,,GBLHR,PRIFRELHR,,Commercial,,All Territories,,,,,,,,,,,,,,,,,,,,PRIFRELHR,,,,,,,,,,,,,,,,,,,0,,,,,,,,,,,,,,,,,,,,,,,,,,,,,,
COLWNPAFE,COLE INTERNATIONAL,Company,,CAWNP,COLWNPAFE,,Commercial,,All Territories,,,,,,,,,,,,,,,,,,,,COLWNPAFE,,,+12042981066,suad.miljkovic@cole.ca,,,,,,,,,,,,,,,0,,,,,,,,,,,,,,,,,,,,,,,,,,,,,,
SINAIRPDG,"SINOTRANS AIR TRANSPORTATION DEV'T. CO., LTD.",Company,,CNPDG,SINAIRPDG,,Commercial,,All Territories,,,,,,,,,,,,,,,,,,,,SINAIRPDG,,,,,,,,,,,,,,,,,,,0,,,,,,,,,,,,,,,,,,,,,,,,,,,,,,
EURSASNTE,EURIAL SAS,Company,,FRNTE,EURSASNTE,,Commercial,,All Territories,,,,,,,,,,,,,,,,,,,,EURSASNTE,,,,,,,,,,,,,,,,,,,0,,,,,,,,,,,,,,,,,,,,,,,,,,,,,,
BENTRACPH,BENDIX TRANSPORT DENMARK A/S,Company,,DKCPH,BENTRACPH,,Commercial,,All Territories,,,,,,,,,,,,,,,,,,,,BENTRACPH,,,+4528454479,te@bendixtransport.dk,,,,,,,,,,,,,,,0,,,,,,,,,,,,,,,,,,,,,,,,,,,,,,
ICLISRTLV,ICL-ISRAEL CARGO LOGISTICS LTD,Company,,ILTLV,ICLISRTLV,,Commercial,,All Territories,,,,,,,,,,,,,,,,,,,,ICLISRTLV,,,+972524666262,dafna@show-time.co.il,,,,,,,,,,,,,,,0,,,,,,,,,,,,,,,,,,,,,,,,,,,,,,
BRICARGOA,BRIXIA CARGO,Company,,ITGOA,BRICARGOA,,Commercial,,All Territories,,,,,,,,,,,,,,,,,,,,BRICARGOA,,,,,,,,,,,,,,,,,,,0,,,,,,,,,,,,,,,,,,,,,,,,,,,,,,
GUAZHOSHK,GUANGDONG ZHONGLI FOOTWEAR CO. LTD.,Company,,CNSHK,GUAZHOSHK,,Commercial,,All Territories,,,,,,,,,,,,,,,,,,,,GUAZHOSHK,,,,,,,,,,,,,,,,,,,0,,,,,,,,,,,,,,,,,,,,,,,,,,,,,,
MILTRALJU,MILŠPED TRANSPORT IN LOGISTIKA D.O.O.,Company,,SILJU,MILTRALJU,,Commercial,,All Territories,,,,,,,,,,,,,,,,,,,,MILTRALJU,,,,,,,,,,,,,,,,,,,0,,,,,,,,,,,,,,,,,,,,,,,,,,,,,,
EXPFREMAA1,EXPO FREIGHT PRIVATE LIMITED (EFL GLOBAL – INDIA),Company,,INMAA,EXPFREMAA1,,Commercial,,All Territories,,,,,,,,,,,,,,,,,,,,EXPFREMAA1,,,,,,,,,,,,,,,,,,,0,,,,,,,,,,,,,,,,,,,,,,,,,,,,,,
ROYDUTAMS,ROYAL DUTCH KUSTERS,Company,,NLAMS,ROYDUTAMS,,Commercial,,All Territories,,,,,,,,,,,,,,,,,,,,ROYDUTAMS,,,,,,,,,,,,,,,,,,,0,,,,,,,,,,,,,,,,,,,,,,,,,,,,,,
YAZCHIJID,YAZAKI (CHINA) INVESTMENT CORPORATION,Company,,CNJID,YAZCHIJID,,Commercial,,All Territories,,,,,,,,,,,,,,,,,,,,YAZCHIJID,,,,,,,,,,,,,,,,,,,0,,,,,,,,,,,,,,,,,,,,,,,,,,,,,,
METVIHAFE,METRON VILSHOFEN GMBH,Company,,DEVIH,METVIHAFE,,Commercial,,All Territories,,,,,,,,,,,,,,,,,,,,METVIHAFE,,,,,,,,,,,,,,,,,,,0,,,,,,,,,,,,,,,,,,,,,,,,,,,,,,
IMPSUPSHA,IMPORTGOGO SUPPLY CHAIN MANAGEMENT (SHANGHAI) LIMITED,Company,,CNSHA,IMPSUPSHA,,Commercial,,All Territories,,,,,,,,,,,,,,,,,,,,IMPSUPSHA,,,,,,,,,,,,,,,,,,,0,,,,,,,,,,,,,,,,,,,,,,,,,,,,,,
ELECOMSEK,ELECTRICAL COMPONENTS SDN BHD,Company,,MYSEK,ELECOMSEK,,Commercial,,All Territories,,,,,,,,,,,,,,,,,,,,ELECOMSEK,,,,,,,,,,,,,,,,,,,0,,,,,,,,,,,,,,,,,,,,,,,,,,,,,,
CURCHIHKG,CURREY CHINA LTD,Company,,HKHKG,CURCHIHKG,,Commercial,,All Territories,,,,,,,,,,,,,,,,,,,,CURCHIHKG,,,,,,,,,,,,,,,,,,,0,,,,,,,,,,,,,,,,,,,,,,,,,,,,,,
ZINOQUSHA,ZINOR QU LIMITED,Company,,CNSHA,ZINOQUSHA,,Commercial,,All Territories,,,,,,,,,,,,,,,,,,,,ZINOQUSHA,,,+86 (852) 6051-3519,f.yang@zinorqu.com,,,,,,,,,,,,,,,0,,,,,,,,,,,,,,,,,,,,,,,,,,,,,,
CESUBRAFE,CESKA ZBRO JOVKA A.S,Company,,CZUBR,CESUBRAFE,,Commercial,,All Territories,,,,,,,,,,,,,,,,,,,,CESUBRAFE,,,,,,,,,,,,,,,,,,,0,,,,,,,,,,,,,,,,,,,,,,,,,,,,,,
ASCGLOATL,ASCENT GLOBAL LOGISTICS,Company,,USATL,ASCGLOATL,,Commercial,,All Territories,,,,,,,,,,,,,,,,,,,,ASCGLOATL,,,,,,,,,,,,,,,,,,,0,,,,,,,,,,,,,,,,,,,,,,,,,,,,,,
DELINTSHA,DELMAR INTERNATIONAL (CHINA) INC,Company,,CNSHA,DELINTSHA,,Commercial,,All Territories,,,,,,,,,,,,,,,,,,,,DELINTSHA,,,,,,,,,,,,,,,,,,,0,,,,,,,,,,,,,,,,,,,,,,,,,,,,,,
LEIPUMHAM1,LEISTRITZ PUMPEN GMBH,Company,,DEHAM,LEIPUMHAM1,,Commercial,,All Territories,,,,,,,,,,,,,,,,,,,,LEIPUMHAM1,,,,,,,,,,,,,,,,,,,0,,,,,,,,,,,,,,,,,,,,,,,,,,,,,,
MEXTILLGB,MEXI-TILE INC.,Company,,USLGB,MEXTILLGB,,Commercial,,All Territories,,,,,,,,,,,,,,,,,,,,MEXTILLGB,,,,,,,,,,,,,,,,,,,0,,,,,,,,,,,,,,,,,,,,,,,,,,,,,,
NBOSINAFE,N-BOX SHIPPING (S) PTE LTD,Company,,SGSIN,NBOSINAFE,,Commercial,,All Territories,,,,,,,,,,,,,,,,,www.nboxshipping.com,,,NBOSINAFE,,,,inson.tan@nboxline.com.sg,,,,,,,,,,,,,,,0,,,,,,,,,,,,,,,,,,,,,,,,,,,,,,
XIACOMAFE,"XIAMEN COMACCORD LOGISTICS CO.,LTD.",Company,,CNXIA,XIACOMAFE,,Commercial,,All Territories,,,,,,,,,,,,,,,,,www.comaccord.cn,,,XIACOMAFE,,,+8618965128931,cimi@comaccord.cn,,,,,,,,,,,,,,,0,,,,,,,,,,,,,,,,,,,,,,,,,,,,,,
ASGLOGLAX,ASGARD LOGISTICS LTD,Company,,USLAX,ASGLOGLAX,,Commercial,,All Territories,,,,,,,,,,,,,,,,,,,,ASGLOGLAX,,,+375293209809,fedor@aed.by,,,,,,,,,,,,,,,0,,,,,,,,,,,,,,,,,,,,,,,,,,,,,,
ADVPRGAFE,ADVANCED AIRSEA S.R.O,Company,,CZPRG,ADVPRGAFE,,Commercial,,All Territories,,,,,,,,,,,,,,,,,www.advancedairsea.cz,,,ADVPRGAFE,,,+420734782759,vondras@airsea.cz,,,,,,,,,,,,,,,0,,,,,,,,,,,,,,,,,,,,,,,,,,,,,,
ACSVIEAFE,ACS LOGISTICS GMBH & CO KG,Company,,ATVIE,ACSVIEAFE,,Commercial,,All Territories,,,,,,,,,,,,,,,,,,,,ACSVIEAFE,,,+43676848715772,tamara.reichardt@acslogistics.at,,,,,,,,,,,,,,,0,,,,,,,,,,,,,,,,,,,,,,,,,,,,,,
MASLAXAFE,MAST UNITED INC.,Company,,USLAX,MASLAXAFE,,Commercial,,All Territories,,,,,,,,,,,,,,,,,,,,MASLAXAFE,,,,,,,,,,,,,,,,,,,0,,,,,,,,,,,,,,,,,,,,,,,,,,,,,,
ALIUSAPVG,ALISPED - USA (LAX BRANCH),Company,,CNPVG,ALIUSAPVG,,Commercial,,All Territories,,,,,,,,,,,,,,,,,,,,ALIUSAPVG,,,,,,,,,,,,,,,,,,,0,,,,,,,,,,,,,,,,,,,,,,,,,,,,,,
FUJOPTSHA,FUJIFILM OPTICS PHILIPPINES INC,Company,,CNSHA,FUJOPTSHA,,Commercial,,All Territories,,,,,,,,,,,,,,,,,,,,FUJOPTSHA,,,,,,,,,,,,,,,,,,,0,,,,,,,,,,,,,,,,,,,,,,,,,,,,,,
TRAFREJEA,TRANS FREIGHT LLC,Company,,AEJEA,TRAFREJEA,,Commercial,,All Territories,,,,,,,,,,,,,,,,,,,,TRAFREJEA,,,,accounts@transfreightdubai.com,,,,,,,,,,,,,,,0,,,,,,,,,,,,,,,,,,,,,,,,,,,,,,
MULCHIPVG,MULTIFREIGHT (CHINA) LTD.,Company,,CNPVG,MULCHIPVG,,Commercial,,All Territories,,,,,,,,,,,,,,,,,,,,MULCHIPVG,,,,mwei@multifreightchina.cn,,,,,,,,,,,,,,,0,,,,,,,,,,,,,,,,,,,,,,,,,,,,,,
HAGSHAAFE,HAGIHARA INDUSTRIES INC.,Company,,CNSHA,HAGSHAAFE,,Commercial,,All Territories,,,,,,,,,,,,,,,,,,,,HAGSHAAFE,,,,,,,,,,,,,,,,,,,0,,,,,,,,,,,,,,,,,,,,,,,,,,,,,,
IMMSPOAFE,IMMIX SPOL. S R.O.,Company,,CZPRG,IMMSPOAFE,,Commercial,,All Territories,,,,,,,,,,,,,,,,,,,,IMMSPOAFE,,,,brzobohata@immix.cz,,,,,,,,,,,,,,,0,,,,,,,,,,,,,,,,,,,,,,,,,,,,,,
MARMILSCK,MARIA MILAGROSA GABRIEL NINO,Company,,USSCK,MARMILSCK,,Commercial,,All Territories,,,,,,,,,,,,,,,,,,,,MARMILSCK,,,,,,,,,,,,,,,,,,,0,,,,,,,,,,,,,,,,,,,,,,,,,,,,,,
GLOLINBAH,GLOBAL LINE SERVICES W.L.L.,Company,,BHBAH,GLOLINBAH,,Commercial,,All Territories,,,,,,,,,,,,,,,,,,,,GLOLINBAH,,,+97336942945,shakeel@globallinebah.net,,,,,,,,,,,,,,,0,,,,,,,,,,,,,,,,,,,,,,,,,,,,,,
DELRAYJKT,PT DELTASINDO RAYA SEJAHTERA RUKO NIAGA ROXY MAS,Company,,IDJKT,DELRAYJKT,,Commercial,,All Territories,,,,,,,,,,,,,,,,,,,,DELRAYJKT,,,,,,,,,,,,,,,,,,,0,,,,,,,,,,,,,,,,,,,,,,,,,,,,,,
WOROPSAFE,WORLD EXHIBITION LOGISTICS (WEL),Company,,FROPS,WOROPSAFE,,Commercial,,All Territories,,,,,,,,,,,,,,,,,,,,WOROPSAFE,,,,anne-claire.galland@wel.fr,,,,,,,,,,,,,,,0,,,,,,,,,,,,,,,,,,,,,,,,,,,,,,
OCLINEASH,O.C. LINES ISRAEL,Company,,ILASH,OCLINEASH,,Commercial,,All Territories,,,,,,,,,,,,,,,,,,,,OCLINEASH,,,+972522532805,eliyahu@oroc.co.il,,,,,,,,,,,,,,,0,,,,,,,,,,,,,,,,,,,,,,,,,,,,,,
JAYALBMNL,JAYSON ALBELDA,Company,,PHMNL,JAYALBMNL,,Commercial,,All Territories,,,,,,,,,,,,,,,,,,,,JAYALBMNL,,,+639266804792,,,,,,,,,,,,,,,,0,,,,,,,,,,,,,,,,,,,,,,,,,,,,,,
TRANSFANT,TRANSFREIGHT AG,Company,,BEANT,TRANSFANT,,Commercial,,All Territories,,,,,,,,,,,,,,,,,,,,TRANSFANT,,,,,,,,,,,,,,,,,,,0,,,,,,,,,,,,,,,,,,,,,,,,,,,,,,
AERAFRJNB,AERO AFRICA INTERNATIONAL (PTY) LTD.,Company,,ZAJNB,AERAFRJNB,,Commercial,,All Territories,,,,,,,,,,,,,,,,,www.aero-africa.com,,,AERAFRJNB,,,,kobus@aero-africa.com,,,,,,,,,,,,,,,0,,,,,,,,,,,,,,,,,,,,,,,,,,,,,,
LIGLOGSHJ,LIGI LOGISTICS FZE,Company,,AESHJ,LIGLOGSHJ,,Commercial,,All Territories,,,,,,,,,,,,,,,,,,,,LIGLOGSHJ,,,,,,,,,,,,,,,,,,,0,,,,,,,,,,,,,,,,,,,,,,,,,,,,,,
NOALOGSHA1,NOATUM LOGISTICS (SHANGHAI) LTD. SUZHOU OFFICE,Company,,CNSHA,NOALOGSHA1,,Commercial,,All Territories,,,,,,,,,,,,,,,,,,,,NOALOGSHA1,,,,,,,,,,,,,,,,,,,0,,,,,,,,,,,,,,,,,,,,,,,,,,,,,,
OYHACKES2,OY HACKLIN LOGISTICS LTD.,Company,,FIES2,OYHACKES2,,Commercial,,All Territories,,,,,,,,,,,,,,,,,,,,OYHACKES2,,,,,,,,,,,,,,,,,,,0,,,,,,,,,,,,,,,,,,,,,,,,,,,,,,
HEXBKKAFE,HEXAGON METROLOGY (THAILAND) LTD.,Company,,THBKK,HEXBKKAFE,,Commercial,,All Territories,,,,,,,,,,,,,,,,,,,,HEXBKKAFE,,,+6623613699,rodel.lorenzo@hexagon.com,,,,,,,,,,,,,,,0,,,,,,,,,,,,,,,,,,,,,,,,,,,,,,
BOXUNIBGY,BOXLINE UNITED CARGO LINK S.R.L.,Company,,ITBGO,BOXUNIBGY,,Commercial,,All Territories,,,,,,,,,,,,,,,,,,,,BOXUNIBGY,,,+393472717078,elena.morandin@boxlineucl.it,,,,,,,,,,,,,,,0,,,,,,,,,,,,,,,,,,,,,,,,,,,,,,
ESCSTAVLC,ESCALATION STATUS	ESCALATION DATE	YEAR	MONTH	ACTUAL CLOSURE DATE	TASK DUE	DEPARTURE PORT	DOC TYPE	CL,Company,,ESVLC,ESCSTAVLC,,Commercial,,All Territories,,,,,,,,,,,,,,,,,,,,ESCSTAVLC,,,,,,,,,,,,,,,,,,,0,,,,,,,,,,,,,,,,,,,,,,,,,,,,,,
EGELEHAFE,EGETRA,Company,,FRLEH,EGELEHAFE,,Commercial,,All Territories,,,,,,,,,,,,,,,,,,,,EGELEHAFE,,,,,,,,,,,,,,,,,,,0,,,,,,,,,,,,,,,,,,,,,,,,,,,,,,
RERBOMAFE,R. E. ROGERS INDIA PVT. LTD.,Company,,INBOM,RERBOMAFE,,Commercial,,All Territories,,,,,,,,,,,,,,,,,,,,RERBOMAFE,,,+919167265286,sachin@rogersworldwideindia.com,,,,,,,,,,,,,,,0,,,,,,,,,,,,,,,,,,,,,,,,,,,,,,
IMPFRAVSS,IMPECO FRANCE,Company,,FRVSS,IMPFRAVSS,,Commercial,,All Territories,,,,,,,,,,,,,,,,,,,,IMPFRAVSS,,,,,,,,,,,,,,,,,,,0,,,,,,,,,,,,,,,,,,,,,,,,,,,,,,
TSTSINAFE,TST SHIPPING PTE LTD,Company,,SGSIN,TSTSINAFE,,Commercial,,All Territories,,,,,,,,,,,,,,,,,,,,TSTSINAFE,,,+6597824530,trendy.lim@tst-shipping.com,,,,,,,,,,,,,,,0,,,,,,,,,,,,,,,,,,,,,,,,,,,,,,
BALFREKLJ,BALTIC FREIGHT SERVICES UAB,Company,,LTKLJ,BALFREKLJ,,Commercial,,All Territories,,,,,,,,,,,,,,,,,,,,BALFREKLJ,,,,,,,,,,,,,,,,,,,0,,,,,,,,,,,,,,,,,,,,,,,,,,,,,,
BOLCDGAFE,BOLLORE LOGISTICS FRANCE (FAIRS & EVENTS),Company,,FRCDG,BOLCDGAFE,,Commercial,,All Territories,,,,,,,,,,,,,,,,,,,,BOLCDGAFE,,,,anne.morancy@bollore.com,,,,,,,,,,,,,,,0,,,,,,,,,,,,,,,,,,,,,,,,,,,,,,
TRASHISWK,TRANSCONTINENTAL SHIPPING SERVICES CO. W.L.L,Company,,KWSWK,TRASHISWK,,Commercial,,All Territories,,,,,,,,,,,,,,,,,,,,TRASHISWK,,,,,,,,,,,,,,,,,,,0,,,,,,,,,,,,,,,,,,,,,,,,,,,,,,
SENINTHAJ,SENATOR INTERNATIONAL SPEDITION GMBH,Company,,DEHAJ,SENINTHAJ,,Commercial,,All Territories,,,,,,,,,,,,,,,,,,,,SENINTHAJ,,,,,,,,,,,,,,,,,,,0,,,,,,,,,,,,,,,,,,,,,,,,,,,,,,
PINTXGAFE,"PINTAI MACHINERY CO., LTD.",Company,,TWTXG,PINTXGAFE,,Commercial,,All Territories,,,,,,,,,,,,,,,,,,,,PINTXGAFE,,,,info@pintai-tw.com,,,,,,,,,,,,,,,0,,,,,,,,,,,,,,,,,,,,,,,,,,,,,,
SENINTMAN1,SENATOR INTERNATIONAL FREIGHT FORWARDING LTD.,Company,,GBMNC,SENINTMAN1,,Commercial,,All Territories,,,,,,,,,,,,,,,,,,,,SENINTMAN1,,,,,,,,,,,,,,,,,,,0,,,,,,,,,,,,,,,,,,,,,,,,,,,,,,
CENOCESIN,CENTRAL OCEANS SINGAPORE SHIPPING & TRADING PTE LTD.,Company,,SGSIN,CENOCESIN,,Commercial,,All Territories,,,,,,,,,,,,,,,,,,,,CENOCESIN,,,,marriena.rakib@centraloceans.com,,,,,,,,,,,,,,,0,,,,,,,,,,,,,,,,,,,,,,,,,,,,,,
TRANSWAFE,TRANSWORLD,Company,,ILHFA,TRANSWAFE,,Commercial,,All Territories,,,,,,,,,,,,,,,,,,,,TRANSWAFE,,,,timur.martsifei@transworld.co.il,,,,,,,,,,,,,,,0,,,,,,,,,,,,,,,,,,,,,,,,,,,,,,
CONFASHKG,CONQUEST FASHIONS MFG. LTD.,Company,,HKHKG,CONFASHKG,,Commercial,,All Territories,,,,,,,,,,,,,,,,,,,,CONFASHKG,,,,,,,,,,,,,,,,,,,0,,,,,,,,,,,,,,,,,,,,,,,,,,,,,,
INTASIMAC,INTERBLOCK ASIA PACIFIC PTY LTD.,Company,,CNMAC,INTASIMAC,,Commercial,,All Territories,,,,,,,,,,,,,,,,,,,,INTASIMAC,,,,,,,,,,,,,,,,,,,0,,,,,,,,,,,,,,,,,,,,,,,,,,,,,,
FLEASIHKG,FLEXPORT ASIA LIMITED,Company,,HKHKG,FLEASIHKG,,Commercial,,All Territories,,,,,,,,,,,,,,,,,,,,FLEASIHKG,,,,,,,,,,,,,,,,,,,0,,,,,,,,,,,,,,,,,,,,,,,,,,,,,,
AMEINTNAH,"AMERICAYA INTERNATIONAL , LTD. (AIL)",Company,,JPNAH,AMEINTNAH,,Commercial,,All Territories,,,,,,,,,,,,,,,,,,,,AMEINTNAH,,,,,,,,,,,,,,,,,,,0,,,,,,,,,,,,,,,,,,,,,,,,,,,,,,
ALPHATSIN,ALPHATRANS PTE LTD,Company,,SGSIN,ALPHATSIN,,Commercial,,All Territories,,,,,,,,,,,,,,,,,www.alphatrans.com.sg,,,ALPHATSIN,,,,chow@alphatrans.com.sg,,,,,,,,,,,,,,,0,,,,,,,,,,,,,,,,,,,,,,,,,,,,,,
EDGWORMAN,EDGE WORLDWIDE LOGISTICS LIMITED,Company,,GBMNC,EDGWORMAN,,Commercial,,All Territories,,,,,,,,,,,,,,,,,,,,EDGWORMAN,,,,,,,,,,,,,,,,,,,0,,,,,,,,,,,,,,,,,,,,,,,,,,,,,,
SHIJOLPUS,"SHIN-JO LOGITECH CO.,LTD",Company,,KRPUS,SHIJOLPUS,,Commercial,,All Territories,,,,,,,,,,,,,,,,,,,,SHIJOLPUS,,,,,,,,,,,,,,,,,,,0,,,,,,,,,,,,,,,,,,,,,,,,,,,,,,
ALITHABKK,"ALISPED (THAILAND) CO., LTD",Company,,THBKK,ALITHABKK,,Commercial,,All Territories,,,,,,,,,,,,,,,,,,,,ALITHABKK,,,,,,,,,,,,,,,,,,,0,,,,,,,,,,,,,,,,,,,,,,,,,,,,,,
GONLEHFOS,GONDRAND LE HAVRE,Company,,FRFOS,GONLEHFOS,,Commercial,,All Territories,,,,,,,,,,,,,,,,,,,,GONLEHFOS,,,,,,,,,,,,,,,,,,,0,,,,,,,,,,,,,,,,,,,,,,,,,,,,,,
ROGBKKAFE,"ROGERS BANGKOK CO., LTD.",Company,,THBKK,ROGBKKAFE,,Commercial,,All Territories,,,,,,,,,,,,,,,,,,,,ROGBKKAFE,,,,,,,,,,,,,,,,,,,0,,,,,,,,,,,,,,,,,,,,,,,,,,,,,,
SUNINTSHK,SUNRISE INT'L LOGISTICS LIMITED,Company,,CNSHK,SUNINTSHK,,Commercial,,All Territories,,,,,,,,,,,,,,,,,,,,SUNINTSHK,,,,,,,,,,,,,,,,,,,0,,,,,,,,,,,,,,,,,,,,,,,,,,,,,,
TETANUAFE,PT. TETUKO ANUGERAH NUSANTARA,Company,,IDJKT,TETANUAFE,,Commercial,,All Territories,,,,,,,,,,,,,,,,,www.tanlogistic.com,,,TETANUAFE,,,,ops@tanlogistic.com,,,,,,,,,,,,,,,0,,,,,,,,,,,,,,,,,,,,,,,,,,,,,,
IFEAERLON,IFE AEROSPACE,Company,,GBLON,IFEAERLON,,Commercial,,All Territories,,,,,,,,,,,,,,,,,,,,IFEAERLON,,,,,,,,,,,,,,,,,,,0,,,,,,,,,,,,,,,,,,,,,,,,,,,,,,
TYRLOGWAS,TYR LOGISTICS,Company,,USWAS,TYRLOGWAS,,Commercial,,All Territories,,,,,,,,,,,,,,,,,,,,TYRLOGWAS,,,+971581359267,mtaylor@tyrlogistics.com,,,,,,,,,,,,,,,0,,,,,,,,,,,,,,,,,,,,,,,,,,,,,,
WORLINSGN,"WORLDWIDE LINK CO., LTD.",Company,,VNSGN,WORLINSGN,,Commercial,,All Territories,,,,,,,,,,,,,,,,,,,,WORLINSGN,,,,,,,,,,,,,,,,,,,0,,,,,,,,,,,,,,,,,,,,,,,,,,,,,,
NOALOGORF,NOATUM LOGISTICS,Company,,USORF,NOALOGORF,,Commercial,,All Territories,,,,,,,,,,,,,,,,,,,,NOALOGORF,,,,,,,,,,,,,,,,,,,0,,,,,,,,,,,,,,,,,,,,,,,,,,,,,,
BASOCCCEB,"BASIC OCCUPATIONAL SAFETY SUPPLIES PHILIPPINES, INC.",Company,,PHCEB,BASOCCCEB,,Commercial,,All Territories,,,,,,,,,,,,,,,,,,,,BASOCCCEB,,,,,,,,,,,,,,,,,,,0,,,,,,,,,,,,,,,,,,,,,,,,,,,,,,
SHEYOHAFE,"SHENZHEN YOHOO INTERNATIONAL LOGISTICS CO., LTD.",Company,,PHMNL,SHEYOHAFE,,Commercial,,All Territories,,,,,,,,,,,,,,,,,,,,SHEYOHAFE,,,,alicezhou@gmail.com,,,,,,,,,,,,,,,0,,,,,,,,,,,,,,,,,,,,,,,,,,,,,,
CENTRAMLE,CENTURION TRANSPORT SOLUTIONS,Company,,MVMLE,CENTRAMLE,,Commercial,,All Territories,,,,,,,,,,,,,,,,,,,,CENTRAMLE,,,,kashif.zaman@centuriontransport.com,,,,,,,,,,,,,,,0,,,,,,,,,,,,,,,,,,,,,,,,,,,,,,
TWIUJVAFE,TWI GROUP,Company,,USUJV,TWIUJVAFE,,Commercial,,All Territories,,,,,,,,,,,,,,,,,,,,TWIUJVAFE,,,+15169966237,SScaduto@twigroup.com,,,,,,,,,,,,,,,0,,,,,,,,,,,,,,,,,,,,,,,,,,,,,,
NUDISCVLC,NUDISCO S.L.,Company,,ESVLC,NUDISCVLC,,Commercial,,All Territories,,,,,,,,,,,,,,,,,,,,NUDISCVLC,,,,,,,,,,,,,,,,,,,0,,,,,,,,,,,,,,,,,,,,,,,,,,,,,,
GAJSINAFE,GAJAH GALLERY,Company,,SGSIN,GAJSINAFE,,Commercial,,All Territories,,,,,,,,,,,,,,,,,,,,GAJSINAFE,,,,nicole@gajahgallery.com,,,,,,,,,,,,,,,0,,,,,,,,,,,,,,,,,,,,,,,,,,,,,,
NISKOHNRT,NISICO KOHKI CO LTD,Company,,JPNRT,NISKOHNRT,,Commercial,,All Territories,,,,,,,,,,,,,,,,,,,,NISKOHNRT,,,,,,,,,,,,,,,,,,,0,,,,,,,,,,,,,,,,,,,,,,,,,,,,,,
ALFFORWAW,ALFA FORWARDING SP Z.O.O,Company,,PLWAW,ALFFORWAW,,Commercial,,All Territories,,,,,,,,,,,,,,,,,,,,ALFFORWAW,,,,,,,,,,,,,,,,,,,0,,,,,,,,,,,,,,,,,,,,,,,,,,,,,,
DSVSPAAFE,DSV SOLUTIONS SPAIN S.A.U.,Company,,ESMAD,DSVSPAAFE,,Commercial,,All Territories,,,,,,,,,,,,,,,,,,,,DSVSPAAFE,,,,eduard.mir.castella@dsv.com,,,,,,,,,,,,,,,0,,,,,,,,,,,,,,,,,,,,,,,,,,,,,,
PRIFREJFK,PRIMARY FREIGHT SERVICES INC.,Company,,USJFK,PRIFREJFK,,Commercial,,All Territories,,,,,,,,,,,,,,,,,,,,PRIFREJFK,,,,,,,,,,,,,,,,,,,0,,,,,,,,,,,,,,,,,,,,,,,,,,,,,,
PACINTSIN,PACIFIC INTEGRATED LOGISTICS PTE LTD,Company,,SGSIN,PACINTSIN,,Commercial,,All Territories,,,,,,,,,,,,,,,,,,,,PACINTSIN,,,,,,,,,,,,,,,,,,,0,,,,,,,,,,,,,,,,,,,,,,,,,,,,,,
FLEINTAMS,FLEXPORT INTERNATIONAL B.V,Company,,NLAMS,FLEINTAMS,,Commercial,,All Territories,,,,,,,,,,,,,,,,,,,,FLEINTAMS,,,,Arrivalnotices_eu@flexport.com,,,,,,,,,,,,,,,0,,,,,,,,,,,,,,,,,,,,,,,,,,,,,,
SHILOGIAH,SHIPPING LOGISTICS,Company,,USHOU,SHILOGIAH,,Commercial,,All Territories,,,,,,,,,,,,,,,,,,,,SHILOGIAH,,,,,,,,,,,,,,,,,,,0,,,,,,,,,,,,,,,,,,,,,,,,,,,,,,
PHONTIW,"PHOENIX INTERNATIONAL FREIGHT SERVICES, INC",Company,,USTIW,PHONTIW,,Commercial,,All Territories,,,,,,,,,,,,,,,,,,,,PHONTIW,,,,IMPDOCUS@PHOENIXINTLINC.COM,,,,,,,,,,,,,,,0,,,,,,,,,,,,,,,,,,,,,,,,,,,,,,
NSTAPPSIN,NST APPAREL (SG) PTE. LTD,Company,,SGSIN,NSTAPPSIN,,Commercial,,All Territories,,,,,,,,,,,,,,,,,,,,NSTAPPSIN,,,,,,,,,,,,,,,,,,,0,,,,,,,,,,,,,,,,,,,,,,,,,,,,,,
CECVERLAX,CECILLE VERBO-MALLARE,Company,,USLAX,CECVERLAX,,Commercial,,All Territories,,,,,,,,,,,,,,,,,,,,CECVERLAX,,,,,,,,,,,,,,,,,,,0,,,,,,,,,,,,,,,,,,,,,,,,,,,,,,
LOGPLUOIM,LOGISTICS PLUS JAPAN K.K.,Company,,JPOIM,LOGPLUOIM,,Commercial,,All Territories,,,,,,,,,,,,,,,,,,,,LOGPLUOIM,,,,,,,,,,,,,,,,,,,0,,,,,,,,,,,,,,,,,,,,,,,,,,,,,,
JNAFABHKG,JNA FABRIC LIMITED,Company,,HKHKG,JNAFABHKG,,Commercial,,All Territories,,,,,,,,,,,,,,,,,,,,JNAFABHKG,,,,,,,,,,,,,,,,,,,0,,,,,,,,,,,,,,,,,,,,,,,,,,,,,,
MOTLOGJED,MOTION LOGISTICS SERVICES COMPANY LTD,Company,,SAJED,MOTLOGJED,,Commercial,,All Territories,,,,,,,,,,,,,,,,,,,,MOTLOGJED,,,,,,,,,,,,,,,,,,,0,,,,,,,,,,,,,,,,,,,,,,,,,,,,,,
IECTELAFE,IEC TELECOM UAE,Company,,AEDXB,IECTELAFE,,Commercial,,All Territories,,,,,,,,,,,,,,,,,,,,IECTELAFE,,,+971565344898,Bobby.Perez@iec-telecom.com,,,,,,,,,,,,,,,0,,,,,,,,,,,,,,,,,,,,,,,,,,,,,,
PATUSAAFE,PATHFINDER PRESS DIV OF ANCHOR FOUNDATION,Company,,USLAX,PATUSAAFE,,Commercial,,All Territories,,,,,,,,,,,,,,,,,,,,PATUSAAFE,,,,,,,,,,,,,,,,,,,0,,,,,,,,,,,,,,,,,,,,,,,,,,,,,,
FREMARSEK,FREIGHT MARK ASIA (M) SDN BHD,Company,,MYSEK,FREMARSEK,,Commercial,,All Territories,,,,,,,,,,,,,,,,,,,,FREMARSEK,,,,,,,,,,,,,,,,,,,0,,,,,,,,,,,,,,,,,,,,,,,,,,,,,,
MARBENLCH,MARTIN BENCHER (THAILAND) CO. LTD.,Company,,THLCH,MARBENLCH,,Commercial,,All Territories,,,,,,,,,,,,,,,,,,,,MARBENLCH,,,,,,,,,,,,,,,,,,,0,,,,,,,,,,,,,,,,,,,,,,,,,,,,,,
BUSSOLMEA,BUSINESS SOLUTIONS & LOGISTICS,Company,,FRMEA,BUSSOLMEA,,Commercial,,All Territories,,,,,,,,,,,,,,,,,,,,BUSSOLMEA,,,,,,,,,,,,,,,,,,,0,,,,,,,,,,,,,,,,,,,,,,,,,,,,,,
SUNCARSZX1,"SUN CARGO INTERNATIONAL (SHANGHAI) LTD., SHENZHEN BRANCH",Company,,CNSNZ,SUNCARSZX1,,Commercial,,All Territories,,,,,,,,,,,,,,,,,,,,SUNCARSZX1,,,,,,,,,,,,,,,,,,,0,,,,,,,,,,,,,,,,,,,,,,,,,,,,,,
ACEGLOSYD,ACE GLOBAL LOGISTICS,Company,,AUSYD,ACEGLOSYD,,Commercial,,All Territories,,,,,,,,,,,,,,,,,,,,ACEGLOSYD,,,,,,,,,,,,,,,,,,,0,,,,,,,,,,,,,,,,,,,,,,,,,,,,,,
SHASGNAFE,"SHANGHAI CMIC MACHINERY & ELECTRICAL PRODUCTS CO., LTD",Company,,VNSGN,SHASGNAFE,,Commercial,,All Territories,,,,,,,,,,,,,,,,,,,,SHASGNAFE,,,,chinamachine@msn.com,,,,,,,,,,,,,,,0,,,,,,,,,,,,,,,,,,,,,,,,,,,,,,
GREFRETLL,GREENCARRIER FREIGHT SERVICES ESTONIA,Company,,EETLL,GREFRETLL,,Commercial,,All Territories,,,,,,,,,,,,,,,,,,,,GREFRETLL,,,,,,,,,,,,,,,,,,,0,,,,,,,,,,,,,,,,,,,,,,,,,,,,,,
AIRGROOSL2,AIRLOG GROUP,Company,,NOOSL,AIRGROOSL2,,Commercial,,All Territories,,,,,,,,,,,,,,,,,,,,AIRGROOSL2,,,,,,,,,,,,,,,,,,,0,,,,,,,,,,,,,,,,,,,,,,,,,,,,,,
HITECHAFE,HI-TECH EQUIPMENT LIMITED,Company,,HKHKG,HITECHAFE,,Commercial,,All Territories,,,,,,,,,,,,,,,,,,,,HITECHAFE,,,,,,,,,,,,,,,,,,,0,,,,,,,,,,,,,,,,,,,,,,,,,,,,,,
TITSINAFE,TITAN WORLD LOGISTICS PTE LTD,Company,,SGSIN,TITSINAFE,,Commercial,,All Territories,,,,,,,,,,,,,,,,,,,,TITSINAFE,,,,,,,,,,,,,,,,,,,0,,,,,,,,,,,,,,,,,,,,,,,,,,,,,,
NTEXGOT,NTEX AB,Company,,SEGOT,NTEXGOT,,Commercial,,All Territories,,,,,,,,,,,,,,,,,,,,NTEXGOT,,,,sea.import@ntex.se,,,,,,,,,,,,,,,0,,,,,,,,,,,,,,,,,,,,,,,,,,,,,,
PROGAMTBJS,"PROCTER & GAMBLE TECHNOLOGY (BEIJING) CO., LTD.",Company,,CNBJS,PROGAMTBJS,,Commercial,,All Territories,,,,,,,,,,,,,,,,,,,,PROGAMTBJS,,,,,,,,,,,,,,,,,,,0,,,,,,,,,,,,,,,,,,,,,,,,,,,,,,
LIBMAROPA,"LIBURNIA MARITIME AGENCY, LTD.",Company,,HROPA,LIBMAROPA,,Commercial,,All Territories,,,,,,,,,,,,,,,,,,,,LIBMAROPA,,,,,,,,,,,,,,,,,,,0,,,,,,,,,,,,,,,,,,,,,,,,,,,,,,
ONAIRCDUS,ON AIR CARGO GMBH,Company,,DEDUS,ONAIRCDUS,,Commercial,,All Territories,,,,,,,,,,,,,,,,,,,,ONAIRCDUS,,,+491736014851,sebastian@onair-cargo.com,,,,,,,,,,,,,,,0,,,,,,,,,,,,,,,,,,,,,,,,,,,,,,
SANINTHKG,SANY INTERNATIONAL DEVELOPMENT COMPANY LIMITED,Company,,HKHKG,SANINTHKG,,Commercial,,All Territories,,,,,,,,,,,,,,,,,,,,SANINTHKG,,,,,,,,,,,,,,,,,,,0,,,,,,,,,,,,,,,,,,,,,,,,,,,,,,
WARRANNCL,WARRANT GROUP LTD,Company,,GBNCL,WARRANNCL,,Commercial,,All Territories,,,,,,,,,,,,,,,,,,,,WARRANNCL,,,,,,,,,,,,,,,,,,,0,,,,,,,,,,,,,,,,,,,,,,,,,,,,,,
MILFREKUL,MILLENNIUM FREIGHT (M) SND BHD,Company,,MYKUL,MILFREKUL,,Commercial,,All Territories,,,,,,,,,,,,,,,,,,,,MILFREKUL,,,,,,,,,,,,,,,,,,,0,,,,,,,,,,,,,,,,,,,,,,,,,,,,,,
PROINTAFE,PROBLUE INTERNATIONAL CORP.,Company,,TWTXG,PROINTAFE,,Commercial,,All Territories,,,,,,,,,,,,,,,,,,,,PROINTAFE,,,,,,,,,,,,,,,,,,,0,,,,,,,,,,,,,,,,,,,,,,,,,,,,,,
GUEALBAFE,GUEHRING KG,Company,,DEALB,GUEALBAFE,,Commercial,,All Territories,,,,,,,,,,,,,,,,,,,,GUEALBAFE,,,,,,,,,,,,,,,,,,,0,,,,,,,,,,,,,,,,,,,,,,,,,,,,,,
HEXNUTTUT,HEXAGON NUTRITION (INTERNATIONAL) PVT LTD.,Company,,INTUT,HEXNUTTUT,,Commercial,,All Territories,,,,,,,,,,,,,,,,,,,,HEXNUTTUT,,,,,,,,,,,,,,,,,,,0,,,,,,,,,,,,,,,,,,,,,,,,,,,,,,
EFLOGIAFE,"EF LOGIS CO., LTD",Company,,KRSEL,EFLOGIAFE,,Commercial,,All Territories,,,,,,,,,,,,,,,,,,,,EFLOGIAFE,,,+821088166513,eflogis@eflogis.com,,,,,,,,,,,,,,,0,,,,,,,,,,,,,,,,,,,,,,,,,,,,,,
MORCARPRY,MORGAN CARGO (PTY) LTD.,Company,,ZAPRY,MORCARPRY,,Commercial,,All Territories,,,,,,,,,,,,,,,,,www.morgancargo.com,,,MORCARPRY,,,,gerharddc@morgancargo.com,,,,,,,,,,,,,,,0,,,,,,,,,,,,,,,,,,,,,,,,,,,,,,
ATSINTSTC,ATS INTERNATIONAL,Company,,USSTC,ATSINTSTC,,Commercial,,All Territories,,,,,,,,,,,,,,,,,,,,ATSINTSTC,,,,,,,,,,,,,,,,,,,0,,,,,,,,,,,,,,,,,,,,,,,,,,,,,,
HUMSINAFE,HUMANS SINCE 1982,Company,,SESTO,HUMSINAFE,,Commercial,,All Territories,,,,,,,,,,,,,,,,,,,,HUMSINAFE,,,,,,,,,,,,,,,,,,,0,,,,,,,,,,,,,,,,,,,,,,,,,,,,,,
MALAMIAFE,MALCA-AMIT SINGAPORE PTE LTD.,Company,,SGSIN,MALAMIAFE,,Commercial,,All Territories,,,,,,,,,,,,,,,,,,,,MALAMIAFE,,,,Mayela.PHL@malca-amit.com,,,,,,,,,,,,,,,0,,,,,,,,,,,,,,,,,,,,,,,,,,,,,,
GLOSYDAFE,GLOBAL EVENTS LOGISTICS SERVICES PTY LTD,Company,,AUSYD,GLOSYDAFE,,Commercial,,All Territories,,,,,,,,,,,,,,,,,,,,GLOSYDAFE,,,+61433670202,allen.yap@gelservices.net,,,,,,,,,,,,,,,0,,,,,,,,,,,,,,,,,,,,,,,,,,,,,,
SHESANSHA,SHENZHEN SANHE TRANSPORTATION LOGISTICS CO. LTD,Company,,CNSHA,SHESANSHA,,Commercial,,All Territories,,,,,,,,,,,,,,,,,,,,SHESANSHA,,,,,,,,,,,,,,,,,,,0,,,,,,,,,,,,,,,,,,,,,,,,,,,,,,
BATGLOIST,BATCO GLOBAL LOJISTIK LTD. STI.,Company,,TRIST,BATGLOIST,,Commercial,,All Territories,,,,,,,,,,,,,,,,,,,,BATGLOIST,,,,,,,,,,,,,,,,,,,0,,,,,,,,,,,,,,,,,,,,,,,,,,,,,,
REDLOGIST,REDS LOGISTICS DIS TIC LTD STI,Company,,TRIST,REDLOGIST,,Commercial,,All Territories,,,,,,,,,,,,,,,,,,,,REDLOGIST,,,,,,,,,,,,,,,,,,,0,,,,,,,,,,,,,,,,,,,,,,,,,,,,,,
PASBYRNCU,PASSION4FOOD BY ROMAIN WALHEER,Company,,BENCU,PASBYRNCU,,Commercial,,All Territories,,,,,,,,,,,,,,,,,,,,PASBYRNCU,,,,,,,,,,,,,,,,,,,0,,,,,,,,,,,,,,,,,,,,,,,,,,,,,,
FRESYDAFE,FRESHFOOD INTERNATIONAL  PTY LTD.,Company,,AUSYD,FRESYDAFE,,Commercial,,All Territories,,,,,,,,,,,,,,,,,,,,FRESYDAFE,,,+61414731861,troy.agosti@freshfood.com.au,,,,,,,,,,,,,,,0,,,,,,,,,,,,,,,,,,,,,,,,,,,,,,
SAASELAFE,SAAB AB CORPORATE,Company,,SEGOT,SAASELAFE,,Commercial,,All Territories,,,,,,,,,,,,,,,,,,,,SAASELAFE,,,,,,,,,,,,,,,,,,,0,,,,,,,,,,,,,,,,,,,,,,,,,,,,,,
CEBKADAFE,CEBILOG LOJISTIK ULUSLARARASI NAK. TUR. VE DIS TIC.,Company,,TRKAD,CEBKADAFE,,Commercial,,All Territories,,,,,,,,,,,,,,,,,www.cebilog.com,,,CEBKADAFE,,,,zeynep.cebi@cebilog.com,,,,,,,,,,,,,,,0,,,,,,,,,,,,,,,,,,,,,,,,,,,,,,
RELTRAAFE,RELIABLE TRAVELS & CARGO PVT LTD.,Company,,INDEL,RELTRAAFE,,Commercial,,All Territories,,,,,,,,,,,,,,,,,,,,RELTRAAFE,,,,info@reliablecargo.com,,,,,,,,,,,,,,,0,,,,,,,,,,,,,,,,,,,,,,,,,,,,,,
EAGAMSAFE,EAGLE VISION SYSTEMS B.V.,Company,,NLAMS,EAGAMSAFE,,Commercial,,All Territories,,,,,,,,,,,,,,,,,,,,EAGAMSAFE,,,,MBreek@eaglevision.nl,,,,,,,,,,,,,,,0,,,,,,,,,,,,,,,,,,,,,,,,,,,,,,
SINTEASIN,SINGAPORE TEA & COFFEE COMPANY PTE LTD.,Company,,SGSIN,SINTEASIN,,Commercial,,All Territories,,,,,,,,,,,,,,,,,,,,SINTEASIN,,,,,,,,,,,,,,,,,,,0,,,,,,,,,,,,,,,,,,,,,,,,,,,,,,
EASTINHKG,EASTING LIMITED,Company,,HKHKG,EASTINHKG,,Commercial,,All Territories,,,,,,,,,,,,,,,,,,,,EASTINHKG,,,,,,,,,,,,,,,,,,,0,,,,,,,,,,,,,,,,,,,,,,,,,,,,,,
BARFOGROM1,BARBARINI & FOGLIA SRL,Company,,ITROM,BARFOGROM1,,Commercial,,All Territories,,,,,,,,,,,,,,,,,,,,BARFOGROM1,,,,,,,,,,,,,,,,,,,0,,,,,,,,,,,,,,,,,,,,,,,,,,,,,,
MORINDQKV,MORE INDUSTRIAL CO. LTD.,Company,,JPSAK,MORINDQKV,,Commercial,,All Territories,,,,,,,,,,,,,,,,,,,,MORINDQKV,,,,,,,,,,,,,,,,,,,0,,,,,,,,,,,,,,,,,,,,,,,,,,,,,,
LANGLOANE,LANE GLOBAL LOGISTICS,Company,,FRANE,LANGLOANE,,Commercial,,All Territories,,,,,,,,,,,,,,,,,,,,LANGLOANE,,,,,,,,,,,,,,,,,,,0,,,,,,,,,,,,,,,,,,,,,,,,,,,,,,
PSBEDIBOM,PS BEDI & CO. PVT. LTD.,Company,,INBOM,PSBEDIBOM,,Commercial,,All Territories,,,,,,,,,,,,,,,,,,,,PSBEDIBOM,,,,,,,,,,,,,,,,,,,0,,,,,,,,,,,,,,,,,,,,,,,,,,,,,,
MARBENBLL,MARTIN BENCHER AIRFREIGHT APS,Company,,DKBLL,MARBENBLL,,Commercial,,All Territories,,,,,,,,,,,,,,,,,,,,MARBENBLL,,,,,,,,,,,,,,,,,,,0,,,,,,,,,,,,,,,,,,,,,,,,,,,,,,
RUIDILAFE,RUI CORREIA,Company,,TLDIL,RUIDILAFE,,Commercial,,All Territories,,,,,,,,,,,,,,,,,,,,RUIDILAFE,,,,lifau@hotmail.com,,,,,,,,,,,,,,,0,,,,,,,,,,,,,,,,,,,,,,,,,,,,,,
ARSJSCKZK,ARSENAL JSCO,Company,,BGKZK,ARSJSCKZK,,Commercial,,All Territories,,,,,,,,,,,,,,,,,,,,ARSJSCKZK,,,,,,,,,,,,,,,,,,,0,,,,,,,,,,,,,,,,,,,,,,,,,,,,,,
JAPSINAFE,THE JAPAN STEEL WORKS (SINGAPORE) PTE. LTD.,Company,,SGSIN,JAPSINAFE,,Commercial,,All Territories,,,,,,,,,,,,,,,,,,,,JAPSINAFE,,,,,,,,,,,,,,,,,,,0,,,,,,,,,,,,,,,,,,,,,,,,,,,,,,
APIGLOSIN1,API GLOBAL SINGAPORE PTE LTD,Company,,SGSIN,APIGLOSIN1,,Commercial,,All Territories,,,,,,,,,,,,,,,,,,,,APIGLOSIN1,,,,,,,,,,,,,,,,,,,0,,,,,,,,,,,,,,,,,,,,,,,,,,,,,,
SCASHIJKT,PT. SCAN-SHIPPING INDONESIA,Company,,IDJKT,SCASHIJKT,,Commercial,,All Territories,,,,,,,,,,,,,,,,,,,,SCASHIJKT,,,,,,,,,,,,,,,,,,,0,,,,,,,,,,,,,,,,,,,,,,,,,,,,,,
SHASAIISHA,"SHANGHAI SAINWISE INTERNATIONAL FREIGHT FORWARDING CO.,LTD.",Company,,CNSHA,SHASAIISHA,,Commercial,,All Territories,,,,,,,,,,,,,,,,,,,,SHASAIISHA,,,+8613681785752,cynxu@sainwise.com,,,,,,,,,,,,,,,0,,,,,,,,,,,,,,,,,,,,,,,,,,,,,,
NEWCONHKG,NEW CONCEPT GLOBAL (HK) LTD,Company,,HKHKG,NEWCONHKG,,Commercial,,All Territories,,,,,,,,,,,,,,,,,,,,NEWCONHKG,,,,airimport@nclgroups.com,,,,,,,,,,,,,,,0,,,,,,,,,,,,,,,,,,,,,,,,,,,,,,
AMAINTSHA,"AMASS INTERNATIONAL AIRFREIGHT AGENCY CO., LTD",Company,,CNSHA,AMAINTSHA,,Commercial,,All Territories,,,,,,,,,,,,,,,,,,,,AMAINTSHA,,,,,,,,,,,,,,,,,,,0,,,,,,,,,,,,,,,,,,,,,,,,,,,,,,
NINNGBAFE,NINGBO LISONG INJECTION MOLDING TECHNOLOGY CO. LTD,Company,,CNNBO,NINNGBAFE,,Commercial,,All Territories,,,,,,,,,,,,,,,,,,,,NINNGBAFE,,,+869088870539,lisong@china-ls.cn,,,,,,,,,,,,,,,0,,,,,,,,,,,,,,,,,,,,,,,,,,,,,,
SHESNZNAFE,"SHENZHEN KING LOGISTICS CO.,LTD",Company,,CNSNZ,SHESNZNAFE,,Commercial,,All Territories,,,,,,,,,,,,,,,,,,,,SHESNZNAFE,,,+8613922887977,joyce@king-logistics.com,,,,,,,,,,,,,,,0,,,,,,,,,,,,,,,,,,,,,,,,,,,,,,
CARLINDVI,CARGO LINE INTERNATIONAL,Company,,AUDVI,CARLINDVI,,Commercial,,All Territories,,,,,,,,,,,,,,,,,,,,CARLINDVI,,,,,,,,,,,,,,,,,,,0,,,,,,,,,,,,,,,,,,,,,,,,,,,,,,
SHEBESAFE,"SHENZHEN BESAFE INTERNATIONAL LOGISTICS CO.,LTD",Company,,CNSNZ,SHEBESAFE,,Commercial,,All Territories,,,,,,,,,,,,,,,,,,,,SHEBESAFE,,,,,,,,,,,,,,,,,,,0,,,,,,,,,,,,,,,,,,,,,,,,,,,,,,
GONLYOPGN,GONDRAND LYON SAINT EXUPERY,Company,,FRPGN,GONLYOPGN,,Commercial,,All Territories,,,,,,,,,,,,,,,,,,,,GONLYOPGN,,,,ada.viller@gondrand.fr,,,,,,,,,,,,,,,0,,,,,,,,,,,,,,,,,,,,,,,,,,,,,,
NOTLOGFLX,NOTUM LOGISTICS UK LIMITED,Company,,GBPME,NOTLOGFLX,,Commercial,,All Territories,,,,,,,,,,,,,,,,,,,,NOTLOGFLX,,,,,,,,,,,,,,,,,,,0,,,,,,,,,,,,,,,,,,,,,,,,,,,,,,
SHEBOTSZX,"SHENZHEN BOT TRADING CO., LTD.",Company,,CNSZX,SHEBOTSZX,,Commercial,,All Territories,,,,,,,,,,,,,,,,,,,,SHEBOTSZX,,,,,,,,,,,,,,,,,,,0,,,,,,,,,,,,,,,,,,,,,,,,,,,,,,
INNENTAFE,INNOVATIVE ENTERPRISE HK LTD,Company,,HKWNI,INNENTAFE,,Commercial,,All Territories,,,,,,,,,,,,,,,,,,,,INNENTAFE,,,,,,,,,,,,,,,,,,,0,,,,,,,,,,,,,,,,,,,,,,,,,,,,,,
NETHKGHKG,NETGEAR HKG LTD. C/O KERRY LOGISTICS (HK) LTD.,Company,,HKHKG,NETHKGHKG,,Commercial,,All Territories,,,,,,,,,,,,,,,,,,,,NETHKGHKG,,,,,,,,,,,,,,,,,,,0,,,,,,,,,,,,,,,,,,,,,,,,,,,,,,
PHIAIRFRA,PHILIPPINE AIRLINE,Company,,DEFRA,PHIAIRFRA,,Commercial,,All Territories,,,,,,,,,,,,,,,,,,,,PHIAIRFRA,,,,,,,,,,,,,,,,,,,0,,,,,,,,,,,,,,,,,,,,,,,,,,,,,,
SUMYOKAFE,"SUMITOMO HEAVY INDUSTRIES MODERN, LTD",Company,,JPYOK,SUMYOKAFE,,Commercial,,All Territories,,,,,,,,,,,,,,,,,,,,SUMYOKAFE,,,,ehchen.alehsup@shi-g.com,,,,,,,,,,,,,,,0,,,,,,,,,,,,,,,,,,,,,,,,,,,,,,
LURBREAFE,LURSSEN WERFT GMBH & CO. KG,Company,,DEBRE,LURBREAFE,,Commercial,,All Territories,,,,,,,,,,,,,,,,,,,,LURBREAFE,,,,,,,,,,,,,,,,,,,0,,,,,,,,,,,,,,,,,,,,,,,,,,,,,,
NESEXPSEL,"NESURA EXPRESS CO., LTD",Company,,KRSEL,NESEXPSEL,,Commercial,,All Territories,,,,,,,,,,,,,,,,,,,,NESEXPSEL,,,,,,,,,,,,,,,,,,,0,,,,,,,,,,,,,,,,,,,,,,,,,,,,,,
LNCLOGHAN,"LNC LOGISTICS CO.,LTD.",Company,,VNHAN,LNCLOGHAN,,Commercial,,All Territories,,,,,,,,,,,,,,,,,,,,LNCLOGHAN,,,,thanhlong@lnc.vn,,,,,,,,,,,,,,,0,,,,,,,,,,,,,,,,,,,,,,,,,,,,,,
PANSELAFE,"PANAROAD CO., LTD.",Company,,KRSEL,PANSELAFE,,Commercial,,All Territories,,,,,,,,,,,,,,,,,,,,PANSELAFE,,,,,,,,,,,,,,,,,,,0,,,,,,,,,,,,,,,,,,,,,,,,,,,,,,
CARMANMOW,CARGO MANAGEMENT LLC,Company,,RUBKA,CARMANMOW,,Commercial,,All Territories,,,,,,,,,,,,,,,,,,,,CARMANMOW,,,,info@cargomanagement.ru,,,,,,,,,,,,,,,0,,,,,,,,,,,,,,,,,,,,,,,,,,,,,,
KUESHAAFE,KUEHNE + NAGEL LTD,Company,,CNSHA,KUESHAAFE,,Commercial,,All Territories,,,,,,,,,,,,,,,,,,,,KUESHAAFE,,,,,,,,,,,,,,,,,,,0,,,,,,,,,,,,,,,,,,,,,,,,,,,,,,
EXFREIYFA,EX FREIGHT ZETA INC,Company,,USYFA,EXFREIYFA,,Commercial,,All Territories,,,,,,,,,,,,,,,,,,,,EXFREIYFA,,,,,,,,,,,,,,,,,,,0,,,,,,,,,,,,,,,,,,,,,,,,,,,,,,
AUTOPATOA,AUTOPARTNER AB,Company,,SETOA,AUTOPATOA,,Commercial,,All Territories,,,,,,,,,,,,,,,,,,,,AUTOPATOA,,,,info@autopartner.se,,,,,,,,,,,,,,,0,,,,,,,,,,,,,,,,,,,,,,,,,,,,,,
XINXXGAFE,XINXIANG HEXIE FEED MACHINERY MFG. CO. LTD,Company,,CNXXG,XINXXGAFE,,Commercial,,All Territories,,,,,,,,,,,,,,,,,,,,XINXXGAFE,,,,,,,,,,,,,,,,,,,0,,,,,,,,,,,,,,,,,,,,,,,,,,,,,,
UAVFACAFE,UAV FACTORY LTD,Company,,LVZVT,UAVFACAFE,,Commercial,,All Territories,,,,,,,,,,,,,,,,,,,,UAVFACAFE,,,,rkairiss@uavfactory.com,,,,,,,,,,,,,,,0,,,,,,,,,,,,,,,,,,,,,,,,,,,,,,
JINENEAFE,JINKO ENERGY STORAGE TECHNOLOGY CO. LTD,Company,,PHMNL,JINENEAFE,,Commercial,,All Territories,,,,,,,,,,,,,,,,,,,,JINENEAFE,,,,,,,,,,,,,,,,,,,0,,,,,,,,,,,,,,,,,,,,,,,,,,,,,,
TCBNIBFS,TCB (NI) LIMITED,Company,,GBBEL,TCBNIBFS,,Commercial,,All Territories,,,,,,,,,,,,,,,,,,,,TCBNIBFS,,,,,,,,,,,,,,,,,,,0,,,,,,,,,,,,,,,,,,,,,,,,,,,,,,
BEIKBJSAFE,"BEIJING KINGKERRY INT'LTRANSPORTCO.,LTD",Company,,CNBJS,BEIKBJSAFE,,Commercial,,All Territories,,,,,,,,,,,,,,,,,,,,BEIKBJSAFE,,,,expo@bjkingkerry.com,,,,,,,,,,,,,,,0,,,,,,,,,,,,,,,,,,,,,,,,,,,,,,
ARGYUESHA,ARGONAUT YUEXIN (CHINA) LOGISTICS CO. LTD,Company,,CNSHA,ARGYUESHA,,Commercial,,All Territories,,,,,,,,,,,,,,,,,,,,ARGYUESHA,,,,sha@yuexin-logistics.com,,,,,,,,,,,,,,,0,,,,,,,,,,,,,,,,,,,,,,,,,,,,,,
CEVBHXAFE,CEVA SHOWFREIGHT,Company,,GBBHM,CEVBHXAFE,,Commercial,,All Territories,,,,,,,,,,,,,,,,,,,,CEVBHXAFE,,,,jack.cruise@cevalogistics.com,,,,,,,,,,,,,,,0,,,,,,,,,,,,,,,,,,,,,,,,,,,,,,
GUAHAOGUT,GUANGDONG HAOCHAO GROUP CO.,Company,,CNGUT,GUAHAOGUT,,Commercial,,All Territories,,,,,,,,,,,,,,,,,,,,GUAHAOGUT,,,,,,,,,,,,,,,,,,,0,,,,,,,,,,,,,,,,,,,,,,,,,,,,,,
SENINTFRA1,SENATOR INTERNATIONAL SPEDITION GMBH,Company,,DEFRA,SENINTFRA1,,Commercial,,All Territories,,,,,,,,,,,,,,,,,,,,SENINTFRA1,,,,,,,,,,,,,,,,,,,0,,,,,,,,,,,,,,,,,,,,,,,,,,,,,,
WFSTUNTUN,WFS TUNISIA SARL,Company,,TNTUN,WFSTUNTUN,,Commercial,,All Territories,,,,,,,,,,,,,,,,,,,,WFSTUNTUN,,,,,,,,,,,,,,,,,,,0,,,,,,,,,,,,,,,,,,,,,,,,,,,,,,
CARLOGMAA,CARGOCARE LOGISTICS (INDIA) PVT LTD,Company,,INMAA,CARLOGMAA,,Commercial,,All Territories,,,,,,,,,,,,,,,,,www.cargocarelogistics.in,,,CARLOGMAA,,,+919043014881,thasleemah@cargocarelogistics.in,,,,,,,,,,,,,,,0,,,,,,,,,,,,,,,,,,,,,,,,,,,,,,
KEEAUTAFE,"KEED AUTOMATIC PACKAGE MACHINERY CO., LTD.",Company,,TWTPE,KEEAUTAFE,,Commercial,,All Territories,,,,,,,,,,,,,,,,,,,,KEEAUTAFE,,,,,,,,,,,,,,,,,,,0,,,,,,,,,,,,,,,,,,,,,,,,,,,,,,
SCHTEXNUE,SCHMITZ TEXTILES GMBH + CO. KG,Company,,DENUE,SCHTEXNUE,,Commercial,,All Territories,,,,,,,,,,,,,,,,,,,,SCHTEXNUE,,,,,,,,,,,,,,,,,,,0,,,,,,,,,,,,,,,,,,,,,,,,,,,,,,
MICLOPAFE,MICHELLE LOPEZ STUDIO,Company,,USPHL,MICLOPAFE,,Commercial,,All Territories,,,,,,,,,,,,,,,,,,,,MICLOPAFE,,,,,,,,,,,,,,,,,,,0,,,,,,,,,,,,,,,,,,,,,,,,,,,,,,
HILROCKCO,HILL ROCK LTD.,Company,,HKKCO,HILROCKCO,,Commercial,,All Territories,,,,,,,,,,,,,,,,,,,,HILROCKCO,,,,,,,,,,,,,,,,,,,0,,,,,,,,,,,,,,,,,,,,,,,,,,,,,,
NOALOGIAH,NOATUM LOGISTICS,Company,,USHOU,NOALOGIAH,,Commercial,,All Territories,,,,,,,,,,,,,,,,,,,,NOALOGIAH,,,,,,,,,,,,,,,,,,,0,,,,,,,,,,,,,,,,,,,,,,,,,,,,,,
EDOHKGAFE,EDOUARD MALINGUE GALLERY,Company,,HKHKG,EDOHKGAFE,,Commercial,,All Territories,,,,,,,,,,,,,,,,,,,,EDOHKGAFE,,,,lawrence@edouardmalingue.com,,,,,,,,,,,,,,,0,,,,,,,,,,,,,,,,,,,,,,,,,,,,,,
FOSDONSJQ,"FOSHAN DONGPENG CERAMIC CO.,LTD.",Company,,CNSJQ,FOSDONSJQ,,Commercial,,All Territories,,,,,,,,,,,,,,,,,,,,FOSDONSJQ,,,,,,,,,,,,,,,,,,,0,,,,,,,,,,,,,,,,,,,,,,,,,,,,,,
JAKJKTAFE,PT. JAKARTA INTERNATIONAL EXPO,Company,,IDJKT,JAKJKTAFE,,Commercial,,All Territories,,,,,,,,,,,,,,,,,,,,JAKJKTAFE,,,,,,,,,,,,,,,,,,,0,,,,,,,,,,,,,,,,,,,,,,,,,,,,,,
DADSELAFE,DADCO ASIA,Company,,KRSEL,DADSELAFE,,Commercial,,All Territories,,,,,,,,,,,,,,,,,,,,DADSELAFE,,,,,,,,,,,,,,,,,,,0,,,,,,,,,,,,,,,,,,,,,,,,,,,,,,
STPGALAFE,STPI GALLERY,Company,,SGSIN,STPGALAFE,,Commercial,,All Territories,,,,,,,,,,,,,,,,,,,,STPGALAFE,,,,bosung.yom@stpi.com.sg,,,,,,,,,,,,,,,0,,,,,,,,,,,,,,,,,,,,,,,,,,,,,,
KINOPTSHK,"KINDOM OPTO-ELECTRONIC CO., LTD",Company,,CNSHK,KINOPTSHK,,Commercial,,All Territories,,,,,,,,,,,,,,,,,,,,KINOPTSHK,,,,,,,,,,,,,,,,,,,0,,,,,,,,,,,,,,,,,,,,,,,,,,,,,,
DACSOUCPT,DACHSER SOUTH AFRICA (PTY) LTD,Company,,ZACPT,DACSOUCPT,,Commercial,,All Territories,,,,,,,,,,,,,,,,,,,,DACSOUCPT,,,,,,,,,,,,,,,,,,,0,,,,,,,,,,,,,,,,,,,,,,,,,,,,,,
QUALOGKUL,QUANTERM LOGISTICS SDN BHD,Company,,MYKUL,QUALOGKUL,,Commercial,,All Territories,,,,,,,,,,,,,,,,,,,,QUALOGKUL,,,,,,,,,,,,,,,,,,,0,,,,,,,,,,,,,,,,,,,,,,,,,,,,,,
PTWINTJKT,PT.WEWORK SERVICES INTERNATIONAL,Company,,IDJKT,PTWINTJKT,,Commercial,,All Territories,,,,,,,,,,,,,,,,,,,,PTWINTJKT,,,,,,,,,,,,,,,,,,,0,,,,,,,,,,,,,,,,,,,,,,,,,,,,,,
ASOBOTAFE,ASOBU BOTTLE,Company,,CAQUE,ASOBOTAFE,,Commercial,,All Territories,,,,,,,,,,,,,,,,,www.asobubottle.com,,,ASOBOTAFE,,,,,,,,,,,,,,,,,,,0,,,,,,,,,,,,,,,,,,,,,,,,,,,,,,
WORPRGAFE,WORLDWIDE TRADING TRANSPORT SPOL. S R.O.,Company,,CZPRG,WORPRGAFE,,Commercial,,All Territories,,,,,,,,,,,,,,,,,,,,WORPRGAFE,,,,jaroslava.knopova@email.cz,,,,,,,,,,,,,,,0,,,,,,,,,,,,,,,,,,,,,,,,,,,,,,
DMGMORBLR,DMG MORI SEIKI INDIA MACHINES AND SERVICES PVT. LT,Company,,INBLR,DMGMORBLR,,Commercial,,All Territories,,,,,,,,,,,,,,,,,www.dmgmori.com,,,DMGMORBLR,,,,,,,,,,,,,,,,,,,0,,,,,,,,,,,,,,,,,,,,,,,,,,,,,,
CONSHIDOH,CONSOLE SHIPPING SERVICES W.L.L.,Company,,QADOH,CONSHIDOH,,Commercial,,All Territories,,,,,,,,,,,,,,,,,,,,CONSHIDOH,,,,neethu@cssqatar.com,,,,,,,,,,,,,,,0,,,,,,,,,,,,,,,,,,,,,,,,,,,,,,
ALFFERAFE,ALFREDO FERNANDO RAZON GONZALEZ,Company,,USHNL,ALFFERAFE,,Commercial,,All Territories,,,,,,,,,,,,,,,,,,,,ALFFERAFE,,,,,,,,,,,,,,,,,,,0,,,,,,,,,,,,,,,,,,,,,,,,,,,,,,
MASDXBAFE,MASSTRANS FREIGHT LLC,Company,,AEDXB,MASDXBAFE,,Commercial,,All Territories,,,,,,,,,,,,,,,,,,,,MASDXBAFE,,,,vibin@masstransfreight.com,,,,,,,,,,,,,,,0,,,,,,,,,,,,,,,,,,,,,,,,,,,,,,
HENHARAKL,HENNING HARDERS (NEW ZEALAND) LIMITED,Company,,NZAKL,HENHARAKL,,Commercial,,All Territories,,,,,,,,,,,,,,,,,,,,HENHARAKL,,,,,,,,,,,,,,,,,,,0,,,,,,,,,,,,,,,,,,,,,,,,,,,,,,
SIMBEDCGU,SIMMONS BEDDING & FURNITURE (SUZHOU) LIMITED,Company,,CNCGU,SIMBEDCGU,,Commercial,,All Territories,,,,,,,,,,,,,,,,,,,,SIMBEDCGU,,,,,,,,,,,,,,,,,,,0,,,,,,,,,,,,,,,,,,,,,,,,,,,,,,
GDBLOGRTM,GDB LOGISTICS B.V.,Company,,NLRTM,GDBLOGRTM,,Commercial,,All Territories,,,,,,,,,,,,,,,,,,,,GDBLOGRTM,,,,,,,,,,,,,,,,,,,0,,,,,,,,,,,,,,,,,,,,,,,,,,,,,,
DAYPKGAFE,DAYA BANDING SDN BHD,Company,,MYPKG,DAYPKGAFE,,Commercial,,All Territories,,,,,,,,,,,,,,,,,,,,DAYPKGAFE,,,,dayabanding@gmail.com,,,,,,,,,,,,,,,0,,,,,,,,,,,,,,,,,,,,,,,,,,,,,,
INT360DXB,INTERIOR 360 GENERAL TRADING LLC,Company,,AEDXB,INT360DXB,,Commercial,,All Territories,,,,,,,,,,,,,,,,,,,,INT360DXB,,,,,,,,,,,,,,,,,,,0,,,,,,,,,,,,,,,,,,,,,,,,,,,,,,
SHAJCBAFE,SHANGHAI JCB INTERNATIONAL TRANSPORTATION CO. LTD.,Company,,CNSGH,SHAJCBAFE,,Commercial,,All Territories,,,,,,,,,,,,,,,,,,,,SHAJCBAFE,,,,becky@jcbcargo.com,,,,,,,,,,,,,,,0,,,,,,,,,,,,,,,,,,,,,,,,,,,,,,
UABSUNAFE,"UAB ""SUNDETA""",Company,,LTVIL,UABSUNAFE,,Commercial,,All Territories,,,,,,,,,,,,,,,,,,,,UABSUNAFE,,,,v.sorokina@able.by,,,,,,,,,,,,,,,0,,,,,,,,,,,,,,,,,,,,,,,,,,,,,,
TECINTIAH,TECHTRANS INTERNATIONAL,Company,,USHOU,TECINTIAH,,Commercial,,All Territories,,,,,,,,,,,,,,,,,,,,TECINTIAH,,,,,,,,,,,,,,,,,,,0,,,,,,,,,,,,,,,,,,,,,,,,,,,,,,
KARGROILL,KARL GROSS LOGISTICS USA INC.,Company,,USILL,KARGROILL,,Commercial,,All Territories,,,,,,,,,,,,,,,,,,,,KARGROILL,,,,,,,,,,,,,,,,,,,0,,,,,,,,,,,,,,,,,,,,,,,,,,,,,,
LITANNABT,LITTLE ANNIE KIDZLINE,Company,,CAABT,LITANNABT,,Commercial,,All Territories,,,,,,,,,,,,,,,,,,,,LITANNABT,,,,,,,,,,,,,,,,,,,0,,,,,,,,,,,,,,,,,,,,,,,,,,,,,,
UNIASITYN,"UNITED ASIAN LOGISTICS CO., LTD",Company,,TWTYN,UNIASITYN,,Commercial,,All Territories,,,,,,,,,,,,,,,,,,,,UNIASITYN,,,,,,,,,,,,,,,,,,,0,,,,,,,,,,,,,,,,,,,,,,,,,,,,,,
APISINAFE,API GLOBAL AUTOMATION PTE. LTD.,Company,,SGSIN,APISINAFE,,Commercial,,All Territories,,,,,,,,,,,,,,,,,,,,APISINAFE,,,+639178874512,susette@aumpack.com,,,,,,,,,,,,,,,0,,,,,,,,,,,,,,,,,,,,,,,,,,,,,,
MHMHKGAFE,MHM GROUP,Company,,HKHKG,MHMHKGAFE,,Commercial,,All Territories,,,,,,,,,,,,,,,,,,,,MHMHKGAFE,,,+85264364393,jacky.kong@mhm-asia.com,,,,,,,,,,,,,,,0,,,,,,,,,,,,,,,,,,,,,,,,,,,,,,
LEMUSACLT,LEMAN USA,Company,,USCLT,LEMUSACLT,,Commercial,,All Territories,,,,,,,,,,,,,,,,,www.leman.com,,,LEMUSACLT,,,,,,,,,,,,,,,,,,,0,,,,,,,,,,,,,,,,,,,,,,,,,,,,,,
GRAINTDOH,GRADIENT INTERNATIONAL LOGISTICS,Company,,QADOH,GRAINTDOH,,Commercial,,All Territories,,,,,,,,,,,,,,,,,,,,GRAINTDOH,,,,,,,,,,,,,,,,,,,0,,,,,,,,,,,,,,,,,,,,,,,,,,,,,,
KEUCOHAM,KEUCO GMBH & CO. KG,Company,,DEHAM,KEUCOHAM,,Commercial,,All Territories,,,,,,,,,,,,,,,,,,,,KEUCOHAM,,,,,,,,,,,,,,,,,,,0,,,,,,,,,,,,,,,,,,,,,,,,,,,,,,
ALFASIMFM,ALFASTREET ASIA LIMITED,Company,,MOMFM,ALFASIMFM,,Commercial,,All Territories,,,,,,,,,,,,,,,,,,,,ALFASIMFM,,,,,,,,,,,,,,,,,,,0,,,,,,,,,,,,,,,,,,,,,,,,,,,,,,
NAVGLO_DE,NAVIGATOR GLOBAL LOGISTICS GMBH,Company,,DEHAM,NAVGLO_DE,,Commercial,,All Territories,,,,,,,,,,,,,,,,,www.ngl-germany.eu,,,NAVGLO_DE,,,+491622914014,hans.boeckenhauer@ngl-germany.eu,,,,,,,,,,,,,,,0,,,,,,,,,,,,,,,,,,,,,,,,,,,,,,
MECSINAFE,MECHANICAL PACKING PRODUCTS CONSULTANTS,Company,,SGSIN,MECSINAFE,,Commercial,,All Territories,,,,,,,,,,,,,,,,,,,,MECSINAFE,,,,packman@singnet.com.sg,,,,,,,,,,,,,,,0,,,,,,,,,,,,,,,,,,,,,,,,,,,,,,
TIMWORSHZ,TIMECRTI WORLDWIDE LOGISTICS,Company,,CNSNZ,TIMWORSHZ,,Commercial,,All Territories,,,,,,,,,,,,,,,,,,,,TIMWORSHZ,,,,,,,,,,,,,,,,,,,0,,,,,,,,,,,,,,,,,,,,,,,,,,,,,,
RHELOGZRH,RHENUS LOGISTICS AG,Company,,CHZRH,RHELOGZRH,,Commercial,,All Territories,,,,,,,,,,,,,,,,,,,,RHELOGZRH,,,,,,,,,,,,,,,,,,,0,,,,,,,,,,,,,,,,,,,,,,,,,,,,,,
TRALOGBOG,TRANSMARES LOGISTICA S.A.S.,Company,,COBOG,TRALOGBOG,,Commercial,,All Territories,,,,,,,,,,,,,,,,,,,,TRALOGBOG,,,,,,,,,,,,,,,,,,,0,,,,,,,,,,,,,,,,,,,,,,,,,,,,,,
MSTRIDCDG,MST RIDE B.V.,Company,,FRCDG,MSTRIDCDG,,Commercial,,All Territories,,,,,,,,,,,,,,,,,,,,MSTRIDCDG,,,,,,,,,,,,,,,,,,,0,,,,,,,,,,,,,,,,,,,,,,,,,,,,,,
WOREXHAFE,"WORLD EXHIBIT SERVICES, SL.",Company,,ESBCN,WOREXHAFE,,Commercial,,All Territories,,,,,,,,,,,,,,,,,www.weservices.es,,,WOREXHAFE,,,+34633200253,spuchol@weservices.es,,,,,,,,,,,,,,,0,,,,,,,,,,,,,,,,,,,,,,,,,,,,,,
NOALOGTYO,NOATUM LOGISTICS JAPAN LIMITED,Company,,JPTYO,NOALOGTYO,,Commercial,,All Territories,,,,,,,,,,,,,,,,,,,,NOALOGTYO,,,,,,,,,,,,,,,,,,,0,,,,,,,,,,,,,,,,,,,,,,,,,,,,,,
YONNBGAFE,YONGKANG HOMELY IMPORT AND EXPORT COMPANY LTD,Company,,CNNBG,YONNBGAFE,,Commercial,,All Territories,,,,,,,,,,,,,,,,,www.homely-doors.com,,,YONNBGAFE,,,,fay@homely-cn.com,,,,,,,,,,,,,,,0,,,,,,,,,,,,,,,,,,,,,,,,,,,,,,
LOGPLUGGE,LOGISTICS PLUS INC,Company,,USGGE,LOGPLUGGE,,Commercial,,All Territories,,,,,,,,,,,,,,,,,,,,LOGPLUGGE,,,+18034489284,whitney.moore@logisticsplus.com,,,,,,,,,,,,,,,0,,,,,,,,,,,,,,,,,,,,,,,,,,,,,,
BOLCOFWLG,BOLERO COFFEE LIMITED,Company,,NZWLG,BOLCOFWLG,,Commercial,,All Territories,,,,,,,,,,,,,,,,,,,,BOLCOFWLG,,,+642102705837,,,,,,,,,,,,,,,,0,,,,,,,,,,,,,,,,,,,,,,,,,,,,,,
DCONTEAFE,D CONTEMPORARY,Company,,GBLON,DCONTEAFE,,Commercial,,All Territories,,,,,,,,,,,,,,,,,,,,DCONTEAFE,,,,,,,,,,,,,,,,,,,0,,,,,,,,,,,,,,,,,,,,,,,,,,,,,,
WANJIAAFE,WANG JIAMING,Company,,CNBJS,WANJIAAFE,,Commercial,,All Territories,,,,,,,,,,,,,,,,,,,,WANJIAAFE,,,,,,,,,,,,,,,,,,,0,,,,,,,,,,,,,,,,,,,,,,,,,,,,,,
OPPMANHKG,OPPORTUNITY MANAGEMENT GROUP LTD,Company,,HKHKG,OPPMANHKG,,Commercial,,All Territories,,,,,,,,,,,,,,,,,,,,OPPMANHKG,,,,,,,,,,,,,,,,,,,0,,,,,,,,,,,,,,,,,,,,,,,,,,,,,,
GENNOLMOD6,GENERAL NOLI SPEDIZIONI INTERNAZIONALI S.P.A. FOR A/F : GRANITIFIANDRE(IRIS)+SERENISIMA+TERRATINTA,Company,,ITMOD,GENNOLMOD6,,Commercial,,All Territories,,,,,,,,,,,,,,,,,,,,GENNOLMOD6,,,,,,,,,,,,,,,,,,,0,,,,,,,,,,,,,,,,,,,,,,,,,,,,,,
DOLINTAFE,DOLPHIN INTERNATIONAL EXHIBITION LOGISTICS CO LTD,Company,,TWTPE,DOLINTAFE,,Commercial,,All Territories,,,,,,,,,,,,,,,,,,,,DOLINTAFE,,,,,,,,,,,,,,,,,,,0,,,,,,,,,,,,,,,,,,,,,,,,,,,,,,
ACEMARJHB,ACE MARINE SHIPPING SDN BHD,Company,,MYJHB,ACEMARJHB,,Commercial,,All Territories,,,,,,,,,,,,,,,,,,,,ACEMARJHB,,,,,,,,,,,,,,,,,,,0,,,,,,,,,,,,,,,,,,,,,,,,,,,,,,
CARMVPPRG,CARGO MVP S.R.O.,Company,,CZPRG,CARMVPPRG,,Commercial,,All Territories,,,,,,,,,,,,,,,,,,,,CARMVPPRG,,,,,,,,,,,,,,,,,,,0,,,,,,,,,,,,,,,,,,,,,,,,,,,,,,
LEGDYNAFE,LEGEND DYNAMIC SDN BHD,Company,,MYKUL,LEGDYNAFE,,Commercial,,All Territories,,,,,,,,,,,,,,,,,www.kitchenz.com.my,,,LEGDYNAFE,,,,hanlong88@gmail.com,,,,,,,,,,,,,,,0,,,,,,,,,,,,,,,,,,,,,,,,,,,,,,
XIAHEHAFE,"XIAMEN HEHONG INTERNATIONAL FREIGHT FORWARDING CO., LTD",Company,,CNXAM,XIAHEHAFE,,Commercial,,All Territories,,,,,,,,,,,,,,,,,www.xmhehong.com,,,XIAHEHAFE,,,+8613459013751,luguoyuan-1226@163.COM,,,,,,,,,,,,,,,0,,,,,,,,,,,,,,,,,,,,,,,,,,,,,,
SHACHNSHA,"SHANGHAI CHN-CTD LOGISTICS CO.,LTD.",Company,,CNSHA,SHACHNSHA,,Commercial,,All Territories,,,,,,,,,,,,,,,,,,,,SHACHNSHA,,,,wy.jiang@ctdlogistics-chn.com,,,,,,,,,,,,,,,0,,,,,,,,,,,,,,,,,,,,,,,,,,,,,,
HANLOGPRG,HANSEATIC LOGISTICS S.R.O.,Company,,CZPRG,HANLOGPRG,,Commercial,,All Territories,,,,,,,,,,,,,,,,,,,,HANLOGPRG,,,,,,,,,,,,,,,,,,,0,,,,,,,,,,,,,,,,,,,,,,,,,,,,,,
KHTRADMNL,KH TRADE CENTER INC.,Company,,PHMNL,KHTRADMNL,,Commercial,,All Territories,,,,,,,,,,,,,,,,,,,,KHTRADMNL,,,,,,,,,,,,,,,,,,,0,,,,,,,,,,,,,,,,,,,,,,,,,,,,,,
SPEZTWAFE,SPEEDWAY SERVICES (HK) CO LTD.,Company,,HKZTW,SPEZTWAFE,,Commercial,,All Territories,,,,,,,,,,,,,,,,,,,,SPEZTWAFE,,,+85290211323,phoebe@speedwayservices.com.hk,,,,,,,,,,,,,,,0,,,,,,,,,,,,,,,,,,,,,,,,,,,,,,
PROLOGAFE,PROSPECT LOGISTICS PTE LTD,Company,,SGSIN,PROLOGAFE,,Commercial,,All Territories,,,,,,,,,,,,,,,,,,,,PROLOGAFE,,,,michael@prospect.sg,,,,,,,,,,,,,,,0,,,,,,,,,,,,,,,,,,,,,,,,,,,,,,
ACPGAMTPE,ACP GAMING LIMITED,Company,,TWTPE,ACPGAMTPE,,Commercial,,All Territories,,,,,,,,,,,,,,,,,,,,ACPGAMTPE,,,,,,,,,,,,,,,,,,,0,,,,,,,,,,,,,,,,,,,,,,,,,,,,,,
GLOLONAFE,GLOBAL MERCHANDISING SERVICES LIMITED,Company,,GBLON,GLOLONAFE,,Commercial,,All Territories,,,,,,,,,,,,,,,,,,,,GLOLONAFE,,,,,,,,,,,,,,,,,,,0,,,,,,,,,,,,,,,,,,,,,,,,,,,,,,
FLUENEMEL,FLUENCE ENERGY PTY LTD,Company,,AUMEL,FLUENEMEL,,Commercial,,All Territories,,,,,,,,,,,,,,,,,,,,FLUENEMEL,,,,,,,,,,,,,,,,,,,0,,,,,,,,,,,,,,,,,,,,,,,,,,,,,,
GUCKORSEL,GUCHANG KOREA CO. LTD.,Company,,KRSEL,GUCKORSEL,,Commercial,,All Territories,,,,,,,,,,,,,,,,,,,,GUCKORSEL,,,,,,,,,,,,,,,,,,,0,,,,,,,,,,,,,,,,,,,,,,,,,,,,,,
MONKLAAFE,MONTFORT WERBUNG GMBH,Company,,ATKLA,MONKLAAFE,,Commercial,,All Territories,,,,,,,,,,,,,,,,,,,,MONKLAAFE,,,,,,,,,,,,,,,,,,,0,,,,,,,,,,,,,,,,,,,,,,,,,,,,,,
INTWORQCY,INTRAL WORLDWIDE LLC,Company,,USQCY,INTWORQCY,,Commercial,,All Territories,,,,,,,,,,,,,,,,,,,,INTWORQCY,,,,sbarney@intral.com,,,,,,,,,,,,,,,0,,,,,,,,,,,,,,,,,,,,,,,,,,,,,,
JERLOGQDG,JERRY LOGISTICS,Company,,CNQDG,JERLOGQDG,,Commercial,,All Territories,,,,,,,,,,,,,,,,,,,,JERLOGQDG,,,,,,,,,,,,,,,,,,,0,,,,,,,,,,,,,,,,,,,,,,,,,,,,,,
KLGEURRTM1,KLG EUROPE BV,Company,,NLRTM,KLGEURRTM1,,Commercial,,All Territories,,,,,,,,,,,,,,,,,,,,KLGEURRTM1,,,,,,,,,,,,,,,,,,,0,,,,,,,,,,,,,,,,,,,,,,,,,,,,,,
AERAFRKIS,AERO AFRICA MASHARIKI CARGO SOLUTIONS LTD,Company,,KEKIS,AERAFRKIS,,Commercial,,All Territories,,,,,,,,,,,,,,,,,,,,AERAFRKIS,,,,,,,,,,,,,,,,,,,0,,,,,,,,,,,,,,,,,,,,,,,,,,,,,,
EMMLUXAFE,EMMA RUTH YULO-KITIYAKAR,Company,,USLAX,EMMLUXAFE,,Commercial,,All Territories,,,,,,,,,,,,,,,,,,,,EMMLUXAFE,,,,emmaruthyulo@aol.com,,,,,,,,,,,,,,,0,,,,,,,,,,,,,,,,,,,,,,,,,,,,,,
HERLOGAFE,HERBST LOGISTICS GMBH,Company,,DEAWD,HERLOGAFE,,Commercial,,All Territories,,,,,,,,,,,,,,,,,http://www.herbst-logistics.com,,,HERLOGAFE,,,,e.geiger@herbst-logistics.com,,,,,,,,,,,,,,,0,,,,,,,,,,,,,,,,,,,,,,,,,,,,,,
EMBFRENRT,"EMBASSY FREIGHT SERVICES CO., LTD.",Company,,JPTYO,EMBFRENRT,,Commercial,,All Territories,,,,,,,,,,,,,,,,,,,,EMBFRENRT,,,,,,,,,,,,,,,,,,,0,,,,,,,,,,,,,,,,,,,,,,,,,,,,,,
DECOEXBCN,DECOEXSA BARCELONA,Company,,ESBCN,DECOEXBCN,,Commercial,,All Territories,,,,,,,,,,,,,,,,,,,,DECOEXBCN,,,,aereo@decoexsa.com,,,,,,,,,,,,,,,0,,,,,,,,,,,,,,,,,,,,,,,,,,,,,,
TRAOCEDXB,TRANS OCEAN HEAVY EQUIPMENT FZCO,Company,,AEDXB,TRAOCEDXB,,Commercial,,All Territories,,,,,,,,,,,,,,,,,,,,TRAOCEDXB,,,+971551116600,,,,,,,,,,,,,,,,0,,,,,,,,,,,,,,,,,,,,,,,,,,,,,,
DIEINTAFE,DIETL INTERNATIONAL SERVICES,Company,,USNYC,DIEINTAFE,,Commercial,,All Territories,,,,,,,,,,,,,,,,,,,,DIEINTAFE,,,,Geoffrey.Dare@dietl.com,,,,,,,,,,,,,,,0,,,,,,,,,,,,,,,,,,,,,,,,,,,,,,
TRILOGBLR,TRIPATH LOGISTICS PVT LTD,Company,,INBLR,TRILOGBLR,,Commercial,,All Territories,,,,,,,,,,,,,,,,,,,,TRILOGBLR,,,,hemanth@blr.tripathlogistics.com,,,,,,,,,,,,,,,0,,,,,,,,,,,,,,,,,,,,,,,,,,,,,,
EXITRANPE,EXIM TRADING PTY LTD,Company,,NZNPE,EXITRANPE,,Commercial,,All Territories,,,,,,,,,,,,,,,,,,,,EXITRANPE,,,,,,,,,,,,,,,,,,,0,,,,,,,,,,,,,,,,,,,,,,,,,,,,,,
PLUCARSCL,PLUS CARGO CHILE LTDA,Company,,CLSCL,PLUCARSCL,,Commercial,,All Territories,,,,,,,,,,,,,,,,,,,,PLUCARSCL,,,,,,,,,,,,,,,,,,,0,,,,,,,,,,,,,,,,,,,,,,,,,,,,,,
FOSSRLMIL,FOSCARINI SRL,Company,,ITMIL,FOSSRLMIL,,Commercial,,All Territories,,,,,,,,,,,,,,,,,,,,FOSSRLMIL,,,,,,,,,,,,,,,,,,,0,,,,,,,,,,,,,,,,,,,,,,,,,,,,,,
BDGINTILP,"BDG INTERNATIONAL, INC.",Company,,USILP,BDGINTILP,,Commercial,,All Territories,,,,,,,,,,,,,,,,,www.bdginternational.com,,,BDGINTILP,,,,,,,,,,,,,,,,,,,0,,,,,,,,,,,,,,,,,,,,,,,,,,,,,,
PRIAIRCAR,PRIME AIR CORP (USA),Company,,PRCAR,PRIAIRCAR,,Commercial,,All Territories,,,,,,,,,,,,,,,,,,,,PRIAIRCAR,,,,,,,,,,,,,,,,,,,0,,,,,,,,,,,,,,,,,,,,,,,,,,,,,,
FESSERGRU,FESHI SERVICOS ADUANEIROS E TRANSPORTES LTDA,Company,,BRGRU,FESSERGRU,,Commercial,,All Territories,,,,,,,,,,,,,,,,,,,,FESSERGRU,,,,,,,,,,,,,,,,,,,0,,,,,,,,,,,,,,,,,,,,,,,,,,,,,,
PWSKEWAFE,PW SKEWES & CO,Company,,AUQLD,PWSKEWAFE,,Commercial,,All Territories,,,,,,,,,,,,,,,,,,,,PWSKEWAFE,,,,office@pwskewes.com.au,,,,,,,,,,,,,,,0,,,,,,,,,,,,,,,,,,,,,,,,,,,,,,
KAGLOGSEK,KAGAYAKU LOGISTICS (M) SDN.BHD,Company,,MYSEK,KAGLOGSEK,,Commercial,,All Territories,,,,,,,,,,,,,,,,,,,,KAGLOGSEK,,,,,,,,,,,,,,,,,,,0,,,,,,,,,,,,,,,,,,,,,,,,,,,,,,
HASMIDAFE,HASENKAMP MIDDLE EAST LLC.,Company,,AEDXB,HASMIDAFE,,Commercial,,All Territories,,,,,,,,,,,,,,,,,,,,HASMIDAFE,,,,w.tomelden@hasenkamp.com,,,,,,,,,,,,,,,0,,,,,,,,,,,,,,,,,,,,,,,,,,,,,,
BLAARTAFE,BLAFFER ART MUSEUM,Company,,USHOU,BLAARTAFE,,Commercial,,All Territories,,,,,,,,,,,,,,,,,,,,BLAARTAFE,,,,,,,,,,,,,,,,,,,0,,,,,,,,,,,,,,,,,,,,,,,,,,,,,,
PLUBRASSZ,PLUSCARGO BRASIL,Company,,BRSSZ,PLUBRASSZ,,Commercial,,All Territories,,,,,,,,,,,,,,,,,,,,PLUBRASSZ,,,,,,,,,,,,,,,,,,,0,,,,,,,,,,,,,,,,,,,,,,,,,,,,,,
COUBASKNZ,"COUNTRY BASE CO., LTD.",Company,,JPKNZ,COUBASKNZ,,Commercial,,All Territories,,,,,,,,,,,,,,,,,,,,COUBASKNZ,,,,,,,,,,,,,,,,,,,0,,,,,,,,,,,,,,,,,,,,,,,,,,,,,,
CULOGIBKK,"CU LOGISTICS CO.,LTD 410/87-88 SOI TRATCH",Company,,THBKK,CULOGIBKK,,Commercial,,All Territories,,,,,,,,,,,,,,,,,,,,CULOGIBKK,,,,,,,,,,,,,,,,,,,0,,,,,,,,,,,,,,,,,,,,,,,,,,,,,,
SHIIMPJJI,"SHIDING IMPORT & EXPORT CO., LTD.",Company,,CNJJI,SHIIMPJJI,,Commercial,,All Territories,,,,,,,,,,,,,,,,,,,,SHIIMPJJI,,,,yinyin_guo@yahoo.com,,,,,,,,,,,,,,,0,,,,,,,,,,,,,,,,,,,,,,,,,,,,,,
MARTYOAFE,MARPOSS KABUSHIKI KAISHA,Company,,JPTYO,MARTYOAFE,,Commercial,,All Territories,,,,,,,,,,,,,,,,,,,,MARTYOAFE,,,,kaoru.naito@jp.marposs.com,,,,,,,,,,,,,,,0,,,,,,,,,,,,,,,,,,,,,,,,,,,,,,
INTSPERTM,INTERFRACHT SPEDITIONS AG,Company,,NLRTM,INTSPERTM,,Commercial,,All Territories,,,,,,,,,,,,,,,,,,,,INTSPERTM,,,,,,,,,,,,,,,,,,,0,,,,,,,,,,,,,,,,,,,,,,,,,,,,,,
ZINOQUHKG,ZINOR QU LIMITED,Company,,HKHKG,ZINOQUHKG,,Commercial,,All Territories,,,,,,,,,,,,,,,,,,,,ZINOQUHKG,,,,,,,,,,,,,,,,,,,0,,,,,,,,,,,,,,,,,,,,,,,,,,,,,,
APTRADMIA,A&P TRADING CORP.,Company,,USMIA,APTRADMIA,,Commercial,,All Territories,,,,,,,,,,,,,,,,,,,,APTRADMIA,,,,,,,,,,,,,,,,,,,0,,,,,,,,,,,,,,,,,,,,,,,,,,,,,,
LAGLOGSZG,LAGERMAX LOGISTIC AUSTRIA GMBH,Company,,ATSZG,LAGLOGSZG,,Commercial,,All Territories,,,,,,,,,,,,,,,,,,,,LAGLOGSZG,,,,,,,,,,,,,,,,,,,0,,,,,,,,,,,,,,,,,,,,,,,,,,,,,,
XRUSTSYD,X-RUST,Company,,AUSYD,XRUSTSYD,,Commercial,,All Territories,,,,,,,,,,,,,,,,,,,,XRUSTSYD,,,,,,,,,,,,,,,,,,,0,,,,,,,,,,,,,,,,,,,,,,,,,,,,,,
TDSSEAAFE,TDS SEAEVER EXHIBITION SERVICE CO LTD,Company,,CNSZX,TDSSEAAFE,,Commercial,,All Territories,,,,,,,,,,,,,,,,,,,,TDSSEAAFE,,,,,,,,,,,,,,,,,,,0,,,,,,,,,,,,,,,,,,,,,,,,,,,,,,
AEXLOGAFE,AEXHIBIZ LOGISTIC LLP,Company,,INDEL,AEXLOGAFE,,Commercial,,All Territories,,,,,,,,,,,,,,,,,,,,AEXLOGAFE,,,+919178425900,Ajay.pathak@aexhibizlogistics.com,,,,,,,,,,,,,,,0,,,,,,,,,,,,,,,,,,,,,,,,,,,,,,
UNIINTBKK,UNIVERSE INTER LOGISTICS CO LTD,Company,,THBKK,UNIINTBKK,,Commercial,,All Territories,,,,,,,,,,,,,,,,,,,,UNIINTBKK,,,,oversea@usllogistics.com,,,,,,,,,,,,,,,0,,,,,,,,,,,,,,,,,,,,,,,,,,,,,,
INDREFLAX,INDUSTRIAL REFRIGERATION PARTS,Company,,USLAX,INDREFLAX,,Commercial,,All Territories,,,,,,,,,,,,,,,,,,,,INDREFLAX,,,,,,,,,,,,,,,,,,,0,,,,,,,,,,,,,,,,,,,,,,,,,,,,,,
PEOOFLAFE,PEOPLE OF LOGISTICS,Company,,KRSEL,PEOOFLAFE,,Commercial,,All Territories,,,,,,,,,,,,,,,,,,,,PEOOFLAFE,,,,kay@polkorea.co.kr,,,,,,,,,,,,,,,0,,,,,,,,,,,,,,,,,,,,,,,,,,,,,,
FRIZUFFUL,FRIEDRICH ZUFALL GMBH & CO. KG.,Company,,DEFUL,FRIZUFFUL,,Commercial,,All Territories,,,,,,,,,,,,,,,,,,,,FRIZUFFUL,,,,,,,,,,,,,,,,,,,0,,,,,,,,,,,,,,,,,,,,,,,,,,,,,,
MONSLTAFE,MONINI SPA,Company,,ITSLT,MONSLTAFE,,Commercial,,All Territories,,,,,,,,,,,,,,,,,,,,MONSLTAFE,,,,,,,,,,,,,,,,,,,0,,,,,,,,,,,,,,,,,,,,,,,,,,,,,,
KORDEVBAS,KORDA DEVELOPMENTS LTD.,Company,,GBBAS,KORDEVBAS,,Commercial,,All Territories,,,,,,,,,,,,,,,,,,,,KORDEVBAS,,,,,,,,,,,,,,,,,,,0,,,,,,,,,,,,,,,,,,,,,,,,,,,,,,
TRALOGAFE,"TRADELINKS LOGISTICS & SERVICES CO., LTD.",Company,,VNSGN,TRALOGAFE,,Commercial,,All Territories,,,,,,,,,,,,,,,,,,,,TRALOGAFE,,,,,,,,,,,,,,,,,,,0,,,,,,,,,,,,,,,,,,,,,,,,,,,,,,
ISRLOGASH,ISRAELCARGO LOGISTICS (ICL) LTD,Company,,ILASH,ISRLOGASH,,Commercial,,All Territories,,,,,,,,,,,,,,,,,,,,ISRLOGASH,,,,,,,,,,,,,,,,,,,0,,,,,,,,,,,,,,,,,,,,,,,,,,,,,,
QUAINTORD,"QUALITEK INTERNATIONAL, INC.",Company,,USORD,QUAINTORD,,Commercial,,All Territories,,,,,,,,,,,,,,,,,,,,QUAINTORD,,,,,,,,,,,,,,,,,,,0,,,,,,,,,,,,,,,,,,,,,,,,,,,,,,
AIRSPEKWC,PT. AIR SPEED LOGISTICS,Company,,IDKWC,AIRSPEKWC,,Commercial,,All Territories,,,,,,,,,,,,,,,,,,,,AIRSPEKWC,,,,,,,,,,,,,,,,,,,0,,,,,,,,,,,,,,,,,,,,,,,,,,,,,,
GLOWIEAFE,GLOBAL MARKETING GROUP LTD.,Company,,GBWIE,GLOWIEAFE,,Commercial,,All Territories,,,,,,,,,,,,,,,,,,,,GLOWIEAFE,,,,,,,,,,,,,,,,,,,0,,,,,,,,,,,,,,,,,,,,,,,,,,,,,,
BATSHIGAY,BATI SHIPPING & TRADING S.A,Company,,TRGAY,BATSHIGAY,,Commercial,,All Territories,,,,,,,,,,,,,,,,,,,,BATSHIGAY,,,,sales2@batigroup.com.tr,,,,,,,,,,,,,,,0,,,,,,,,,,,,,,,,,,,,,,,,,,,,,,
PROHKGAFE,"PROACTIVE GLOBAL LOGISTICS CO.,  LTD",Company,,HKHKG,PROHKGAFE,,Commercial,,All Territories,,,,,,,,,,,,,,,,,,,,PROHKGAFE,,,+8618578496246,tim.ng@proactive-gl.com,,,,,,,,,,,,,,,0,,,,,,,,,,,,,,,,,,,,,,,,,,,,,,
MEREXPAFE,MERKUR EXPO LOGISTICS GMBH,Company,,DEHCS,MEREXPAFE,,Commercial,,All Territories,,,,,,,,,,,,,,,,,,,,MEREXPAFE,,,,akerman@merkur-expo.com,,,,,,,,,,,,,,,0,,,,,,,,,,,,,,,,,,,,,,,,,,,,,,
QUALOGSSA,QUANTUM LOGÍSTICA LTDA,Company,,BRSSA,QUALOGSSA,,Commercial,,All Territories,,,,,,,,,,,,,,,,,,,,QUALOGSSA,,,,,,,,,,,,,,,,,,,0,,,,,,,,,,,,,,,,,,,,,,,,,,,,,,
GUAFORCAN,GUANGDONG FOREIGN TRADE IMP & EXP CORP,Company,,CNGGZ,GUAFORCAN,,Commercial,,All Territories,,,,,,,,,,,,,,,,,,,,GUAFORCAN,,,,,,,,,,,,,,,,,,,0,,,,,,,,,,,,,,,,,,,,,,,,,,,,,,
CONALLQLD,CONSOL ALLIANCE BRISBANE,Company,,AUQLD,CONALLQLD,,Commercial,,All Territories,,,,,,,,,,,,,,,,,,,,CONALLQLD,,,,,,,,,,,,,,,,,,,0,,,,,,,,,,,,,,,,,,,,,,,,,,,,,,
MARENGCAI,MARINE AND ENGINEERING SERVICES CO. (MESCO),Company,,EGCAI,MARENGCAI,,Commercial,,All Territories,,,,,,,,,,,,,,,,,,,,MARENGCAI,,,,,,,,,,,,,,,,,,,0,,,,,,,,,,,,,,,,,,,,,,,,,,,,,,
FRIAIRHFA1,FRIDENSON AIR & OCEAN LTD.,Company,,ILHFA,FRIAIRHFA1,,Commercial,,All Territories,,,,,,,,,,,,,,,,,,,,FRIAIRHFA1,,,,,,,,,,,,,,,,,,,0,,,,,,,,,,,,,,,,,,,,,,,,,,,,,,
TSCLOGAAR,TSCHUDI LOGISTICS A.S.,Company,,DKAAR,TSCLOGAAR,,Commercial,,All Territories,,,,,,,,,,,,,,,,,,,,TSCLOGAAR,,,,chartering@tschudilogistics.com,,,,,,,,,,,,,,,0,,,,,,,,,,,,,,,,,,,,,,,,,,,,,,
ASEANKAFE,ASELSAN ELEKTRONIK SAN TIC A.S.,Company,,TRANK,ASEANKAFE,,Commercial,,All Territories,,,,,,,,,,,,,,,,,,,,ASEANKAFE,,,,,,,,,,,,,,,,,,,0,,,,,,,,,,,,,,,,,,,,,,,,,,,,,,
EGECDGIAFE,EGETRA ROISSY,Company,,FRCDG,EGECDGIAFE,,Commercial,,All Territories,,,,,,,,,,,,,,,,,,,,EGECDGIAFE,,,,,,,,,,,,,,,,,,,0,,,,,,,,,,,,,,,,,,,,,,,,,,,,,,
KODSOLDEL,KODAN SOLUTIONS PRIVATE LIMITED,Company,,INDEL,KODSOLDEL,,Commercial,,All Territories,,,,,,,,,,,,,,,,,,,,KODSOLDEL,,,,,,,,,,,,,,,,,,,0,,,,,,,,,,,,,,,,,,,,,,,,,,,,,,
JOHMATMMX,JOHAN MATSANDERS,Company,,SEMMX,JOHMATMMX,,Commercial,,All Territories,,,,,,,,,,,,,,,,,,,,JOHMATMMX,,,,,,,,,,,,,,,,,,,0,,,,,,,,,,,,,,,,,,,,,,,,,,,,,,
CTOGLOVCE,CTO GLOBAL LOGISTICS ITALIA SRL,Company,,ITVCE,CTOGLOVCE,,Commercial,,All Territories,,,,,,,,,,,,,,,,,,,,CTOGLOVCE,,,,,,,,,,,,,,,,,,,0,,,,,,,,,,,,,,,,,,,,,,,,,,,,,,
GREEXPTPE,GREEN EXPERTS CORP.,Company,,TWTPE,GREEXPTPE,,Commercial,,All Territories,,,,,,,,,,,,,,,,,www.greenexperts.com.tw,,,GREEXPTPE,,,,ge@greenexperts.com.tw,,,,,,,,,,,,,,,0,,,,,,,,,,,,,,,,,,,,,,,,,,,,,,
DSVTLVAFE,DSV AIR / SEA LTD.,Company,,ILTLV,DSVTLVAFE,,Commercial,,All Territories,,,,,,,,,,,,,,,,,,,,DSVTLVAFE,,,,hagit.tombak@il.dsv.com,,,,,,,,,,,,,,,0,,,,,,,,,,,,,,,,,,,,,,,,,,,,,,
SHASHIDXB,SHARAF SHIPPING AGENCY LLC,Company,,AEDXB,SHASHIDXB,,Commercial,,All Territories,,,,,,,,,,,,,,,,,,,,SHASHIDXB,,,+97143130311,,,,,,,,,,,,,,,,0,,,,,,,,,,,,,,,,,,,,,,,,,,,,,,
COLGALAFE,COLUMNS GALLERY,Company,,KRICN,COLGALAFE,,Commercial,,All Territories,,,,,,,,,,,,,,,,,,,,COLGALAFE,,,,columns@columns.co.kr,,,,,,,,,,,,,,,0,,,,,,,,,,,,,,,,,,,,,,,,,,,,,,
KUEVIEAFE,KUEHNE + NAGEL GES.M.B.H,Company,,ATVIE,KUEVIEAFE,,Commercial,,All Territories,,,,,,,,,,,,,,,,,www.kuehne-nagel.at,,,KUEVIEAFE,,,+4367682294076,natalie.gartler@kuehne-nagel.com,,,,,,,,,,,,,,,0,,,,,,,,,,,,,,,,,,,,,,,,,,,,,,
PTASPEJKT,PT.AIR SPEED LOGISTICS,Company,,IDJKT,PTASPEJKT,,Commercial,,All Territories,,,,,,,,,,,,,,,,,,,,PTASPEJKT,,,,Chandra@airspeed.co.id,,,,,,,,,,,,,,,0,,,,,,,,,,,,,,,,,,,,,,,,,,,,,,
ASECARMEL,ASEAN CARGO PTY LIMITED,Company,,AUMEL,ASECARMEL,,Commercial,,All Territories,,,,,,,,,,,,,,,,,,,,ASECARMEL,,,,,,,,,,,,,,,,,,,0,,,,,,,,,,,,,,,,,,,,,,,,,,,,,,
GLOWESDXB,GLOBELINK WEST STAR SHIPPING LLC,Company,,AEDXB,GLOWESDXB,,Commercial,,All Territories,,,,,,,,,,,,,,,,,www.glweststardubai.com,,,GLOWESDXB,,,+971564094154,wilbert@glweststardubai.com,,,,,,,,,,,,,,,0,,,,,,,,,,,,,,,,,,,,,,,,,,,,,,
SUPCARHPH,"SUPER CARGO SERVICE CO., LTD.",Company,,VNHPH,SUPCARHPH,,Commercial,,All Territories,,,,,,,,,,,,,,,,,,,,SUPCARHPH,,,,info-hph@supercargoservice.com,,,,,,,,,,,,,,,0,,,,,,,,,,,,,,,,,,,,,,,,,,,,,,
ODPZTRAFE,ODP GROUP LLC (TEXHA GLOBAL),Company,,UAZTR,ODPZTRAFE,,Commercial,,All Territories,,,,,,,,,,,,,,,,,,,,ODPZTRAFE,,,,i.yaroshchuk@texha.com,,,,,,,,,,,,,,,0,,,,,,,,,,,,,,,,,,,,,,,,,,,,,,
HAMHELKUA,HAMMOCK HELICOPTER,Company,,MYKUA,HAMHELKUA,,Commercial,,All Territories,,,,,,,,,,,,,,,,,,,,HAMHELKUA,,,,berenice@hammockheli.com,,,,,,,,,,,,,,,0,,,,,,,,,,,,,,,,,,,,,,,,,,,,,,
ECBOG,EC GROUP S.A.S.,Company,,COBOG,ECBOG,,Commercial,,All Territories,,,,,,,,,,,,,,,,,,,,ECBOG,,,,,,,,,,,,,,,,,,,0,,,,,,,,,,,,,,,,,,,,,,,,,,,,,,
CORCHIHKG,CORNING (CHINA) LIMITED,Company,,HKHKG,CORCHIHKG,,Commercial,,All Territories,,,,,,,,,,,,,,,,,,,,CORCHIHKG,,,,,,,,,,,,,,,,,,,0,,,,,,,,,,,,,,,,,,,,,,,,,,,,,,
ATLCORJAX,"ATLANTIC CORAL ENTERPRISES, INC.",Company,,USJAX,ATLCORJAX,,Commercial,,All Territories,,,,,,,,,,,,,,,,,,,,ATLCORJAX,,,,atlanticcoralmanager@yahoo.com,,,,,,,,,,,,,,,0,,,,,,,,,,,,,,,,,,,,,,,,,,,,,,
NOALOGJKT,PT. NOATUM LOGISTICS INDONESIA,Company,,IDJKT,NOALOGJKT,,Commercial,,All Territories,,,,,,,,,,,,,,,,,,,,NOALOGJKT,,,,,,,,,,,,,,,,,,,0,,,,,,,,,,,,,,,,,,,,,,,,,,,,,,
ZHAZJGAFE,"ZHANGJIAGANG EXCEEDER MACHINERY CO., LTD.",Company,,CNZJG,ZHAZJGAFE,,Commercial,,All Territories,,,,,,,,,,,,,,,,,,,,ZHAZJGAFE,,,,,,,,,,,,,,,,,,,0,,,,,,,,,,,,,,,,,,,,,,,,,,,,,,
FRELOGZRH,FREIGHT-LOGISTIC AG,Company,,CHZRH,FRELOGZRH,,Commercial,,All Territories,,,,,,,,,,,,,,,,,,,,FRELOGZRH,,,,,,,,,,,,,,,,,,,0,,,,,,,,,,,,,,,,,,,,,,,,,,,,,,
SIEMALJHB,SIEGWERK MALAYSIA SDN BHD,Company,,MYJHB,SIEMALJHB,,Commercial,,All Territories,,,,,,,,,,,,,,,,,,,,SIEMALJHB,,,,,,,,,,,,,,,,,,,0,,,,,,,,,,,,,,,,,,,,,,,,,,,,,,
RECAUSBNE,RECYCLERS AUSTRALIA PTY LTD.,Company,,AUBNE,RECAUSBNE,,Commercial,,All Territories,,,,,,,,,,,,,,,,,,,,RECAUSBNE,,,,,,,,,,,,,,,,,,,0,,,,,,,,,,,,,,,,,,,,,,,,,,,,,,
H3TECGHXB,H3 TECHNOLOGY GMBH,Company,,USHXB,H3TECGHXB,,Commercial,,All Territories,,,,,,,,,,,,,,,,,,,,H3TECGHXB,,,,,,,,,,,,,,,,,,,0,,,,,,,,,,,,,,,,,,,,,,,,,,,,,,
LDTRANAFE,"LD TRANSPORT & LOGISTICS SOLUTIONS, SL",Company,,ESMAD,LDTRANAFE,,Commercial,,All Territories,,,,,,,,,,,,,,,,,,,,LDTRANAFE,,,,comercial@ldtransport.es,,,,,,,,,,,,,,,0,,,,,,,,,,,,,,,,,,,,,,,,,,,,,,
SUNSTADAC,SUN STAR CARGO SYSTEMS  LIMITED,Company,,BDDAC,SUNSTADAC,,Commercial,,All Territories,,,,,,,,,,,,,,,,,,,,SUNSTADAC,,,,seuli@sunstar-cargo.com,,,,,,,,,,,,,,,0,,,,,,,,,,,,,,,,,,,,,,,,,,,,,,
LUCELEAFE,LUCY ELECTRIC (THAILAND) LTD. (BRANCH: 00001),Company,,THBKK,LUCELEAFE,,Commercial,,All Territories,,,,,,,,,,,,,,,,,,,,LUCELEAFE,,,+66618196606,,,,,,,,,,,,,,,,0,,,,,,,,,,,,,,,,,,,,,,,,,,,,,,
GUASTACAN,GUANGDONG STATIONERY & SPORTING GOODS,Company,,CNGGZ,GUASTACAN,,Commercial,,All Territories,,,,,,,,,,,,,,,,,,,,GUASTACAN,,,,,,,,,,,,,,,,,,,0,,,,,,,,,,,,,,,,,,,,,,,,,,,,,,
AQUAIRBAH,AQUA AIR LOGISTICS,Company,,BHBAH,AQUAIRBAH,,Commercial,,All Territories,,,,,,,,,,,,,,,,,,,,AQUAIRBAH,,,,sales1.bhn@aquaairlogistics.me,,,,,,,,,,,,,,,0,,,,,,,,,,,,,,,,,,,,,,,,,,,,,,
KDFUGN,KDF CO. LTD.,Company,,KRUGN,KDFUGN,,Commercial,,All Territories,,,,,,,,,,,,,,,,,,,,KDFUGN,,,,,,,,,,,,,,,,,,,0,,,,,,,,,,,,,,,,,,,,,,,,,,,,,,
WORFRETUN,WORLD FREIGHT SERVICES TUNISIA,Company,,TNTUN,WORFRETUN,,Commercial,,All Territories,,,,,,,,,,,,,,,,,,,,WORFRETUN,,,,,,,,,,,,,,,,,,,0,,,,,,,,,,,,,,,,,,,,,,,,,,,,,,
AGILOGMEM,AGILITY LOGISTICS CORP.,Company,,USMEM,AGILOGMEM,,Commercial,,All Territories,,,,,,,,,,,,,,,,,,,,AGILOGMEM,,,,,,,,,,,,,,,,,,,0,,,,,,,,,,,,,,,,,,,,,,,,,,,,,,
PATNSWAFE,PATHFINDER BOOKS,Company,,AUNSW,PATNSWAFE,,Commercial,,All Territories,,,,,,,,,,,,,,,,,,,,PATNSWAFE,,,,pathfinderbooks@optusnet.com.au,,,,,,,,,,,,,,,0,,,,,,,,,,,,,,,,,,,,,,,,,,,,,,
INTCARBNE,INTERPORT CARGO SERVICES PTY LTD,Company,,AUBNE,INTCARBNE,,Commercial,,All Territories,,,,,,,,,,,,,,,,,,,,INTCARBNE,,,,,,,,,,,,,,,,,,,0,,,,,,,,,,,,,,,,,,,,,,,,,,,,,,
GLOCOMHWD,GLOBAL COMMODITIES CORP.,Company,,USHWD,GLOCOMHWD,,Commercial,,All Territories,,,,,,,,,,,,,,,,,,,,GLOCOMHWD,,,,,,,,,,,,,,,,,,,0,,,,,,,,,,,,,,,,,,,,,,,,,,,,,,
DHLCGNAFE,DHL TRADE FAIRS & EVENTS GMBH,Company,,DECGN,DHLCGNAFE,,Commercial,,All Territories,,,,,,,,,,,,,,,,,,,,DHLCGNAFE,,,,niclas.kotula@dhl.com,,,,,,,,,,,,,,,0,,,,,,,,,,,,,,,,,,,,,,,,,,,,,,
SHEHONSZXAFE,"SHENZHEN HONGQDA LOGSITICS CO.,LTD",Company,,CNSNZ,SHEHONSZXAFE,,Commercial,,All Territories,,,,,,,,,,,,,,,,,,,,SHEHONSZXAFE,,,,op_hqd@126.com,,,,,,,,,,,,,,,0,,,,,,,,,,,,,,,,,,,,,,,,,,,,,,
TTCPUSAFE,"TTC CO., LTD.",Company,,KRPUS,TTCPUSAFE,,Commercial,,All Territories,,,,,,,,,,,,,,,,,,,,TTCPUSAFE,,,,ttc@thinkthinkcar.com,,,,,,,,,,,,,,,0,,,,,,,,,,,,,,,,,,,,,,,,,,,,,,
BINPHUSGN,"BINH PHU INTERNATIONAL TRADING INVESTMENT CO., LTD.",Company,,VNSGN,BINPHUSGN,,Commercial,,All Territories,,,,,,,,,,,,,,,,,,,,BINPHUSGN,,,,customerservices@bipshipping.vn,,,,,,,,,,,,,,,0,,,,,,,,,,,,,,,,,,,,,,,,,,,,,,
SHIASISIN,SHIMADZU (ASIA PACIFIC) PTE LTD.,Company,,SGSIN,SHIASISIN,,Commercial,,All Territories,,,,,,,,,,,,,,,,,,,,SHIASISIN,,,,,,,,,,,,,,,,,,,0,,,,,,,,,,,,,,,,,,,,,,,,,,,,,,
LYNLOGSEA,LYNDEN LOGISTICS,Company,,USSEA,LYNLOGSEA,,Commercial,,All Territories,,,,,,,,,,,,,,,,,,,,LYNLOGSEA,,,,,,,,,,,,,,,,,,,0,,,,,,,,,,,,,,,,,,,,,,,,,,,,,,
HEREXHAFE,HERMES EXHIBITIONS & PROJECTS LTD.,Company,,ILLOD,HEREXHAFE,,Commercial,,All Territories,,,,,,,,,,,,,,,,,www.hermes-exhibitions.com,,,HEREXHAFE,,,+972528890130,hagit.tombak@hermes-exhibitions.com,,,,,,,,,,,,,,,0,,,,,,,,,,,,,,,,,,,,,,,,,,,,,,
DMEUSAAFE,DME EXPO LOGISTICS,Company,,USNVD,DMEUSAAFE,,Commercial,,All Territories,,,,,,,,,,,,,,,,,,,,DMEUSAAFE,,,,,,,,,,,,,,,,,,,0,,,,,,,,,,,,,,,,,,,,,,,,,,,,,,
FRESYSCOK,FREIGHT SYSTEM ( INDIA ) PVT. LTD,Company,,INCOK,FRESYSCOK,,Commercial,,All Territories,,,,,,,,,,,,,,,,,,,,FRESYSCOK,,,+919895034179,AIR.INCOK@FREIGHTSYSTEMS.COM,,,,,,,,,,,,,,,0,,,,,,,,,,,,,,,,,,,,,,,,,,,,,,
SHEHUASSZX,"SHENZHEN HUAGUANSHUN IMPORT AND EXPORT LIMITED CO., LTD",Company,,CNSZX,SHEHUASSZX,,Commercial,,All Territories,,,,,,,,,,,,,,,,,,,,SHEHUASSZX,,,,,,,,,,,,,,,,,,,0,,,,,,,,,,,,,,,,,,,,,,,,,,,,,,
JIADTWNJI,"JIANGSU DTW INTERNATIONAL TRANSPORTATION CO.,LTD",Company,,CNNJI,JIADTWNJI,,Commercial,,All Territories,,,,,,,,,,,,,,,,,,,,JIADTWNJI,,,,,,,,,,,,,,,,,,,0,,,,,,,,,,,,,,,,,,,,,,,,,,,,,,
JSINTEICN,JS INTERNATIONAL KOREA,Company,,KRICN,JSINTEICN,,Commercial,,All Territories,,,,,,,,,,,,,,,,,,,,JSINTEICN,,,,,,,,,,,,,,,,,,,0,,,,,,,,,,,,,,,,,,,,,,,,,,,,,,
NSJGINAFE,"NSJ CO., LTD.",Company,,KRGIN,NSJGINAFE,,Commercial,,All Territories,,,,,,,,,,,,,,,,,,,,NSJGINAFE,,,,John Mok <trademok@gmail.com>,,,,,,,,,,,,,,,0,,,,,,,,,,,,,,,,,,,,,,,,,,,,,,
NORAGEOSL,NORAGENT AS,Company,,NOOSL,NORAGEOSL,,Commercial,,All Territories,,,,,,,,,,,,,,,,,,,,NORAGEOSL,,,,,,,,,,,,,,,,,,,0,,,,,,,,,,,,,,,,,,,,,,,,,,,,,,
UABEURVNO,UAB “EUROLOGUS”,Company,,LTVNO,UABEURVNO,,Commercial,,All Territories,,,,,,,,,,,,,,,,,,,,UABEURVNO,,,,,,,,,,,,,,,,,,,0,,,,,,,,,,,,,,,,,,,,,,,,,,,,,,
AELBERSZX,AEL BERKMAN FORWARDING (SHANGHAI) LTD,Company,,CNSZX,AELBERSZX,,Commercial,,All Territories,,,,,,,,,,,,,,,,,,,,AELBERSZX,,,,,,,,,,,,,,,,,,,0,,,,,,,,,,,,,,,,,,,,,,,,,,,,,,
JUSEURPRG,JUSDA EUROPE S.R.O,Company,,CZPRG,JUSEURPRG,,Commercial,,All Territories,,,,,,,,,,,,,,,,,,,,JUSEURPRG,,,+420736636399,,,,,,,,,,,,,,,,0,,,,,,,,,,,,,,,,,,,,,,,,,,,,,,
ATMGLOZRH,ATM GLOBAL LOGISTCS SA,Company,,CHZRH,ATMGLOZRH,,Commercial,,All Territories,,,,,,,,,,,,,,,,,,,,ATMGLOZRH,,,,,,,,,,,,,,,,,,,0,,,,,,,,,,,,,,,,,,,,,,,,,,,,,,
ROSPLAHAM,ROSE PLASTIC AG,Company,,DEHAM,ROSPLAHAM,,Commercial,,All Territories,,,,,,,,,,,,,,,,,,,,ROSPLAHAM,,,,,,,,,,,,,,,,,,,0,,,,,,,,,,,,,,,,,,,,,,,,,,,,,,
DISSINAFE,DISNEY NETWORKS SINGAPORE PTE LTD,Company,,SGSIN,DISSINAFE,,Commercial,,All Territories,,,,,,,,,,,,,,,,,,,,DISSINAFE,,,,sardjono.insani@disney.com,,,,,,,,,,,,,,,0,,,,,,,,,,,,,,,,,,,,,,,,,,,,,,
KUTFORJED,KUTBI  FOR INTERNATIONAL BUSINESS INTL FREIGHT FORWARDERS SAUDI ARABIA,Company,,SAJED,KUTFORJED,,Commercial,,All Territories,,,,,,,,,,,,,,,,,,,,KUTFORJED,,,+966126609438,,,,,,,,,,,,,,,,0,,,,,,,,,,,,,,,,,,,,,,,,,,,,,,
CMTGLOAFE,"CMT GLOBAL CO.,LTD.",Company,,KRICN,CMTGLOAFE,,Commercial,,All Territories,,,,,,,,,,,,,,,,,,,,CMTGLOAFE,,,,,,,,,,,,,,,,,,,0,,,,,,,,,,,,,,,,,,,,,,,,,,,,,,
OCETRARUH,OCEAN TRADING SERVICES - ARABITAL SA,Company,,SARUH,OCETRARUH,,Commercial,,All Territories,,,,,,,,,,,,,,,,,,,,OCETRARUH,,,,,,,,,,,,,,,,,,,0,,,,,,,,,,,,,,,,,,,,,,,,,,,,,,
JIMPKGAFE,JIM PROJECT & EXPO LOGISTICS (M) SDN BHD,Company,,MYPKG,JIMPKGAFE,,Commercial,,All Territories,,,,,,,,,,,,,,,,,,,,JIMPKGAFE,,,,enquiry@jim.com.my,,,,,,,,,,,,,,,0,,,,,,,,,,,,,,,,,,,,,,,,,,,,,,
DACPCLTUN,DACHSER TUNISIA P/C LACROIX ELECTRONIQUE,Company,,TNTUN,DACPCLTUN,,Commercial,,All Territories,,,,,,,,,,,,,,,,,,,,DACPCLTUN,,,,,,,,,,,,,,,,,,,0,,,,,,,,,,,,,,,,,,,,,,,,,,,,,,
ZHONEWGUA,"ZHONGSHAN NEW HUAMEI INDUSTRY CO., LTD.",Company,,CNGUA,ZHONEWGUA,,Commercial,,All Territories,,,,,,,,,,,,,,,,,,,,ZHONEWGUA,,,,arlene.romano@nffic.com.ph,,,,,,,,,,,,,,,0,,,,,,,,,,,,,,,,,,,,,,,,,,,,,,
SOLISTAFE,SOLMAZ GUMRUK MUSAVIRLIGI A.S.,Company,,TRIST,SOLISTAFE,,Commercial,,All Territories,,,,,,,,,,,,,,,,,,,,SOLISTAFE,,,,ozanerdost.engin@solmaz.com,,,,,,,,,,,,,,,0,,,,,,,,,,,,,,,,,,,,,,,,,,,,,,
PUBPKGAFE,PUBLIC CARGO MALAYSIA,Company,,MYPKG,PUBPKGAFE,,Commercial,,All Territories,,,,,,,,,,,,,,,,,,,,PUBPKGAFE,,,,cs2@pbcargo.com.my,,,,,,,,,,,,,,,0,,,,,,,,,,,,,,,,,,,,,,,,,,,,,,
ONTIMESIN,ON TIME WORLDWIDE LOGISTICS PTE LTD,Company,,SGSIN,ONTIMESIN,,Commercial,,All Territories,,,,,,,,,,,,,,,,,,,,ONTIMESIN,,,,airimport@sin.ontime-express.com,,,,,,,,,,,,,,,0,,,,,,,,,,,,,,,,,,,,,,,,,,,,,,
SECRSGSIN,SECRETLAB SG PTE. LTD.,Company,,SGSIN,SECRSGSIN,,Commercial,,All Territories,,,,,,,,,,,,,,,,,,,,SECRSGSIN,,,,,,,,,,,,,,,,,,,0,,,,,,,,,,,,,,,,,,,,,,,,,,,,,,
RADVENMAA,RADAR VENTURES PRIVATE LIMITED,Company,,INMAA,RADVENMAA,,Commercial,,All Territories,,,,,,,,,,,,,,,,,,,,RADVENMAA,,,,,,,,,,,,,,,,,,,0,,,,,,,,,,,,,,,,,,,,,,,,,,,,,,
CRABOLSRZ,CRAFT BOLIVIA S.R.L.,Company,,BOSRZ,CRABOLSRZ,,Commercial,,All Territories,,,,,,,,,,,,,,,,,,,,CRABOLSRZ,,,,AirPre-alert.BO@craftmulti.com,,,,,,,,,,,,,,,0,,,,,,,,,,,,,,,,,,,,,,,,,,,,,,
ALLI21SIN,ALLIANCE 21  PTE LTD,Company,,SGSIN,ALLI21SIN,,Commercial,,All Territories,,,,,,,,,,,,,,,,,,,,ALLI21SIN,,,,,,,,,,,,,,,,,,,0,,,,,,,,,,,,,,,,,,,,,,,,,,,,,,
TOTSINAFE,TOTAL BRAND ACTIVATION PTE LTD,Company,,SGSIN,TOTSINAFE,,Commercial,,All Territories,,,,,,,,,,,,,,,,,www.tbacreative.net,,,TOTSINAFE,,,+6593878473,faith.ko@sg.pico.com,,,,,,,,,,,,,,,0,,,,,,,,,,,,,,,,,,,,,,,,,,,,,,
KUHDUSAFE,KÜHNE + NAGEL (AG & CO.) KG,Company,,DEDUS,KUHDUSAFE,,Commercial,,All Territories,,,,,,,,,,,,,,,,,,,,KUHDUSAFE,,,+491701171609,thomas.redeleit@kuehne-nagel.com,,,,,,,,,,,,,,,0,,,,,,,,,,,,,,,,,,,,,,,,,,,,,,
GLOINTYVR,GLOBCO INTERNATIONAL INC.,Company,,CAVAN,GLOINTYVR,,Commercial,,All Territories,,,,,,,,,,,,,,,,,,,,GLOINTYVR,,,,,,,,,,,,,,,,,,,0,,,,,,,,,,,,,,,,,,,,,,,,,,,,,,
SHELEFAFE,SHENZHEN LE FEET INNOVATION TECH CO,Company,,HKHKG,SHELEFAFE,,Commercial,,All Territories,,,,,,,,,,,,,,,,,,,,SHELEFAFE,,,971 50 987 8868,dannygauthaman@gmai.com,,,,,,,,,,,,,,,0,,,,,,,,,,,,,,,,,,,,,,,,,,,,,,
JVEXPLLAX,"JV EXPLORE, INC.",Company,,USLAX,JVEXPLLAX,,Commercial,,All Territories,,,,,,,,,,,,,,,,,,,,JVEXPLLAX,,,,alextipakov@gmail.com,,,,,,,,,,,,,,,0,,,,,,,,,,,,,,,,,,,,,,,,,,,,,,
RMDSOFAFE,RMD SERVICES LTD.,Company,,BGSOF,RMDSOFAFE,,Commercial,,All Territories,,,,,,,,,,,,,,,,,,,,RMDSOFAFE,,,,rosi.nikolova@rmdbg.com,,,,,,,,,,,,,,,0,,,,,,,,,,,,,,,,,,,,,,,,,,,,,,
MILKORAFE,MILKOR (PTY) LTD,Company,,ZACPT,MILKORAFE,,Commercial,,All Territories,,,,,,,,,,,,,,,,,,,,MILKORAFE,,,,,,,,,,,,,,,,,,,0,,,,,,,,,,,,,,,,,,,,,,,,,,,,,,
SPETIMLJU,SPEDICIJA TIM D.O.O.,Company,,SILJU,SPETIMLJU,,Commercial,,All Territories,,,,,,,,,,,,,,,,,,,,SPETIMLJU,,,,,,,,,,,,,,,,,,,0,,,,,,,,,,,,,,,,,,,,,,,,,,,,,,
MATFRECDG,MATHEZ FREIGHT FORWARDING,Company,,FRCDG,MATFRECDG,,Commercial,,All Territories,,,,,,,,,,,,,,,,,,,,MATFRECDG,,,,,,,,,,,,,,,,,,,0,,,,,,,,,,,,,,,,,,,,,,,,,,,,,,
COLLOGSHA,COLLYER LOGISTICS NORTH CHINA LIMITED,Company,,CNSHA,COLLOGSHA,,Commercial,,All Territories,,,,,,,,,,,,,,,,,,,,COLLOGSHA,,,,,,,,,,,,,,,,,,,0,,,,,,,,,,,,,,,,,,,,,,,,,,,,,,
TREVILTRV,TREVILOG SRL,Company,,ITTRV,TREVILTRV,,Commercial,,All Territories,,,,,,,,,,,,,,,,,,,,TREVILTRV,,,,luciano@trevilog.it,,,,,,,,,,,,,,,0,,,,,,,,,,,,,,,,,,,,,,,,,,,,,,
MARFREKWN1,MARSHAL FREIGHT INTERNATIONAL LIMITED,Company,,HKKWN,MARFREKWN1,,Commercial,,All Territories,,,,,,,,,,,,,,,,,,,,MARFREKWN1,,,,,,,,,,,,,,,,,,,0,,,,,,,,,,,,,,,,,,,,,,,,,,,,,,
ORGSANAFE,NUROL MAKINA VE SANAYI A.S.,Company,,TRANK,ORGSANAFE,,Commercial,,All Territories,,,,,,,,,,,,,,,,,,,,ORGSANAFE,,,,marketing@nurolmakina.com.tr,,,,,,,,,,,,,,,0,,,,,,,,,,,,,,,,,,,,,,,,,,,,,,
CHROBIICN,C.H. ROBINSON FREIGHT SERVICES (KOREA) LTD.,Company,,KRICN,CHROBIICN,,Commercial,,All Territories,,,,,,,,,,,,,,,,,,,,CHROBIICN,,,,AustalShips@chrobinson.com,,,,,,,,,,,,,,,0,,,,,,,,,,,,,,,,,,,,,,,,,,,,,,
JESBKKAFE,MR. JESUS MANILA MONREAL,Company,,THBKK,JESBKKAFE,,Commercial,,All Territories,,,,,,,,,,,,,,,,,,,,JESBKKAFE,,,,,,,,,,,,,,,,,,,0,,,,,,,,,,,,,,,,,,,,,,,,,,,,,,
RCSLOGMAA,RCS LOGISTICS PVT LTD,Company,,INMAA,RCSLOGMAA,,Commercial,,All Territories,,,,,,,,,,,,,,,,,,,,RCSLOGMAA,,,,,,,,,,,,,,,,,,,0,,,,,,,,,,,,,,,,,,,,,,,,,,,,,,
DRELOGBRE,DREWES LOGISTICS GMBH,Company,,DEBRE,DRELOGBRE,,Commercial,,All Territories,,,,,,,,,,,,,,,,,,,,DRELOGBRE,,,,,,,,,,,,,,,,,,,0,,,,,,,,,,,,,,,,,,,,,,,,,,,,,,
FLLFERRMI,F.LLI FERRETTI E. & E. SRL,Company,,ITRMI,FLLFERRMI,,Commercial,,All Territories,,,,,,,,,,,,,,,,,,,,FLLFERRMI,,,,,,,,,,,,,,,,,,,0,,,,,,,,,,,,,,,,,,,,,,,,,,,,,,
XIASHUNGB,"XIAMEN SHUNSTONE IMP. & EXP. CO., LTD.",Company,,CNNBO,XIASHUNGB,,Commercial,,All Territories,,,,,,,,,,,,,,,,,,,,XIASHUNGB,,,,,,,,,,,,,,,,,,,0,,,,,,,,,,,,,,,,,,,,,,,,,,,,,,
